home_team,away_team,home_score,away_score,home_odds,away_odds,date,season,league,venue,attendance,over_under,home_rating,away_rating
Real Madrid,Olympiacos,77,61,1.5,3.01,2015-10-01,2015,EuroLeague,Real Madrid,10419,144.9,1642,1521
Barcelona,CSKA Moscow,78,79,1.46,3.18,2015-10-03,2015,EuroLeague,Barcelona,10900,164.8,1635,1500
Fenerbahçe,Maccabi Tel Aviv,73,84,2.59,1.63,2015-10-05,2015,EuroLeague,Fenerbahçe,10733,164.8,1516,1597
Olympiacos,Baskonia,69,83,1.66,2.5,2015-10-07,2015,EuroLeague,Olympiacos,13536,159.6,1596,1525
CSKA Moscow,Anadolu Efes,87,64,1.52,2.92,2015-10-09,2015,EuroLeague,CSKA Moscow,10551,158.6,1630,1517
Maccabi Tel Aviv,Panathinaikos,74,107,3.74,1.37,2015-10-11,2015,EuroLeague,Maccabi Tel Aviv,14232,190.1,1506,1681
Baskonia,Zalgiris Kaunas,63,99,2.1,1.91,2015-10-13,2015,EuroLeague,Baskonia,13879,170.1,1601,1617
Anadolu Efes,Bayern Munich,76,89,2.89,1.53,2015-10-15,2015,EuroLeague,Anadolu Efes,13962,173.2,1528,1639
Panathinaikos,Valencia,82,64,2.13,1.89,2015-10-17,2015,EuroLeague,Panathinaikos,12014,153.3,1508,1529
Zalgiris Kaunas,Milano,64,86,3.09,1.48,2015-10-19,2015,EuroLeague,Zalgiris Kaunas,13729,157.5,1522,1650
Bayern Munich,Partizan,67,96,3.25,1.44,2015-10-21,2015,EuroLeague,Bayern Munich,12739,171.2,1545,1686
Valencia,ASVEL,94,90,2.53,1.65,2015-10-23,2015,EuroLeague,Valencia,12535,193.2,1602,1676
Milano,Real Madrid,91,79,1.91,2.1,2015-10-25,2015,EuroLeague,Milano,14010,178.5,1667,1650
Partizan,Barcelona,80,93,2.16,1.86,2015-10-27,2015,EuroLeague,Partizan,11556,181.7,1562,1588
ASVEL,Fenerbahçe,88,79,2.19,1.84,2015-10-29,2015,EuroLeague,ASVEL,9618,175.3,1541,1571
Real Madrid,Olympiacos,80,64,1.55,2.83,2015-10-31,2015,EuroLeague,Real Madrid,11248,151.2,1642,1537
Barcelona,CSKA Moscow,79,78,2.12,1.9,2015-11-02,2015,EuroLeague,Barcelona,14980,164.8,1644,1663
Fenerbahçe,Maccabi Tel Aviv,86,63,1.9,2.12,2015-11-04,2015,EuroLeague,Fenerbahçe,13679,156.5,1659,1640
Olympiacos,Baskonia,95,71,2.67,1.6,2015-11-06,2015,EuroLeague,Olympiacos,13211,174.3,1539,1628
CSKA Moscow,Anadolu Efes,67,71,2.09,1.92,2015-11-08,2015,EuroLeague,CSKA Moscow,13699,144.9,1563,1578
Maccabi Tel Aviv,Panathinaikos,84,83,2.5,1.66,2015-11-10,2015,EuroLeague,Maccabi Tel Aviv,10748,175.3,1604,1675
Baskonia,Zalgiris Kaunas,60,89,3.05,1.49,2015-11-12,2015,EuroLeague,Baskonia,10238,156.5,1536,1661
Anadolu Efes,Bayern Munich,92,82,2.45,1.69,2015-11-14,2015,EuroLeague,Anadolu Efes,10600,182.7,1566,1630
Panathinaikos,Valencia,85,71,2.05,1.95,2015-11-16,2015,EuroLeague,Panathinaikos,11581,163.8,1536,1544
Zalgiris Kaunas,Milano,80,79,2.86,1.54,2015-11-18,2015,EuroLeague,Zalgiris Kaunas,14148,167.0,1566,1674
Bayern Munich,Partizan,66,92,2.86,1.54,2015-11-20,2015,EuroLeague,Bayern Munich,10877,165.9,1581,1689
Valencia,ASVEL,70,82,2.24,1.8,2015-11-22,2015,EuroLeague,Valencia,13177,159.6,1654,1692
Milano,Real Madrid,73,69,2.14,1.88,2015-11-24,2015,EuroLeague,Milano,14773,149.1,1539,1561
Partizan,Barcelona,72,73,1.97,2.03,2015-11-26,2015,EuroLeague,Partizan,11891,152.2,1672,1667
ASVEL,Fenerbahçe,89,71,1.98,2.02,2015-11-28,2015,EuroLeague,ASVEL,13239,168.0,1685,1682
Real Madrid,Olympiacos,81,80,1.8,2.24,2015-11-30,2015,EuroLeague,Real Madrid,10223,169.1,1621,1583
Barcelona,CSKA Moscow,60,82,2.87,1.53,2015-12-02,2015,EuroLeague,Barcelona,14080,149.1,1578,1687
Fenerbahçe,Maccabi Tel Aviv,79,80,1.74,2.35,2015-12-04,2015,EuroLeague,Fenerbahçe,14148,167.0,1658,1606
Olympiacos,Baskonia,88,102,2.69,1.59,2015-12-06,2015,EuroLeague,Olympiacos,11737,199.5,1563,1654
CSKA Moscow,Anadolu Efes,83,98,3.11,1.47,2015-12-08,2015,EuroLeague,CSKA Moscow,14724,190.1,1559,1689
Maccabi Tel Aviv,Panathinaikos,85,82,2.18,1.85,2015-12-10,2015,EuroLeague,Maccabi Tel Aviv,11871,175.3,1631,1660
Baskonia,Zalgiris Kaunas,87,69,1.44,3.26,2015-12-12,2015,EuroLeague,Baskonia,13786,163.8,1657,1515
Anadolu Efes,Bayern Munich,60,69,3.29,1.44,2015-12-14,2015,EuroLeague,Anadolu Efes,11435,135.5,1531,1675
Panathinaikos,Valencia,73,93,2.95,1.51,2015-12-16,2015,EuroLeague,Panathinaikos,14241,174.3,1557,1673
Zalgiris Kaunas,Milano,60,95,3.43,1.41,2015-12-18,2015,EuroLeague,Zalgiris Kaunas,14857,162.8,1513,1667
Bayern Munich,Partizan,69,64,1.48,3.07,2015-12-20,2015,EuroLeague,Bayern Munich,10623,139.7,1698,1572
Valencia,ASVEL,65,68,2.31,1.76,2015-12-22,2015,EuroLeague,Valencia,14376,139.7,1570,1617
Milano,Real Madrid,90,84,2.57,1.64,2015-12-24,2015,EuroLeague,Milano,14820,182.7,1513,1591
Partizan,Barcelona,63,70,1.84,2.19,2015-12-26,2015,EuroLeague,Partizan,14760,139.7,1649,1619
ASVEL,Fenerbahçe,97,60,1.46,3.19,2015-12-28,2015,EuroLeague,ASVEL,12275,164.8,1661,1525
Real Madrid,Olympiacos,84,80,2.1,1.91,2015-12-30,2015,EuroLeague,Real Madrid,11358,172.2,1589,1606
Barcelona,CSKA Moscow,103,63,2.02,1.98,2016-01-01,2015,EuroLeague,Barcelona,12500,174.3,1522,1525
Fenerbahçe,Maccabi Tel Aviv,75,82,2.08,1.92,2016-01-03,2015,EuroLeague,Fenerbahçe,9936,164.8,1625,1639
Olympiacos,Baskonia,61,97,2.75,1.57,2016-01-05,2015,EuroLeague,Olympiacos,9225,165.9,1586,1683
CSKA Moscow,Anadolu Efes,66,60,2.84,1.54,2016-01-07,2015,EuroLeague,CSKA Moscow,9922,132.3,1533,1639
Maccabi Tel Aviv,Panathinaikos,80,94,1.88,2.14,2016-01-09,2015,EuroLeague,Maccabi Tel Aviv,9009,182.7,1588,1565
Baskonia,Zalgiris Kaunas,81,66,1.87,2.15,2016-01-11,2015,EuroLeague,Baskonia,11093,154.3,1684,1659
Anadolu Efes,Bayern Munich,64,60,1.95,2.05,2016-01-13,2015,EuroLeague,Anadolu Efes,11493,130.2,1511,1502
Panathinaikos,Valencia,68,85,2.69,1.59,2016-01-15,2015,EuroLeague,Panathinaikos,14984,160.7,1577,1668
Zalgiris Kaunas,Milano,72,90,2.29,1.78,2016-01-17,2015,EuroLeague,Zalgiris Kaunas,10099,170.1,1595,1639
Bayern Munich,Partizan,73,72,2.03,1.97,2016-01-19,2015,EuroLeague,Bayern Munich,9229,152.2,1534,1539
Valencia,ASVEL,92,67,1.79,2.27,2016-01-21,2015,EuroLeague,Valencia,10513,167.0,1668,1627
Milano,Real Madrid,60,60,2.05,1.95,2016-01-23,2015,EuroLeague,Milano,12399,126.0,1551,1560
Partizan,Barcelona,96,86,1.52,2.94,2016-01-25,2015,EuroLeague,Partizan,11218,191.1,1686,1571
ASVEL,Fenerbahçe,69,82,1.76,2.31,2016-01-27,2015,EuroLeague,ASVEL,10092,158.6,1561,1514
Real Madrid,Olympiacos,70,75,2.5,1.67,2016-01-29,2015,EuroLeague,Real Madrid,9368,152.2,1596,1666
Barcelona,CSKA Moscow,78,85,1.56,2.78,2016-01-31,2015,EuroLeague,Barcelona,12203,171.2,1631,1531
Fenerbahçe,Maccabi Tel Aviv,84,74,2.07,1.93,2016-02-02,2015,EuroLeague,Fenerbahçe,10673,165.9,1501,1513
Olympiacos,Baskonia,80,97,1.74,2.36,2016-02-04,2015,EuroLeague,Olympiacos,14172,185.8,1590,1537
CSKA Moscow,Anadolu Efes,105,74,2.18,1.85,2016-02-06,2015,EuroLeague,CSKA Moscow,14658,188.0,1503,1532
Maccabi Tel Aviv,Panathinaikos,81,93,2.21,1.83,2016-02-08,2015,EuroLeague,Maccabi Tel Aviv,14063,182.7,1502,1535
Baskonia,Zalgiris Kaunas,88,74,1.53,2.89,2016-02-10,2015,EuroLeague,Baskonia,14393,170.1,1649,1538
Anadolu Efes,Bayern Munich,83,68,1.55,2.81,2016-02-12,2015,EuroLeague,Anadolu Efes,11628,158.6,1642,1539
Panathinaikos,Valencia,67,91,2.88,1.53,2016-02-14,2015,EuroLeague,Panathinaikos,14884,165.9,1552,1662
Zalgiris Kaunas,Milano,79,89,2.13,1.89,2016-02-16,2015,EuroLeague,Zalgiris Kaunas,13544,176.4,1606,1627
Bayern Munich,Partizan,77,98,2.87,1.53,2016-02-18,2015,EuroLeague,Bayern Munich,11508,183.8,1549,1658
Valencia,ASVEL,83,93,2.61,1.62,2016-02-20,2015,EuroLeague,Valencia,12012,184.8,1580,1663
Milano,Real Madrid,73,60,1.55,2.81,2016-02-22,2015,EuroLeague,Milano,9970,139.7,1611,1508
Partizan,Barcelona,89,70,1.52,2.92,2016-02-24,2015,EuroLeague,Partizan,11763,167.0,1662,1549
ASVEL,Fenerbahçe,87,96,2.68,1.6,2016-02-26,2015,EuroLeague,ASVEL,10674,192.2,1577,1667
Real Madrid,Olympiacos,60,94,2.05,1.95,2016-02-28,2015,EuroLeague,Real Madrid,14192,161.7,1621,1629
Barcelona,CSKA Moscow,78,71,2.51,1.66,2016-03-01,2015,EuroLeague,Barcelona,10050,156.5,1529,1601
Fenerbahçe,Maccabi Tel Aviv,86,99,2.4,1.71,2016-03-03,2015,EuroLeague,Fenerbahçe,9928,194.2,1530,1589
Olympiacos,Baskonia,74,75,2.03,1.97,2016-03-05,2015,EuroLeague,Olympiacos,9153,156.5,1660,1665
CSKA Moscow,Anadolu Efes,86,92,1.39,3.54,2016-03-07,2015,EuroLeague,CSKA Moscow,14974,186.9,1664,1502
Maccabi Tel Aviv,Panathinaikos,72,62,2.74,1.58,2016-03-09,2015,EuroLeague,Maccabi Tel Aviv,11377,140.7,1579,1675
Baskonia,Zalgiris Kaunas,95,72,1.76,2.31,2016-03-11,2015,EuroLeague,Baskonia,9582,175.3,1581,1534
Anadolu Efes,Bayern Munich,82,79,1.79,2.27,2016-03-13,2015,EuroLeague,Anadolu Efes,14354,169.1,1685,1644
Panathinaikos,Valencia,72,72,2.8,1.56,2016-03-15,2015,EuroLeague,Panathinaikos,14410,151.2,1534,1636
Zalgiris Kaunas,Milano,101,63,2.03,1.97,2016-03-17,2015,EuroLeague,Zalgiris Kaunas,11064,172.2,1661,1666
Bayern Munich,Partizan,74,77,2.87,1.53,2016-03-19,2015,EuroLeague,Bayern Munich,12787,158.6,1549,1658
Valencia,ASVEL,83,69,1.46,3.16,2016-03-21,2015,EuroLeague,Valencia,13264,159.6,1681,1547
Milano,Real Madrid,78,76,2.63,1.61,2016-03-23,2015,EuroLeague,Milano,10755,161.7,1579,1664
Partizan,Barcelona,81,63,1.82,2.22,2016-03-25,2015,EuroLeague,Partizan,10484,151.2,1581,1546
ASVEL,Fenerbahçe,93,93,2.14,1.88,2016-03-27,2015,EuroLeague,ASVEL,10539,195.3,1601,1624
Real Madrid,Olympiacos,65,69,2.04,1.96,2016-03-29,2015,EuroLeague,Real Madrid,9482,140.7,1542,1549
Barcelona,CSKA Moscow,90,69,1.56,2.8,2016-03-31,2015,EuroLeague,Barcelona,11555,167.0,1611,1509
Fenerbahçe,Maccabi Tel Aviv,96,89,1.96,2.04,2016-04-02,2015,EuroLeague,Fenerbahçe,13858,194.2,1536,1529
Olympiacos,Baskonia,60,78,2.07,1.94,2016-04-04,2015,EuroLeague,Olympiacos,11413,144.9,1610,1621
CSKA Moscow,Anadolu Efes,75,98,2.37,1.73,2016-04-06,2015,EuroLeague,CSKA Moscow,13326,181.7,1540,1595
Maccabi Tel Aviv,Panathinaikos,79,79,1.49,3.04,2016-04-08,2015,EuroLeague,Maccabi Tel Aviv,12596,165.9,1647,1523
Baskonia,Zalgiris Kaunas,73,72,1.8,2.25,2016-04-10,2015,EuroLeague,Baskonia,10310,152.2,1612,1573
Anadolu Efes,Bayern Munich,73,60,1.75,2.33,2016-04-12,2015,EuroLeague,Anadolu Efes,11299,139.7,1613,1563
Panathinaikos,Valencia,79,79,2.4,1.71,2016-04-14,2015,EuroLeague,Panathinaikos,14262,165.9,1510,1569
Zalgiris Kaunas,Milano,73,82,2.14,1.88,2016-04-16,2015,EuroLeague,Zalgiris Kaunas,11506,162.8,1554,1576
Bayern Munich,Partizan,87,60,2.28,1.78,2016-04-18,2015,EuroLeague,Bayern Munich,11645,154.3,1525,1568
Valencia,ASVEL,92,90,2.15,1.87,2016-04-20,2015,EuroLeague,Valencia,13056,191.1,1590,1614
Milano,Real Madrid,86,87,2.02,1.98,2016-04-22,2015,EuroLeague,Milano,9732,181.7,1632,1635
Partizan,Barcelona,69,68,2.55,1.65,2016-04-24,2015,EuroLeague,Partizan,13640,143.8,1532,1608
ASVEL,Fenerbahçe,69,97,3.28,1.44,2016-04-26,2015,EuroLeague,ASVEL,13740,174.3,1529,1672
Real Madrid,Olympiacos,73,85,1.77,2.3,2016-04-28,2015,EuroLeague,Real Madrid,11859,165.9,1592,1547
Barcelona,CSKA Moscow,83,68,1.37,3.68,2016-04-30,2015,EuroLeague,Barcelona,12403,158.6,1673,1502
Fenerbahçe,Maccabi Tel Aviv,80,61,1.52,2.92,2016-05-02,2015,EuroLeague,Fenerbahçe,11665,148.1,1649,1536
Olympiacos,Baskonia,84,70,2.28,1.78,2016-05-04,2015,EuroLeague,Olympiacos,12570,161.7,1656,1699
CSKA Moscow,Anadolu Efes,60,88,2.1,1.91,2016-05-06,2015,EuroLeague,CSKA Moscow,10716,155.4,1655,1672
Maccabi Tel Aviv,Panathinaikos,73,99,3.1,1.48,2016-05-08,2015,EuroLeague,Maccabi Tel Aviv,9421,180.6,1511,1640
Baskonia,Zalgiris Kaunas,74,78,2.52,1.66,2016-05-10,2015,EuroLeague,Baskonia,10885,159.6,1617,1690
Anadolu Efes,Bayern Munich,72,109,3.0,1.5,2016-05-12,2015,EuroLeague,Anadolu Efes,12847,190.1,1517,1637
Panathinaikos,Valencia,92,60,1.53,2.88,2016-05-14,2015,EuroLeague,Panathinaikos,12833,159.6,1621,1511
Zalgiris Kaunas,Milano,86,84,1.93,2.07,2016-05-16,2015,EuroLeague,Zalgiris Kaunas,12299,178.5,1684,1672
Bayern Munich,Partizan,68,85,1.91,2.1,2016-05-18,2015,EuroLeague,Bayern Munich,9746,160.7,1566,1549
Valencia,ASVEL,67,80,2.65,1.61,2016-05-20,2015,EuroLeague,Valencia,13750,154.3,1601,1688
Milano,Real Madrid,77,111,1.9,2.12,2016-05-22,2015,EuroLeague,Milano,10938,197.4,1626,1607
Partizan,Barcelona,70,74,1.74,2.36,2016-05-24,2015,EuroLeague,Partizan,12271,151.2,1694,1641
ASVEL,Fenerbahçe,60,85,2.4,1.72,2016-05-26,2015,EuroLeague,ASVEL,14385,152.2,1550,1608
Real Madrid,Olympiacos,74,79,2.71,1.59,2016-05-28,2015,EuroLeague,Real Madrid,12699,160.7,1510,1603
Barcelona,CSKA Moscow,73,84,2.96,1.51,2016-05-30,2015,EuroLeague,Barcelona,9286,164.8,1542,1659
Fenerbahçe,Maccabi Tel Aviv,87,85,1.95,1.95,2016-06-01,2015,EuroLeague,Fenerbahçe,9382,180.6,1639,1639
Olympiacos,Baskonia,69,96,2.82,1.55,2016-06-03,2015,EuroLeague,Olympiacos,10647,173.2,1545,1649
CSKA Moscow,Anadolu Efes,72,93,1.71,2.41,2016-06-05,2015,EuroLeague,CSKA Moscow,11338,173.2,1637,1577
Maccabi Tel Aviv,Panathinaikos,62,70,1.62,2.61,2016-06-07,2015,EuroLeague,Maccabi Tel Aviv,13597,138.6,1653,1570
Baskonia,Zalgiris Kaunas,65,68,2.14,1.88,2016-06-09,2015,EuroLeague,Baskonia,11809,139.7,1574,1596
Anadolu Efes,Bayern Munich,92,83,1.65,2.54,2016-06-11,2015,EuroLeague,Anadolu Efes,12560,183.8,1651,1576
Panathinaikos,Valencia,62,77,1.91,2.1,2016-06-13,2015,EuroLeague,Panathinaikos,11778,146.0,1578,1561
Zalgiris Kaunas,Milano,87,85,2.27,1.79,2016-06-15,2015,EuroLeague,Zalgiris Kaunas,12888,180.6,1618,1659
Bayern Munich,Partizan,84,60,1.76,2.31,2016-06-17,2015,EuroLeague,Bayern Munich,11928,151.2,1589,1542
Valencia,ASVEL,106,60,1.78,2.28,2016-06-19,2015,EuroLeague,Valencia,14301,174.3,1694,1651
Milano,Real Madrid,83,103,2.32,1.76,2016-06-21,2015,EuroLeague,Milano,14762,195.3,1607,1655
Partizan,Barcelona,79,86,2.72,1.58,2016-06-23,2015,EuroLeague,Partizan,11601,173.2,1536,1630
ASVEL,Fenerbahçe,85,79,2.17,1.85,2016-06-25,2015,EuroLeague,ASVEL,13786,172.2,1502,1530
Real Madrid,Olympiacos,84,75,2.29,1.78,2016-06-27,2015,EuroLeague,Real Madrid,12535,167.0,1553,1597
Barcelona,CSKA Moscow,67,77,1.79,2.27,2016-06-29,2015,EuroLeague,Barcelona,11869,151.2,1554,1512
Fenerbahçe,Maccabi Tel Aviv,86,85,1.63,2.58,2016-07-01,2015,EuroLeague,Fenerbahçe,9036,179.6,1586,1506
Olympiacos,Baskonia,77,77,1.75,2.34,2016-07-03,2015,EuroLeague,Olympiacos,11760,161.7,1554,1503
CSKA Moscow,Anadolu Efes,72,72,3.01,1.5,2016-07-05,2015,EuroLeague,CSKA Moscow,12595,151.2,1533,1654
Maccabi Tel Aviv,Panathinaikos,77,80,1.62,2.61,2016-07-07,2015,EuroLeague,Maccabi Tel Aviv,10228,164.8,1653,1570
Baskonia,Zalgiris Kaunas,92,67,1.75,2.34,2016-07-09,2015,EuroLeague,Baskonia,13227,167.0,1652,1601
Anadolu Efes,Bayern Munich,88,95,2.07,1.94,2016-07-11,2015,EuroLeague,Anadolu Efes,12287,192.2,1514,1525
Panathinaikos,Valencia,80,72,2.04,1.96,2016-07-13,2015,EuroLeague,Panathinaikos,13715,159.6,1669,1676
Zalgiris Kaunas,Milano,61,69,1.68,2.47,2016-07-15,2015,EuroLeague,Zalgiris Kaunas,9140,136.5,1609,1542
Bayern Munich,Partizan,71,67,1.7,2.44,2016-07-17,2015,EuroLeague,Bayern Munich,13432,144.9,1689,1626
Valencia,ASVEL,93,78,1.44,3.26,2016-07-19,2015,EuroLeague,Valencia,11456,179.6,1658,1516
Milano,Real Madrid,107,77,1.95,1.95,2016-07-21,2015,EuroLeague,Milano,11114,193.2,1696,1696
Partizan,Barcelona,101,60,1.91,2.1,2016-07-23,2015,EuroLeague,Partizan,10030,169.1,1596,1579
ASVEL,Fenerbahçe,92,84,1.63,2.58,2016-07-25,2015,EuroLeague,ASVEL,14314,184.8,1641,1562
Real Madrid,Olympiacos,88,74,2.48,1.68,2016-07-27,2015,EuroLeague,Real Madrid,14130,170.1,1624,1692
Barcelona,CSKA Moscow,94,69,1.35,3.83,2016-07-29,2015,EuroLeague,Barcelona,13737,171.2,1700,1519
Fenerbahçe,Maccabi Tel Aviv,88,61,1.43,3.33,2016-07-31,2015,EuroLeague,Fenerbahçe,9294,156.5,1676,1529
Olympiacos,Baskonia,77,68,2.08,1.92,2016-08-02,2015,EuroLeague,Olympiacos,14453,152.2,1593,1607
CSKA Moscow,Anadolu Efes,78,78,2.07,1.93,2016-08-04,2015,EuroLeague,CSKA Moscow,9323,163.8,1500,1512
Maccabi Tel Aviv,Panathinaikos,78,70,1.58,2.74,2016-08-06,2015,EuroLeague,Maccabi Tel Aviv,9080,155.4,1617,1521
Baskonia,Zalgiris Kaunas,75,67,2.53,1.65,2016-08-08,2015,EuroLeague,Baskonia,13955,149.1,1550,1624
Anadolu Efes,Bayern Munich,82,88,2.64,1.61,2016-08-10,2015,EuroLeague,Anadolu Efes,9377,178.5,1536,1622
Panathinaikos,Valencia,60,89,1.94,2.07,2016-08-12,2015,EuroLeague,Panathinaikos,14226,156.5,1564,1553
Zalgiris Kaunas,Milano,78,84,2.77,1.57,2016-08-14,2015,EuroLeague,Zalgiris Kaunas,14062,170.1,1500,1599
Bayern Munich,Partizan,75,72,1.92,2.08,2016-08-16,2015,EuroLeague,Bayern Munich,9751,154.3,1643,1629
Valencia,ASVEL,83,89,1.66,2.52,2016-08-18,2015,EuroLeague,Valencia,9883,180.6,1599,1526
Milano,Real Madrid,72,73,2.02,1.98,2016-08-20,2015,EuroLeague,Milano,13941,152.2,1555,1558
Partizan,Barcelona,94,65,1.74,2.36,2016-08-22,2015,EuroLeague,Partizan,11374,167.0,1595,1542
ASVEL,Fenerbahçe,81,77,1.97,2.03,2016-08-24,2015,EuroLeague,ASVEL,9259,165.9,1657,1652
Real Madrid,Olympiacos,86,78,1.45,3.23,2016-08-26,2015,EuroLeague,Real Madrid,12900,172.2,1698,1559
Barcelona,CSKA Moscow,76,85,1.97,2.03,2016-08-28,2015,EuroLeague,Barcelona,10440,169.1,1618,1613
Fenerbahçe,Maccabi Tel Aviv,79,60,1.82,2.22,2016-08-30,2015,EuroLeague,Fenerbahçe,12770,146.0,1660,1626
Olympiacos,Baskonia,70,91,3.63,1.38,2016-09-01,2015,EuroLeague,Olympiacos,9846,169.1,1531,1699
CSKA Moscow,Anadolu Efes,95,69,2.76,1.57,2016-09-03,2015,EuroLeague,CSKA Moscow,10843,172.2,1542,1640
Maccabi Tel Aviv,Panathinaikos,79,64,1.73,2.37,2016-09-05,2015,EuroLeague,Maccabi Tel Aviv,14062,150.2,1698,1643
Baskonia,Zalgiris Kaunas,60,66,3.26,1.44,2016-09-07,2015,EuroLeague,Baskonia,12238,132.3,1540,1682
Anadolu Efes,Bayern Munich,82,82,2.67,1.6,2016-09-09,2015,EuroLeague,Anadolu Efes,14960,172.2,1536,1625
Panathinaikos,Valencia,63,84,3.05,1.49,2016-09-11,2015,EuroLeague,Panathinaikos,9583,154.3,1552,1677
Zalgiris Kaunas,Milano,101,76,1.81,2.24,2016-09-13,2015,EuroLeague,Zalgiris Kaunas,11679,185.8,1541,1504
Bayern Munich,Partizan,76,77,2.39,1.72,2016-09-15,2015,EuroLeague,Bayern Munich,14134,160.7,1544,1601
Valencia,ASVEL,65,67,3.47,1.41,2016-09-17,2015,EuroLeague,Valencia,12783,138.6,1527,1684
Milano,Real Madrid,68,69,2.33,1.75,2016-09-19,2015,EuroLeague,Milano,9996,143.8,1510,1559
Partizan,Barcelona,76,70,1.76,2.31,2016-09-21,2015,EuroLeague,Partizan,12810,153.3,1548,1501
ASVEL,Fenerbahçe,69,72,1.6,2.68,2016-09-23,2015,EuroLeague,ASVEL,12478,148.1,1622,1532
Real Madrid,Olympiacos,71,79,2.12,1.9,2016-09-25,2015,EuroLeague,Real Madrid,9947,157.5,1541,1560
Barcelona,CSKA Moscow,84,77,2.4,1.72,2016-09-27,2015,EuroLeague,Barcelona,9222,169.1,1566,1624
Fenerbahçe,Maccabi Tel Aviv,91,76,1.95,2.05,2016-09-29,2015,EuroLeague,Fenerbahçe,13525,175.3,1578,1570
Olympiacos,Baskonia,94,69,1.57,2.77,2016-10-01,2015,EuroLeague,Olympiacos,13966,171.2,1606,1507
CSKA Moscow,Anadolu Efes,101,84,1.6,2.66,2016-10-03,2015,EuroLeague,CSKA Moscow,13441,194.2,1674,1586
Maccabi Tel Aviv,Panathinaikos,87,79,1.7,2.43,2016-10-05,2015,EuroLeague,Maccabi Tel Aviv,9723,174.3,1643,1581
Baskonia,Zalgiris Kaunas,72,78,1.74,2.36,2016-10-07,2015,EuroLeague,Baskonia,11433,157.5,1593,1540
Anadolu Efes,Bayern Munich,89,77,1.32,4.11,2016-10-09,2015,EuroLeague,Anadolu Efes,10523,174.3,1698,1501
Panathinaikos,Valencia,71,85,2.17,1.86,2016-10-11,2015,EuroLeague,Panathinaikos,9906,163.8,1527,1554
Zalgiris Kaunas,Milano,75,69,2.53,1.65,2016-10-13,2015,EuroLeague,Zalgiris Kaunas,14105,151.2,1593,1667
Bayern Munich,Partizan,70,72,1.51,2.97,2016-10-15,2015,EuroLeague,Bayern Munich,10098,149.1,1679,1561
Valencia,ASVEL,88,76,1.77,2.3,2016-10-17,2015,EuroLeague,Valencia,9616,172.2,1580,1535
Milano,Real Madrid,79,75,1.87,2.15,2016-10-19,2015,EuroLeague,Milano,10605,161.7,1691,1667
Partizan,Barcelona,92,89,2.12,1.9,2016-10-21,2015,EuroLeague,Partizan,10339,190.1,1552,1571
ASVEL,Fenerbahçe,80,85,2.97,1.51,2016-10-23,2015,EuroLeague,ASVEL,11650,173.2,1507,1625
Real Madrid,Olympiacos,94,83,2.22,1.82,2016-10-25,2015,EuroLeague,Real Madrid,13824,185.8,1659,1694
Barcelona,CSKA Moscow,92,69,2.69,1.59,2016-10-27,2015,EuroLeague,Barcelona,14863,169.1,1575,1666
Fenerbahçe,Maccabi Tel Aviv,64,80,2.43,1.7,2016-10-29,2015,EuroLeague,Fenerbahçe,14888,151.2,1510,1572
Olympiacos,Baskonia,60,66,1.86,2.17,2016-10-31,2015,EuroLeague,Olympiacos,14257,132.3,1585,1558
CSKA Moscow,Anadolu Efes,66,65,2.24,1.81,2016-11-02,2015,EuroLeague,CSKA Moscow,13892,137.6,1570,1607
Maccabi Tel Aviv,Panathinaikos,85,77,1.8,2.24,2016-11-04,2015,EuroLeague,Maccabi Tel Aviv,12020,170.1,1541,1503
Baskonia,Zalgiris Kaunas,91,76,1.59,2.69,2016-11-06,2015,EuroLeague,Baskonia,13002,175.3,1635,1544
Anadolu Efes,Bayern Munich,74,93,1.68,2.46,2016-11-08,2015,EuroLeague,Anadolu Efes,12724,175.3,1630,1564
Panathinaikos,Valencia,76,87,1.8,2.25,2016-11-10,2015,EuroLeague,Panathinaikos,11386,171.2,1649,1610
Zalgiris Kaunas,Milano,76,73,1.82,2.22,2016-11-12,2015,EuroLeague,Zalgiris Kaunas,10617,156.5,1652,1617
Bayern Munich,Partizan,78,60,2.2,1.84,2016-11-14,2015,EuroLeague,Bayern Munich,11251,144.9,1540,1571
Valencia,ASVEL,60,114,2.18,1.85,2016-11-16,2015,EuroLeague,Valencia,9457,182.7,1633,1662
Milano,Real Madrid,85,65,1.35,3.88,2016-11-18,2015,EuroLeague,Milano,14955,157.5,1698,1514
Partizan,Barcelona,75,67,4.07,1.33,2016-11-20,2015,EuroLeague,Partizan,13865,149.1,1504,1699
ASVEL,Fenerbahçe,90,60,1.49,3.05,2016-11-22,2015,EuroLeague,ASVEL,11100,157.5,1674,1549
Real Madrid,Olympiacos,100,76,1.9,2.11,2016-11-24,2015,EuroLeague,Real Madrid,11249,184.8,1677,1659
Barcelona,CSKA Moscow,96,77,1.64,2.57,2016-11-26,2015,EuroLeague,Barcelona,10543,181.7,1592,1514
Fenerbahçe,Maccabi Tel Aviv,75,86,1.65,2.54,2016-11-28,2015,EuroLeague,Fenerbahçe,14749,169.1,1604,1529
Olympiacos,Baskonia,61,86,2.02,1.98,2016-11-30,2015,EuroLeague,Olympiacos,14516,154.3,1683,1686
CSKA Moscow,Anadolu Efes,71,60,1.52,2.92,2016-12-02,2015,EuroLeague,CSKA Moscow,11902,137.6,1688,1575
Maccabi Tel Aviv,Panathinaikos,89,81,2.61,1.62,2016-12-04,2015,EuroLeague,Maccabi Tel Aviv,11556,178.5,1558,1641
Baskonia,Zalgiris Kaunas,96,84,1.86,2.16,2016-12-06,2015,EuroLeague,Baskonia,12603,189.0,1680,1654
Anadolu Efes,Bayern Munich,94,65,1.95,2.05,2016-12-08,2015,EuroLeague,Anadolu Efes,10284,167.0,1658,1649
Panathinaikos,Valencia,77,78,1.69,2.45,2016-12-10,2015,EuroLeague,Panathinaikos,12673,162.8,1650,1586
Zalgiris Kaunas,Milano,97,74,1.65,2.54,2016-12-12,2015,EuroLeague,Zalgiris Kaunas,10076,179.6,1576,1501
Bayern Munich,Partizan,75,63,2.45,1.69,2016-12-14,2015,EuroLeague,Bayern Munich,11276,144.9,1573,1638
Valencia,ASVEL,74,65,1.62,2.61,2016-12-16,2015,EuroLeague,Valencia,13773,146.0,1659,1576
Milano,Real Madrid,60,106,2.57,1.64,2016-12-18,2015,EuroLeague,Milano,10956,174.3,1620,1698
Partizan,Barcelona,76,85,2.84,1.54,2016-12-20,2015,EuroLeague,Partizan,12692,169.1,1557,1663
ASVEL,Fenerbahçe,66,75,1.58,2.73,2016-12-22,2015,EuroLeague,ASVEL,11645,148.1,1647,1552
Real Madrid,Olympiacos,71,70,1.58,2.72,2016-12-24,2015,EuroLeague,Real Madrid,9054,148.1,1596,1502
Barcelona,CSKA Moscow,73,85,2.27,1.79,2016-12-26,2015,EuroLeague,Barcelona,9885,165.9,1528,1570
Fenerbahçe,Maccabi Tel Aviv,77,77,2.02,1.98,2016-12-28,2015,EuroLeague,Fenerbahçe,14088,161.7,1553,1556
Olympiacos,Baskonia,72,94,2.03,1.97,2016-12-30,2015,EuroLeague,Olympiacos,10627,174.3,1576,1581
CSKA Moscow,Anadolu Efes,76,93,2.37,1.73,2017-01-01,2015,EuroLeague,CSKA Moscow,14866,177.5,1583,1638
Maccabi Tel Aviv,Panathinaikos,85,97,1.65,2.54,2017-01-03,2015,EuroLeague,Maccabi Tel Aviv,14869,191.1,1642,1567
Baskonia,Zalgiris Kaunas,86,94,2.4,1.72,2017-01-05,2015,EuroLeague,Baskonia,9592,189.0,1513,1571
Anadolu Efes,Bayern Munich,95,60,2.75,1.57,2017-01-07,2015,EuroLeague,Anadolu Efes,14808,162.8,1567,1664
Panathinaikos,Valencia,76,85,1.65,2.54,2017-01-09,2015,EuroLeague,Panathinaikos,13837,169.1,1687,1612
Zalgiris Kaunas,Milano,87,81,3.19,1.46,2017-01-11,2015,EuroLeague,Zalgiris Kaunas,14007,176.4,1519,1655
Bayern Munich,Partizan,76,82,2.22,1.82,2017-01-13,2015,EuroLeague,Bayern Munich,9806,165.9,1622,1657
Valencia,ASVEL,69,88,2.29,1.78,2017-01-15,2015,EuroLeague,Valencia,12604,164.8,1589,1633
Milano,Real Madrid,80,96,2.17,1.85,2017-01-17,2015,EuroLeague,Milano,13838,184.8,1632,1660
Partizan,Barcelona,68,75,1.99,2.01,2017-01-19,2015,EuroLeague,Partizan,9693,150.2,1506,1505
ASVEL,Fenerbahçe,74,65,1.6,2.68,2017-01-21,2015,EuroLeague,ASVEL,12123,146.0,1604,1514
Real Madrid,Olympiacos,78,82,2.75,1.57,2017-01-23,2015,EuroLeague,Real Madrid,14733,168.0,1563,1660
Barcelona,CSKA Moscow,86,79,1.91,2.1,2017-01-25,2015,EuroLeague,Barcelona,10859,173.2,1521,1505
Fenerbahçe,Maccabi Tel Aviv,87,81,1.52,2.93,2017-01-27,2015,EuroLeague,Fenerbahçe,14659,176.4,1657,1543
Olympiacos,Baskonia,89,68,2.22,1.82,2017-01-29,2015,EuroLeague,Olympiacos,14956,164.8,1581,1615
CSKA Moscow,Anadolu Efes,74,60,2.1,1.91,2017-01-31,2015,EuroLeague,CSKA Moscow,13860,140.7,1580,1596
Maccabi Tel Aviv,Panathinaikos,60,94,2.86,1.54,2017-02-02,2015,EuroLeague,Maccabi Tel Aviv,9792,161.7,1547,1655
Baskonia,Zalgiris Kaunas,73,70,2.55,1.65,2017-02-04,2015,EuroLeague,Baskonia,11445,150.2,1585,1661
Anadolu Efes,Bayern Munich,63,60,1.57,2.77,2017-02-06,2015,EuroLeague,Anadolu Efes,14589,129.2,1651,1552
Panathinaikos,Valencia,65,80,2.3,1.77,2017-02-08,2015,EuroLeague,Panathinaikos,14854,152.2,1595,1641
Zalgiris Kaunas,Milano,74,76,3.36,1.42,2017-02-10,2015,EuroLeague,Zalgiris Kaunas,14696,157.5,1530,1679
Bayern Munich,Partizan,71,72,2.04,1.97,2017-02-12,2015,EuroLeague,Bayern Munich,12769,150.2,1670,1676
Valencia,ASVEL,76,77,2.62,1.62,2017-02-14,2015,EuroLeague,Valencia,11346,160.7,1526,1610
Milano,Real Madrid,77,61,1.83,2.2,2017-02-16,2015,EuroLeague,Milano,9739,144.9,1585,1553
Partizan,Barcelona,77,82,1.76,2.32,2017-02-18,2015,EuroLeague,Partizan,9083,167.0,1643,1595
ASVEL,Fenerbahçe,77,60,1.55,2.82,2017-02-20,2015,EuroLeague,ASVEL,13962,143.8,1625,1521
Real Madrid,Olympiacos,77,81,2.14,1.88,2017-02-22,2015,EuroLeague,Real Madrid,14380,165.9,1633,1656
Barcelona,CSKA Moscow,73,76,1.47,3.15,2017-02-24,2015,EuroLeague,Barcelona,12784,156.5,1641,1508
Fenerbahçe,Maccabi Tel Aviv,77,84,1.73,2.36,2017-02-26,2015,EuroLeague,Fenerbahçe,12330,169.1,1661,1607
Olympiacos,Baskonia,90,69,1.56,2.79,2017-02-28,2015,EuroLeague,Olympiacos,10319,167.0,1604,1503
CSKA Moscow,Anadolu Efes,87,88,1.84,2.2,2017-03-02,2015,EuroLeague,CSKA Moscow,12253,183.8,1595,1564
Maccabi Tel Aviv,Panathinaikos,91,85,1.41,3.44,2017-03-04,2015,EuroLeague,Maccabi Tel Aviv,11469,184.8,1662,1507
Baskonia,Zalgiris Kaunas,83,83,1.68,2.47,2017-03-06,2015,EuroLeague,Baskonia,12542,174.3,1596,1529
Anadolu Efes,Bayern Munich,72,67,1.35,3.87,2017-03-08,2015,EuroLeague,Anadolu Efes,12245,146.0,1685,1502
Panathinaikos,Valencia,60,71,2.14,1.88,2017-03-10,2015,EuroLeague,Panathinaikos,12330,137.6,1669,1691
Zalgiris Kaunas,Milano,64,66,1.54,2.85,2017-03-12,2015,EuroLeague,Zalgiris Kaunas,14780,136.5,1671,1564
Bayern Munich,Partizan,79,105,2.93,1.52,2017-03-14,2015,EuroLeague,Bayern Munich,10871,193.2,1578,1692
Valencia,ASVEL,96,77,1.94,2.06,2017-03-16,2015,EuroLeague,Valencia,12191,181.7,1610,1600
Milano,Real Madrid,76,75,2.32,1.76,2017-03-18,2015,EuroLeague,Milano,14848,158.6,1522,1570
Partizan,Barcelona,65,72,2.6,1.62,2017-03-20,2015,EuroLeague,Partizan,12656,143.8,1526,1608
ASVEL,Fenerbahçe,87,95,2.25,1.8,2017-03-22,2015,EuroLeague,ASVEL,13335,191.1,1535,1574
Real Madrid,Olympiacos,69,82,2.17,1.85,2017-03-24,2015,EuroLeague,Real Madrid,11934,158.6,1578,1606
Barcelona,CSKA Moscow,94,106,2.49,1.67,2017-03-26,2015,EuroLeague,Barcelona,10298,210.0,1543,1612
Fenerbahçe,Maccabi Tel Aviv,85,93,2.05,1.95,2017-03-28,2015,EuroLeague,Fenerbahçe,13945,186.9,1639,1647
Olympiacos,Baskonia,74,60,1.62,2.61,2017-03-30,2015,EuroLeague,Olympiacos,9026,140.7,1611,1528
CSKA Moscow,Anadolu Efes,60,100,2.4,1.71,2017-04-01,2015,EuroLeague,CSKA Moscow,13122,168.0,1611,1670
Maccabi Tel Aviv,Panathinaikos,82,75,1.73,2.36,2017-04-03,2015,EuroLeague,Maccabi Tel Aviv,14836,164.8,1605,1551
Baskonia,Zalgiris Kaunas,79,76,2.86,1.54,2017-04-05,2015,EuroLeague,Baskonia,13853,162.8,1584,1692
Anadolu Efes,Bayern Munich,73,88,2.29,1.78,2017-04-07,2015,EuroLeague,Anadolu Efes,10536,169.1,1595,1639
Panathinaikos,Valencia,70,67,1.83,2.2,2017-04-09,2015,EuroLeague,Panathinaikos,10123,143.8,1655,1623
Zalgiris Kaunas,Milano,99,71,1.8,2.25,2017-04-11,2015,EuroLeague,Zalgiris Kaunas,9082,178.5,1615,1576
Bayern Munich,Partizan,88,80,2.15,1.87,2017-04-13,2015,EuroLeague,Bayern Munich,10927,176.4,1627,1651
Valencia,ASVEL,86,67,2.25,1.8,2017-04-15,2015,EuroLeague,Valencia,9912,160.7,1536,1575
Milano,Real Madrid,60,79,2.62,1.62,2017-04-17,2015,EuroLeague,Milano,12748,146.0,1602,1686
Partizan,Barcelona,87,88,1.7,2.44,2017-04-19,2015,EuroLeague,Partizan,10471,183.8,1650,1587
ASVEL,Fenerbahçe,90,79,1.87,2.15,2017-04-21,2015,EuroLeague,ASVEL,12985,177.5,1558,1533
Real Madrid,Olympiacos,71,66,1.56,2.79,2017-04-23,2015,EuroLeague,Real Madrid,10385,143.8,1618,1517
Barcelona,CSKA Moscow,78,75,2.27,1.79,2017-04-25,2015,EuroLeague,Barcelona,11110,160.7,1601,1643
Fenerbahçe,Maccabi Tel Aviv,60,79,2.02,1.98,2017-04-27,2015,EuroLeague,Fenerbahçe,10688,146.0,1558,1561
Olympiacos,Baskonia,65,96,1.83,2.21,2017-04-29,2015,EuroLeague,Olympiacos,12695,169.1,1641,1608
CSKA Moscow,Anadolu Efes,94,62,1.72,2.38,2017-05-01,2015,EuroLeague,CSKA Moscow,12633,163.8,1618,1562
Maccabi Tel Aviv,Panathinaikos,88,85,1.75,2.33,2017-05-03,2015,EuroLeague,Maccabi Tel Aviv,13085,181.7,1698,1649
Baskonia,Zalgiris Kaunas,81,70,1.45,3.24,2017-05-05,2015,EuroLeague,Baskonia,11039,158.6,1647,1507
Anadolu Efes,Bayern Munich,82,104,2.11,1.9,2017-05-07,2015,EuroLeague,Anadolu Efes,13985,195.3,1624,1642
Panathinaikos,Valencia,84,73,1.88,2.14,2017-05-09,2015,EuroLeague,Panathinaikos,12464,164.8,1542,1519
Zalgiris Kaunas,Milano,89,83,1.55,2.81,2017-05-11,2015,EuroLeague,Zalgiris Kaunas,12098,180.6,1605,1502
Bayern Munich,Partizan,67,90,1.97,2.03,2017-05-13,2015,EuroLeague,Bayern Munich,13183,164.8,1624,1619
Valencia,ASVEL,70,89,1.93,2.08,2017-05-15,2015,EuroLeague,Valencia,11375,167.0,1577,1564
Milano,Real Madrid,96,73,1.71,2.4,2017-05-17,2015,EuroLeague,Milano,13999,177.5,1570,1511
Partizan,Barcelona,60,84,1.95,2.05,2017-05-19,2015,EuroLeague,Partizan,12996,151.2,1555,1546
ASVEL,Fenerbahçe,83,70,1.62,2.61,2017-05-21,2015,EuroLeague,ASVEL,14048,160.7,1661,1578
Real Madrid,Olympiacos,77,87,1.78,2.29,2017-05-23,2015,EuroLeague,Real Madrid,10098,172.2,1549,1505
Barcelona,CSKA Moscow,89,88,2.07,1.94,2017-05-25,2015,EuroLeague,Barcelona,12871,185.8,1637,1648
Fenerbahçe,Maccabi Tel Aviv,79,72,1.78,2.28,2017-05-27,2015,EuroLeague,Fenerbahçe,10703,158.6,1690,1647
Olympiacos,Baskonia,61,89,3.18,1.46,2017-05-29,2015,EuroLeague,Olympiacos,12440,157.5,1512,1647
CSKA Moscow,Anadolu Efes,99,85,1.94,2.07,2017-05-31,2015,EuroLeague,CSKA Moscow,10715,193.2,1621,1610
Maccabi Tel Aviv,Panathinaikos,102,68,1.82,2.22,2017-06-02,2015,EuroLeague,Maccabi Tel Aviv,12090,178.5,1537,1503
Baskonia,Zalgiris Kaunas,82,74,2.94,1.52,2017-06-04,2015,EuroLeague,Baskonia,9944,163.8,1552,1667
Anadolu Efes,Bayern Munich,105,73,2.48,1.68,2017-06-06,2015,EuroLeague,Anadolu Efes,13701,186.9,1577,1645
Panathinaikos,Valencia,70,77,1.74,2.36,2017-06-08,2015,EuroLeague,Panathinaikos,13729,154.3,1664,1611
Zalgiris Kaunas,Milano,79,83,1.41,3.41,2017-06-10,2015,EuroLeague,Zalgiris Kaunas,9397,170.1,1669,1516
Bayern Munich,Partizan,91,88,1.79,2.27,2017-06-12,2015,EuroLeague,Bayern Munich,10243,188.0,1612,1571
Valencia,ASVEL,92,89,2.12,1.89,2017-06-14,2015,EuroLeague,Valencia,11527,190.1,1578,1598
Milano,Real Madrid,79,93,2.15,1.87,2017-06-16,2015,EuroLeague,Milano,11689,180.6,1615,1639
Partizan,Barcelona,82,103,2.58,1.63,2017-06-18,2015,EuroLeague,Partizan,10079,194.2,1584,1663
ASVEL,Fenerbahçe,72,77,1.84,2.19,2017-06-20,2015,EuroLeague,ASVEL,14372,156.5,1624,1594
Real Madrid,Olympiacos,81,83,1.68,2.47,2017-06-22,2015,EuroLeague,Real Madrid,14996,172.2,1672,1605
Barcelona,CSKA Moscow,60,104,2.21,1.83,2017-06-24,2015,EuroLeague,Barcelona,11414,172.2,1568,1601
Fenerbahçe,Maccabi Tel Aviv,69,72,2.15,1.87,2017-06-26,2015,EuroLeague,Fenerbahçe,14809,148.1,1520,1544
Olympiacos,Baskonia,88,88,2.36,1.74,2017-06-28,2015,EuroLeague,Olympiacos,9238,184.8,1520,1573
CSKA Moscow,Anadolu Efes,77,88,1.45,3.2,2017-06-30,2015,EuroLeague,CSKA Moscow,14237,173.2,1668,1531
Maccabi Tel Aviv,Panathinaikos,90,69,1.93,2.08,2017-07-02,2015,EuroLeague,Maccabi Tel Aviv,9529,167.0,1626,1613
Baskonia,Zalgiris Kaunas,87,74,1.56,2.79,2017-07-04,2015,EuroLeague,Baskonia,10948,169.1,1626,1525
Anadolu Efes,Bayern Munich,96,101,1.92,2.08,2017-07-06,2015,EuroLeague,Anadolu Efes,9908,206.9,1563,1549
Panathinaikos,Valencia,87,82,1.75,2.34,2017-07-08,2015,EuroLeague,Panathinaikos,13118,177.5,1590,1539
Zalgiris Kaunas,Milano,90,87,2.33,1.75,2017-07-10,2015,EuroLeague,Zalgiris Kaunas,12295,185.8,1638,1687
Bayern Munich,Partizan,99,60,1.61,2.65,2017-07-12,2015,EuroLeague,Bayern Munich,11026,167.0,1595,1508
Valencia,ASVEL,90,76,1.4,3.5,2017-07-14,2015,EuroLeague,Valencia,12197,174.3,1668,1509
Milano,Real Madrid,80,101,3.08,1.48,2017-07-16,2015,EuroLeague,Milano,11947,190.1,1508,1635
Partizan,Barcelona,85,90,1.73,2.36,2017-07-18,2015,EuroLeague,Partizan,12887,183.8,1561,1507
ASVEL,Fenerbahçe,86,69,2.12,1.9,2017-07-20,2015,EuroLeague,ASVEL,13993,162.8,1578,1597
Real Madrid,Olympiacos,77,96,3.65,1.38,2017-07-22,2015,EuroLeague,Real Madrid,10708,181.7,1504,1673
Barcelona,CSKA Moscow,96,73,1.58,2.73,2017-07-24,2015,EuroLeague,Barcelona,12496,177.5,1668,1573
Fenerbahçe,Maccabi Tel Aviv,60,105,3.44,1.41,2017-07-26,2015,EuroLeague,Fenerbahçe,10588,173.2,1509,1664
Olympiacos,Baskonia,83,81,1.95,2.05,2017-07-28,2015,EuroLeague,Olympiacos,13472,172.2,1647,1638
CSKA Moscow,Anadolu Efes,90,73,2.91,1.52,2017-07-30,2015,EuroLeague,CSKA Moscow,13331,171.2,1543,1655
Maccabi Tel Aviv,Panathinaikos,65,82,1.98,2.02,2017-08-01,2015,EuroLeague,Maccabi Tel Aviv,14602,154.3,1670,1667
Baskonia,Zalgiris Kaunas,72,60,2.32,1.76,2017-08-03,2015,EuroLeague,Baskonia,11060,138.6,1516,1564
Anadolu Efes,Bayern Munich,103,89,1.77,2.3,2017-08-05,2015,EuroLeague,Anadolu Efes,12618,201.6,1698,1652
Panathinaikos,Valencia,83,80,1.91,2.1,2017-08-07,2015,EuroLeague,Panathinaikos,10227,171.2,1535,1519
Zalgiris Kaunas,Milano,93,81,2.07,1.93,2017-08-09,2015,EuroLeague,Zalgiris Kaunas,14759,182.7,1634,1646
Bayern Munich,Partizan,97,66,1.69,2.45,2017-08-11,2015,EuroLeague,Bayern Munich,10762,171.2,1648,1583
Valencia,ASVEL,90,67,1.76,2.31,2017-08-13,2015,EuroLeague,Valencia,12795,164.8,1595,1548
Milano,Real Madrid,77,89,2.52,1.66,2017-08-15,2015,EuroLeague,Milano,14755,174.3,1596,1669
Partizan,Barcelona,94,72,2.22,1.82,2017-08-17,2015,EuroLeague,Partizan,11088,174.3,1536,1570
ASVEL,Fenerbahçe,79,60,2.31,1.76,2017-08-19,2015,EuroLeague,ASVEL,9299,146.0,1598,1645
Real Madrid,Olympiacos,78,77,1.97,2.03,2017-08-21,2015,EuroLeague,Real Madrid,12108,162.8,1517,1512
Barcelona,CSKA Moscow,77,75,3.29,1.44,2017-08-23,2015,EuroLeague,Barcelona,12757,159.6,1519,1663
Fenerbahçe,Maccabi Tel Aviv,69,67,2.07,1.94,2017-08-25,2015,EuroLeague,Fenerbahçe,11108,142.8,1550,1561
Olympiacos,Baskonia,78,60,1.8,2.25,2017-08-27,2015,EuroLeague,Olympiacos,13175,144.9,1559,1520
CSKA Moscow,Anadolu Efes,72,66,1.99,2.01,2017-08-29,2015,EuroLeague,CSKA Moscow,12341,144.9,1514,1512
Maccabi Tel Aviv,Panathinaikos,90,60,1.43,3.33,2017-08-31,2015,EuroLeague,Maccabi Tel Aviv,11700,157.5,1682,1535
Baskonia,Zalgiris Kaunas,85,69,1.6,2.68,2017-09-02,2015,EuroLeague,Baskonia,10558,161.7,1640,1550
Anadolu Efes,Bayern Munich,77,78,1.93,2.07,2017-09-04,2015,EuroLeague,Anadolu Efes,12566,162.8,1548,1536
Panathinaikos,Valencia,77,69,2.25,1.8,2017-09-06,2015,EuroLeague,Panathinaikos,11574,153.3,1572,1611
Zalgiris Kaunas,Milano,61,74,3.39,1.42,2017-09-08,2015,EuroLeague,Zalgiris Kaunas,12444,141.8,1543,1694
Bayern Munich,Partizan,78,93,1.78,2.29,2017-09-10,2015,EuroLeague,Bayern Munich,10736,179.6,1635,1591
Valencia,ASVEL,71,83,1.82,2.22,2017-09-12,2015,EuroLeague,Valencia,10054,161.7,1673,1639
Milano,Real Madrid,88,84,1.42,3.39,2017-09-14,2015,EuroLeague,Milano,10008,180.6,1689,1538
Partizan,Barcelona,85,77,2.3,1.77,2017-09-16,2015,EuroLeague,Partizan,9385,170.1,1555,1601
ASVEL,Fenerbahçe,61,84,3.2,1.45,2017-09-18,2015,EuroLeague,ASVEL,12133,152.2,1548,1685
Real Madrid,Olympiacos,61,97,2.77,1.57,2017-09-20,2015,EuroLeague,Real Madrid,9694,165.9,1520,1619
Barcelona,CSKA Moscow,68,84,2.64,1.61,2017-09-22,2015,EuroLeague,Barcelona,12392,159.6,1508,1594
Fenerbahçe,Maccabi Tel Aviv,72,75,1.85,2.17,2017-09-24,2015,EuroLeague,Fenerbahçe,13292,154.3,1600,1572
Olympiacos,Baskonia,70,83,1.97,2.04,2017-09-26,2015,EuroLeague,Olympiacos,10346,160.7,1595,1589
CSKA Moscow,Anadolu Efes,62,82,2.12,1.89,2017-09-28,2015,EuroLeague,CSKA Moscow,12886,151.2,1541,1561
Maccabi Tel Aviv,Panathinaikos,70,80,2.92,1.52,2017-09-30,2015,EuroLeague,Maccabi Tel Aviv,14758,157.5,1553,1666
Baskonia,Zalgiris Kaunas,89,77,1.76,2.32,2017-10-02,2015,EuroLeague,Baskonia,11799,174.3,1595,1547
Anadolu Efes,Bayern Munich,79,71,1.95,2.05,2017-10-04,2015,EuroLeague,Anadolu Efes,11903,157.5,1566,1557
Panathinaikos,Valencia,83,65,1.97,2.04,2017-10-06,2015,EuroLeague,Panathinaikos,12285,155.4,1616,1610
Zalgiris Kaunas,Milano,79,72,1.97,2.04,2017-10-08,2015,EuroLeague,Zalgiris Kaunas,9314,158.6,1668,1662
Bayern Munich,Partizan,79,75,1.61,2.63,2017-10-10,2015,EuroLeague,Bayern Munich,14955,161.7,1688,1603
Valencia,ASVEL,104,71,1.99,2.01,2017-10-12,2015,EuroLeague,Valencia,11957,183.8,1570,1568
Milano,Real Madrid,91,81,2.01,1.99,2017-10-14,2015,EuroLeague,Milano,12759,180.6,1531,1532
Partizan,Barcelona,84,72,2.04,1.97,2017-10-16,2015,EuroLeague,Partizan,10850,163.8,1501,1507
ASVEL,Fenerbahçe,102,60,1.49,3.05,2017-10-18,2015,EuroLeague,ASVEL,11693,170.1,1676,1551
Real Madrid,Olympiacos,78,60,3.05,1.49,2017-10-20,2015,EuroLeague,Real Madrid,11486,144.9,1502,1627
Barcelona,CSKA Moscow,72,77,2.4,1.71,2017-10-22,2015,EuroLeague,Barcelona,11494,156.5,1589,1648
Fenerbahçe,Maccabi Tel Aviv,69,88,3.66,1.38,2017-10-24,2015,EuroLeague,Fenerbahçe,13065,164.8,1527,1697
Olympiacos,Baskonia,74,73,1.6,2.66,2017-10-26,2015,EuroLeague,Olympiacos,11647,154.3,1682,1594
CSKA Moscow,Anadolu Efes,87,60,1.95,2.05,2017-10-28,2015,EuroLeague,CSKA Moscow,13831,154.3,1573,1565
Maccabi Tel Aviv,Panathinaikos,87,81,2.28,1.78,2017-10-30,2015,EuroLeague,Maccabi Tel Aviv,12094,176.4,1601,1644
Baskonia,Zalgiris Kaunas,100,79,1.63,2.58,2017-11-01,2015,EuroLeague,Baskonia,13420,188.0,1690,1610
Anadolu Efes,Bayern Munich,79,78,1.94,2.06,2017-11-03,2015,EuroLeague,Anadolu Efes,10891,164.8,1560,1550
Panathinaikos,Valencia,85,62,2.2,1.84,2017-11-05,2015,EuroLeague,Panathinaikos,12155,154.3,1555,1586
Zalgiris Kaunas,Milano,90,83,1.51,2.96,2017-11-07,2015,EuroLeague,Zalgiris Kaunas,14622,181.7,1657,1540
Bayern Munich,Partizan,80,90,2.27,1.79,2017-11-09,2015,EuroLeague,Bayern Munich,13748,178.5,1530,1571
Valencia,ASVEL,74,73,3.07,1.48,2017-11-11,2015,EuroLeague,Valencia,14826,154.3,1519,1645
Milano,Real Madrid,83,74,1.73,2.37,2017-11-13,2015,EuroLeague,Milano,11280,164.8,1649,1594
Partizan,Barcelona,76,67,2.42,1.7,2017-11-15,2015,EuroLeague,Partizan,12919,150.2,1536,1597
ASVEL,Fenerbahçe,87,88,2.55,1.65,2017-11-17,2015,EuroLeague,ASVEL,13046,183.8,1549,1625
Real Madrid,Olympiacos,88,60,1.58,2.72,2017-11-19,2015,EuroLeague,Real Madrid,11387,155.4,1654,1560
Barcelona,CSKA Moscow,100,92,1.44,3.25,2017-11-21,2015,EuroLeague,Barcelona,14382,201.6,1689,1548
Fenerbahçe,Maccabi Tel Aviv,93,86,1.63,2.58,2017-11-23,2015,EuroLeague,Fenerbahçe,13355,188.0,1643,1564
Olympiacos,Baskonia,75,95,1.58,2.74,2017-11-25,2015,EuroLeague,Olympiacos,9625,178.5,1610,1514
CSKA Moscow,Anadolu Efes,67,66,2.05,1.95,2017-11-27,2015,EuroLeague,CSKA Moscow,13614,139.7,1627,1635
Maccabi Tel Aviv,Panathinaikos,74,103,2.1,1.91,2017-11-29,2015,EuroLeague,Maccabi Tel Aviv,13173,185.8,1539,1555
Baskonia,Zalgiris Kaunas,94,86,1.69,2.45,2017-12-01,2015,EuroLeague,Baskonia,9635,189.0,1600,1535
Anadolu Efes,Bayern Munich,64,72,2.6,1.62,2017-12-03,2015,EuroLeague,Anadolu Efes,12238,142.8,1604,1686
Panathinaikos,Valencia,64,60,1.99,2.01,2017-12-05,2015,EuroLeague,Panathinaikos,9815,130.2,1535,1534
Zalgiris Kaunas,Milano,78,75,2.27,1.79,2017-12-07,2015,EuroLeague,Zalgiris Kaunas,14071,160.7,1530,1572
Bayern Munich,Partizan,90,63,1.43,3.3,2017-12-09,2015,EuroLeague,Bayern Munich,9743,160.7,1669,1524
Valencia,ASVEL,88,60,1.55,2.81,2017-12-11,2015,EuroLeague,Valencia,10534,155.4,1698,1595
Milano,Real Madrid,67,69,3.74,1.37,2017-12-13,2015,EuroLeague,Milano,10501,142.8,1502,1677
Partizan,Barcelona,86,70,1.59,2.71,2017-12-15,2015,EuroLeague,Partizan,10431,163.8,1625,1532
ASVEL,Fenerbahçe,93,75,1.7,2.43,2017-12-17,2015,EuroLeague,ASVEL,11435,176.4,1649,1587
Real Madrid,Olympiacos,91,89,2.07,1.94,2017-12-19,2015,EuroLeague,Real Madrid,11114,189.0,1671,1682
Barcelona,CSKA Moscow,92,69,1.8,2.24,2017-12-21,2015,EuroLeague,Barcelona,10726,169.1,1671,1633
Fenerbahçe,Maccabi Tel Aviv,69,91,2.6,1.62,2017-12-23,2015,EuroLeague,Fenerbahçe,12137,168.0,1554,1636
Olympiacos,Baskonia,72,60,1.84,2.19,2017-12-25,2015,EuroLeague,Olympiacos,14290,138.6,1642,1612
CSKA Moscow,Anadolu Efes,81,80,1.87,2.15,2017-12-27,2015,EuroLeague,CSKA Moscow,13730,169.1,1653,1629
Maccabi Tel Aviv,Panathinaikos,91,60,2.02,1.98,2017-12-29,2015,EuroLeague,Maccabi Tel Aviv,12692,158.6,1578,1581
Baskonia,Zalgiris Kaunas,69,77,1.85,2.18,2017-12-31,2015,EuroLeague,Baskonia,11797,153.3,1588,1559
Anadolu Efes,Bayern Munich,67,71,2.73,1.58,2018-01-02,2015,EuroLeague,Anadolu Efes,14255,144.9,1522,1617
Panathinaikos,Valencia,96,68,2.45,1.69,2018-01-04,2015,EuroLeague,Panathinaikos,10710,172.2,1562,1626
Zalgiris Kaunas,Milano,82,77,1.78,2.28,2018-01-06,2015,EuroLeague,Zalgiris Kaunas,12798,167.0,1555,1512
Bayern Munich,Partizan,83,77,1.65,2.55,2018-01-08,2015,EuroLeague,Bayern Munich,14218,168.0,1604,1528
Valencia,ASVEL,98,94,1.64,2.56,2018-01-10,2015,EuroLeague,Valencia,12693,201.6,1673,1596
Milano,Real Madrid,98,90,3.9,1.34,2018-01-12,2015,EuroLeague,Milano,14330,197.4,1502,1687
Partizan,Barcelona,97,61,1.36,3.8,2018-01-14,2015,EuroLeague,Partizan,12502,165.9,1692,1513
ASVEL,Fenerbahçe,89,65,1.87,2.15,2018-01-16,2015,EuroLeague,ASVEL,13265,161.7,1545,1520
Real Madrid,Olympiacos,68,64,1.59,2.71,2018-01-18,2015,EuroLeague,Real Madrid,13394,138.6,1608,1515
Barcelona,CSKA Moscow,85,66,1.57,2.76,2018-01-20,2015,EuroLeague,Barcelona,14506,158.6,1617,1519
Fenerbahçe,Maccabi Tel Aviv,93,78,2.5,1.67,2018-01-22,2015,EuroLeague,Fenerbahçe,10071,179.6,1558,1628
Olympiacos,Baskonia,93,76,1.82,2.22,2018-01-24,2015,EuroLeague,Olympiacos,9439,177.5,1550,1515
CSKA Moscow,Anadolu Efes,71,85,1.45,3.2,2018-01-26,2015,EuroLeague,CSKA Moscow,11079,163.8,1662,1525
Maccabi Tel Aviv,Panathinaikos,77,65,2.19,1.84,2018-01-28,2015,EuroLeague,Maccabi Tel Aviv,13839,149.1,1591,1621
Baskonia,Zalgiris Kaunas,93,93,1.72,2.4,2018-01-30,2015,EuroLeague,Baskonia,11651,195.3,1592,1534
Anadolu Efes,Bayern Munich,60,106,3.08,1.48,2018-02-01,2015,EuroLeague,Anadolu Efes,11860,174.3,1560,1687
Panathinaikos,Valencia,69,80,1.88,2.14,2018-02-03,2015,EuroLeague,Panathinaikos,14061,156.5,1553,1530
Zalgiris Kaunas,Milano,68,61,2.41,1.71,2018-02-05,2015,EuroLeague,Zalgiris Kaunas,9196,135.5,1540,1600
Bayern Munich,Partizan,60,66,2.63,1.61,2018-02-07,2015,EuroLeague,Bayern Munich,14230,132.3,1532,1617
Valencia,ASVEL,95,79,1.69,2.45,2018-02-09,2015,EuroLeague,Valencia,9975,182.7,1650,1585
Milano,Real Madrid,84,79,1.77,2.3,2018-02-11,2015,EuroLeague,Milano,13775,171.2,1667,1622
Partizan,Barcelona,98,75,2.72,1.58,2018-02-13,2015,EuroLeague,Partizan,10266,181.7,1578,1672
ASVEL,Fenerbahçe,80,85,1.88,2.14,2018-02-15,2015,EuroLeague,ASVEL,10790,173.2,1658,1636
Real Madrid,Olympiacos,81,81,2.41,1.71,2018-02-17,2015,EuroLeague,Real Madrid,9531,170.1,1628,1688
Barcelona,CSKA Moscow,93,60,1.71,2.4,2018-02-19,2015,EuroLeague,Barcelona,12826,160.7,1667,1608
Fenerbahçe,Maccabi Tel Aviv,105,60,1.61,2.63,2018-02-21,2015,EuroLeague,Fenerbahçe,9896,173.2,1599,1514
Olympiacos,Baskonia,93,65,1.81,2.24,2018-02-23,2015,EuroLeague,Olympiacos,11073,165.9,1699,1662
CSKA Moscow,Anadolu Efes,65,61,1.9,2.12,2018-02-25,2015,EuroLeague,CSKA Moscow,13968,132.3,1630,1611
Maccabi Tel Aviv,Panathinaikos,73,69,1.9,2.12,2018-02-27,2015,EuroLeague,Maccabi Tel Aviv,13423,149.1,1603,1584
Baskonia,Zalgiris Kaunas,75,76,2.73,1.58,2018-03-01,2015,EuroLeague,Baskonia,14463,158.6,1510,1605
Anadolu Efes,Bayern Munich,98,69,2.84,1.54,2018-03-03,2015,EuroLeague,Anadolu Efes,11351,175.3,1511,1617
Panathinaikos,Valencia,62,83,1.92,2.08,2018-03-05,2015,EuroLeague,Panathinaikos,14264,152.2,1675,1661
Zalgiris Kaunas,Milano,90,68,1.63,2.59,2018-03-07,2015,EuroLeague,Zalgiris Kaunas,13474,165.9,1623,1542
Bayern Munich,Partizan,79,79,2.74,1.58,2018-03-09,2015,EuroLeague,Bayern Munich,12674,165.9,1587,1683
Valencia,ASVEL,71,92,3.47,1.41,2018-03-11,2015,EuroLeague,Valencia,11062,171.2,1503,1660
Milano,Real Madrid,60,93,3.5,1.4,2018-03-13,2015,EuroLeague,Milano,9483,160.7,1505,1664
Partizan,Barcelona,89,72,1.82,2.22,2018-03-15,2015,EuroLeague,Partizan,12346,169.1,1590,1555
ASVEL,Fenerbahçe,76,77,1.73,2.36,2018-03-17,2015,EuroLeague,ASVEL,9293,160.7,1666,1612
Real Madrid,Olympiacos,73,79,2.96,1.51,2018-03-19,2015,EuroLeague,Real Madrid,13217,159.6,1529,1646
Barcelona,CSKA Moscow,88,69,1.65,2.54,2018-03-21,2015,EuroLeague,Barcelona,10331,164.8,1649,1574
Fenerbahçe,Maccabi Tel Aviv,60,97,2.54,1.65,2018-03-23,2015,EuroLeague,Fenerbahçe,12334,164.8,1534,1609
Olympiacos,Baskonia,80,64,2.92,1.52,2018-03-25,2015,EuroLeague,Olympiacos,10544,151.2,1540,1653
CSKA Moscow,Anadolu Efes,87,69,1.91,2.1,2018-03-27,2015,EuroLeague,CSKA Moscow,10907,163.8,1629,1612
Maccabi Tel Aviv,Panathinaikos,64,100,1.81,2.24,2018-03-29,2015,EuroLeague,Maccabi Tel Aviv,10099,172.2,1577,1540
Baskonia,Zalgiris Kaunas,80,86,1.86,2.17,2018-03-31,2015,EuroLeague,Baskonia,9967,174.3,1616,1589
Anadolu Efes,Bayern Munich,84,70,1.93,2.07,2018-04-02,2015,EuroLeague,Anadolu Efes,11294,161.7,1534,1522
Panathinaikos,Valencia,70,75,2.08,1.92,2018-04-04,2015,EuroLeague,Panathinaikos,13367,152.2,1560,1574
Zalgiris Kaunas,Milano,63,96,2.84,1.54,2018-04-06,2015,EuroLeague,Zalgiris Kaunas,12843,167.0,1554,1660
Bayern Munich,Partizan,100,84,1.8,2.24,2018-04-08,2015,EuroLeague,Bayern Munich,12086,193.2,1579,1541
Valencia,ASVEL,79,86,2.73,1.58,2018-04-10,2015,EuroLeague,Valencia,14965,173.2,1602,1697
Milano,Real Madrid,82,70,2.08,1.92,2018-04-12,2015,EuroLeague,Milano,12897,159.6,1628,1642
Partizan,Barcelona,71,78,1.98,2.02,2018-04-14,2015,EuroLeague,Partizan,12197,156.5,1506,1503
ASVEL,Fenerbahçe,76,86,2.15,1.87,2018-04-16,2015,EuroLeague,ASVEL,14436,170.1,1502,1526
Real Madrid,Olympiacos,65,63,2.04,1.97,2018-04-18,2015,EuroLeague,Real Madrid,12235,134.4,1617,1623
Barcelona,CSKA Moscow,83,60,1.44,3.29,2018-04-20,2015,EuroLeague,Barcelona,10196,150.2,1680,1536
Fenerbahçe,Maccabi Tel Aviv,84,73,1.93,2.08,2018-04-22,2015,EuroLeague,Fenerbahçe,11089,164.8,1693,1680
Olympiacos,Baskonia,86,60,2.03,1.97,2018-04-24,2015,EuroLeague,Olympiacos,12405,153.3,1581,1586
CSKA Moscow,Anadolu Efes,75,60,1.59,2.7,2018-04-26,2015,EuroLeague,CSKA Moscow,14788,141.8,1631,1539
Maccabi Tel Aviv,Panathinaikos,90,92,2.95,1.51,2018-04-28,2015,EuroLeague,Maccabi Tel Aviv,12601,191.1,1527,1643
Baskonia,Zalgiris Kaunas,89,81,1.64,2.56,2018-04-30,2015,EuroLeague,Baskonia,12566,178.5,1659,1582
Anadolu Efes,Bayern Munich,79,71,1.52,2.91,2018-05-02,2015,EuroLeague,Anadolu Efes,12821,157.5,1653,1541
Panathinaikos,Valencia,74,87,1.95,1.95,2018-05-04,2015,EuroLeague,Panathinaikos,12210,169.1,1622,1622
Zalgiris Kaunas,Milano,79,87,1.9,2.11,2018-05-06,2015,EuroLeague,Zalgiris Kaunas,10315,174.3,1582,1564
Bayern Munich,Partizan,60,106,1.62,2.61,2018-05-08,2015,EuroLeague,Bayern Munich,13333,174.3,1658,1575
Valencia,ASVEL,74,73,2.2,1.84,2018-05-10,2015,EuroLeague,Valencia,9531,154.3,1524,1555
Milano,Real Madrid,109,79,1.86,2.16,2018-05-12,2015,EuroLeague,Milano,14404,197.4,1533,1507
Partizan,Barcelona,68,74,3.36,1.42,2018-05-14,2015,EuroLeague,Partizan,13032,149.1,1540,1689
ASVEL,Fenerbahçe,69,90,2.5,1.67,2018-05-16,2015,EuroLeague,ASVEL,10049,167.0,1606,1676
Real Madrid,Olympiacos,84,76,2.1,1.91,2018-05-18,2015,EuroLeague,Real Madrid,14802,168.0,1514,1530
Barcelona,CSKA Moscow,77,85,2.3,1.77,2018-05-20,2015,EuroLeague,Barcelona,14885,170.1,1541,1586
Fenerbahçe,Maccabi Tel Aviv,66,82,2.12,1.89,2018-05-22,2015,EuroLeague,Fenerbahçe,12896,155.4,1550,1570
Olympiacos,Baskonia,67,73,1.87,2.15,2018-05-24,2015,EuroLeague,Olympiacos,10745,147.0,1589,1564
CSKA Moscow,Anadolu Efes,88,84,2.28,1.78,2018-05-26,2015,EuroLeague,CSKA Moscow,13650,180.6,1639,1682
Maccabi Tel Aviv,Panathinaikos,79,93,3.29,1.44,2018-05-28,2015,EuroLeague,Maccabi Tel Aviv,13552,180.6,1508,1652
Baskonia,Zalgiris Kaunas,77,71,1.73,2.37,2018-05-30,2015,EuroLeague,Baskonia,9474,155.4,1686,1631
Anadolu Efes,Bayern Munich,97,97,1.89,2.12,2018-06-01,2015,EuroLeague,Anadolu Efes,9072,203.7,1597,1577
Panathinaikos,Valencia,69,61,1.87,2.15,2018-06-03,2015,EuroLeague,Panathinaikos,11142,136.5,1556,1531
Zalgiris Kaunas,Milano,60,75,1.89,2.13,2018-06-05,2015,EuroLeague,Zalgiris Kaunas,10367,141.8,1641,1620
Bayern Munich,Partizan,72,88,1.77,2.3,2018-06-07,2015,EuroLeague,Bayern Munich,14796,168.0,1568,1522
Valencia,ASVEL,82,83,2.5,1.66,2018-06-09,2015,EuroLeague,Valencia,9458,173.2,1603,1674
Milano,Real Madrid,69,73,3.33,1.43,2018-06-11,2015,EuroLeague,Milano,14300,149.1,1545,1692
Partizan,Barcelona,66,75,2.52,1.66,2018-06-13,2015,EuroLeague,Partizan,14029,148.1,1503,1576
ASVEL,Fenerbahçe,60,67,2.08,1.93,2018-06-15,2015,EuroLeague,ASVEL,14569,133.3,1661,1674
Real Madrid,Olympiacos,91,72,2.18,1.85,2018-06-17,2015,EuroLeague,Real Madrid,9336,171.2,1663,1692
Barcelona,CSKA Moscow,78,72,1.35,3.83,2018-06-19,2015,EuroLeague,Barcelona,9422,157.5,1685,1504
Fenerbahçe,Maccabi Tel Aviv,81,62,2.72,1.58,2018-06-21,2015,EuroLeague,Fenerbahçe,12810,150.2,1540,1634
Olympiacos,Baskonia,68,79,2.52,1.66,2018-06-23,2015,EuroLeague,Olympiacos,14523,154.3,1624,1697
CSKA Moscow,Anadolu Efes,81,60,1.45,3.21,2018-06-25,2015,EuroLeague,CSKA Moscow,10610,148.1,1663,1525
Maccabi Tel Aviv,Panathinaikos,60,68,3.69,1.37,2018-06-27,2015,EuroLeague,Maccabi Tel Aviv,14446,134.4,1513,1685
Baskonia,Zalgiris Kaunas,93,93,1.85,2.18,2018-06-29,2015,EuroLeague,Baskonia,10976,195.3,1627,1598
Anadolu Efes,Bayern Munich,83,60,1.86,2.16,2018-07-01,2015,EuroLeague,Anadolu Efes,13234,150.2,1574,1548
Panathinaikos,Valencia,87,104,2.19,1.84,2018-07-03,2015,EuroLeague,Panathinaikos,12427,200.6,1670,1700
Zalgiris Kaunas,Milano,87,91,2.04,1.97,2018-07-05,2015,EuroLeague,Zalgiris Kaunas,11574,186.9,1531,1537
Bayern Munich,Partizan,77,98,3.54,1.39,2018-07-07,2015,EuroLeague,Bayern Munich,10253,183.8,1530,1692
Valencia,ASVEL,80,60,1.43,3.34,2018-07-09,2015,EuroLeague,Valencia,12724,147.0,1656,1508
Milano,Real Madrid,84,65,1.88,2.14,2018-07-11,2015,EuroLeague,Milano,10616,156.5,1645,1623
Partizan,Barcelona,72,79,2.13,1.89,2018-07-13,2015,EuroLeague,Partizan,9325,158.6,1545,1566
ASVEL,Fenerbahçe,60,86,1.95,1.95,2018-07-15,2015,EuroLeague,ASVEL,11464,153.3,1622,1622
Real Madrid,Olympiacos,86,63,1.85,2.17,2018-07-17,2015,EuroLeague,Real Madrid,14662,156.5,1622,1594
Barcelona,CSKA Moscow,67,63,2.2,1.84,2018-07-19,2015,EuroLeague,Barcelona,10686,136.5,1633,1664
Fenerbahçe,Maccabi Tel Aviv,86,79,1.75,2.34,2018-07-21,2015,EuroLeague,Fenerbahçe,14733,173.2,1587,1536
Olympiacos,Baskonia,87,108,2.04,1.97,2018-07-23,2015,EuroLeague,Olympiacos,9444,204.8,1604,1610
CSKA Moscow,Anadolu Efes,89,60,1.52,2.93,2018-07-25,2015,EuroLeague,CSKA Moscow,11083,156.5,1690,1576
Maccabi Tel Aviv,Panathinaikos,78,75,2.43,1.7,2018-07-27,2015,EuroLeague,Maccabi Tel Aviv,14271,160.7,1593,1655
Baskonia,Zalgiris Kaunas,79,63,1.7,2.42,2018-07-29,2015,EuroLeague,Baskonia,9872,149.1,1609,1548
Anadolu Efes,Bayern Munich,68,103,3.33,1.43,2018-07-31,2015,EuroLeague,Anadolu Efes,11569,179.6,1503,1650
Panathinaikos,Valencia,95,80,1.87,2.15,2018-08-02,2015,EuroLeague,Panathinaikos,11001,183.8,1625,1600
Zalgiris Kaunas,Milano,72,91,2.58,1.63,2018-08-04,2015,EuroLeague,Zalgiris Kaunas,9019,171.2,1566,1645
Bayern Munich,Partizan,76,89,2.2,1.84,2018-08-06,2015,EuroLeague,Bayern Munich,11075,173.2,1529,1560
Valencia,ASVEL,73,73,2.66,1.6,2018-08-08,2015,EuroLeague,Valencia,11183,153.3,1502,1590
Milano,Real Madrid,90,81,2.86,1.54,2018-08-10,2015,EuroLeague,Milano,11236,179.6,1572,1680
Partizan,Barcelona,99,90,2.32,1.76,2018-08-12,2015,EuroLeague,Partizan,10831,198.5,1624,1672
ASVEL,Fenerbahçe,72,78,2.05,1.95,2018-08-14,2015,EuroLeague,ASVEL,10340,157.5,1569,1578
Real Madrid,Olympiacos,89,87,1.62,2.6,2018-08-16,2015,EuroLeague,Real Madrid,10697,184.8,1693,1611
Barcelona,CSKA Moscow,82,83,1.94,2.06,2018-08-18,2015,EuroLeague,Barcelona,10407,173.2,1615,1605
Fenerbahçe,Maccabi Tel Aviv,83,71,2.17,1.86,2018-08-20,2015,EuroLeague,Fenerbahçe,12725,161.7,1541,1568
Olympiacos,Baskonia,89,60,1.74,2.36,2018-08-22,2015,EuroLeague,Olympiacos,12684,156.5,1603,1550
CSKA Moscow,Anadolu Efes,84,63,1.67,2.5,2018-08-24,2015,EuroLeague,CSKA Moscow,11753,154.3,1614,1544
Maccabi Tel Aviv,Panathinaikos,91,69,1.68,2.47,2018-08-26,2015,EuroLeague,Maccabi Tel Aviv,11669,168.0,1642,1575
Baskonia,Zalgiris Kaunas,62,71,3.53,1.4,2018-08-28,2015,EuroLeague,Baskonia,9660,139.7,1534,1695
Anadolu Efes,Bayern Munich,88,85,2.22,1.82,2018-08-30,2015,EuroLeague,Anadolu Efes,13861,181.7,1590,1625
Panathinaikos,Valencia,72,95,2.1,1.91,2018-09-01,2015,EuroLeague,Panathinaikos,14940,175.3,1562,1578
Zalgiris Kaunas,Milano,74,76,2.7,1.59,2018-09-03,2015,EuroLeague,Zalgiris Kaunas,14972,157.5,1588,1680
Bayern Munich,Partizan,85,81,1.77,2.3,2018-09-05,2015,EuroLeague,Bayern Munich,14975,174.3,1640,1594
Valencia,ASVEL,87,88,1.64,2.57,2018-09-07,2015,EuroLeague,Valencia,10743,183.8,1645,1567
Milano,Real Madrid,69,68,2.44,1.7,2018-09-09,2015,EuroLeague,Milano,11929,143.8,1566,1629
Partizan,Barcelona,79,69,1.64,2.57,2018-09-11,2015,EuroLeague,Partizan,12958,155.4,1601,1523
ASVEL,Fenerbahçe,63,66,1.95,2.05,2018-09-13,2015,EuroLeague,ASVEL,12258,135.5,1631,1622
Real Madrid,Olympiacos,79,80,1.92,2.09,2018-09-15,2015,EuroLeague,Real Madrid,12794,167.0,1572,1557
Barcelona,CSKA Moscow,63,87,2.59,1.63,2018-09-17,2015,EuroLeague,Barcelona,12714,157.5,1613,1694
Fenerbahçe,Maccabi Tel Aviv,86,84,1.42,3.39,2018-09-19,2015,EuroLeague,Fenerbahçe,10208,178.5,1698,1547
Olympiacos,Baskonia,84,75,2.27,1.79,2018-09-21,2015,EuroLeague,Olympiacos,13436,167.0,1518,1560
CSKA Moscow,Anadolu Efes,85,88,3.59,1.39,2018-09-23,2015,EuroLeague,CSKA Moscow,11468,181.7,1516,1681
Maccabi Tel Aviv,Panathinaikos,75,87,2.96,1.51,2018-09-25,2015,EuroLeague,Maccabi Tel Aviv,10411,170.1,1579,1696
Baskonia,Zalgiris Kaunas,74,61,2.31,1.76,2018-09-27,2015,EuroLeague,Baskonia,9423,141.8,1583,1630
Anadolu Efes,Bayern Munich,103,66,2.1,1.91,2018-09-29,2015,EuroLeague,Anadolu Efes,10228,177.5,1502,1518
Panathinaikos,Valencia,82,79,1.98,2.02,2018-10-01,2015,EuroLeague,Panathinaikos,10551,169.1,1506,1502
Zalgiris Kaunas,Milano,75,66,2.4,1.71,2018-10-03,2015,EuroLeague,Zalgiris Kaunas,14734,148.1,1503,1562
Bayern Munich,Partizan,91,60,1.46,3.16,2018-10-05,2015,EuroLeague,Bayern Munich,14729,158.6,1659,1525
Valencia,ASVEL,79,89,3.18,1.46,2018-10-07,2015,EuroLeague,Valencia,13331,176.4,1560,1695
Milano,Real Madrid,72,73,2.03,1.97,2018-10-09,2015,EuroLeague,Milano,12059,152.2,1688,1693
Partizan,Barcelona,60,95,2.42,1.7,2018-10-11,2015,EuroLeague,Partizan,11100,162.8,1610,1671
ASVEL,Fenerbahçe,89,88,2.93,1.52,2018-10-13,2015,EuroLeague,ASVEL,10592,185.8,1556,1670
Real Madrid,Olympiacos,66,93,2.94,1.52,2018-10-15,2015,EuroLeague,Real Madrid,9328,167.0,1541,1656
Barcelona,CSKA Moscow,84,79,1.66,2.5,2018-10-17,2015,EuroLeague,Barcelona,13317,171.2,1667,1596
Fenerbahçe,Maccabi Tel Aviv,71,70,2.29,1.78,2018-10-19,2015,EuroLeague,Fenerbahçe,14841,148.1,1584,1628
Olympiacos,Baskonia,66,60,1.7,2.42,2018-10-21,2015,EuroLeague,Olympiacos,13407,132.3,1681,1620
CSKA Moscow,Anadolu Efes,80,69,3.1,1.48,2018-10-23,2015,EuroLeague,CSKA Moscow,10034,156.5,1549,1678
Maccabi Tel Aviv,Panathinaikos,104,68,1.58,2.74,2018-10-25,2015,EuroLeague,Maccabi Tel Aviv,13063,180.6,1616,1520
Baskonia,Zalgiris Kaunas,69,84,1.83,2.2,2018-10-27,2015,EuroLeague,Baskonia,12216,160.7,1656,1624
Anadolu Efes,Bayern Munich,77,72,2.05,1.95,2018-10-29,2015,EuroLeague,Anadolu Efes,9458,156.5,1680,1688
Panathinaikos,Valencia,63,80,2.39,1.72,2018-10-31,2015,EuroLeague,Panathinaikos,12593,150.2,1576,1633
Zalgiris Kaunas,Milano,85,68,1.66,2.52,2018-11-02,2015,EuroLeague,Zalgiris Kaunas,10759,160.7,1657,1584
Bayern Munich,Partizan,89,86,1.65,2.54,2018-11-04,2015,EuroLeague,Bayern Munich,9238,183.8,1608,1533
Valencia,ASVEL,92,60,1.45,3.23,2018-11-06,2015,EuroLeague,Valencia,10987,159.6,1650,1511
Milano,Real Madrid,84,70,2.05,1.95,2018-11-08,2015,EuroLeague,Milano,13139,161.7,1569,1577
Partizan,Barcelona,60,89,2.64,1.61,2018-11-10,2015,EuroLeague,Partizan,10429,156.5,1601,1687
ASVEL,Fenerbahçe,117,82,2.21,1.83,2018-11-12,2015,EuroLeague,ASVEL,14682,209.0,1616,1649
Real Madrid,Olympiacos,69,60,1.64,2.56,2018-11-14,2015,EuroLeague,Real Madrid,13084,135.5,1610,1533
Barcelona,CSKA Moscow,100,60,1.66,2.52,2018-11-16,2015,EuroLeague,Barcelona,10859,168.0,1660,1587
Fenerbahçe,Maccabi Tel Aviv,60,80,1.99,2.01,2018-11-18,2015,EuroLeague,Fenerbahçe,12108,147.0,1587,1585
Olympiacos,Baskonia,80,72,1.85,2.17,2018-11-20,2015,EuroLeague,Olympiacos,10956,159.6,1655,1627
CSKA Moscow,Anadolu Efes,62,78,2.02,1.98,2018-11-22,2015,EuroLeague,CSKA Moscow,10000,147.0,1523,1526
Maccabi Tel Aviv,Panathinaikos,82,66,2.09,1.92,2018-11-24,2015,EuroLeague,Maccabi Tel Aviv,12337,155.4,1571,1586
Baskonia,Zalgiris Kaunas,82,74,1.66,2.52,2018-11-26,2015,EuroLeague,Baskonia,14138,163.8,1648,1575
Anadolu Efes,Bayern Munich,76,83,2.43,1.7,2018-11-28,2015,EuroLeague,Anadolu Efes,12761,167.0,1581,1643
Panathinaikos,Valencia,61,77,1.52,2.93,2018-11-30,2015,EuroLeague,Panathinaikos,14607,144.9,1619,1505
Zalgiris Kaunas,Milano,89,78,1.71,2.41,2018-12-02,2015,EuroLeague,Zalgiris Kaunas,10880,175.3,1599,1539
Bayern Munich,Partizan,97,60,1.94,2.06,2018-12-04,2015,EuroLeague,Bayern Munich,10733,164.8,1672,1662
Valencia,ASVEL,80,60,1.72,2.38,2018-12-06,2015,EuroLeague,Valencia,9888,147.0,1652,1596
Milano,Real Madrid,92,119,2.63,1.61,2018-12-08,2015,EuroLeague,Milano,9970,221.6,1586,1671
Partizan,Barcelona,98,81,1.57,2.76,2018-12-10,2015,EuroLeague,Partizan,14103,188.0,1602,1504
ASVEL,Fenerbahçe,60,74,2.25,1.8,2018-12-12,2015,EuroLeague,ASVEL,9946,140.7,1503,1542
Real Madrid,Olympiacos,79,84,1.88,2.14,2018-12-14,2015,EuroLeague,Real Madrid,13404,171.2,1669,1647
Barcelona,CSKA Moscow,67,75,3.1,1.48,2018-12-16,2015,EuroLeague,Barcelona,9617,149.1,1571,1700
Fenerbahçe,Maccabi Tel Aviv,60,72,3.07,1.48,2018-12-18,2015,EuroLeague,Fenerbahçe,13581,138.6,1536,1662
Olympiacos,Baskonia,79,60,2.14,1.88,2018-12-20,2015,EuroLeague,Olympiacos,13425,146.0,1592,1615
CSKA Moscow,Anadolu Efes,71,67,1.94,2.07,2018-12-22,2015,EuroLeague,CSKA Moscow,14420,144.9,1528,1517
Maccabi Tel Aviv,Panathinaikos,83,60,3.5,1.4,2018-12-24,2015,EuroLeague,Maccabi Tel Aviv,11580,150.2,1500,1659
Baskonia,Zalgiris Kaunas,73,90,2.66,1.6,2018-12-26,2015,EuroLeague,Baskonia,14170,171.2,1516,1604
Anadolu Efes,Bayern Munich,60,82,1.73,2.36,2018-12-28,2015,EuroLeague,Anadolu Efes,13678,149.1,1623,1569
Panathinaikos,Valencia,85,93,1.88,2.14,2018-12-30,2015,EuroLeague,Panathinaikos,10976,186.9,1696,1674
Zalgiris Kaunas,Milano,85,61,1.51,2.97,2019-01-01,2015,EuroLeague,Zalgiris Kaunas,12819,153.3,1660,1542
Bayern Munich,Partizan,60,83,2.44,1.7,2019-01-03,2015,EuroLeague,Bayern Munich,9610,150.2,1637,1700
Valencia,ASVEL,79,60,1.6,2.66,2019-01-05,2015,EuroLeague,Valencia,13730,146.0,1613,1525
Milano,Real Madrid,91,93,2.7,1.59,2019-01-07,2015,EuroLeague,Milano,13199,193.2,1532,1624
Partizan,Barcelona,73,80,1.95,2.05,2019-01-09,2015,EuroLeague,Partizan,11515,160.7,1654,1645
ASVEL,Fenerbahçe,83,85,2.53,1.65,2019-01-11,2015,EuroLeague,ASVEL,12622,176.4,1556,1630
Real Madrid,Olympiacos,80,113,2.53,1.65,2019-01-13,2015,EuroLeague,Real Madrid,9103,202.7,1505,1579
Barcelona,CSKA Moscow,89,69,2.76,1.57,2019-01-15,2015,EuroLeague,Barcelona,11701,165.9,1547,1645
Fenerbahçe,Maccabi Tel Aviv,87,87,1.94,2.07,2019-01-17,2015,EuroLeague,Fenerbahçe,9389,182.7,1614,1603
Olympiacos,Baskonia,76,78,3.44,1.41,2019-01-19,2015,EuroLeague,Olympiacos,11313,161.7,1504,1659
CSKA Moscow,Anadolu Efes,89,70,1.44,3.28,2019-01-21,2015,EuroLeague,CSKA Moscow,12731,167.0,1656,1513
Maccabi Tel Aviv,Panathinaikos,66,89,2.35,1.74,2019-01-23,2015,EuroLeague,Maccabi Tel Aviv,14071,162.8,1546,1598
Baskonia,Zalgiris Kaunas,71,87,1.93,2.07,2019-01-25,2015,EuroLeague,Baskonia,13881,165.9,1627,1615
Anadolu Efes,Bayern Munich,63,86,3.3,1.43,2019-01-27,2015,EuroLeague,Anadolu Efes,14341,156.5,1547,1692
Panathinaikos,Valencia,60,79,2.05,1.95,2019-01-29,2015,EuroLeague,Panathinaikos,12039,146.0,1516,1524
Zalgiris Kaunas,Milano,65,65,1.89,2.13,2019-01-31,2015,EuroLeague,Zalgiris Kaunas,13675,136.5,1596,1575
Bayern Munich,Partizan,92,72,1.77,2.3,2019-02-02,2015,EuroLeague,Bayern Munich,10911,172.2,1669,1623
Valencia,ASVEL,83,77,2.02,1.98,2019-02-04,2015,EuroLeague,Valencia,12773,168.0,1690,1694
Milano,Real Madrid,76,90,1.96,2.04,2019-02-06,2015,EuroLeague,Milano,11820,174.3,1537,1530
Partizan,Barcelona,66,69,1.58,2.73,2019-02-08,2015,EuroLeague,Partizan,12583,141.8,1686,1591
ASVEL,Fenerbahçe,72,67,1.83,2.2,2019-02-10,2015,EuroLeague,ASVEL,12496,146.0,1657,1625
Real Madrid,Olympiacos,88,73,1.5,3.0,2019-02-12,2015,EuroLeague,Real Madrid,11938,169.1,1656,1536
Barcelona,CSKA Moscow,83,85,2.36,1.74,2019-02-14,2015,EuroLeague,Barcelona,13445,176.4,1556,1609
Fenerbahçe,Maccabi Tel Aviv,89,68,1.6,2.68,2019-02-16,2015,EuroLeague,Fenerbahçe,14548,164.8,1632,1542
Olympiacos,Baskonia,74,79,1.74,2.36,2019-02-18,2015,EuroLeague,Olympiacos,14490,160.7,1595,1542
CSKA Moscow,Anadolu Efes,86,90,2.8,1.56,2019-02-20,2015,EuroLeague,CSKA Moscow,13613,184.8,1522,1624
Maccabi Tel Aviv,Panathinaikos,89,79,3.3,1.43,2019-02-22,2015,EuroLeague,Maccabi Tel Aviv,11775,176.4,1509,1654
Baskonia,Zalgiris Kaunas,77,99,2.22,1.82,2019-02-24,2015,EuroLeague,Baskonia,11081,184.8,1601,1636
Anadolu Efes,Bayern Munich,98,78,1.55,2.83,2019-02-26,2015,EuroLeague,Anadolu Efes,13065,184.8,1673,1568
Panathinaikos,Valencia,92,72,1.63,2.58,2019-02-28,2015,EuroLeague,Panathinaikos,13621,172.2,1591,1511
Zalgiris Kaunas,Milano,95,66,2.45,1.69,2019-03-02,2015,EuroLeague,Zalgiris Kaunas,13039,169.1,1612,1677
Bayern Munich,Partizan,102,78,1.79,2.27,2019-03-04,2015,EuroLeague,Bayern Munich,14392,189.0,1695,1654
Valencia,ASVEL,99,73,1.54,2.84,2019-03-06,2015,EuroLeague,Valencia,9426,180.6,1607,1501
Milano,Real Madrid,60,79,2.14,1.88,2019-03-08,2015,EuroLeague,Milano,11570,146.0,1606,1628
Partizan,Barcelona,97,64,1.39,3.56,2019-03-10,2015,EuroLeague,Partizan,14738,169.1,1681,1518
ASVEL,Fenerbahçe,83,71,1.86,2.16,2019-03-12,2015,EuroLeague,ASVEL,14896,161.7,1570,1544
Real Madrid,Olympiacos,75,79,3.56,1.39,2019-03-14,2015,EuroLeague,Real Madrid,10667,161.7,1520,1683
Barcelona,CSKA Moscow,78,77,1.86,2.16,2019-03-16,2015,EuroLeague,Barcelona,14244,162.8,1598,1572
Fenerbahçe,Maccabi Tel Aviv,72,75,2.84,1.54,2019-03-18,2015,EuroLeague,Fenerbahçe,14723,154.3,1566,1672
Olympiacos,Baskonia,67,85,1.9,2.12,2019-03-20,2015,EuroLeague,Olympiacos,11763,159.6,1569,1550
CSKA Moscow,Anadolu Efes,75,64,1.77,2.3,2019-03-22,2015,EuroLeague,CSKA Moscow,14364,146.0,1659,1613
Maccabi Tel Aviv,Panathinaikos,105,92,1.97,2.03,2019-03-24,2015,EuroLeague,Maccabi Tel Aviv,11293,206.9,1638,1633
Baskonia,Zalgiris Kaunas,101,89,1.55,2.81,2019-03-26,2015,EuroLeague,Baskonia,13663,199.5,1651,1548
Anadolu Efes,Bayern Munich,99,94,2.4,1.72,2019-03-28,2015,EuroLeague,Anadolu Efes,12396,202.7,1564,1622
Panathinaikos,Valencia,71,72,2.37,1.73,2019-03-30,2015,EuroLeague,Panathinaikos,10818,150.2,1510,1565
Zalgiris Kaunas,Milano,65,80,2.2,1.84,2019-04-01,2015,EuroLeague,Zalgiris Kaunas,14043,152.2,1581,1612
Bayern Munich,Partizan,79,60,1.89,2.12,2019-04-03,2015,EuroLeague,Bayern Munich,10683,146.0,1536,1516
Valencia,ASVEL,83,61,3.15,1.47,2019-04-05,2015,EuroLeague,Valencia,13665,151.2,1531,1664
Milano,Real Madrid,60,71,3.0,1.5,2019-04-07,2015,EuroLeague,Milano,13270,137.6,1564,1684
Partizan,Barcelona,67,68,2.11,1.9,2019-04-09,2015,EuroLeague,Partizan,10303,141.8,1589,1607
ASVEL,Fenerbahçe,79,66,2.01,1.99,2019-04-11,2015,EuroLeague,ASVEL,12308,152.2,1571,1572
Real Madrid,Olympiacos,86,86,1.57,2.75,2019-04-13,2015,EuroLeague,Real Madrid,13574,180.6,1616,1519
Barcelona,CSKA Moscow,77,85,2.24,1.81,2019-04-15,2015,EuroLeague,Barcelona,11234,170.1,1608,1645
Fenerbahçe,Maccabi Tel Aviv,68,98,2.2,1.83,2019-04-17,2015,EuroLeague,Fenerbahçe,9787,174.3,1514,1546
Olympiacos,Baskonia,85,98,1.37,3.72,2019-04-19,2015,EuroLeague,Olympiacos,13327,192.2,1686,1512
CSKA Moscow,Anadolu Efes,62,75,2.1,1.91,2019-04-21,2015,EuroLeague,CSKA Moscow,13323,143.8,1504,1521
Maccabi Tel Aviv,Panathinaikos,78,95,2.55,1.65,2019-04-23,2015,EuroLeague,Maccabi Tel Aviv,14453,181.7,1550,1626
Baskonia,Zalgiris Kaunas,83,78,3.5,1.4,2019-04-25,2015,EuroLeague,Baskonia,12203,169.1,1507,1666
Anadolu Efes,Bayern Munich,72,79,1.99,2.01,2019-04-27,2015,EuroLeague,Anadolu Efes,11144,158.6,1614,1613
Panathinaikos,Valencia,102,91,1.59,2.71,2019-04-29,2015,EuroLeague,Panathinaikos,13177,202.7,1674,1581
Zalgiris Kaunas,Milano,95,63,1.6,2.68,2019-05-01,2015,EuroLeague,Zalgiris Kaunas,9958,165.9,1671,1581
Bayern Munich,Partizan,82,91,2.37,1.73,2019-05-03,2015,EuroLeague,Bayern Munich,12954,181.7,1584,1639
Valencia,ASVEL,97,72,2.3,1.77,2019-05-05,2015,EuroLeague,Valencia,14555,177.5,1527,1573
Milano,Real Madrid,91,104,3.43,1.41,2019-05-07,2015,EuroLeague,Milano,10911,204.8,1529,1683
Partizan,Barcelona,84,67,1.86,2.17,2019-05-09,2015,EuroLeague,Partizan,12128,158.6,1609,1582
ASVEL,Fenerbahçe,82,74,2.18,1.85,2019-05-11,2015,EuroLeague,ASVEL,11727,163.8,1623,1652
Real Madrid,Olympiacos,79,77,1.94,2.07,2019-05-13,2015,EuroLeague,Real Madrid,11310,163.8,1618,1607
Barcelona,CSKA Moscow,86,86,2.03,1.97,2019-05-15,2015,EuroLeague,Barcelona,11118,180.6,1638,1643
Fenerbahçe,Maccabi Tel Aviv,81,75,1.86,2.17,2019-05-17,2015,EuroLeague,Fenerbahçe,14367,163.8,1552,1525
Olympiacos,Baskonia,83,95,2.93,1.52,2019-05-19,2015,EuroLeague,Olympiacos,13368,186.9,1538,1652
CSKA Moscow,Anadolu Efes,78,71,2.92,1.52,2019-05-21,2015,EuroLeague,CSKA Moscow,9909,156.5,1513,1626
Maccabi Tel Aviv,Panathinaikos,75,70,1.65,2.53,2019-05-23,2015,EuroLeague,Maccabi Tel Aviv,12468,152.2,1576,1502
Baskonia,Zalgiris Kaunas,81,69,2.42,1.7,2019-05-25,2015,EuroLeague,Baskonia,11896,157.5,1559,1620
Anadolu Efes,Bayern Munich,86,72,2.02,1.98,2019-05-27,2015,EuroLeague,Anadolu Efes,13827,165.9,1533,1537
Panathinaikos,Valencia,78,80,1.88,2.14,2019-05-29,2015,EuroLeague,Panathinaikos,9072,165.9,1648,1625
Zalgiris Kaunas,Milano,71,87,2.43,1.7,2019-05-31,2015,EuroLeague,Zalgiris Kaunas,11463,165.9,1513,1575
Bayern Munich,Partizan,90,64,1.88,2.14,2019-06-02,2015,EuroLeague,Bayern Munich,10674,161.7,1679,1657
Valencia,ASVEL,94,83,2.02,1.98,2019-06-04,2015,EuroLeague,Valencia,14923,185.8,1515,1519
Milano,Real Madrid,77,88,2.15,1.87,2019-06-06,2015,EuroLeague,Milano,14538,173.2,1582,1606
Partizan,Barcelona,74,75,2.97,1.51,2019-06-08,2015,EuroLeague,Partizan,11988,156.5,1574,1692
ASVEL,Fenerbahçe,79,80,2.62,1.62,2019-06-10,2015,EuroLeague,ASVEL,9880,167.0,1605,1689
Real Madrid,Olympiacos,99,62,1.88,2.14,2019-06-12,2015,EuroLeague,Real Madrid,13359,169.1,1630,1608
Barcelona,CSKA Moscow,66,85,1.91,2.1,2019-06-14,2015,EuroLeague,Barcelona,11880,158.6,1661,1645
Fenerbahçe,Maccabi Tel Aviv,76,105,3.8,1.36,2019-06-16,2015,EuroLeague,Fenerbahçe,9308,190.1,1501,1680
Olympiacos,Baskonia,79,79,2.09,1.92,2019-06-18,2015,EuroLeague,Olympiacos,10519,165.9,1567,1582
CSKA Moscow,Anadolu Efes,77,81,2.17,1.86,2019-06-20,2015,EuroLeague,CSKA Moscow,12475,165.9,1642,1669
Maccabi Tel Aviv,Panathinaikos,74,86,2.01,1.99,2019-06-22,2015,EuroLeague,Maccabi Tel Aviv,14645,168.0,1577,1579
Baskonia,Zalgiris Kaunas,71,74,3.01,1.5,2019-06-24,2015,EuroLeague,Baskonia,9456,152.2,1521,1642
Anadolu Efes,Bayern Munich,91,82,2.3,1.77,2019-06-26,2015,EuroLeague,Anadolu Efes,13119,181.7,1553,1598
Panathinaikos,Valencia,87,81,2.62,1.62,2019-06-28,2015,EuroLeague,Panathinaikos,14706,176.4,1529,1613
Zalgiris Kaunas,Milano,99,68,1.53,2.88,2019-06-30,2015,EuroLeague,Zalgiris Kaunas,10172,175.3,1642,1532
Bayern Munich,Partizan,101,71,1.49,3.03,2019-07-02,2015,EuroLeague,Bayern Munich,10866,180.6,1623,1500
Valencia,ASVEL,60,74,3.05,1.49,2019-07-04,2015,EuroLeague,Valencia,9397,140.7,1526,1651
Milano,Real Madrid,82,60,2.69,1.59,2019-07-06,2015,EuroLeague,Milano,9816,149.1,1524,1615
Partizan,Barcelona,83,97,2.29,1.78,2019-07-08,2015,EuroLeague,Partizan,11463,189.0,1631,1675
ASVEL,Fenerbahçe,60,73,2.81,1.55,2019-07-10,2015,EuroLeague,ASVEL,11319,139.7,1500,1603
Real Madrid,Olympiacos,76,78,2.98,1.5,2019-07-12,2015,EuroLeague,Real Madrid,9950,161.7,1519,1638
Barcelona,CSKA Moscow,68,83,2.38,1.72,2019-07-14,2015,EuroLeague,Barcelona,10616,158.6,1561,1617
Fenerbahçe,Maccabi Tel Aviv,75,77,1.63,2.59,2019-07-16,2015,EuroLeague,Fenerbahçe,11826,159.6,1684,1603
Olympiacos,Baskonia,82,81,2.58,1.63,2019-07-18,2015,EuroLeague,Olympiacos,9212,171.2,1589,1669
CSKA Moscow,Anadolu Efes,80,73,3.02,1.5,2019-07-20,2015,EuroLeague,CSKA Moscow,12717,160.7,1533,1655
Maccabi Tel Aviv,Panathinaikos,90,72,2.24,1.8,2019-07-22,2015,EuroLeague,Maccabi Tel Aviv,13567,170.1,1624,1662
Baskonia,Zalgiris Kaunas,71,89,1.87,2.15,2019-07-24,2015,EuroLeague,Baskonia,10352,168.0,1597,1572
Anadolu Efes,Bayern Munich,85,67,2.17,1.85,2019-07-26,2015,EuroLeague,Anadolu Efes,11365,159.6,1570,1598
Panathinaikos,Valencia,84,89,2.18,1.85,2019-07-28,2015,EuroLeague,Panathinaikos,14394,181.7,1601,1630
Zalgiris Kaunas,Milano,60,79,1.87,2.15,2019-07-30,2015,EuroLeague,Zalgiris Kaunas,12249,146.0,1548,1523
Bayern Munich,Partizan,95,93,2.27,1.79,2019-08-01,2015,EuroLeague,Bayern Munich,12905,197.4,1591,1633
Valencia,ASVEL,96,60,1.38,3.62,2019-08-03,2015,EuroLeague,Valencia,13198,163.8,1688,1521
Milano,Real Madrid,60,87,3.62,1.38,2019-08-05,2015,EuroLeague,Milano,9181,154.3,1524,1691
Partizan,Barcelona,72,76,1.78,2.28,2019-08-07,2015,EuroLeague,Partizan,9156,155.4,1659,1616
ASVEL,Fenerbahçe,63,88,2.46,1.68,2019-08-09,2015,EuroLeague,ASVEL,11802,158.6,1548,1614
Real Madrid,Olympiacos,64,79,2.07,1.94,2019-08-11,2015,EuroLeague,Real Madrid,9478,150.2,1608,1619
Barcelona,CSKA Moscow,84,64,2.76,1.57,2019-08-13,2015,EuroLeague,Barcelona,13700,155.4,1520,1618
Fenerbahçe,Maccabi Tel Aviv,92,60,1.53,2.88,2019-08-15,2015,EuroLeague,Fenerbahçe,10821,159.6,1675,1565
Olympiacos,Baskonia,78,90,2.2,1.83,2019-08-17,2015,EuroLeague,Olympiacos,11385,176.4,1661,1693
CSKA Moscow,Anadolu Efes,60,64,2.15,1.87,2019-08-19,2015,EuroLeague,CSKA Moscow,12892,130.2,1549,1574
Maccabi Tel Aviv,Panathinaikos,84,60,2.51,1.66,2019-08-21,2015,EuroLeague,Maccabi Tel Aviv,12009,151.2,1596,1668
Baskonia,Zalgiris Kaunas,82,80,2.08,1.92,2019-08-23,2015,EuroLeague,Baskonia,10216,170.1,1665,1679
Anadolu Efes,Bayern Munich,70,80,2.1,1.91,2019-08-25,2015,EuroLeague,Anadolu Efes,10451,157.5,1619,1635
Panathinaikos,Valencia,60,76,2.14,1.88,2019-08-27,2015,EuroLeague,Panathinaikos,14322,142.8,1559,1582
Zalgiris Kaunas,Milano,65,66,2.02,1.98,2019-08-29,2015,EuroLeague,Zalgiris Kaunas,10138,137.6,1566,1569
Bayern Munich,Partizan,105,60,1.55,2.82,2019-08-31,2015,EuroLeague,Bayern Munich,10209,173.2,1679,1575
Valencia,ASVEL,102,94,3.01,1.5,2019-09-02,2015,EuroLeague,Valencia,14843,205.8,1554,1675
Milano,Real Madrid,85,76,1.73,2.36,2019-09-04,2015,EuroLeague,Milano,9073,169.1,1698,1644
Partizan,Barcelona,71,71,1.66,2.5,2019-09-06,2015,EuroLeague,Partizan,11396,149.1,1673,1602
ASVEL,Fenerbahçe,68,73,1.56,2.8,2019-09-08,2015,EuroLeague,ASVEL,13125,148.1,1654,1552
Real Madrid,Olympiacos,68,86,2.74,1.58,2019-09-10,2015,EuroLeague,Real Madrid,9998,161.7,1568,1664
Barcelona,CSKA Moscow,89,63,1.48,3.09,2019-09-12,2015,EuroLeague,Barcelona,10441,159.6,1690,1562
Fenerbahçe,Maccabi Tel Aviv,65,74,1.61,2.64,2019-09-14,2015,EuroLeague,Fenerbahçe,12591,146.0,1595,1509
Olympiacos,Baskonia,79,73,1.6,2.68,2019-09-16,2015,EuroLeague,Olympiacos,10319,159.6,1596,1506
CSKA Moscow,Anadolu Efes,63,79,2.63,1.61,2019-09-18,2015,EuroLeague,CSKA Moscow,13175,149.1,1571,1656
Maccabi Tel Aviv,Panathinaikos,60,79,1.75,2.34,2019-09-20,2015,EuroLeague,Maccabi Tel Aviv,10045,146.0,1619,1568
Baskonia,Zalgiris Kaunas,60,76,1.85,2.17,2019-09-22,2015,EuroLeague,Baskonia,10119,142.8,1680,1652
Anadolu Efes,Bayern Munich,73,78,2.15,1.87,2019-09-24,2015,EuroLeague,Anadolu Efes,12515,158.6,1524,1549
Panathinaikos,Valencia,101,60,1.37,3.68,2019-09-26,2015,EuroLeague,Panathinaikos,10222,169.1,1679,1508
Zalgiris Kaunas,Milano,82,80,1.97,2.03,2019-09-28,2015,EuroLeague,Zalgiris Kaunas,14266,170.1,1645,1640
Bayern Munich,Partizan,68,72,2.6,1.62,2019-09-30,2015,EuroLeague,Bayern Munich,12712,147.0,1598,1680
Valencia,ASVEL,77,71,1.77,2.3,2019-10-02,2015,EuroLeague,Valencia,13468,155.4,1590,1545
Milano,Real Madrid,71,91,2.01,1.99,2019-10-04,2015,EuroLeague,Milano,13517,170.1,1595,1596
Partizan,Barcelona,69,87,3.93,1.34,2019-10-06,2015,EuroLeague,Partizan,12498,163.8,1503,1690
ASVEL,Fenerbahçe,94,67,2.18,1.85,2019-10-08,2015,EuroLeague,ASVEL,9284,169.1,1524,1553
Real Madrid,Olympiacos,94,93,2.05,1.95,2019-10-10,2015,EuroLeague,Real Madrid,10367,196.3,1616,1625
Barcelona,CSKA Moscow,84,83,1.61,2.63,2019-10-12,2015,EuroLeague,Barcelona,13113,175.3,1622,1537
Fenerbahçe,Maccabi Tel Aviv,66,100,3.21,1.45,2019-10-14,2015,EuroLeague,Fenerbahçe,13751,174.3,1506,1644
Olympiacos,Baskonia,84,94,2.94,1.52,2019-10-16,2015,EuroLeague,Olympiacos,11777,186.9,1518,1633
CSKA Moscow,Anadolu Efes,82,77,1.68,2.48,2019-10-18,2015,EuroLeague,CSKA Moscow,13594,167.0,1653,1585
Maccabi Tel Aviv,Panathinaikos,77,80,2.35,1.74,2019-10-20,2015,EuroLeague,Maccabi Tel Aviv,13207,164.8,1511,1563
Baskonia,Zalgiris Kaunas,79,62,1.53,2.88,2019-10-22,2015,EuroLeague,Baskonia,10991,148.1,1687,1577
Anadolu Efes,Bayern Munich,73,72,2.72,1.58,2019-10-24,2015,EuroLeague,Anadolu Efes,13744,152.2,1515,1609
Panathinaikos,Valencia,88,66,1.99,2.01,2019-10-26,2015,EuroLeague,Panathinaikos,11652,161.7,1619,1617
Zalgiris Kaunas,Milano,68,80,2.17,1.86,2019-10-28,2015,EuroLeague,Zalgiris Kaunas,10518,155.4,1563,1590
Bayern Munich,Partizan,94,64,1.6,2.68,2019-10-30,2015,EuroLeague,Bayern Munich,10308,165.9,1626,1536
Valencia,ASVEL,94,83,1.63,2.58,2019-11-01,2015,EuroLeague,Valencia,13205,185.8,1589,1509
Milano,Real Madrid,79,103,2.08,1.92,2019-11-03,2015,EuroLeague,Milano,9246,191.1,1658,1672
Partizan,Barcelona,65,73,2.13,1.89,2019-11-05,2015,EuroLeague,Partizan,10376,144.9,1534,1555
ASVEL,Fenerbahçe,92,71,2.85,1.54,2019-11-07,2015,EuroLeague,ASVEL,9455,171.2,1571,1678
Real Madrid,Olympiacos,71,61,1.97,2.03,2019-11-09,2015,EuroLeague,Real Madrid,11177,138.6,1678,1673
Barcelona,CSKA Moscow,72,83,1.8,2.24,2019-11-11,2015,EuroLeague,Barcelona,13321,162.8,1559,1521
Fenerbahçe,Maccabi Tel Aviv,67,93,3.1,1.48,2019-11-13,2015,EuroLeague,Fenerbahçe,11177,168.0,1516,1645
Olympiacos,Baskonia,74,73,1.69,2.45,2019-11-15,2015,EuroLeague,Olympiacos,14170,154.3,1595,1530
CSKA Moscow,Anadolu Efes,86,60,1.69,2.45,2019-11-17,2015,EuroLeague,CSKA Moscow,9551,153.3,1700,1635
Maccabi Tel Aviv,Panathinaikos,82,89,3.05,1.49,2019-11-19,2015,EuroLeague,Maccabi Tel Aviv,14266,179.6,1575,1700
Baskonia,Zalgiris Kaunas,80,63,1.72,2.39,2019-11-21,2015,EuroLeague,Baskonia,12443,150.2,1673,1616
Anadolu Efes,Bayern Munich,95,63,1.66,2.5,2019-11-23,2015,EuroLeague,Anadolu Efes,9401,165.9,1588,1517
Panathinaikos,Valencia,75,73,2.12,1.9,2019-11-25,2015,EuroLeague,Panathinaikos,14247,155.4,1581,1600
Zalgiris Kaunas,Milano,60,76,1.85,2.17,2019-11-27,2015,EuroLeague,Zalgiris Kaunas,10054,142.8,1585,1557
Bayern Munich,Partizan,72,64,1.42,3.39,2019-11-29,2015,EuroLeague,Bayern Munich,12605,142.8,1692,1541
Valencia,ASVEL,70,101,2.48,1.68,2019-12-01,2015,EuroLeague,Valencia,14244,179.6,1547,1615
Milano,Real Madrid,74,91,2.33,1.75,2019-12-03,2015,EuroLeague,Milano,11414,173.2,1623,1673
Partizan,Barcelona,65,77,2.55,1.65,2019-12-05,2015,EuroLeague,Partizan,11059,149.1,1589,1665
ASVEL,Fenerbahçe,71,78,3.3,1.43,2019-12-07,2015,EuroLeague,ASVEL,12567,156.5,1511,1656
Real Madrid,Olympiacos,96,71,1.61,2.65,2019-12-09,2015,EuroLeague,Real Madrid,9947,175.3,1614,1527
Barcelona,CSKA Moscow,106,83,1.64,2.56,2019-12-11,2015,EuroLeague,Barcelona,9360,198.5,1611,1534
Fenerbahçe,Maccabi Tel Aviv,60,106,3.3,1.43,2019-12-13,2015,EuroLeague,Fenerbahçe,12349,174.3,1523,1668
Olympiacos,Baskonia,95,82,1.66,2.51,2019-12-15,2015,EuroLeague,Olympiacos,12380,185.8,1680,1608
CSKA Moscow,Anadolu Efes,101,81,1.37,3.74,2019-12-17,2015,EuroLeague,CSKA Moscow,12037,191.1,1684,1509
Maccabi Tel Aviv,Panathinaikos,83,96,2.02,1.98,2019-12-19,2015,EuroLeague,Maccabi Tel Aviv,12539,188.0,1627,1631
Baskonia,Zalgiris Kaunas,60,87,2.03,1.97,2019-12-21,2015,EuroLeague,Baskonia,10939,154.3,1521,1526
Anadolu Efes,Bayern Munich,72,60,1.72,2.38,2019-12-23,2015,EuroLeague,Anadolu Efes,14973,138.6,1626,1570
Panathinaikos,Valencia,87,101,2.18,1.85,2019-12-25,2015,EuroLeague,Panathinaikos,10391,197.4,1620,1649
Zalgiris Kaunas,Milano,91,83,2.27,1.79,2019-12-27,2015,EuroLeague,Zalgiris Kaunas,12571,182.7,1521,1562
Bayern Munich,Partizan,88,94,2.63,1.61,2019-12-29,2015,EuroLeague,Bayern Munich,10284,191.1,1542,1627
Valencia,ASVEL,75,90,1.4,3.48,2019-12-31,2015,EuroLeague,Valencia,12051,173.2,1659,1501
Milano,Real Madrid,67,98,3.28,1.44,2020-01-02,2015,EuroLeague,Milano,9332,173.2,1525,1668
Partizan,Barcelona,73,65,2.43,1.7,2020-01-04,2015,EuroLeague,Partizan,9931,144.9,1540,1602
ASVEL,Fenerbahçe,85,74,1.8,2.25,2020-01-06,2015,EuroLeague,ASVEL,10479,167.0,1645,1606
Real Madrid,Olympiacos,92,71,2.04,1.96,2020-01-08,2015,EuroLeague,Real Madrid,13123,171.2,1507,1514
Barcelona,CSKA Moscow,79,60,2.15,1.87,2020-01-10,2015,EuroLeague,Barcelona,12431,146.0,1592,1616
Fenerbahçe,Maccabi Tel Aviv,70,60,2.3,1.77,2020-01-12,2015,EuroLeague,Fenerbahçe,10846,136.5,1616,1661
Olympiacos,Baskonia,71,86,3.19,1.46,2020-01-14,2015,EuroLeague,Olympiacos,11553,164.8,1502,1638
CSKA Moscow,Anadolu Efes,82,93,2.2,1.83,2020-01-16,2015,EuroLeague,CSKA Moscow,14531,183.8,1616,1648
Maccabi Tel Aviv,Panathinaikos,99,81,1.97,2.03,2020-01-18,2015,EuroLeague,Maccabi Tel Aviv,11754,189.0,1587,1582
Baskonia,Zalgiris Kaunas,70,65,1.6,2.68,2020-01-20,2015,EuroLeague,Baskonia,11162,141.8,1628,1538
Anadolu Efes,Bayern Munich,68,80,1.9,2.12,2020-01-22,2015,EuroLeague,Anadolu Efes,13953,155.4,1677,1658
Panathinaikos,Valencia,98,72,1.62,2.6,2020-01-24,2015,EuroLeague,Panathinaikos,10862,178.5,1700,1618
Zalgiris Kaunas,Milano,80,75,1.55,2.82,2020-01-26,2015,EuroLeague,Zalgiris Kaunas,9160,162.8,1687,1583
Bayern Munich,Partizan,69,87,2.75,1.57,2020-01-28,2015,EuroLeague,Bayern Munich,9410,163.8,1506,1603
Valencia,ASVEL,91,74,2.27,1.79,2020-01-30,2015,EuroLeague,Valencia,11469,173.2,1554,1596
Milano,Real Madrid,60,72,2.83,1.55,2020-02-01,2015,EuroLeague,Milano,13932,138.6,1581,1686
Partizan,Barcelona,67,88,1.95,2.05,2020-02-03,2015,EuroLeague,Partizan,11310,162.8,1660,1652
ASVEL,Fenerbahçe,62,74,1.89,2.12,2020-02-05,2015,EuroLeague,ASVEL,13501,142.8,1568,1548
Real Madrid,Olympiacos,70,73,1.83,2.2,2020-02-07,2015,EuroLeague,Real Madrid,9085,150.2,1599,1567
Barcelona,CSKA Moscow,61,85,2.3,1.77,2020-02-09,2015,EuroLeague,Barcelona,9020,153.3,1606,1652
Fenerbahçe,Maccabi Tel Aviv,82,88,1.65,2.54,2020-02-11,2015,EuroLeague,Fenerbahçe,12649,178.5,1671,1596
Olympiacos,Baskonia,62,94,2.95,1.51,2020-02-13,2015,EuroLeague,Olympiacos,12921,163.8,1517,1633
CSKA Moscow,Anadolu Efes,79,77,2.05,1.95,2020-02-15,2015,EuroLeague,CSKA Moscow,10068,163.8,1690,1698
Maccabi Tel Aviv,Panathinaikos,64,92,2.68,1.6,2020-02-17,2015,EuroLeague,Maccabi Tel Aviv,14563,163.8,1590,1680
Baskonia,Zalgiris Kaunas,91,81,2.82,1.55,2020-02-19,2015,EuroLeague,Baskonia,10822,180.6,1504,1608
Anadolu Efes,Bayern Munich,97,79,3.93,1.34,2020-02-21,2015,EuroLeague,Anadolu Efes,14161,184.8,1510,1697
Panathinaikos,Valencia,87,81,1.47,3.14,2020-02-23,2015,EuroLeague,Panathinaikos,11648,176.4,1657,1525
Zalgiris Kaunas,Milano,70,77,2.4,1.72,2020-02-25,2015,EuroLeague,Zalgiris Kaunas,12743,154.3,1517,1575
Bayern Munich,Partizan,78,83,3.37,1.42,2020-02-27,2015,EuroLeague,Bayern Munich,14364,169.1,1501,1651
Valencia,ASVEL,85,90,1.75,2.33,2020-02-29,2015,EuroLeague,Valencia,13880,183.8,1644,1595
Milano,Real Madrid,98,62,1.43,3.34,2020-03-02,2015,EuroLeague,Milano,10296,168.0,1694,1546
Partizan,Barcelona,80,67,2.06,1.94,2020-03-04,2015,EuroLeague,Partizan,12657,154.3,1543,1553
ASVEL,Fenerbahçe,87,94,1.69,2.45,2020-03-06,2015,EuroLeague,ASVEL,13411,190.1,1628,1563
Real Madrid,Olympiacos,65,66,3.36,1.42,2020-03-08,2015,EuroLeague,Real Madrid,13530,137.6,1546,1695
Barcelona,CSKA Moscow,85,82,2.05,1.95,2020-03-10,2015,EuroLeague,Barcelona,13460,175.3,1524,1532
Fenerbahçe,Maccabi Tel Aviv,82,65,1.48,3.09,2020-03-12,2015,EuroLeague,Fenerbahçe,13423,154.3,1650,1522
Olympiacos,Baskonia,76,99,3.18,1.46,2020-03-14,2015,EuroLeague,Olympiacos,13177,183.8,1528,1663
CSKA Moscow,Anadolu Efes,63,81,2.78,1.56,2020-03-16,2015,EuroLeague,CSKA Moscow,14190,151.2,1586,1686
Maccabi Tel Aviv,Panathinaikos,82,87,1.71,2.41,2020-03-18,2015,EuroLeague,Maccabi Tel Aviv,13013,177.5,1688,1628
Baskonia,Zalgiris Kaunas,67,60,2.49,1.67,2020-03-20,2015,EuroLeague,Baskonia,10183,133.3,1629,1698
Anadolu Efes,Bayern Munich,85,87,2.28,1.78,2020-03-22,2015,EuroLeague,Anadolu Efes,11976,180.6,1617,1660
Panathinaikos,Valencia,96,60,1.39,3.56,2020-03-24,2015,EuroLeague,Panathinaikos,10907,163.8,1691,1528
Zalgiris Kaunas,Milano,82,64,1.76,2.31,2020-03-26,2015,EuroLeague,Zalgiris Kaunas,9759,153.3,1547,1500
Bayern Munich,Partizan,67,70,1.85,2.18,2020-03-28,2015,EuroLeague,Bayern Munich,9391,143.8,1659,1630
Valencia,ASVEL,87,75,2.52,1.66,2020-03-30,2015,EuroLeague,Valencia,14853,170.1,1569,1642
Milano,Real Madrid,85,79,1.64,2.57,2020-04-01,2015,EuroLeague,Milano,9536,172.2,1688,1610
Partizan,Barcelona,91,78,1.75,2.33,2020-04-03,2015,EuroLeague,Partizan,13441,177.5,1584,1534
ASVEL,Fenerbahçe,76,71,2.24,1.81,2020-04-05,2015,EuroLeague,ASVEL,10335,154.3,1648,1685
Real Madrid,Olympiacos,74,79,2.46,1.68,2020-04-07,2015,EuroLeague,Real Madrid,14741,160.7,1555,1621
Barcelona,CSKA Moscow,69,82,2.37,1.73,2020-04-09,2015,EuroLeague,Barcelona,9790,158.6,1513,1568
Fenerbahçe,Maccabi Tel Aviv,63,82,1.72,2.4,2020-04-11,2015,EuroLeague,Fenerbahçe,9933,152.2,1624,1566
Olympiacos,Baskonia,103,60,1.4,3.48,2020-04-13,2015,EuroLeague,Olympiacos,14432,171.2,1680,1522
CSKA Moscow,Anadolu Efes,100,62,1.67,2.5,2020-04-15,2015,EuroLeague,CSKA Moscow,9414,170.1,1599,1529
Maccabi Tel Aviv,Panathinaikos,60,64,1.83,2.21,2020-04-17,2015,EuroLeague,Maccabi Tel Aviv,12561,130.2,1599,1566
Baskonia,Zalgiris Kaunas,77,65,1.99,2.01,2020-04-19,2015,EuroLeague,Baskonia,13814,149.1,1626,1625
Anadolu Efes,Bayern Munich,88,74,1.54,2.85,2020-04-21,2015,EuroLeague,Anadolu Efes,10544,170.1,1658,1551
Panathinaikos,Valencia,73,72,1.66,2.52,2020-04-23,2015,EuroLeague,Panathinaikos,9879,152.2,1654,1581
Zalgiris Kaunas,Milano,63,62,2.1,1.91,2020-04-25,2015,EuroLeague,Zalgiris Kaunas,13855,131.2,1669,1686
Bayern Munich,Partizan,86,75,1.72,2.39,2020-04-27,2015,EuroLeague,Bayern Munich,9106,169.1,1604,1547
Valencia,ASVEL,60,73,3.18,1.46,2020-04-29,2015,EuroLeague,Valencia,14145,139.7,1543,1678
Milano,Real Madrid,76,81,2.22,1.82,2020-05-01,2015,EuroLeague,Milano,14896,164.8,1606,1640
Partizan,Barcelona,71,69,2.67,1.6,2020-05-03,2015,EuroLeague,Partizan,9872,147.0,1537,1626
ASVEL,Fenerbahçe,77,63,1.93,2.07,2020-05-05,2015,EuroLeague,ASVEL,14444,147.0,1654,1642
Real Madrid,Olympiacos,60,75,1.43,3.3,2020-05-07,2015,EuroLeague,Real Madrid,9818,141.8,1664,1519
Barcelona,CSKA Moscow,82,86,1.57,2.75,2020-05-09,2015,EuroLeague,Barcelona,12241,176.4,1602,1505
Fenerbahçe,Maccabi Tel Aviv,84,93,2.58,1.63,2020-05-11,2015,EuroLeague,Fenerbahçe,12229,185.8,1613,1693
Olympiacos,Baskonia,89,71,1.49,3.04,2020-05-13,2015,EuroLeague,Olympiacos,13193,168.0,1638,1514
CSKA Moscow,Anadolu Efes,87,60,1.68,2.46,2020-05-15,2015,EuroLeague,CSKA Moscow,9372,154.3,1613,1547
Maccabi Tel Aviv,Panathinaikos,86,76,1.85,2.17,2020-05-17,2015,EuroLeague,Maccabi Tel Aviv,11109,170.1,1542,1514
Baskonia,Zalgiris Kaunas,93,78,1.98,2.02,2020-05-19,2015,EuroLeague,Baskonia,10517,179.6,1565,1562
Anadolu Efes,Bayern Munich,65,83,2.53,1.65,2020-05-21,2015,EuroLeague,Anadolu Efes,13394,155.4,1554,1628
Panathinaikos,Valencia,74,62,1.7,2.43,2020-05-23,2015,EuroLeague,Panathinaikos,10720,142.8,1636,1574
Zalgiris Kaunas,Milano,78,86,1.41,3.43,2020-05-25,2015,EuroLeague,Zalgiris Kaunas,11256,172.2,1663,1509
Bayern Munich,Partizan,63,62,1.71,2.4,2020-05-27,2015,EuroLeague,Bayern Munich,9873,131.2,1693,1634
Valencia,ASVEL,84,87,2.33,1.75,2020-05-29,2015,EuroLeague,Valencia,11465,179.6,1543,1592
Milano,Real Madrid,76,60,1.45,3.24,2020-05-31,2015,EuroLeague,Milano,13679,142.8,1665,1525
Partizan,Barcelona,81,91,2.54,1.65,2020-06-02,2015,EuroLeague,Partizan,10834,180.6,1590,1665
ASVEL,Fenerbahçe,93,62,1.42,3.36,2020-06-04,2015,EuroLeague,ASVEL,13001,162.8,1671,1522
Real Madrid,Olympiacos,79,60,1.47,3.15,2020-06-06,2015,EuroLeague,Real Madrid,12474,146.0,1666,1533
Barcelona,CSKA Moscow,75,85,2.34,1.75,2020-06-08,2015,EuroLeague,Barcelona,13725,168.0,1511,1562
Fenerbahçe,Maccabi Tel Aviv,83,102,1.55,2.83,2020-06-10,2015,EuroLeague,Fenerbahçe,11445,194.2,1690,1585
Olympiacos,Baskonia,77,105,1.85,2.18,2020-06-12,2015,EuroLeague,Olympiacos,14087,191.1,1613,1584
CSKA Moscow,Anadolu Efes,89,69,1.78,2.28,2020-06-14,2015,EuroLeague,CSKA Moscow,11655,165.9,1573,1530
Maccabi Tel Aviv,Panathinaikos,77,90,1.81,2.24,2020-06-16,2015,EuroLeague,Maccabi Tel Aviv,14489,175.3,1643,1606
Baskonia,Zalgiris Kaunas,93,95,1.85,2.18,2020-06-18,2015,EuroLeague,Baskonia,11181,197.4,1683,1654
Anadolu Efes,Bayern Munich,80,70,1.73,2.36,2020-06-20,2015,EuroLeague,Anadolu Efes,12097,157.5,1620,1566
Panathinaikos,Valencia,95,60,1.95,2.05,2020-06-22,2015,EuroLeague,Panathinaikos,13046,162.8,1637,1628
Zalgiris Kaunas,Milano,64,85,2.15,1.87,2020-06-24,2015,EuroLeague,Zalgiris Kaunas,14552,156.5,1639,1663
Bayern Munich,Partizan,90,60,2.49,1.67,2020-06-26,2015,EuroLeague,Bayern Munich,11368,157.5,1595,1664
Valencia,ASVEL,80,88,1.48,3.08,2020-06-28,2015,EuroLeague,Valencia,12366,176.4,1698,1571
Milano,Real Madrid,73,89,2.01,1.99,2020-06-30,2015,EuroLeague,Milano,14406,170.1,1564,1566
Partizan,Barcelona,85,81,2.01,1.99,2020-07-02,2015,EuroLeague,Partizan,10809,174.3,1574,1575
ASVEL,Fenerbahçe,70,99,2.96,1.51,2020-07-04,2015,EuroLeague,ASVEL,9466,177.5,1551,1668
Real Madrid,Olympiacos,74,72,2.12,1.9,2020-07-06,2015,EuroLeague,Real Madrid,9857,153.3,1653,1672
Barcelona,CSKA Moscow,92,77,1.62,2.6,2020-07-08,2015,EuroLeague,Barcelona,9541,177.5,1601,1519
Fenerbahçe,Maccabi Tel Aviv,97,70,1.93,2.07,2020-07-10,2015,EuroLeague,Fenerbahçe,11334,175.3,1583,1571
Olympiacos,Baskonia,77,60,1.62,2.6,2020-07-12,2015,EuroLeague,Olympiacos,10287,143.8,1630,1548
CSKA Moscow,Anadolu Efes,89,73,1.51,2.96,2020-07-14,2015,EuroLeague,CSKA Moscow,9677,170.1,1624,1507
Maccabi Tel Aviv,Panathinaikos,103,100,1.63,2.58,2020-07-16,2015,EuroLeague,Maccabi Tel Aviv,9311,213.2,1646,1566
Baskonia,Zalgiris Kaunas,74,87,2.29,1.78,2020-07-18,2015,EuroLeague,Baskonia,12970,169.1,1595,1639
Anadolu Efes,Bayern Munich,72,80,2.18,1.85,2020-07-20,2015,EuroLeague,Anadolu Efes,10612,159.6,1665,1694
Panathinaikos,Valencia,79,81,1.86,2.16,2020-07-22,2015,EuroLeague,Panathinaikos,10444,168.0,1533,1507
Zalgiris Kaunas,Milano,73,67,2.37,1.73,2020-07-24,2015,EuroLeague,Zalgiris Kaunas,10749,147.0,1606,1661
Bayern Munich,Partizan,65,80,2.16,1.86,2020-07-26,2015,EuroLeague,Bayern Munich,11299,152.2,1628,1654
Valencia,ASVEL,72,90,2.78,1.56,2020-07-28,2015,EuroLeague,Valencia,14409,170.1,1508,1608
Milano,Real Madrid,83,107,3.19,1.46,2020-07-30,2015,EuroLeague,Milano,13147,199.5,1504,1640
Partizan,Barcelona,62,60,1.49,3.05,2020-08-01,2015,EuroLeague,Partizan,10761,128.1,1656,1531
ASVEL,Fenerbahçe,66,91,1.85,2.17,2020-08-03,2015,EuroLeague,ASVEL,14046,164.8,1556,1528
Real Madrid,Olympiacos,67,78,2.48,1.68,2020-08-05,2015,EuroLeague,Real Madrid,13811,152.2,1536,1604
Barcelona,CSKA Moscow,94,84,1.52,2.91,2020-08-07,2015,EuroLeague,Barcelona,9158,186.9,1657,1545
Fenerbahçe,Maccabi Tel Aviv,61,71,2.79,1.56,2020-08-09,2015,EuroLeague,Fenerbahçe,10799,138.6,1506,1607
Olympiacos,Baskonia,64,92,1.85,2.18,2020-08-11,2015,EuroLeague,Olympiacos,9516,163.8,1631,1602
CSKA Moscow,Anadolu Efes,88,85,1.39,3.54,2020-08-13,2015,EuroLeague,CSKA Moscow,13550,181.7,1680,1518
Maccabi Tel Aviv,Panathinaikos,76,68,3.28,1.44,2020-08-15,2015,EuroLeague,Maccabi Tel Aviv,9694,151.2,1526,1669
Baskonia,Zalgiris Kaunas,90,83,3.33,1.43,2020-08-17,2015,EuroLeague,Baskonia,13313,181.7,1533,1680
Anadolu Efes,Bayern Munich,62,73,2.5,1.66,2020-08-19,2015,EuroLeague,Anadolu Efes,9482,141.8,1564,1635
Panathinaikos,Valencia,60,79,3.79,1.36,2020-08-21,2015,EuroLeague,Panathinaikos,10515,146.0,1514,1692
Zalgiris Kaunas,Milano,76,83,1.93,2.07,2020-08-23,2015,EuroLeague,Zalgiris Kaunas,13313,167.0,1666,1654
Bayern Munich,Partizan,61,73,2.14,1.88,2020-08-25,2015,EuroLeague,Bayern Munich,14767,140.7,1598,1621
Valencia,ASVEL,79,61,2.38,1.72,2020-08-27,2015,EuroLeague,Valencia,11836,147.0,1560,1616
Milano,Real Madrid,71,76,2.27,1.79,2020-08-29,2015,EuroLeague,Milano,11176,154.3,1584,1625
Partizan,Barcelona,89,98,1.86,2.17,2020-08-31,2015,EuroLeague,Partizan,11303,196.3,1656,1629
ASVEL,Fenerbahçe,79,87,2.06,1.94,2020-09-02,2015,EuroLeague,ASVEL,13721,174.3,1546,1556
Real Madrid,Olympiacos,84,88,1.84,2.19,2020-09-04,2015,EuroLeague,Real Madrid,11932,180.6,1634,1604
Barcelona,CSKA Moscow,78,94,2.73,1.58,2020-09-06,2015,EuroLeague,Barcelona,9639,180.6,1604,1699
Fenerbahçe,Maccabi Tel Aviv,97,60,2.04,1.96,2020-09-08,2015,EuroLeague,Fenerbahçe,13197,164.8,1671,1678
Olympiacos,Baskonia,60,86,2.46,1.68,2020-09-10,2015,EuroLeague,Olympiacos,9723,153.3,1557,1623
CSKA Moscow,Anadolu Efes,69,82,2.43,1.7,2020-09-12,2015,EuroLeague,CSKA Moscow,14169,158.6,1522,1584
Maccabi Tel Aviv,Panathinaikos,67,84,2.17,1.85,2020-09-14,2015,EuroLeague,Maccabi Tel Aviv,11867,158.6,1548,1576
Baskonia,Zalgiris Kaunas,62,78,1.85,2.17,2020-09-16,2015,EuroLeague,Baskonia,9076,147.0,1558,1530
Anadolu Efes,Bayern Munich,76,85,2.24,1.8,2020-09-18,2015,EuroLeague,Anadolu Efes,9363,169.1,1557,1595
Panathinaikos,Valencia,87,86,1.88,2.14,2020-09-20,2015,EuroLeague,Panathinaikos,12524,181.7,1566,1543
Zalgiris Kaunas,Milano,85,60,2.1,1.91,2020-09-22,2015,EuroLeague,Zalgiris Kaunas,13975,152.2,1554,1570
Bayern Munich,Partizan,60,89,3.04,1.49,2020-09-24,2015,EuroLeague,Bayern Munich,14994,156.5,1521,1645
Valencia,ASVEL,74,89,3.77,1.36,2020-09-26,2015,EuroLeague,Valencia,14180,171.2,1514,1691
Milano,Real Madrid,89,78,1.66,2.5,2020-09-28,2015,EuroLeague,Milano,14271,175.3,1631,1560
Partizan,Barcelona,85,93,1.63,2.59,2020-09-30,2015,EuroLeague,Partizan,12285,186.9,1672,1591
ASVEL,Fenerbahçe,90,88,1.81,2.23,2020-10-02,2015,EuroLeague,ASVEL,10089,186.9,1569,1533
Real Madrid,Olympiacos,89,80,2.54,1.65,2020-10-04,2015,EuroLeague,Real Madrid,11598,177.5,1573,1648
Barcelona,CSKA Moscow,91,87,2.95,1.51,2020-10-06,2015,EuroLeague,Barcelona,13500,186.9,1525,1641
Fenerbahçe,Maccabi Tel Aviv,67,73,1.98,2.02,2020-10-08,2015,EuroLeague,Fenerbahçe,13997,147.0,1613,1609
Olympiacos,Baskonia,97,81,1.93,2.08,2020-10-10,2015,EuroLeague,Olympiacos,9123,186.9,1695,1682
CSKA Moscow,Anadolu Efes,81,106,3.1,1.48,2020-10-12,2015,EuroLeague,CSKA Moscow,13614,196.3,1516,1645
Maccabi Tel Aviv,Panathinaikos,71,87,2.11,1.9,2020-10-14,2015,EuroLeague,Maccabi Tel Aviv,14204,165.9,1594,1612
Baskonia,Zalgiris Kaunas,60,82,2.5,1.67,2020-10-16,2015,EuroLeague,Baskonia,12123,149.1,1540,1610
Anadolu Efes,Bayern Munich,79,60,2.23,1.81,2020-10-18,2015,EuroLeague,Anadolu Efes,10754,146.0,1569,1605
Panathinaikos,Valencia,90,86,1.87,2.15,2020-10-20,2015,EuroLeague,Panathinaikos,11416,184.8,1688,1663
Zalgiris Kaunas,Milano,102,90,1.41,3.41,2020-10-22,2015,EuroLeague,Zalgiris Kaunas,9694,201.6,1697,1544
Bayern Munich,Partizan,89,78,3.33,1.43,2020-10-24,2015,EuroLeague,Bayern Munich,13403,175.3,1518,1665
Valencia,ASVEL,66,80,2.77,1.57,2020-10-26,2015,EuroLeague,Valencia,12400,153.3,1560,1659
Milano,Real Madrid,60,65,2.17,1.86,2020-10-28,2015,EuroLeague,Milano,13999,131.2,1635,1662
Partizan,Barcelona,98,74,2.02,1.98,2020-10-30,2015,EuroLeague,Partizan,9379,180.6,1618,1621
ASVEL,Fenerbahçe,87,74,2.22,1.82,2020-11-01,2015,EuroLeague,ASVEL,12798,169.1,1633,1667
Real Madrid,Olympiacos,62,75,2.17,1.85,2020-11-03,2015,EuroLeague,Real Madrid,14090,143.8,1547,1575
Barcelona,CSKA Moscow,89,75,1.72,2.39,2020-11-05,2015,EuroLeague,Barcelona,9573,172.2,1570,1513
Fenerbahçe,Maccabi Tel Aviv,71,88,1.96,2.04,2020-11-07,2015,EuroLeague,Fenerbahçe,12941,167.0,1542,1535
Olympiacos,Baskonia,65,93,1.9,2.12,2020-11-09,2015,EuroLeague,Olympiacos,14936,165.9,1589,1570
CSKA Moscow,Anadolu Efes,94,60,1.57,2.76,2020-11-11,2015,EuroLeague,CSKA Moscow,9415,161.7,1632,1534
Maccabi Tel Aviv,Panathinaikos,70,62,2.31,1.76,2020-11-13,2015,EuroLeague,Maccabi Tel Aviv,14022,138.6,1648,1695
Baskonia,Zalgiris Kaunas,82,75,1.74,2.35,2020-11-15,2015,EuroLeague,Baskonia,13170,164.8,1641,1589
Anadolu Efes,Bayern Munich,81,103,2.26,1.79,2020-11-17,2015,EuroLeague,Anadolu Efes,12750,193.2,1647,1687
Panathinaikos,Valencia,72,70,2.61,1.62,2020-11-19,2015,EuroLeague,Panathinaikos,9061,149.1,1595,1678
Zalgiris Kaunas,Milano,79,69,1.56,2.78,2020-11-21,2015,EuroLeague,Zalgiris Kaunas,13847,155.4,1624,1524
Bayern Munich,Partizan,88,77,2.68,1.6,2020-11-23,2015,EuroLeague,Bayern Munich,12464,173.2,1520,1610
Valencia,ASVEL,63,79,1.74,2.35,2020-11-25,2015,EuroLeague,Valencia,10419,149.1,1561,1509
Milano,Real Madrid,63,78,1.75,2.34,2020-11-27,2015,EuroLeague,Milano,11047,148.1,1639,1588
Partizan,Barcelona,71,81,1.95,2.05,2020-11-29,2015,EuroLeague,Partizan,9685,159.6,1531,1522
ASVEL,Fenerbahçe,68,79,2.02,1.98,2020-12-01,2015,EuroLeague,ASVEL,13654,154.3,1581,1585
Real Madrid,Olympiacos,60,91,2.53,1.65,2020-12-03,2015,EuroLeague,Real Madrid,11523,158.6,1580,1654
Barcelona,CSKA Moscow,66,74,2.54,1.65,2020-12-05,2015,EuroLeague,Barcelona,12708,147.0,1545,1620
Fenerbahçe,Maccabi Tel Aviv,92,63,1.69,2.45,2020-12-07,2015,EuroLeague,Fenerbahçe,10465,162.8,1626,1562
Olympiacos,Baskonia,97,76,2.3,1.77,2020-12-09,2015,EuroLeague,Olympiacos,13908,181.7,1626,1671
CSKA Moscow,Anadolu Efes,66,71,1.79,2.27,2020-12-11,2015,EuroLeague,CSKA Moscow,13317,143.8,1606,1565
Maccabi Tel Aviv,Panathinaikos,98,60,1.53,2.89,2020-12-13,2015,EuroLeague,Maccabi Tel Aviv,11166,165.9,1661,1550
Baskonia,Zalgiris Kaunas,80,117,3.82,1.35,2020-12-15,2015,EuroLeague,Baskonia,13009,206.9,1512,1692
Anadolu Efes,Bayern Munich,60,66,3.2,1.45,2020-12-17,2015,EuroLeague,Anadolu Efes,13625,132.3,1529,1666
Panathinaikos,Valencia,74,68,2.7,1.59,2020-12-19,2015,EuroLeague,Panathinaikos,14215,149.1,1526,1618
Zalgiris Kaunas,Milano,70,85,2.11,1.9,2020-12-21,2015,EuroLeague,Zalgiris Kaunas,12077,162.8,1650,1668
Bayern Munich,Partizan,83,60,1.89,2.13,2020-12-23,2015,EuroLeague,Bayern Munich,14822,150.2,1601,1580
Valencia,ASVEL,84,104,1.62,2.61,2020-12-25,2015,EuroLeague,Valencia,9302,197.4,1694,1611
Milano,Real Madrid,62,82,2.52,1.66,2020-12-27,2015,EuroLeague,Milano,10502,151.2,1568,1641
Partizan,Barcelona,74,65,1.4,3.53,2020-12-29,2015,EuroLeague,Partizan,12362,146.0,1664,1503
ASVEL,Fenerbahçe,83,78,2.08,1.92,2020-12-31,2015,EuroLeague,ASVEL,14947,169.1,1680,1694
Real Madrid,Olympiacos,87,60,1.75,2.33,2021-01-02,2015,EuroLeague,Real Madrid,9035,154.3,1567,1517
Barcelona,CSKA Moscow,97,82,1.94,2.06,2021-01-04,2015,EuroLeague,Barcelona,12794,188.0,1539,1529
Fenerbahçe,Maccabi Tel Aviv,83,67,2.02,1.98,2021-01-06,2015,EuroLeague,Fenerbahçe,11171,157.5,1580,1584
Olympiacos,Baskonia,80,82,1.61,2.63,2021-01-08,2015,EuroLeague,Olympiacos,10022,170.1,1585,1500
CSKA Moscow,Anadolu Efes,63,67,2.12,1.9,2021-01-10,2015,EuroLeague,CSKA Moscow,9608,136.5,1557,1576
Maccabi Tel Aviv,Panathinaikos,94,117,1.55,2.81,2021-01-12,2015,EuroLeague,Maccabi Tel Aviv,10065,221.6,1625,1522
Baskonia,Zalgiris Kaunas,101,60,1.82,2.22,2021-01-14,2015,EuroLeague,Baskonia,10420,169.1,1624,1589
Anadolu Efes,Bayern Munich,62,68,2.24,1.8,2021-01-16,2015,EuroLeague,Anadolu Efes,13184,136.5,1519,1557
Panathinaikos,Valencia,80,70,1.54,2.85,2021-01-18,2015,EuroLeague,Panathinaikos,14197,157.5,1680,1573
Zalgiris Kaunas,Milano,65,75,1.88,2.14,2021-01-20,2015,EuroLeague,Zalgiris Kaunas,13880,147.0,1636,1613
Bayern Munich,Partizan,71,83,1.71,2.41,2021-01-22,2015,EuroLeague,Bayern Munich,12677,161.7,1618,1558
Valencia,ASVEL,78,82,1.95,2.05,2021-01-24,2015,EuroLeague,Valencia,11105,168.0,1513,1505
Milano,Real Madrid,81,73,1.57,2.75,2021-01-26,2015,EuroLeague,Milano,9625,161.7,1624,1527
Partizan,Barcelona,64,86,3.95,1.34,2021-01-28,2015,EuroLeague,Partizan,14587,157.5,1500,1688
ASVEL,Fenerbahçe,75,85,3.19,1.46,2021-01-30,2015,EuroLeague,ASVEL,9957,168.0,1558,1694
Real Madrid,Olympiacos,94,75,1.58,2.73,2021-02-01,2015,EuroLeague,Real Madrid,12556,177.5,1617,1522
Barcelona,CSKA Moscow,79,71,2.05,1.95,2021-02-03,2015,EuroLeague,Barcelona,10604,157.5,1513,1522
Fenerbahçe,Maccabi Tel Aviv,75,71,1.34,3.9,2021-02-05,2015,EuroLeague,Fenerbahçe,13095,153.3,1690,1505
Olympiacos,Baskonia,74,67,2.72,1.58,2021-02-07,2015,EuroLeague,Olympiacos,9376,148.1,1521,1615
CSKA Moscow,Anadolu Efes,84,60,1.53,2.88,2021-02-09,2015,EuroLeague,CSKA Moscow,11218,151.2,1695,1585
Maccabi Tel Aviv,Panathinaikos,95,72,1.46,3.18,2021-02-11,2015,EuroLeague,Maccabi Tel Aviv,14698,175.3,1644,1509
Baskonia,Zalgiris Kaunas,85,60,1.93,2.08,2021-02-13,2015,EuroLeague,Baskonia,13318,152.2,1555,1542
Anadolu Efes,Bayern Munich,88,86,2.36,1.73,2021-02-15,2015,EuroLeague,Anadolu Efes,13448,182.7,1617,1671
Panathinaikos,Valencia,80,77,2.51,1.66,2021-02-17,2015,EuroLeague,Panathinaikos,9263,164.8,1505,1577
Zalgiris Kaunas,Milano,79,73,1.79,2.26,2021-02-19,2015,EuroLeague,Zalgiris Kaunas,11969,159.6,1628,1588
Bayern Munich,Partizan,80,85,2.29,1.78,2021-02-21,2015,EuroLeague,Bayern Munich,11644,173.2,1546,1590
Valencia,ASVEL,73,98,2.12,1.89,2021-02-23,2015,EuroLeague,Valencia,12233,179.6,1667,1687
Milano,Real Madrid,63,79,1.43,3.3,2021-02-25,2015,EuroLeague,Milano,11551,149.1,1687,1542
Partizan,Barcelona,63,71,1.54,2.84,2021-02-27,2015,EuroLeague,Partizan,14790,140.7,1656,1550
ASVEL,Fenerbahçe,89,79,2.64,1.61,2021-03-01,2015,EuroLeague,ASVEL,10005,176.4,1546,1632
Real Madrid,Olympiacos,92,62,2.02,1.98,2021-03-03,2015,EuroLeague,Real Madrid,14325,161.7,1675,1679
Barcelona,CSKA Moscow,73,85,2.34,1.75,2021-03-05,2015,EuroLeague,Barcelona,10027,165.9,1517,1568
Fenerbahçe,Maccabi Tel Aviv,82,78,2.59,1.63,2021-03-07,2015,EuroLeague,Fenerbahçe,12756,168.0,1619,1700
Olympiacos,Baskonia,96,67,1.77,2.3,2021-03-09,2015,EuroLeague,Olympiacos,11716,171.2,1661,1615
CSKA Moscow,Anadolu Efes,70,70,1.72,2.39,2021-03-11,2015,EuroLeague,CSKA Moscow,11958,147.0,1669,1612
Maccabi Tel Aviv,Panathinaikos,79,62,1.6,2.67,2021-03-13,2015,EuroLeague,Maccabi Tel Aviv,12170,148.1,1606,1517
Baskonia,Zalgiris Kaunas,95,61,2.52,1.66,2021-03-15,2015,EuroLeague,Baskonia,10047,163.8,1548,1621
Anadolu Efes,Bayern Munich,75,84,1.77,2.3,2021-03-17,2015,EuroLeague,Anadolu Efes,10787,167.0,1654,1609
Panathinaikos,Valencia,73,80,3.68,1.37,2021-03-19,2015,EuroLeague,Panathinaikos,12835,160.7,1508,1679
Zalgiris Kaunas,Milano,84,82,1.72,2.4,2021-03-21,2015,EuroLeague,Zalgiris Kaunas,14603,174.3,1614,1556
Real Madrid,Olympiacos,102,84,1.36,3.79,2016-10-01,2016,EuroLeague,Real Madrid,9521,195.3,1691,1513
Barcelona,CSKA Moscow,95,77,3.36,1.42,2016-10-03,2016,EuroLeague,Barcelona,11973,180.6,1535,1684
Fenerbahçe,Maccabi Tel Aviv,88,71,1.58,2.74,2016-10-05,2016,EuroLeague,Fenerbahçe,10442,167.0,1609,1513
Olympiacos,Baskonia,87,64,2.01,1.99,2016-10-07,2016,EuroLeague,Olympiacos,13468,158.6,1535,1536
CSKA Moscow,Anadolu Efes,82,84,2.56,1.64,2016-10-09,2016,EuroLeague,CSKA Moscow,14848,174.3,1581,1658
Maccabi Tel Aviv,Panathinaikos,89,92,1.68,2.47,2016-10-11,2016,EuroLeague,Maccabi Tel Aviv,13763,190.1,1689,1622
Baskonia,Zalgiris Kaunas,93,86,2.48,1.68,2016-10-13,2016,EuroLeague,Baskonia,12039,188.0,1528,1596
Anadolu Efes,Bayern Munich,81,96,2.65,1.61,2016-10-15,2016,EuroLeague,Anadolu Efes,14885,185.8,1521,1608
Panathinaikos,Valencia,81,84,1.58,2.72,2016-10-17,2016,EuroLeague,Panathinaikos,12077,173.2,1665,1571
Zalgiris Kaunas,Milano,75,86,1.66,2.52,2016-10-19,2016,EuroLeague,Zalgiris Kaunas,12647,169.1,1612,1539
Bayern Munich,Partizan,89,71,1.48,3.1,2016-10-21,2016,EuroLeague,Bayern Munich,14113,168.0,1694,1565
Valencia,ASVEL,63,94,2.58,1.63,2016-10-23,2016,EuroLeague,Valencia,10317,164.8,1519,1599
Milano,Real Madrid,88,73,2.07,1.93,2016-10-25,2016,EuroLeague,Milano,12816,169.1,1626,1638
Partizan,Barcelona,87,60,1.57,2.77,2016-10-27,2016,EuroLeague,Partizan,12140,154.3,1699,1600
ASVEL,Fenerbahçe,89,90,1.65,2.53,2016-10-29,2016,EuroLeague,ASVEL,9164,188.0,1682,1608
Real Madrid,Olympiacos,75,79,1.85,2.17,2016-10-31,2016,EuroLeague,Real Madrid,14744,161.7,1645,1617
Barcelona,CSKA Moscow,91,91,1.63,2.58,2016-11-02,2016,EuroLeague,Barcelona,11346,191.1,1605,1526
Fenerbahçe,Maccabi Tel Aviv,85,95,1.92,2.08,2016-11-04,2016,EuroLeague,Fenerbahçe,12723,189.0,1680,1666
Olympiacos,Baskonia,85,70,2.88,1.53,2016-11-06,2016,EuroLeague,Olympiacos,13955,162.8,1562,1672
CSKA Moscow,Anadolu Efes,62,75,2.01,1.99,2016-11-08,2016,EuroLeague,CSKA Moscow,12116,143.8,1592,1594
Maccabi Tel Aviv,Panathinaikos,75,98,3.19,1.46,2016-11-10,2016,EuroLeague,Maccabi Tel Aviv,12789,181.7,1558,1694
Baskonia,Zalgiris Kaunas,103,76,2.33,1.75,2016-11-12,2016,EuroLeague,Baskonia,11371,188.0,1639,1689
Anadolu Efes,Bayern Munich,71,62,2.23,1.81,2016-11-14,2016,EuroLeague,Anadolu Efes,9690,139.7,1616,1652
Panathinaikos,Valencia,96,67,1.56,2.79,2016-11-16,2016,EuroLeague,Panathinaikos,14330,171.2,1629,1528
Zalgiris Kaunas,Milano,66,61,1.85,2.18,2016-11-18,2016,EuroLeague,Zalgiris Kaunas,12375,133.3,1595,1566
Bayern Munich,Partizan,86,85,2.1,1.91,2016-11-20,2016,EuroLeague,Bayern Munich,11830,179.6,1647,1664
Valencia,ASVEL,78,94,2.04,1.97,2016-11-22,2016,EuroLeague,Valencia,12849,180.6,1625,1631
Milano,Real Madrid,67,87,2.18,1.85,2016-11-24,2016,EuroLeague,Milano,13324,161.7,1503,1532
Partizan,Barcelona,91,83,1.93,2.08,2016-11-26,2016,EuroLeague,Partizan,9640,182.7,1569,1556
ASVEL,Fenerbahçe,88,84,3.03,1.49,2016-11-28,2016,EuroLeague,ASVEL,9883,180.6,1538,1661
Real Madrid,Olympiacos,90,60,1.83,2.21,2016-11-30,2016,EuroLeague,Real Madrid,12786,157.5,1631,1598
Barcelona,CSKA Moscow,86,60,1.75,2.33,2016-12-02,2016,EuroLeague,Barcelona,11023,153.3,1647,1598
Fenerbahçe,Maccabi Tel Aviv,96,60,2.41,1.71,2016-12-04,2016,EuroLeague,Fenerbahçe,9278,163.8,1550,1610
Olympiacos,Baskonia,62,60,2.14,1.88,2016-12-06,2016,EuroLeague,Olympiacos,12723,128.1,1643,1665
CSKA Moscow,Anadolu Efes,86,78,2.05,1.95,2016-12-08,2016,EuroLeague,CSKA Moscow,10507,172.2,1540,1549
Maccabi Tel Aviv,Panathinaikos,94,60,1.38,3.6,2016-12-10,2016,EuroLeague,Maccabi Tel Aviv,10541,161.7,1684,1518
Baskonia,Zalgiris Kaunas,96,60,1.57,2.76,2016-12-12,2016,EuroLeague,Baskonia,12149,163.8,1629,1531
Anadolu Efes,Bayern Munich,84,85,2.23,1.81,2016-12-14,2016,EuroLeague,Anadolu Efes,9225,177.5,1625,1661
Panathinaikos,Valencia,109,71,1.57,2.75,2016-12-16,2016,EuroLeague,Panathinaikos,10476,189.0,1644,1547
Zalgiris Kaunas,Milano,60,89,2.92,1.52,2016-12-18,2016,EuroLeague,Zalgiris Kaunas,9399,156.5,1506,1619
Bayern Munich,Partizan,88,72,1.52,2.93,2016-12-20,2016,EuroLeague,Bayern Munich,11999,168.0,1649,1535
Valencia,ASVEL,60,61,1.54,2.86,2016-12-22,2016,EuroLeague,Valencia,14942,127.1,1657,1549
Milano,Real Madrid,88,92,1.38,3.65,2016-12-24,2016,EuroLeague,Milano,10059,189.0,1675,1506
Partizan,Barcelona,86,82,3.66,1.38,2016-12-26,2016,EuroLeague,Partizan,14214,176.4,1518,1688
ASVEL,Fenerbahçe,91,101,2.37,1.73,2016-12-28,2016,EuroLeague,ASVEL,9959,201.6,1530,1585
Real Madrid,Olympiacos,60,72,2.01,1.99,2016-12-30,2016,EuroLeague,Real Madrid,13913,138.6,1691,1692
Barcelona,CSKA Moscow,66,94,1.94,2.07,2017-01-01,2016,EuroLeague,Barcelona,14663,168.0,1587,1576
Fenerbahçe,Maccabi Tel Aviv,89,99,2.8,1.56,2017-01-03,2016,EuroLeague,Fenerbahçe,14696,197.4,1555,1657
Olympiacos,Baskonia,81,65,1.69,2.45,2017-01-05,2016,EuroLeague,Olympiacos,13793,153.3,1621,1556
CSKA Moscow,Anadolu Efes,77,80,2.33,1.75,2017-01-07,2016,EuroLeague,CSKA Moscow,11863,164.8,1526,1575
Maccabi Tel Aviv,Panathinaikos,71,76,2.8,1.56,2017-01-09,2016,EuroLeague,Maccabi Tel Aviv,9789,154.3,1593,1695
Baskonia,Zalgiris Kaunas,76,86,1.98,2.02,2017-01-11,2016,EuroLeague,Baskonia,13921,170.1,1668,1664
Anadolu Efes,Bayern Munich,69,75,1.88,2.14,2017-01-13,2016,EuroLeague,Anadolu Efes,12143,151.2,1526,1503
Panathinaikos,Valencia,84,84,1.5,3.02,2017-01-15,2016,EuroLeague,Panathinaikos,10342,176.4,1686,1564
Zalgiris Kaunas,Milano,60,60,1.39,3.56,2017-01-17,2016,EuroLeague,Zalgiris Kaunas,14720,126.0,1679,1516
Bayern Munich,Partizan,70,83,1.66,2.51,2017-01-19,2016,EuroLeague,Bayern Munich,12966,160.7,1693,1621
Valencia,ASVEL,73,64,2.14,1.88,2017-01-21,2016,EuroLeague,Valencia,11262,143.8,1663,1686
Milano,Real Madrid,101,68,1.56,2.78,2017-01-23,2016,EuroLeague,Milano,9035,177.5,1628,1528
Partizan,Barcelona,65,86,1.97,2.04,2017-01-25,2016,EuroLeague,Partizan,11138,158.6,1655,1649
ASVEL,Fenerbahçe,68,77,2.73,1.58,2017-01-27,2016,EuroLeague,ASVEL,10939,152.2,1560,1655
Real Madrid,Olympiacos,99,73,1.72,2.4,2017-01-29,2016,EuroLeague,Real Madrid,11007,180.6,1664,1606
Barcelona,CSKA Moscow,74,90,2.74,1.58,2017-01-31,2016,EuroLeague,Barcelona,9792,172.2,1568,1664
Fenerbahçe,Maccabi Tel Aviv,82,86,2.49,1.67,2017-02-02,2016,EuroLeague,Fenerbahçe,9096,176.4,1506,1575
Olympiacos,Baskonia,84,72,1.6,2.67,2017-02-04,2016,EuroLeague,Olympiacos,10121,163.8,1645,1556
CSKA Moscow,Anadolu Efes,85,85,1.35,3.85,2017-02-06,2016,EuroLeague,CSKA Moscow,12223,178.5,1682,1500
Maccabi Tel Aviv,Panathinaikos,82,95,2.93,1.52,2017-02-08,2016,EuroLeague,Maccabi Tel Aviv,14880,185.8,1559,1673
Baskonia,Zalgiris Kaunas,94,61,1.86,2.17,2017-02-10,2016,EuroLeague,Baskonia,14187,162.8,1545,1518
Anadolu Efes,Bayern Munich,74,74,2.87,1.53,2017-02-12,2016,EuroLeague,Anadolu Efes,11229,155.4,1590,1699
Panathinaikos,Valencia,88,63,1.38,3.66,2017-02-14,2016,EuroLeague,Panathinaikos,12310,158.6,1670,1500
Zalgiris Kaunas,Milano,67,75,1.73,2.37,2017-02-16,2016,EuroLeague,Zalgiris Kaunas,10838,149.1,1571,1516
Bayern Munich,Partizan,83,76,2.37,1.73,2017-02-18,2016,EuroLeague,Bayern Munich,12711,167.0,1537,1592
Valencia,ASVEL,75,82,1.85,2.17,2017-02-20,2016,EuroLeague,Valencia,11337,164.8,1532,1504
Milano,Real Madrid,83,87,1.92,2.08,2017-02-22,2016,EuroLeague,Milano,11563,178.5,1609,1595
Partizan,Barcelona,83,88,2.19,1.84,2017-02-24,2016,EuroLeague,Partizan,14570,179.6,1501,1531
ASVEL,Fenerbahçe,64,80,1.96,2.04,2017-02-26,2016,EuroLeague,ASVEL,9356,151.2,1586,1579
Real Madrid,Olympiacos,106,87,1.65,2.55,2017-02-28,2016,EuroLeague,Real Madrid,13419,202.7,1684,1608
Barcelona,CSKA Moscow,76,105,2.52,1.66,2017-03-02,2016,EuroLeague,Barcelona,11191,190.1,1549,1622
Fenerbahçe,Maccabi Tel Aviv,83,75,1.89,2.12,2017-03-04,2016,EuroLeague,Fenerbahçe,11892,165.9,1664,1644
Olympiacos,Baskonia,87,68,1.7,2.42,2017-03-06,2016,EuroLeague,Olympiacos,12373,162.8,1678,1617
CSKA Moscow,Anadolu Efes,80,84,1.53,2.87,2017-03-08,2016,EuroLeague,CSKA Moscow,13653,172.2,1666,1557
Maccabi Tel Aviv,Panathinaikos,80,101,3.18,1.46,2017-03-10,2016,EuroLeague,Maccabi Tel Aviv,13246,190.1,1527,1662
Baskonia,Zalgiris Kaunas,60,91,2.88,1.53,2017-03-12,2016,EuroLeague,Baskonia,13066,158.6,1563,1673
Anadolu Efes,Bayern Munich,93,67,1.57,2.75,2017-03-14,2016,EuroLeague,Anadolu Efes,14633,168.0,1604,1507
Panathinaikos,Valencia,69,86,1.74,2.36,2017-03-16,2016,EuroLeague,Panathinaikos,9253,162.8,1641,1588
Zalgiris Kaunas,Milano,90,92,1.88,2.14,2017-03-18,2016,EuroLeague,Zalgiris Kaunas,11468,191.1,1564,1541
Bayern Munich,Partizan,114,70,1.93,2.07,2017-03-20,2016,EuroLeague,Bayern Munich,11041,193.2,1579,1567
Valencia,ASVEL,91,70,1.69,2.45,2017-03-22,2016,EuroLeague,Valencia,10443,169.1,1568,1503
Milano,Real Madrid,96,60,1.9,2.12,2017-03-24,2016,EuroLeague,Milano,10015,163.8,1638,1619
Partizan,Barcelona,90,80,3.23,1.45,2017-03-26,2016,EuroLeague,Partizan,11889,178.5,1552,1691
ASVEL,Fenerbahçe,78,60,1.48,3.08,2017-03-28,2016,EuroLeague,ASVEL,9827,144.9,1680,1553
Real Madrid,Olympiacos,80,76,2.46,1.68,2017-03-30,2016,EuroLeague,Real Madrid,9055,163.8,1521,1587
Barcelona,CSKA Moscow,80,62,1.93,2.08,2017-04-01,2016,EuroLeague,Barcelona,12304,149.1,1555,1542
Fenerbahçe,Maccabi Tel Aviv,89,87,2.14,1.88,2017-04-03,2016,EuroLeague,Fenerbahçe,9851,184.8,1567,1590
Olympiacos,Baskonia,65,105,2.78,1.56,2017-04-05,2016,EuroLeague,Olympiacos,10700,178.5,1557,1657
CSKA Moscow,Anadolu Efes,71,60,1.96,2.04,2017-04-07,2016,EuroLeague,CSKA Moscow,10424,137.6,1559,1552
Maccabi Tel Aviv,Panathinaikos,94,63,1.9,2.12,2017-04-09,2016,EuroLeague,Maccabi Tel Aviv,14068,164.8,1625,1606
Baskonia,Zalgiris Kaunas,89,71,2.52,1.66,2017-04-11,2016,EuroLeague,Baskonia,9451,168.0,1524,1597
Anadolu Efes,Bayern Munich,70,62,1.94,2.06,2017-04-13,2016,EuroLeague,Anadolu Efes,10084,138.6,1651,1641
Panathinaikos,Valencia,93,76,1.39,3.54,2017-04-15,2016,EuroLeague,Panathinaikos,9000,177.5,1684,1522
Zalgiris Kaunas,Milano,74,78,1.86,2.17,2017-04-17,2016,EuroLeague,Zalgiris Kaunas,14968,159.6,1566,1539
Bayern Munich,Partizan,78,60,2.48,1.68,2017-04-19,2016,EuroLeague,Bayern Munich,11360,144.9,1617,1685
Valencia,ASVEL,77,84,1.8,2.24,2017-04-21,2016,EuroLeague,Valencia,12679,169.1,1552,1514
Milano,Real Madrid,76,79,1.91,2.1,2017-04-23,2016,EuroLeague,Milano,14455,162.8,1681,1665
Partizan,Barcelona,80,79,1.67,2.49,2017-04-25,2016,EuroLeague,Partizan,13524,167.0,1570,1501
ASVEL,Fenerbahçe,77,88,1.45,3.21,2017-04-27,2016,EuroLeague,ASVEL,13045,173.2,1665,1527
Real Madrid,Olympiacos,97,83,1.99,2.01,2017-04-29,2016,EuroLeague,Real Madrid,9890,189.0,1634,1632
Barcelona,CSKA Moscow,74,79,2.36,1.73,2017-05-01,2016,EuroLeague,Barcelona,12150,160.7,1591,1645
Fenerbahçe,Maccabi Tel Aviv,66,83,1.85,2.17,2017-05-03,2016,EuroLeague,Fenerbahçe,11375,156.5,1583,1555
Olympiacos,Baskonia,81,64,2.04,1.96,2017-05-05,2016,EuroLeague,Olympiacos,11969,152.2,1662,1669
CSKA Moscow,Anadolu Efes,84,87,2.36,1.73,2017-05-07,2016,EuroLeague,CSKA Moscow,12065,179.6,1532,1586
Maccabi Tel Aviv,Panathinaikos,87,67,1.47,3.11,2017-05-09,2016,EuroLeague,Maccabi Tel Aviv,10166,161.7,1665,1535
Baskonia,Zalgiris Kaunas,70,93,1.72,2.4,2017-05-11,2016,EuroLeague,Baskonia,10062,171.2,1574,1516
Anadolu Efes,Bayern Munich,60,84,2.74,1.58,2017-05-13,2016,EuroLeague,Anadolu Efes,12734,151.2,1589,1685
Panathinaikos,Valencia,79,77,1.43,3.32,2017-05-15,2016,EuroLeague,Panathinaikos,12096,163.8,1679,1533
Zalgiris Kaunas,Milano,72,95,2.75,1.57,2017-05-17,2016,EuroLeague,Zalgiris Kaunas,14003,175.3,1518,1615
Bayern Munich,Partizan,107,71,1.5,2.98,2017-05-19,2016,EuroLeague,Bayern Munich,14825,186.9,1682,1563
Valencia,ASVEL,81,86,2.85,1.54,2017-05-21,2016,EuroLeague,Valencia,9603,175.3,1517,1624
Milano,Real Madrid,71,99,2.07,1.93,2017-05-23,2016,EuroLeague,Milano,11805,178.5,1583,1595
Partizan,Barcelona,73,88,2.48,1.68,2017-05-25,2016,EuroLeague,Partizan,12183,169.1,1529,1597
ASVEL,Fenerbahçe,60,60,2.43,1.7,2017-05-27,2016,EuroLeague,ASVEL,14834,126.0,1596,1658
Real Madrid,Olympiacos,71,72,2.08,1.93,2017-05-29,2016,EuroLeague,Real Madrid,14032,150.2,1575,1588
Barcelona,CSKA Moscow,67,60,2.19,1.84,2017-05-31,2016,EuroLeague,Barcelona,9110,133.3,1581,1611
Fenerbahçe,Maccabi Tel Aviv,70,88,2.55,1.65,2017-06-02,2016,EuroLeague,Fenerbahçe,9785,165.9,1576,1652
Olympiacos,Baskonia,82,88,2.67,1.6,2017-06-04,2016,EuroLeague,Olympiacos,14272,178.5,1533,1622
CSKA Moscow,Anadolu Efes,107,94,1.99,2.01,2017-06-06,2016,EuroLeague,CSKA Moscow,10855,211.1,1596,1595
Maccabi Tel Aviv,Panathinaikos,88,91,1.6,2.68,2017-06-08,2016,EuroLeague,Maccabi Tel Aviv,14515,188.0,1592,1502
Baskonia,Zalgiris Kaunas,60,85,1.46,3.18,2017-06-10,2016,EuroLeague,Baskonia,10899,152.2,1674,1539
Anadolu Efes,Bayern Munich,71,75,1.6,2.67,2017-06-12,2016,EuroLeague,Anadolu Efes,13925,153.3,1648,1559
Panathinaikos,Valencia,90,80,1.58,2.72,2017-06-14,2016,EuroLeague,Panathinaikos,14359,178.5,1606,1512
Zalgiris Kaunas,Milano,82,92,2.02,1.98,2017-06-16,2016,EuroLeague,Zalgiris Kaunas,14755,182.7,1566,1570
Bayern Munich,Partizan,89,94,3.19,1.46,2017-06-18,2016,EuroLeague,Bayern Munich,14428,192.2,1508,1644
Valencia,ASVEL,75,67,2.15,1.87,2017-06-20,2016,EuroLeague,Valencia,11635,149.1,1577,1601
Milano,Real Madrid,73,71,3.68,1.37,2017-06-22,2016,EuroLeague,Milano,12323,151.2,1529,1700
Partizan,Barcelona,66,76,2.68,1.6,2017-06-24,2016,EuroLeague,Partizan,12614,149.1,1550,1640
ASVEL,Fenerbahçe,67,72,1.85,2.17,2017-06-26,2016,EuroLeague,ASVEL,14134,146.0,1611,1583
Real Madrid,Olympiacos,63,62,1.75,2.33,2017-06-28,2016,EuroLeague,Real Madrid,11570,131.2,1698,1648
Barcelona,CSKA Moscow,68,92,2.97,1.51,2017-06-30,2016,EuroLeague,Barcelona,11925,168.0,1542,1660
Fenerbahçe,Maccabi Tel Aviv,64,73,2.74,1.58,2017-07-02,2016,EuroLeague,Fenerbahçe,9063,143.8,1561,1657
Olympiacos,Baskonia,72,90,3.05,1.49,2017-07-04,2016,EuroLeague,Olympiacos,14940,170.1,1571,1696
CSKA Moscow,Anadolu Efes,81,82,3.02,1.5,2017-07-06,2016,EuroLeague,CSKA Moscow,11378,171.2,1572,1694
Maccabi Tel Aviv,Panathinaikos,96,91,1.87,2.15,2017-07-08,2016,EuroLeague,Maccabi Tel Aviv,13194,196.3,1527,1503
Baskonia,Zalgiris Kaunas,80,90,1.91,2.1,2017-07-10,2016,EuroLeague,Baskonia,10560,178.5,1534,1518
Anadolu Efes,Bayern Munich,60,88,3.04,1.49,2017-07-12,2016,EuroLeague,Anadolu Efes,9728,155.4,1540,1664
Panathinaikos,Valencia,85,67,1.65,2.53,2017-07-14,2016,EuroLeague,Panathinaikos,10827,159.6,1607,1533
Zalgiris Kaunas,Milano,83,75,1.59,2.71,2017-07-16,2016,EuroLeague,Zalgiris Kaunas,9007,165.9,1681,1588
Bayern Munich,Partizan,93,79,2.14,1.88,2017-07-18,2016,EuroLeague,Bayern Munich,12827,180.6,1531,1553
Valencia,ASVEL,74,74,1.99,2.01,2017-07-20,2016,EuroLeague,Valencia,12647,155.4,1515,1514
Milano,Real Madrid,84,68,3.24,1.45,2017-07-22,2016,EuroLeague,Milano,10784,159.6,1502,1642
Partizan,Barcelona,64,81,1.81,2.24,2017-07-24,2016,EuroLeague,Partizan,11321,152.2,1695,1658
ASVEL,Fenerbahçe,66,96,2.79,1.56,2017-07-26,2016,EuroLeague,ASVEL,11224,170.1,1540,1641
Real Madrid,Olympiacos,75,75,1.84,2.2,2017-07-28,2016,EuroLeague,Real Madrid,9012,157.5,1610,1579
Barcelona,CSKA Moscow,94,73,1.77,2.3,2017-07-30,2016,EuroLeague,Barcelona,12024,175.3,1624,1579
Fenerbahçe,Maccabi Tel Aviv,86,60,1.62,2.61,2017-08-01,2016,EuroLeague,Fenerbahçe,12984,153.3,1669,1586
Olympiacos,Baskonia,65,75,2.28,1.78,2017-08-03,2016,EuroLeague,Olympiacos,11902,147.0,1574,1617
CSKA Moscow,Anadolu Efes,91,101,1.45,3.21,2017-08-05,2016,EuroLeague,CSKA Moscow,14385,201.6,1664,1526
Maccabi Tel Aviv,Panathinaikos,80,70,1.49,3.04,2017-08-07,2016,EuroLeague,Maccabi Tel Aviv,10305,157.5,1628,1504
Baskonia,Zalgiris Kaunas,65,67,1.47,3.13,2017-08-09,2016,EuroLeague,Baskonia,12764,138.6,1655,1524
Anadolu Efes,Bayern Munich,87,84,1.99,2.01,2017-08-11,2016,EuroLeague,Anadolu Efes,11798,179.6,1597,1596
Panathinaikos,Valencia,86,83,1.72,2.38,2017-08-13,2016,EuroLeague,Panathinaikos,10819,177.5,1583,1527
Zalgiris Kaunas,Milano,62,75,1.84,2.2,2017-08-15,2016,EuroLeague,Zalgiris Kaunas,11195,143.8,1671,1640
Bayern Munich,Partizan,80,60,1.86,2.16,2017-08-17,2016,EuroLeague,Bayern Munich,11530,147.0,1642,1616
Valencia,ASVEL,67,93,3.0,1.5,2017-08-19,2016,EuroLeague,Valencia,10168,168.0,1508,1628
Milano,Real Madrid,72,98,2.91,1.52,2017-08-21,2016,EuroLeague,Milano,14489,178.5,1579,1691
Partizan,Barcelona,63,83,2.68,1.6,2017-08-23,2016,EuroLeague,Partizan,11896,153.3,1541,1631
ASVEL,Fenerbahçe,68,63,2.52,1.66,2017-08-25,2016,EuroLeague,ASVEL,13588,137.6,1529,1602
Real Madrid,Olympiacos,85,99,2.17,1.86,2017-08-27,2016,EuroLeague,Real Madrid,12190,193.2,1561,1588
Barcelona,CSKA Moscow,86,75,1.95,2.05,2017-08-29,2016,EuroLeague,Barcelona,14283,169.1,1684,1676
Fenerbahçe,Maccabi Tel Aviv,75,75,2.08,1.92,2017-08-31,2016,EuroLeague,Fenerbahçe,9549,157.5,1530,1544
Olympiacos,Baskonia,78,91,2.58,1.63,2017-09-02,2016,EuroLeague,Olympiacos,11054,177.5,1620,1700
CSKA Moscow,Anadolu Efes,96,61,2.74,1.58,2017-09-04,2016,EuroLeague,CSKA Moscow,10748,164.8,1507,1603
Maccabi Tel Aviv,Panathinaikos,60,102,2.8,1.56,2017-09-06,2016,EuroLeague,Maccabi Tel Aviv,13651,170.1,1546,1648
Baskonia,Zalgiris Kaunas,94,89,1.91,2.1,2017-09-08,2016,EuroLeague,Baskonia,10264,192.2,1606,1590
Anadolu Efes,Bayern Munich,77,67,2.17,1.85,2017-09-10,2016,EuroLeague,Anadolu Efes,12483,151.2,1631,1659
Panathinaikos,Valencia,92,87,2.5,1.67,2017-09-12,2016,EuroLeague,Panathinaikos,11718,188.0,1533,1603
Zalgiris Kaunas,Milano,76,73,1.95,1.95,2017-09-14,2016,EuroLeague,Zalgiris Kaunas,11060,156.5,1564,1564
Bayern Munich,Partizan,76,85,1.89,2.12,2017-09-16,2016,EuroLeague,Bayern Munich,14568,169.1,1572,1552
Valencia,ASVEL,68,62,2.82,1.55,2017-09-18,2016,EuroLeague,Valencia,10924,136.5,1573,1677
Milano,Real Madrid,87,61,1.9,2.12,2017-09-20,2016,EuroLeague,Milano,14846,155.4,1567,1548
Partizan,Barcelona,88,70,1.95,2.05,2017-09-22,2016,EuroLeague,Partizan,9838,165.9,1662,1653
ASVEL,Fenerbahçe,76,85,2.24,1.8,2017-09-24,2016,EuroLeague,ASVEL,13824,169.1,1545,1583
Real Madrid,Olympiacos,77,80,1.93,2.08,2017-09-26,2016,EuroLeague,Real Madrid,11296,164.8,1571,1558
Barcelona,CSKA Moscow,60,88,2.16,1.86,2017-09-28,2016,EuroLeague,Barcelona,13136,155.4,1669,1695
Fenerbahçe,Maccabi Tel Aviv,96,69,1.98,2.02,2017-09-30,2016,EuroLeague,Fenerbahçe,11067,173.2,1512,1508
Olympiacos,Baskonia,70,61,3.05,1.49,2017-10-02,2016,EuroLeague,Olympiacos,14717,137.6,1555,1680
CSKA Moscow,Anadolu Efes,77,82,2.78,1.56,2017-10-04,2016,EuroLeague,CSKA Moscow,10341,167.0,1531,1631
Maccabi Tel Aviv,Panathinaikos,77,70,1.8,2.24,2017-10-06,2016,EuroLeague,Maccabi Tel Aviv,14429,154.3,1609,1571
Baskonia,Zalgiris Kaunas,74,88,1.77,2.3,2017-10-08,2016,EuroLeague,Baskonia,11527,170.1,1568,1523
Anadolu Efes,Bayern Munich,64,63,2.77,1.57,2017-10-10,2016,EuroLeague,Anadolu Efes,9210,133.3,1569,1668
Panathinaikos,Valencia,79,70,2.77,1.57,2017-10-12,2016,EuroLeague,Panathinaikos,9046,156.5,1562,1661
Zalgiris Kaunas,Milano,93,60,1.88,2.14,2017-10-14,2016,EuroLeague,Zalgiris Kaunas,12290,160.7,1644,1621
Bayern Munich,Partizan,62,71,2.83,1.55,2017-10-16,2016,EuroLeague,Bayern Munich,13683,139.7,1547,1652
Valencia,ASVEL,78,74,2.08,1.92,2017-10-18,2016,EuroLeague,Valencia,9666,159.6,1574,1588
Milano,Real Madrid,91,99,2.24,1.8,2017-10-20,2016,EuroLeague,Milano,10241,199.5,1570,1608
Partizan,Barcelona,82,81,2.44,1.7,2017-10-22,2016,EuroLeague,Partizan,13002,171.2,1561,1624
ASVEL,Fenerbahçe,86,95,1.75,2.33,2017-10-24,2016,EuroLeague,ASVEL,10985,190.1,1553,1504
Real Madrid,Olympiacos,81,74,1.72,2.38,2017-10-26,2016,EuroLeague,Real Madrid,10981,162.8,1580,1524
Barcelona,CSKA Moscow,73,79,2.87,1.53,2017-10-28,2016,EuroLeague,Barcelona,9805,159.6,1505,1614
Fenerbahçe,Maccabi Tel Aviv,60,75,2.27,1.79,2017-10-30,2016,EuroLeague,Fenerbahçe,12238,141.8,1574,1615
Olympiacos,Baskonia,65,76,3.5,1.4,2017-11-01,2016,EuroLeague,Olympiacos,9639,148.1,1520,1679
CSKA Moscow,Anadolu Efes,78,75,2.41,1.71,2017-11-03,2016,EuroLeague,CSKA Moscow,11884,160.7,1558,1618
Maccabi Tel Aviv,Panathinaikos,93,80,1.47,3.13,2017-11-05,2016,EuroLeague,Maccabi Tel Aviv,13196,181.7,1679,1548
Baskonia,Zalgiris Kaunas,88,78,2.86,1.54,2017-11-07,2016,EuroLeague,Baskonia,10044,174.3,1500,1608
Anadolu Efes,Bayern Munich,72,79,2.89,1.53,2017-11-09,2016,EuroLeague,Anadolu Efes,10908,158.6,1521,1632
Panathinaikos,Valencia,87,80,1.48,3.07,2017-11-11,2016,EuroLeague,Panathinaikos,11185,175.3,1669,1543
Zalgiris Kaunas,Milano,76,83,3.83,1.35,2017-11-13,2016,EuroLeague,Zalgiris Kaunas,12718,167.0,1516,1697
Bayern Munich,Partizan,100,71,1.92,2.09,2017-11-15,2016,EuroLeague,Bayern Munich,11494,179.6,1576,1561
Valencia,ASVEL,77,75,2.18,1.85,2017-11-17,2016,EuroLeague,Valencia,9684,159.6,1538,1567
Milano,Real Madrid,62,84,1.73,2.37,2017-11-19,2016,EuroLeague,Milano,11353,153.3,1645,1590
Partizan,Barcelona,105,71,1.57,2.76,2017-11-21,2016,EuroLeague,Partizan,11946,184.8,1669,1571
ASVEL,Fenerbahçe,78,70,2.14,1.88,2017-11-23,2016,EuroLeague,ASVEL,12146,155.4,1637,1659
Real Madrid,Olympiacos,84,70,2.77,1.57,2017-11-25,2016,EuroLeague,Real Madrid,13500,161.7,1539,1638
Barcelona,CSKA Moscow,97,84,1.57,2.76,2017-11-27,2016,EuroLeague,Barcelona,9831,190.1,1679,1581
Fenerbahçe,Maccabi Tel Aviv,99,66,1.48,3.07,2017-11-29,2016,EuroLeague,Fenerbahçe,11231,173.2,1640,1514
Olympiacos,Baskonia,103,83,1.57,2.77,2017-12-01,2016,EuroLeague,Olympiacos,13394,195.3,1670,1571
CSKA Moscow,Anadolu Efes,84,74,1.75,2.34,2017-12-03,2016,EuroLeague,CSKA Moscow,13197,165.9,1588,1537
Maccabi Tel Aviv,Panathinaikos,75,73,2.37,1.73,2017-12-05,2016,EuroLeague,Maccabi Tel Aviv,9300,155.4,1531,1586
Baskonia,Zalgiris Kaunas,60,95,3.45,1.41,2017-12-07,2016,EuroLeague,Baskonia,11178,162.8,1508,1664
Anadolu Efes,Bayern Munich,77,71,1.57,2.75,2017-12-09,2016,EuroLeague,Anadolu Efes,11881,155.4,1696,1599
Panathinaikos,Valencia,86,84,1.47,3.14,2017-12-11,2016,EuroLeague,Panathinaikos,11168,178.5,1637,1505
Zalgiris Kaunas,Milano,100,60,2.34,1.75,2017-12-13,2016,EuroLeague,Zalgiris Kaunas,9288,168.0,1510,1561
Bayern Munich,Partizan,60,86,3.0,1.5,2017-12-15,2016,EuroLeague,Bayern Munich,14250,153.3,1532,1652
Valencia,ASVEL,82,60,1.62,2.62,2017-12-17,2016,EuroLeague,Valencia,14877,149.1,1589,1505
Milano,Real Madrid,84,85,2.09,1.92,2017-12-19,2016,EuroLeague,Milano,14314,177.5,1668,1683
Partizan,Barcelona,89,97,2.84,1.54,2017-12-21,2016,EuroLeague,Partizan,10858,195.3,1519,1625
ASVEL,Fenerbahçe,72,60,2.3,1.77,2017-12-23,2016,EuroLeague,ASVEL,10418,138.6,1594,1640
Real Madrid,Olympiacos,92,67,1.76,2.32,2017-12-25,2016,EuroLeague,Real Madrid,11569,167.0,1683,1635
Barcelona,CSKA Moscow,93,95,3.07,1.48,2017-12-27,2016,EuroLeague,Barcelona,12575,197.4,1564,1690
Fenerbahçe,Maccabi Tel Aviv,74,68,2.02,1.98,2017-12-29,2016,EuroLeague,Fenerbahçe,10778,149.1,1671,1674
Olympiacos,Baskonia,69,94,2.13,1.89,2017-12-31,2016,EuroLeague,Olympiacos,14565,171.2,1550,1571
CSKA Moscow,Anadolu Efes,88,86,1.76,2.32,2018-01-02,2016,EuroLeague,CSKA Moscow,10123,182.7,1637,1589
Maccabi Tel Aviv,Panathinaikos,90,73,1.68,2.46,2018-01-04,2016,EuroLeague,Maccabi Tel Aviv,12321,171.2,1665,1599
Baskonia,Zalgiris Kaunas,66,79,3.92,1.34,2018-01-06,2016,EuroLeague,Baskonia,10078,152.2,1507,1693
Anadolu Efes,Bayern Munich,72,92,1.99,2.01,2018-01-08,2016,EuroLeague,Anadolu Efes,14811,172.2,1601,1600
Panathinaikos,Valencia,69,94,1.62,2.6,2018-01-10,2016,EuroLeague,Panathinaikos,9023,171.2,1685,1603
Zalgiris Kaunas,Milano,75,78,2.29,1.78,2018-01-12,2016,EuroLeague,Zalgiris Kaunas,9675,160.7,1651,1695
Bayern Munich,Partizan,62,77,1.99,2.01,2018-01-14,2016,EuroLeague,Bayern Munich,10022,146.0,1577,1575
Valencia,ASVEL,73,61,1.62,2.62,2018-01-16,2016,EuroLeague,Valencia,12406,140.7,1608,1524
Milano,Real Madrid,60,90,2.16,1.86,2018-01-18,2016,EuroLeague,Milano,12004,157.5,1603,1629
Partizan,Barcelona,88,68,3.47,1.41,2018-01-20,2016,EuroLeague,Partizan,10057,163.8,1511,1668
ASVEL,Fenerbahçe,101,89,1.6,2.66,2018-01-22,2016,EuroLeague,ASVEL,9450,199.5,1643,1555
Real Madrid,Olympiacos,86,77,1.44,3.28,2018-01-24,2016,EuroLeague,Real Madrid,10900,171.2,1692,1549
Barcelona,CSKA Moscow,76,82,3.19,1.46,2018-01-26,2016,EuroLeague,Barcelona,10996,165.9,1535,1671
Fenerbahçe,Maccabi Tel Aviv,63,70,2.54,1.65,2018-01-28,2016,EuroLeague,Fenerbahçe,13702,139.7,1504,1579
Olympiacos,Baskonia,70,79,2.68,1.6,2018-01-30,2016,EuroLeague,Olympiacos,13240,156.5,1519,1609
CSKA Moscow,Anadolu Efes,71,69,2.2,1.84,2018-02-01,2016,EuroLeague,CSKA Moscow,12409,147.0,1598,1629
Maccabi Tel Aviv,Panathinaikos,84,86,2.27,1.79,2018-02-03,2016,EuroLeague,Maccabi Tel Aviv,14123,178.5,1604,1646
Baskonia,Zalgiris Kaunas,87,60,1.43,3.32,2018-02-05,2016,EuroLeague,Baskonia,12725,154.3,1685,1539
Anadolu Efes,Bayern Munich,108,60,1.84,2.19,2018-02-07,2016,EuroLeague,Anadolu Efes,10646,176.4,1586,1556
Panathinaikos,Valencia,84,85,1.61,2.64,2018-02-09,2016,EuroLeague,Panathinaikos,9674,177.5,1657,1571
Zalgiris Kaunas,Milano,74,60,1.41,3.43,2018-02-11,2016,EuroLeague,Zalgiris Kaunas,11834,140.7,1690,1536
Bayern Munich,Partizan,93,79,1.38,3.66,2018-02-13,2016,EuroLeague,Bayern Munich,10439,180.6,1674,1504
Valencia,ASVEL,78,60,2.32,1.76,2018-02-15,2016,EuroLeague,Valencia,14200,144.9,1539,1587
Milano,Real Madrid,69,82,2.87,1.53,2018-02-17,2016,EuroLeague,Milano,10094,158.6,1541,1650
Partizan,Barcelona,75,85,3.0,1.5,2018-02-19,2016,EuroLeague,Partizan,13117,168.0,1501,1621
ASVEL,Fenerbahçe,60,79,2.19,1.84,2018-02-21,2016,EuroLeague,ASVEL,9000,146.0,1529,1559
Real Madrid,Olympiacos,64,60,2.08,1.93,2018-02-23,2016,EuroLeague,Real Madrid,12955,130.2,1675,1688
Barcelona,CSKA Moscow,73,61,1.95,2.05,2018-02-25,2016,EuroLeague,Barcelona,11797,140.7,1512,1503
Fenerbahçe,Maccabi Tel Aviv,68,100,2.5,1.66,2018-02-27,2016,EuroLeague,Fenerbahçe,10709,176.4,1577,1648
Olympiacos,Baskonia,88,96,2.3,1.77,2018-03-01,2016,EuroLeague,Olympiacos,10337,193.2,1524,1570
CSKA Moscow,Anadolu Efes,61,97,2.52,1.66,2018-03-03,2016,EuroLeague,CSKA Moscow,9707,165.9,1563,1636
Maccabi Tel Aviv,Panathinaikos,78,74,2.75,1.57,2018-03-05,2016,EuroLeague,Maccabi Tel Aviv,9409,159.6,1562,1659
Baskonia,Zalgiris Kaunas,80,75,2.24,1.8,2018-03-07,2016,EuroLeague,Baskonia,9571,162.8,1591,1629
Anadolu Efes,Bayern Munich,98,62,2.14,1.88,2018-03-09,2016,EuroLeague,Anadolu Efes,11802,168.0,1507,1529
Panathinaikos,Valencia,68,71,1.88,2.14,2018-03-11,2016,EuroLeague,Panathinaikos,9440,146.0,1685,1662
Zalgiris Kaunas,Milano,61,79,3.28,1.44,2018-03-13,2016,EuroLeague,Zalgiris Kaunas,9794,147.0,1532,1675
Bayern Munich,Partizan,84,71,2.02,1.98,2018-03-15,2016,EuroLeague,Bayern Munich,10680,162.8,1590,1594
Valencia,ASVEL,80,60,1.47,3.11,2018-03-17,2016,EuroLeague,Valencia,12142,147.0,1676,1546
Milano,Real Madrid,76,74,1.76,2.32,2018-03-19,2016,EuroLeague,Milano,14793,157.5,1685,1637
Partizan,Barcelona,99,60,1.9,2.11,2018-03-21,2016,EuroLeague,Partizan,12224,167.0,1629,1611
ASVEL,Fenerbahçe,73,112,2.4,1.72,2018-03-23,2016,EuroLeague,ASVEL,10800,194.2,1640,1698
Real Madrid,Olympiacos,71,72,1.66,2.5,2018-03-25,2016,EuroLeague,Real Madrid,11118,150.2,1608,1537
Barcelona,CSKA Moscow,94,68,1.41,3.41,2018-03-27,2016,EuroLeague,Barcelona,14563,170.1,1697,1544
Fenerbahçe,Maccabi Tel Aviv,69,79,3.37,1.42,2018-03-29,2016,EuroLeague,Fenerbahçe,14638,155.4,1543,1693
Olympiacos,Baskonia,80,80,1.79,2.26,2018-03-31,2016,EuroLeague,Olympiacos,12058,168.0,1586,1546
CSKA Moscow,Anadolu Efes,85,77,2.04,1.97,2018-04-02,2016,EuroLeague,CSKA Moscow,11956,170.1,1583,1589
Maccabi Tel Aviv,Panathinaikos,85,74,2.96,1.51,2018-04-04,2016,EuroLeague,Maccabi Tel Aviv,11926,167.0,1577,1694
Baskonia,Zalgiris Kaunas,70,71,1.73,2.36,2018-04-06,2016,EuroLeague,Baskonia,11455,148.1,1645,1591
Anadolu Efes,Bayern Munich,72,86,2.62,1.62,2018-04-08,2016,EuroLeague,Anadolu Efes,9254,165.9,1521,1605
Panathinaikos,Valencia,78,87,2.19,1.84,2018-04-10,2016,EuroLeague,Panathinaikos,9968,173.2,1628,1658
Zalgiris Kaunas,Milano,77,68,2.24,1.8,2018-04-12,2016,EuroLeague,Zalgiris Kaunas,12612,152.2,1529,1567
Bayern Munich,Partizan,82,85,2.01,1.99,2018-04-14,2016,EuroLeague,Bayern Munich,11395,175.3,1573,1574
Valencia,ASVEL,70,80,1.84,2.2,2018-04-16,2016,EuroLeague,Valencia,9932,157.5,1661,1630
Milano,Real Madrid,90,70,2.1,1.91,2018-04-18,2016,EuroLeague,Milano,9055,168.0,1588,1604
Partizan,Barcelona,71,81,3.33,1.43,2018-04-20,2016,EuroLeague,Partizan,13398,159.6,1503,1650
ASVEL,Fenerbahçe,87,96,2.12,1.89,2018-04-22,2016,EuroLeague,ASVEL,10521,192.2,1680,1700
Real Madrid,Olympiacos,72,88,3.32,1.43,2018-04-24,2016,EuroLeague,Real Madrid,14102,168.0,1518,1664
Barcelona,CSKA Moscow,101,65,1.69,2.45,2018-04-26,2016,EuroLeague,Barcelona,9833,174.3,1614,1549
Fenerbahçe,Maccabi Tel Aviv,99,67,1.69,2.45,2018-04-28,2016,EuroLeague,Fenerbahçe,13330,174.3,1569,1505
Olympiacos,Baskonia,74,77,2.29,1.78,2018-04-30,2016,EuroLeague,Olympiacos,13686,158.6,1617,1661
CSKA Moscow,Anadolu Efes,104,99,2.02,1.98,2018-05-02,2016,EuroLeague,CSKA Moscow,13766,213.2,1579,1583
Maccabi Tel Aviv,Panathinaikos,73,87,2.03,1.97,2018-05-04,2016,EuroLeague,Maccabi Tel Aviv,13724,168.0,1572,1577
Baskonia,Zalgiris Kaunas,68,92,2.54,1.65,2018-05-06,2016,EuroLeague,Baskonia,13779,168.0,1539,1614
Anadolu Efes,Bayern Munich,83,74,2.29,1.78,2018-05-08,2016,EuroLeague,Anadolu Efes,9941,164.8,1554,1598
Panathinaikos,Valencia,110,64,1.46,3.18,2018-05-10,2016,EuroLeague,Panathinaikos,11428,182.7,1691,1556
Zalgiris Kaunas,Milano,91,63,1.47,3.14,2018-05-12,2016,EuroLeague,Zalgiris Kaunas,9314,161.7,1658,1526
Bayern Munich,Partizan,84,102,2.51,1.66,2018-05-14,2016,EuroLeague,Bayern Munich,14010,195.3,1526,1598
Valencia,ASVEL,76,79,2.78,1.56,2018-05-16,2016,EuroLeague,Valencia,9600,162.8,1590,1690
Milano,Real Madrid,97,78,2.05,1.95,2018-05-18,2016,EuroLeague,Milano,13098,183.8,1582,1591
Partizan,Barcelona,79,80,1.61,2.63,2018-05-20,2016,EuroLeague,Partizan,9876,167.0,1617,1532
ASVEL,Fenerbahçe,77,76,2.45,1.69,2018-05-22,2016,EuroLeague,ASVEL,14714,160.7,1542,1606
Real Madrid,Olympiacos,70,64,1.88,2.14,2018-05-24,2016,EuroLeague,Real Madrid,13028,140.7,1597,1574
Barcelona,CSKA Moscow,77,63,2.04,1.96,2018-05-26,2016,EuroLeague,Barcelona,13091,147.0,1628,1635
Fenerbahçe,Maccabi Tel Aviv,60,93,2.1,1.91,2018-05-28,2016,EuroLeague,Fenerbahçe,13567,160.7,1678,1694
Olympiacos,Baskonia,85,66,1.47,3.14,2018-05-30,2016,EuroLeague,Olympiacos,9121,158.6,1639,1507
CSKA Moscow,Anadolu Efes,68,80,1.61,2.64,2018-06-01,2016,EuroLeague,CSKA Moscow,10646,155.4,1626,1540
Maccabi Tel Aviv,Panathinaikos,74,78,1.56,2.8,2018-06-03,2016,EuroLeague,Maccabi Tel Aviv,14389,159.6,1629,1527
Baskonia,Zalgiris Kaunas,60,78,1.9,2.12,2018-06-05,2016,EuroLeague,Baskonia,13375,144.9,1681,1662
Anadolu Efes,Bayern Munich,71,83,2.55,1.65,2018-06-07,2016,EuroLeague,Anadolu Efes,11502,161.7,1547,1623
Panathinaikos,Valencia,72,70,2.01,1.99,2018-06-09,2016,EuroLeague,Panathinaikos,13053,149.1,1698,1700
Zalgiris Kaunas,Milano,64,83,1.7,2.43,2018-06-11,2016,EuroLeague,Zalgiris Kaunas,9757,154.3,1664,1602
Bayern Munich,Partizan,84,75,3.43,1.41,2018-06-13,2016,EuroLeague,Bayern Munich,14624,167.0,1504,1658
Valencia,ASVEL,87,73,1.43,3.34,2018-06-15,2016,EuroLeague,Valencia,11312,168.0,1677,1529
Milano,Real Madrid,69,74,2.5,1.67,2018-06-17,2016,EuroLeague,Milano,13665,150.2,1526,1596
Partizan,Barcelona,82,104,2.05,1.95,2018-06-19,2016,EuroLeague,Partizan,9956,195.3,1603,1611
ASVEL,Fenerbahçe,109,60,1.47,3.14,2018-06-21,2016,EuroLeague,ASVEL,12595,177.5,1635,1503
Real Madrid,Olympiacos,100,77,1.58,2.72,2018-06-23,2016,EuroLeague,Real Madrid,12588,185.8,1623,1529
Barcelona,CSKA Moscow,72,75,2.27,1.79,2018-06-25,2016,EuroLeague,Barcelona,13817,154.3,1592,1633
Fenerbahçe,Maccabi Tel Aviv,64,76,1.77,2.3,2018-06-27,2016,EuroLeague,Fenerbahçe,12135,147.0,1556,1510
Olympiacos,Baskonia,73,94,3.5,1.4,2018-06-29,2016,EuroLeague,Olympiacos,9068,175.3,1533,1692
CSKA Moscow,Anadolu Efes,76,85,1.6,2.68,2018-07-01,2016,EuroLeague,CSKA Moscow,9543,169.1,1648,1558
Maccabi Tel Aviv,Panathinaikos,90,60,1.73,2.37,2018-07-03,2016,EuroLeague,Maccabi Tel Aviv,10292,157.5,1608,1553
Baskonia,Zalgiris Kaunas,82,66,1.47,3.15,2018-07-05,2016,EuroLeague,Baskonia,11332,155.4,1680,1547
Anadolu Efes,Bayern Munich,60,91,3.07,1.48,2018-07-07,2016,EuroLeague,Anadolu Efes,13684,158.6,1513,1639
Panathinaikos,Valencia,60,91,2.66,1.6,2018-07-09,2016,EuroLeague,Panathinaikos,14994,158.6,1589,1677
Zalgiris Kaunas,Milano,60,81,2.7,1.59,2018-07-11,2016,EuroLeague,Zalgiris Kaunas,9095,148.1,1529,1621
Bayern Munich,Partizan,84,92,1.98,2.02,2018-07-13,2016,EuroLeague,Bayern Munich,12116,184.8,1520,1516
Valencia,ASVEL,69,62,2.1,1.91,2018-07-15,2016,EuroLeague,Valencia,11364,137.6,1648,1664
Milano,Real Madrid,76,98,1.72,2.4,2018-07-17,2016,EuroLeague,Milano,14176,182.7,1574,1516
Partizan,Barcelona,74,86,2.02,1.98,2018-07-19,2016,EuroLeague,Partizan,11893,168.0,1661,1664
ASVEL,Fenerbahçe,74,73,2.5,1.67,2018-07-21,2016,EuroLeague,ASVEL,14288,154.3,1598,1668
Real Madrid,Olympiacos,66,85,2.26,1.79,2018-07-23,2016,EuroLeague,Real Madrid,10113,158.6,1654,1694
Barcelona,CSKA Moscow,78,62,2.01,1.99,2018-07-25,2016,EuroLeague,Barcelona,14886,147.0,1560,1561
Fenerbahçe,Maccabi Tel Aviv,86,73,2.28,1.78,2018-07-27,2016,EuroLeague,Fenerbahçe,9847,167.0,1512,1555
Olympiacos,Baskonia,67,71,2.08,1.93,2018-07-29,2016,EuroLeague,Olympiacos,9758,144.9,1637,1650
CSKA Moscow,Anadolu Efes,76,60,1.67,2.49,2018-07-31,2016,EuroLeague,CSKA Moscow,10321,142.8,1645,1576
Maccabi Tel Aviv,Panathinaikos,60,83,3.59,1.39,2018-08-02,2016,EuroLeague,Maccabi Tel Aviv,10295,150.2,1522,1687
Baskonia,Zalgiris Kaunas,94,60,1.61,2.63,2018-08-04,2016,EuroLeague,Baskonia,10573,161.7,1612,1527
Anadolu Efes,Bayern Munich,81,83,2.7,1.59,2018-08-06,2016,EuroLeague,Anadolu Efes,14897,172.2,1534,1626
Panathinaikos,Valencia,79,63,1.71,2.41,2018-08-08,2016,EuroLeague,Panathinaikos,9247,149.1,1629,1569
Zalgiris Kaunas,Milano,77,82,2.49,1.67,2018-08-10,2016,EuroLeague,Zalgiris Kaunas,10957,167.0,1575,1644
Bayern Munich,Partizan,75,75,2.18,1.85,2018-08-12,2016,EuroLeague,Bayern Munich,11736,157.5,1506,1535
Valencia,ASVEL,60,76,2.65,1.61,2018-08-14,2016,EuroLeague,Valencia,10830,142.8,1550,1637
Milano,Real Madrid,69,89,2.6,1.62,2018-08-16,2016,EuroLeague,Milano,9603,165.9,1522,1604
Partizan,Barcelona,75,84,2.12,1.9,2018-08-18,2016,EuroLeague,Partizan,14973,167.0,1596,1615
ASVEL,Fenerbahçe,71,104,2.29,1.78,2018-08-20,2016,EuroLeague,ASVEL,12840,183.8,1639,1683
Real Madrid,Olympiacos,94,73,2.27,1.79,2018-08-22,2016,EuroLeague,Real Madrid,12201,175.3,1561,1602
Barcelona,CSKA Moscow,74,60,2.32,1.76,2018-08-24,2016,EuroLeague,Barcelona,14308,140.7,1635,1683
Fenerbahçe,Maccabi Tel Aviv,60,77,2.19,1.84,2018-08-26,2016,EuroLeague,Fenerbahçe,11561,143.8,1598,1628
Olympiacos,Baskonia,89,86,3.59,1.39,2018-08-28,2016,EuroLeague,Olympiacos,14698,183.8,1522,1687
CSKA Moscow,Anadolu Efes,79,83,2.84,1.54,2018-08-30,2016,EuroLeague,CSKA Moscow,12717,170.1,1544,1650
Maccabi Tel Aviv,Panathinaikos,71,83,2.07,1.94,2018-09-01,2016,EuroLeague,Maccabi Tel Aviv,10274,161.7,1675,1686
Baskonia,Zalgiris Kaunas,97,80,1.55,2.83,2018-09-03,2016,EuroLeague,Baskonia,13498,185.8,1694,1589
Anadolu Efes,Bayern Munich,79,72,2.3,1.77,2018-09-05,2016,EuroLeague,Anadolu Efes,10111,158.6,1651,1697
Panathinaikos,Valencia,86,83,1.52,2.93,2018-09-07,2016,EuroLeague,Panathinaikos,12957,177.5,1682,1568
Zalgiris Kaunas,Milano,97,61,1.72,2.4,2018-09-09,2016,EuroLeague,Zalgiris Kaunas,9560,165.9,1663,1605
Bayern Munich,Partizan,71,86,1.81,2.24,2018-09-11,2016,EuroLeague,Bayern Munich,12593,164.8,1587,1550
Valencia,ASVEL,97,84,1.62,2.61,2018-09-13,2016,EuroLeague,Valencia,13396,190.1,1631,1548
Milano,Real Madrid,67,77,2.09,1.92,2018-09-15,2016,EuroLeague,Milano,12698,151.2,1537,1552
Partizan,Barcelona,98,85,3.57,1.39,2018-09-17,2016,EuroLeague,Partizan,13788,192.2,1535,1699
ASVEL,Fenerbahçe,62,80,1.92,2.08,2018-09-19,2016,EuroLeague,ASVEL,11335,149.1,1662,1648
Real Madrid,Olympiacos,77,90,1.84,2.19,2018-09-21,2016,EuroLeague,Real Madrid,9099,175.3,1647,1617
Barcelona,CSKA Moscow,95,69,2.15,1.87,2018-09-23,2016,EuroLeague,Barcelona,14480,172.2,1523,1547
Fenerbahçe,Maccabi Tel Aviv,74,73,1.64,2.57,2018-09-25,2016,EuroLeague,Fenerbahçe,9302,154.3,1643,1565
Olympiacos,Baskonia,60,83,1.85,2.18,2018-09-27,2016,EuroLeague,Olympiacos,14025,150.2,1574,1545
CSKA Moscow,Anadolu Efes,82,73,2.07,1.94,2018-09-29,2016,EuroLeague,CSKA Moscow,10610,162.8,1638,1649
Maccabi Tel Aviv,Panathinaikos,67,74,2.48,1.68,2018-10-01,2016,EuroLeague,Maccabi Tel Aviv,13635,148.1,1579,1647
Baskonia,Zalgiris Kaunas,61,82,1.89,2.12,2018-10-03,2016,EuroLeague,Baskonia,11513,150.2,1574,1554
Anadolu Efes,Bayern Munich,88,77,1.48,3.07,2018-10-05,2016,EuroLeague,Anadolu Efes,12970,173.2,1693,1567
Panathinaikos,Valencia,77,72,1.57,2.76,2018-10-07,2016,EuroLeague,Panathinaikos,14452,156.5,1633,1535
Zalgiris Kaunas,Milano,81,71,1.6,2.68,2018-10-09,2016,EuroLeague,Zalgiris Kaunas,9532,159.6,1671,1581
Bayern Munich,Partizan,90,94,1.99,2.01,2018-10-11,2016,EuroLeague,Bayern Munich,13576,193.2,1551,1550
Valencia,ASVEL,62,60,2.48,1.68,2018-10-13,2016,EuroLeague,Valencia,13331,128.1,1580,1648
Milano,Real Madrid,72,60,1.86,2.17,2018-10-15,2016,EuroLeague,Milano,14139,138.6,1689,1662
Partizan,Barcelona,74,80,2.91,1.52,2018-10-17,2016,EuroLeague,Partizan,11383,161.7,1540,1652
ASVEL,Fenerbahçe,118,80,1.41,3.44,2018-10-19,2016,EuroLeague,ASVEL,14427,207.9,1698,1543
Real Madrid,Olympiacos,81,85,2.47,1.68,2018-10-21,2016,EuroLeague,Real Madrid,10415,174.3,1503,1570
Barcelona,CSKA Moscow,80,95,2.17,1.85,2018-10-23,2016,EuroLeague,Barcelona,12281,183.8,1664,1692
Fenerbahçe,Maccabi Tel Aviv,95,108,2.31,1.76,2018-10-25,2016,EuroLeague,Fenerbahçe,12466,213.2,1578,1625
Olympiacos,Baskonia,78,99,2.98,1.5,2018-10-27,2016,EuroLeague,Olympiacos,12808,185.8,1511,1630
CSKA Moscow,Anadolu Efes,74,82,2.37,1.73,2018-10-29,2016,EuroLeague,CSKA Moscow,14758,163.8,1606,1661
Maccabi Tel Aviv,Panathinaikos,81,65,1.85,2.18,2018-10-31,2016,EuroLeague,Maccabi Tel Aviv,14166,153.3,1646,1617
Baskonia,Zalgiris Kaunas,100,73,2.36,1.74,2018-11-02,2016,EuroLeague,Baskonia,14051,181.7,1563,1616
Anadolu Efes,Bayern Munich,67,74,1.8,2.25,2018-11-04,2016,EuroLeague,Anadolu Efes,13090,148.1,1683,1644
Panathinaikos,Valencia,90,89,2.78,1.56,2018-11-06,2016,EuroLeague,Panathinaikos,12282,188.0,1520,1620
Zalgiris Kaunas,Milano,72,60,1.58,2.74,2018-11-08,2016,EuroLeague,Zalgiris Kaunas,13516,138.6,1621,1525
Bayern Munich,Partizan,75,85,2.58,1.63,2018-11-10,2016,EuroLeague,Bayern Munich,11190,168.0,1585,1664
Valencia,ASVEL,97,64,2.27,1.79,2018-11-12,2016,EuroLeague,Valencia,10720,169.1,1605,1647
Milano,Real Madrid,109,72,1.45,3.2,2018-11-14,2016,EuroLeague,Milano,10758,190.1,1646,1509
Partizan,Barcelona,75,74,2.46,1.68,2018-11-16,2016,EuroLeague,Partizan,9189,156.5,1568,1634
ASVEL,Fenerbahçe,89,71,3.44,1.41,2018-11-18,2016,EuroLeague,ASVEL,11253,168.0,1537,1692
Real Madrid,Olympiacos,66,69,2.42,1.7,2018-11-20,2016,EuroLeague,Real Madrid,10222,141.8,1513,1574
Barcelona,CSKA Moscow,85,75,1.74,2.35,2018-11-22,2016,EuroLeague,Barcelona,12180,168.0,1576,1524
Fenerbahçe,Maccabi Tel Aviv,65,68,2.01,1.99,2018-11-24,2016,EuroLeague,Fenerbahçe,12469,139.7,1591,1592
Olympiacos,Baskonia,68,60,3.02,1.5,2018-11-26,2016,EuroLeague,Olympiacos,13579,134.4,1523,1645
CSKA Moscow,Anadolu Efes,68,79,1.72,2.38,2018-11-28,2016,EuroLeague,CSKA Moscow,12185,154.3,1682,1626
Maccabi Tel Aviv,Panathinaikos,83,81,1.8,2.25,2018-11-30,2016,EuroLeague,Maccabi Tel Aviv,13761,172.2,1569,1530
Baskonia,Zalgiris Kaunas,73,88,3.1,1.48,2018-12-02,2016,EuroLeague,Baskonia,13482,169.1,1515,1644
Anadolu Efes,Bayern Munich,88,72,1.89,2.12,2018-12-04,2016,EuroLeague,Anadolu Efes,11282,168.0,1524,1504
Panathinaikos,Valencia,74,66,1.59,2.71,2018-12-06,2016,EuroLeague,Panathinaikos,13954,147.0,1663,1570
Zalgiris Kaunas,Milano,71,91,1.93,2.08,2018-12-08,2016,EuroLeague,Zalgiris Kaunas,14741,170.1,1550,1537
Bayern Munich,Partizan,67,77,3.53,1.4,2018-12-10,2016,EuroLeague,Bayern Munich,10587,151.2,1520,1681
Valencia,ASVEL,60,90,2.33,1.75,2018-12-12,2016,EuroLeague,Valencia,9129,157.5,1560,1610
Milano,Real Madrid,73,92,2.3,1.77,2018-12-14,2016,EuroLeague,Milano,12990,173.2,1589,1635
Partizan,Barcelona,87,86,3.44,1.41,2018-12-16,2016,EuroLeague,Partizan,13453,181.7,1545,1700
ASVEL,Fenerbahçe,100,73,1.75,2.33,2018-12-18,2016,EuroLeague,ASVEL,12932,181.7,1661,1612
Real Madrid,Olympiacos,87,60,2.07,1.93,2018-12-20,2016,EuroLeague,Real Madrid,14337,154.3,1662,1674
Barcelona,CSKA Moscow,91,60,2.22,1.82,2018-12-22,2016,EuroLeague,Barcelona,10312,158.6,1665,1699
Fenerbahçe,Maccabi Tel Aviv,98,63,1.53,2.87,2018-12-24,2016,EuroLeague,Fenerbahçe,12571,169.1,1673,1564
Olympiacos,Baskonia,68,80,1.68,2.47,2018-12-26,2016,EuroLeague,Olympiacos,14281,155.4,1609,1542
CSKA Moscow,Anadolu Efes,77,101,2.88,1.53,2018-12-28,2016,EuroLeague,CSKA Moscow,9989,186.9,1547,1657
Maccabi Tel Aviv,Panathinaikos,101,80,1.94,2.06,2018-12-30,2016,EuroLeague,Maccabi Tel Aviv,9813,190.1,1693,1683
Baskonia,Zalgiris Kaunas,91,79,2.86,1.54,2019-01-01,2016,EuroLeague,Baskonia,9037,178.5,1570,1678
Anadolu Efes,Bayern Munich,80,73,1.81,2.24,2019-01-03,2016,EuroLeague,Anadolu Efes,9499,160.7,1686,1649
Panathinaikos,Valencia,85,74,1.94,2.06,2019-01-05,2016,EuroLeague,Panathinaikos,13118,167.0,1513,1503
Zalgiris Kaunas,Milano,93,104,1.96,2.04,2019-01-07,2016,EuroLeague,Zalgiris Kaunas,12559,206.9,1688,1681
Bayern Munich,Partizan,70,62,2.14,1.88,2019-01-09,2016,EuroLeague,Bayern Munich,14912,138.6,1628,1651
Valencia,ASVEL,101,76,1.81,2.23,2019-01-11,2016,EuroLeague,Valencia,9705,185.8,1683,1647
Milano,Real Madrid,96,66,2.01,1.99,2019-01-13,2016,EuroLeague,Milano,11005,170.1,1642,1644
Partizan,Barcelona,71,73,1.76,2.32,2019-01-15,2016,EuroLeague,Partizan,9415,151.2,1613,1565
ASVEL,Fenerbahçe,86,86,1.97,2.03,2019-01-17,2016,EuroLeague,ASVEL,13439,180.6,1507,1502
Real Madrid,Olympiacos,86,89,2.57,1.64,2019-01-19,2016,EuroLeague,Real Madrid,13648,183.8,1573,1651
Barcelona,CSKA Moscow,60,76,1.93,2.08,2019-01-21,2016,EuroLeague,Barcelona,14551,142.8,1691,1678
Fenerbahçe,Maccabi Tel Aviv,75,75,1.42,3.37,2019-01-23,2016,EuroLeague,Fenerbahçe,12974,157.5,1664,1514
Olympiacos,Baskonia,61,60,1.51,2.97,2019-01-25,2016,EuroLeague,Olympiacos,14161,127.1,1649,1531
CSKA Moscow,Anadolu Efes,71,80,2.12,1.89,2019-01-27,2016,EuroLeague,CSKA Moscow,14908,158.6,1605,1625
Maccabi Tel Aviv,Panathinaikos,86,80,2.88,1.53,2019-01-29,2016,EuroLeague,Maccabi Tel Aviv,11726,174.3,1505,1615
Baskonia,Zalgiris Kaunas,94,63,1.51,2.95,2019-01-31,2016,EuroLeague,Baskonia,13804,164.8,1647,1531
Anadolu Efes,Bayern Munich,81,76,1.95,2.05,2019-02-02,2016,EuroLeague,Anadolu Efes,9847,164.8,1699,1690
Panathinaikos,Valencia,83,69,1.43,3.33,2019-02-04,2016,EuroLeague,Panathinaikos,14714,159.6,1672,1525
Zalgiris Kaunas,Milano,64,72,1.61,2.64,2019-02-06,2016,EuroLeague,Zalgiris Kaunas,11739,142.8,1605,1519
Bayern Munich,Partizan,76,83,1.59,2.71,2019-02-08,2016,EuroLeague,Bayern Munich,12862,167.0,1697,1604
Valencia,ASVEL,81,104,2.36,1.73,2019-02-10,2016,EuroLeague,Valencia,13197,194.2,1545,1599
Milano,Real Madrid,104,60,1.72,2.39,2019-02-12,2016,EuroLeague,Milano,11891,172.2,1561,1504
Partizan,Barcelona,79,80,1.62,2.6,2019-02-14,2016,EuroLeague,Partizan,13218,167.0,1667,1585
ASVEL,Fenerbahçe,84,66,1.65,2.55,2019-02-16,2016,EuroLeague,ASVEL,10118,157.5,1686,1610
Real Madrid,Olympiacos,87,78,1.56,2.79,2019-02-18,2016,EuroLeague,Real Madrid,14348,173.2,1650,1549
Barcelona,CSKA Moscow,90,92,1.95,2.05,2019-02-20,2016,EuroLeague,Barcelona,13384,191.1,1563,1555
Fenerbahçe,Maccabi Tel Aviv,72,60,1.34,3.92,2019-02-22,2016,EuroLeague,Fenerbahçe,14264,138.6,1691,1505
Olympiacos,Baskonia,81,60,1.66,2.52,2019-02-24,2016,EuroLeague,Olympiacos,12479,148.1,1674,1601
CSKA Moscow,Anadolu Efes,74,88,2.72,1.58,2019-02-26,2016,EuroLeague,CSKA Moscow,11010,170.1,1535,1629
Maccabi Tel Aviv,Panathinaikos,90,75,1.53,2.87,2019-02-28,2016,EuroLeague,Maccabi Tel Aviv,10053,173.2,1657,1548
Baskonia,Zalgiris Kaunas,71,93,3.3,1.43,2019-03-02,2016,EuroLeague,Baskonia,10135,172.2,1545,1690
Anadolu Efes,Bayern Munich,77,87,3.21,1.45,2019-03-04,2016,EuroLeague,Anadolu Efes,11222,172.2,1527,1665
Panathinaikos,Valencia,80,75,2.07,1.94,2019-03-06,2016,EuroLeague,Panathinaikos,9282,162.8,1619,1630
Zalgiris Kaunas,Milano,87,83,2.04,1.96,2019-03-08,2016,EuroLeague,Zalgiris Kaunas,13623,178.5,1578,1585
Bayern Munich,Partizan,98,74,1.44,3.28,2019-03-10,2016,EuroLeague,Bayern Munich,13097,180.6,1668,1525
Valencia,ASVEL,81,79,3.32,1.43,2019-03-12,2016,EuroLeague,Valencia,11162,168.0,1538,1684
Milano,Real Madrid,64,76,1.7,2.44,2019-03-14,2016,EuroLeague,Milano,13690,147.0,1614,1551
Partizan,Barcelona,64,80,1.76,2.32,2019-03-16,2016,EuroLeague,Partizan,14940,151.2,1607,1559
ASVEL,Fenerbahçe,97,89,1.66,2.51,2019-03-18,2016,EuroLeague,ASVEL,12907,195.3,1585,1513
Real Madrid,Olympiacos,79,76,1.95,2.05,2019-03-20,2016,EuroLeague,Real Madrid,11753,162.8,1660,1652
Barcelona,CSKA Moscow,64,88,3.8,1.36,2019-03-22,2016,EuroLeague,Barcelona,10442,159.6,1516,1695
Fenerbahçe,Maccabi Tel Aviv,93,70,1.59,2.69,2019-03-24,2016,EuroLeague,Fenerbahçe,9665,171.2,1643,1552
Olympiacos,Baskonia,79,78,2.94,1.52,2019-03-26,2016,EuroLeague,Olympiacos,12716,164.8,1519,1634
CSKA Moscow,Anadolu Efes,74,82,1.76,2.32,2019-03-28,2016,EuroLeague,CSKA Moscow,14282,163.8,1595,1547
Maccabi Tel Aviv,Panathinaikos,69,103,2.08,1.93,2019-03-30,2016,EuroLeague,Maccabi Tel Aviv,12319,180.6,1665,1678
Baskonia,Zalgiris Kaunas,75,89,2.14,1.88,2019-04-01,2016,EuroLeague,Baskonia,10991,172.2,1504,1526
Anadolu Efes,Bayern Munich,73,77,2.06,1.94,2019-04-03,2016,EuroLeague,Anadolu Efes,11696,157.5,1676,1686
Panathinaikos,Valencia,83,79,1.97,2.03,2019-04-05,2016,EuroLeague,Panathinaikos,12453,170.1,1615,1610
Zalgiris Kaunas,Milano,110,72,1.41,3.43,2019-04-07,2016,EuroLeague,Zalgiris Kaunas,11806,191.1,1679,1525
Bayern Munich,Partizan,69,83,3.05,1.49,2019-04-09,2016,EuroLeague,Bayern Munich,13503,159.6,1529,1654
Valencia,ASVEL,72,75,2.15,1.87,2019-04-11,2016,EuroLeague,Valencia,10326,154.3,1654,1678
Milano,Real Madrid,71,89,1.43,3.32,2019-04-13,2016,EuroLeague,Milano,11806,168.0,1650,1504
Partizan,Barcelona,79,76,1.75,2.33,2019-04-15,2016,EuroLeague,Partizan,10380,162.8,1570,1520
ASVEL,Fenerbahçe,95,77,1.92,2.09,2019-04-17,2016,EuroLeague,ASVEL,14839,180.6,1541,1526
Real Madrid,Olympiacos,76,71,2.5,1.67,2019-04-19,2016,EuroLeague,Real Madrid,9117,154.3,1582,1652
Barcelona,CSKA Moscow,84,83,2.64,1.61,2019-04-21,2016,EuroLeague,Barcelona,10507,175.3,1501,1587
Fenerbahçe,Maccabi Tel Aviv,78,91,1.54,2.84,2019-04-23,2016,EuroLeague,Fenerbahçe,9167,177.5,1667,1561
Olympiacos,Baskonia,86,81,1.8,2.24,2019-04-25,2016,EuroLeague,Olympiacos,12083,175.3,1655,1617
CSKA Moscow,Anadolu Efes,88,84,1.38,3.66,2019-04-27,2016,EuroLeague,CSKA Moscow,11987,180.6,1693,1523
Maccabi Tel Aviv,Panathinaikos,84,75,2.97,1.51,2019-04-29,2016,EuroLeague,Maccabi Tel Aviv,10024,167.0,1542,1660
Baskonia,Zalgiris Kaunas,91,60,2.46,1.68,2019-05-01,2016,EuroLeague,Baskonia,13821,158.6,1587,1653
Anadolu Efes,Bayern Munich,106,79,2.29,1.78,2019-05-03,2016,EuroLeague,Anadolu Efes,12051,194.2,1598,1642
Panathinaikos,Valencia,71,73,1.99,2.01,2019-05-05,2016,EuroLeague,Panathinaikos,14445,151.2,1523,1521
Zalgiris Kaunas,Milano,91,82,1.55,2.82,2019-05-07,2016,EuroLeague,Zalgiris Kaunas,12958,181.7,1678,1574
Bayern Munich,Partizan,85,91,2.47,1.68,2019-05-09,2016,EuroLeague,Bayern Munich,11938,184.8,1548,1615
Valencia,ASVEL,60,60,2.25,1.8,2019-05-11,2016,EuroLeague,Valencia,13691,126.0,1520,1559
Milano,Real Madrid,71,72,1.41,3.43,2019-05-13,2016,EuroLeague,Milano,13894,150.2,1660,1506
Partizan,Barcelona,63,60,2.15,1.87,2019-05-15,2016,EuroLeague,Partizan,12087,129.2,1607,1632
ASVEL,Fenerbahçe,69,89,1.48,3.08,2019-05-17,2016,EuroLeague,ASVEL,9075,165.9,1653,1526
Real Madrid,Olympiacos,87,69,2.14,1.88,2019-05-19,2016,EuroLeague,Real Madrid,10667,163.8,1515,1538
Barcelona,CSKA Moscow,81,70,1.63,2.59,2019-05-21,2016,EuroLeague,Barcelona,13891,158.6,1692,1611
Fenerbahçe,Maccabi Tel Aviv,69,74,1.99,2.01,2019-05-23,2016,EuroLeague,Fenerbahçe,10453,150.2,1606,1605
Olympiacos,Baskonia,75,61,1.9,2.12,2019-05-25,2016,EuroLeague,Olympiacos,10299,142.8,1621,1602
CSKA Moscow,Anadolu Efes,94,73,1.63,2.58,2019-05-27,2016,EuroLeague,CSKA Moscow,9952,175.3,1606,1527
Maccabi Tel Aviv,Panathinaikos,78,80,2.42,1.7,2019-05-29,2016,EuroLeague,Maccabi Tel Aviv,13306,165.9,1621,1682
Baskonia,Zalgiris Kaunas,89,60,1.6,2.67,2019-05-31,2016,EuroLeague,Baskonia,9391,156.5,1628,1539
Anadolu Efes,Bayern Munich,100,87,2.04,1.97,2019-06-02,2016,EuroLeague,Anadolu Efes,9908,196.3,1658,1664
Panathinaikos,Valencia,79,94,2.36,1.73,2019-06-04,2016,EuroLeague,Panathinaikos,9304,181.7,1509,1563
Zalgiris Kaunas,Milano,85,67,2.32,1.76,2019-06-06,2016,EuroLeague,Zalgiris Kaunas,14150,159.6,1522,1570
Bayern Munich,Partizan,68,89,2.56,1.64,2019-06-08,2016,EuroLeague,Bayern Munich,14694,164.8,1612,1689
Valencia,ASVEL,78,79,1.63,2.58,2019-06-10,2016,EuroLeague,Valencia,12080,164.8,1644,1565
Milano,Real Madrid,82,61,2.4,1.71,2019-06-12,2016,EuroLeague,Milano,9997,150.2,1542,1601
Partizan,Barcelona,82,87,1.43,3.3,2019-06-14,2016,EuroLeague,Partizan,13780,177.5,1695,1550
ASVEL,Fenerbahçe,80,81,2.44,1.7,2019-06-16,2016,EuroLeague,ASVEL,9220,169.1,1538,1601
Real Madrid,Olympiacos,94,81,1.75,2.33,2019-06-18,2016,EuroLeague,Real Madrid,13762,183.8,1559,1509
Barcelona,CSKA Moscow,89,68,1.62,2.6,2019-06-20,2016,EuroLeague,Barcelona,11385,164.8,1642,1560
Fenerbahçe,Maccabi Tel Aviv,60,100,3.72,1.37,2019-06-22,2016,EuroLeague,Fenerbahçe,13984,168.0,1514,1688
Olympiacos,Baskonia,106,71,1.43,3.32,2019-06-24,2016,EuroLeague,Olympiacos,14147,185.8,1689,1543
CSKA Moscow,Anadolu Efes,106,62,1.62,2.62,2019-06-26,2016,EuroLeague,CSKA Moscow,14777,176.4,1643,1559
Maccabi Tel Aviv,Panathinaikos,72,94,2.3,1.77,2019-06-28,2016,EuroLeague,Maccabi Tel Aviv,11022,174.3,1519,1565
Baskonia,Zalgiris Kaunas,77,72,2.14,1.88,2019-06-30,2016,EuroLeague,Baskonia,13711,156.5,1501,1524
Anadolu Efes,Bayern Munich,77,68,1.43,3.34,2019-07-02,2016,EuroLeague,Anadolu Efes,14264,152.2,1679,1531
Panathinaikos,Valencia,113,96,2.29,1.78,2019-07-04,2016,EuroLeague,Panathinaikos,14994,219.5,1580,1624
Zalgiris Kaunas,Milano,78,75,2.58,1.63,2019-07-06,2016,EuroLeague,Zalgiris Kaunas,9327,160.7,1502,1581
Bayern Munich,Partizan,73,64,2.45,1.69,2019-07-08,2016,EuroLeague,Bayern Munich,9396,143.8,1601,1665
Valencia,ASVEL,100,100,1.98,2.02,2019-07-10,2016,EuroLeague,Valencia,9660,210.0,1650,1646
Milano,Real Madrid,71,95,2.91,1.52,2019-07-12,2016,EuroLeague,Milano,10337,174.3,1513,1625
Partizan,Barcelona,91,90,1.99,2.01,2019-07-14,2016,EuroLeague,Partizan,10428,190.1,1689,1688
ASVEL,Fenerbahçe,86,86,1.82,2.22,2019-07-16,2016,EuroLeague,ASVEL,12750,180.6,1690,1655
Real Madrid,Olympiacos,85,86,1.98,2.02,2019-07-18,2016,EuroLeague,Real Madrid,14122,179.6,1687,1684
Barcelona,CSKA Moscow,69,86,1.98,2.02,2019-07-20,2016,EuroLeague,Barcelona,13577,162.8,1673,1670
Fenerbahçe,Maccabi Tel Aviv,73,77,1.66,2.52,2019-07-22,2016,EuroLeague,Fenerbahçe,11188,157.5,1665,1592
Olympiacos,Baskonia,80,89,1.85,2.18,2019-07-24,2016,EuroLeague,Olympiacos,12871,177.5,1576,1547
CSKA Moscow,Anadolu Efes,72,77,1.91,2.1,2019-07-26,2016,EuroLeague,CSKA Moscow,11448,156.5,1698,1681
Maccabi Tel Aviv,Panathinaikos,65,94,2.96,1.51,2019-07-28,2016,EuroLeague,Maccabi Tel Aviv,14716,167.0,1519,1636
Baskonia,Zalgiris Kaunas,87,60,1.73,2.36,2019-07-30,2016,EuroLeague,Baskonia,14582,154.3,1690,1636
Anadolu Efes,Bayern Munich,68,70,1.75,2.33,2019-08-01,2016,EuroLeague,Anadolu Efes,10637,144.9,1675,1626
Panathinaikos,Valencia,106,87,1.84,2.2,2019-08-03,2016,EuroLeague,Panathinaikos,13603,202.7,1690,1659
Zalgiris Kaunas,Milano,60,79,1.68,2.47,2019-08-05,2016,EuroLeague,Zalgiris Kaunas,13921,146.0,1625,1558
Bayern Munich,Partizan,83,73,2.09,1.92,2019-08-07,2016,EuroLeague,Bayern Munich,12660,163.8,1631,1646
Valencia,ASVEL,104,63,1.8,2.25,2019-08-09,2016,EuroLeague,Valencia,10029,175.3,1688,1649
Milano,Real Madrid,81,67,1.76,2.32,2019-08-11,2016,EuroLeague,Milano,10151,155.4,1681,1633
Partizan,Barcelona,87,73,1.91,2.1,2019-08-13,2016,EuroLeague,Partizan,9518,168.0,1666,1649
ASVEL,Fenerbahçe,88,69,3.13,1.47,2019-08-15,2016,EuroLeague,ASVEL,9613,164.8,1512,1643
Real Madrid,Olympiacos,107,63,1.48,3.1,2019-08-17,2016,EuroLeague,Real Madrid,9990,178.5,1700,1571
Barcelona,CSKA Moscow,70,69,2.17,1.86,2019-08-19,2016,EuroLeague,Barcelona,9706,146.0,1591,1618
Fenerbahçe,Maccabi Tel Aviv,69,86,1.48,3.1,2019-08-21,2016,EuroLeague,Fenerbahçe,12092,162.8,1637,1508
Olympiacos,Baskonia,110,76,1.84,2.2,2019-08-23,2016,EuroLeague,Olympiacos,10295,195.3,1656,1625
CSKA Moscow,Anadolu Efes,90,63,2.69,1.59,2019-08-25,2016,EuroLeague,CSKA Moscow,13513,160.7,1564,1655
Maccabi Tel Aviv,Panathinaikos,84,80,2.04,1.97,2019-08-27,2016,EuroLeague,Maccabi Tel Aviv,14192,172.2,1528,1534
Baskonia,Zalgiris Kaunas,60,102,3.57,1.39,2019-08-29,2016,EuroLeague,Baskonia,9272,170.1,1504,1668
Anadolu Efes,Bayern Munich,77,91,3.32,1.43,2019-08-31,2016,EuroLeague,Anadolu Efes,13935,176.4,1540,1686
Panathinaikos,Valencia,105,67,1.47,3.15,2019-09-02,2016,EuroLeague,Panathinaikos,11760,180.6,1650,1517
Zalgiris Kaunas,Milano,66,72,1.79,2.26,2019-09-04,2016,EuroLeague,Zalgiris Kaunas,10444,144.9,1700,1660
Bayern Munich,Partizan,74,68,1.73,2.37,2019-09-06,2016,EuroLeague,Bayern Munich,11446,149.1,1627,1572
Valencia,ASVEL,60,78,3.09,1.48,2019-09-08,2016,EuroLeague,Valencia,11082,144.9,1552,1680
Milano,Real Madrid,63,64,1.79,2.27,2019-09-10,2016,EuroLeague,Milano,9395,133.3,1673,1631
Partizan,Barcelona,95,72,1.9,2.11,2019-09-12,2016,EuroLeague,Partizan,13025,175.3,1594,1576
ASVEL,Fenerbahçe,89,65,1.47,3.13,2019-09-14,2016,EuroLeague,ASVEL,10004,161.7,1699,1568
Real Madrid,Olympiacos,81,78,3.99,1.33,2019-09-16,2016,EuroLeague,Real Madrid,11422,167.0,1510,1700
Barcelona,CSKA Moscow,60,66,1.89,2.12,2019-09-18,2016,EuroLeague,Barcelona,14801,132.3,1637,1617
Fenerbahçe,Maccabi Tel Aviv,81,73,1.51,2.95,2019-09-20,2016,EuroLeague,Fenerbahçe,13238,161.7,1641,1525
Olympiacos,Baskonia,85,83,1.97,2.03,2019-09-22,2016,EuroLeague,Olympiacos,10783,176.4,1696,1691
CSKA Moscow,Anadolu Efes,92,60,1.75,2.34,2019-09-24,2016,EuroLeague,CSKA Moscow,10282,159.6,1639,1588
Maccabi Tel Aviv,Panathinaikos,76,87,2.15,1.87,2019-09-26,2016,EuroLeague,Maccabi Tel Aviv,9753,171.2,1641,1665
Baskonia,Zalgiris Kaunas,74,69,2.07,1.94,2019-09-28,2016,EuroLeague,Baskonia,9721,150.2,1637,1648
Anadolu Efes,Bayern Munich,76,82,2.3,1.77,2019-09-30,2016,EuroLeague,Anadolu Efes,12405,165.9,1628,1674
Panathinaikos,Valencia,71,91,2.14,1.88,2019-10-02,2016,EuroLeague,Panathinaikos,9354,170.1,1601,1623
Zalgiris Kaunas,Milano,80,60,1.92,2.08,2019-10-04,2016,EuroLeague,Zalgiris Kaunas,14735,147.0,1534,1520
Bayern Munich,Partizan,90,79,2.89,1.53,2019-10-06,2016,EuroLeague,Bayern Munich,9869,177.5,1509,1620
Valencia,ASVEL,97,63,2.49,1.67,2019-10-08,2016,EuroLeague,Valencia,12601,168.0,1619,1688
Milano,Real Madrid,61,86,2.13,1.89,2019-10-10,2016,EuroLeague,Milano,9238,154.3,1601,1622
Partizan,Barcelona,75,84,1.86,2.17,2019-10-12,2016,EuroLeague,Partizan,13312,167.0,1543,1516
ASVEL,Fenerbahçe,65,101,2.74,1.58,2019-10-14,2016,EuroLeague,ASVEL,9728,174.3,1518,1614
Real Madrid,Olympiacos,71,72,1.7,2.42,2019-10-16,2016,EuroLeague,Real Madrid,12964,150.2,1700,1639
Barcelona,CSKA Moscow,71,67,2.52,1.66,2019-10-18,2016,EuroLeague,Barcelona,13156,144.9,1571,1644
Fenerbahçe,Maccabi Tel Aviv,79,78,2.27,1.79,2019-10-20,2016,EuroLeague,Fenerbahçe,14447,164.8,1520,1561
Olympiacos,Baskonia,83,67,1.63,2.58,2019-10-22,2016,EuroLeague,Olympiacos,13133,157.5,1600,1520
CSKA Moscow,Anadolu Efes,68,69,1.86,2.16,2019-10-24,2016,EuroLeague,CSKA Moscow,9961,143.8,1619,1593
Maccabi Tel Aviv,Panathinaikos,69,83,1.7,2.44,2019-10-26,2016,EuroLeague,Maccabi Tel Aviv,13594,159.6,1619,1556
Baskonia,Zalgiris Kaunas,94,78,2.68,1.6,2019-10-28,2016,EuroLeague,Baskonia,9782,180.6,1506,1596
Anadolu Efes,Bayern Munich,76,78,1.8,2.24,2019-10-30,2016,EuroLeague,Anadolu Efes,9242,161.7,1558,1520
Panathinaikos,Valencia,79,67,2.3,1.77,2019-11-01,2016,EuroLeague,Panathinaikos,12162,153.3,1550,1596
Zalgiris Kaunas,Milano,64,92,2.25,1.8,2019-11-03,2016,EuroLeague,Zalgiris Kaunas,9861,163.8,1617,1656
Bayern Munich,Partizan,76,71,2.28,1.78,2019-11-05,2016,EuroLeague,Bayern Munich,11171,154.3,1613,1656
Valencia,ASVEL,88,72,1.51,2.96,2019-11-07,2016,EuroLeague,Valencia,13922,168.0,1645,1528
Milano,Real Madrid,85,72,2.14,1.88,2019-11-09,2016,EuroLeague,Milano,12103,164.8,1647,1670
Partizan,Barcelona,80,76,1.87,2.15,2019-11-11,2016,EuroLeague,Partizan,10886,163.8,1631,1606
ASVEL,Fenerbahçe,110,82,2.07,1.93,2019-11-13,2016,EuroLeague,ASVEL,14969,201.6,1587,1599
Real Madrid,Olympiacos,75,84,2.09,1.92,2019-11-15,2016,EuroLeague,Real Madrid,11488,167.0,1518,1533
Barcelona,CSKA Moscow,74,90,2.73,1.58,2019-11-17,2016,EuroLeague,Barcelona,13205,172.2,1563,1658
Fenerbahçe,Maccabi Tel Aviv,66,81,2.17,1.86,2019-11-19,2016,EuroLeague,Fenerbahçe,9519,154.3,1539,1566
Olympiacos,Baskonia,90,67,1.88,2.14,2019-11-21,2016,EuroLeague,Olympiacos,13938,164.8,1539,1517
CSKA Moscow,Anadolu Efes,62,61,2.27,1.79,2019-11-23,2016,EuroLeague,CSKA Moscow,13964,129.2,1624,1665
Maccabi Tel Aviv,Panathinaikos,85,76,1.92,2.09,2019-11-25,2016,EuroLeague,Maccabi Tel Aviv,10398,169.1,1674,1659
Baskonia,Zalgiris Kaunas,93,82,2.03,1.97,2019-11-27,2016,EuroLeague,Baskonia,12343,183.8,1655,1660
Anadolu Efes,Bayern Munich,88,71,2.18,1.85,2019-11-29,2016,EuroLeague,Anadolu Efes,12907,167.0,1655,1684
Panathinaikos,Valencia,80,86,1.78,2.29,2019-12-01,2016,EuroLeague,Panathinaikos,14462,174.3,1551,1507
Zalgiris Kaunas,Milano,68,78,2.45,1.69,2019-12-03,2016,EuroLeague,Zalgiris Kaunas,12216,153.3,1512,1576
Bayern Munich,Partizan,94,64,1.95,1.95,2019-12-05,2016,EuroLeague,Bayern Munich,9436,165.9,1501,1501
Valencia,ASVEL,70,61,1.99,2.01,2019-12-07,2016,EuroLeague,Valencia,12927,137.6,1535,1534
Milano,Real Madrid,106,94,2.91,1.52,2019-12-09,2016,EuroLeague,Milano,9986,210.0,1532,1644
Partizan,Barcelona,60,81,2.62,1.62,2019-12-11,2016,EuroLeague,Partizan,12863,148.1,1510,1594
ASVEL,Fenerbahçe,60,60,2.03,1.97,2019-12-13,2016,EuroLeague,ASVEL,11512,126.0,1545,1550
Real Madrid,Olympiacos,83,60,1.73,2.37,2019-12-15,2016,EuroLeague,Real Madrid,13666,150.2,1643,1588
Barcelona,CSKA Moscow,75,63,2.01,1.99,2019-12-17,2016,EuroLeague,Barcelona,9922,144.9,1530,1531
Fenerbahçe,Maccabi Tel Aviv,71,84,2.51,1.66,2019-12-19,2016,EuroLeague,Fenerbahçe,14911,162.8,1581,1653
Olympiacos,Baskonia,79,92,1.52,2.92,2019-12-21,2016,EuroLeague,Olympiacos,12273,179.6,1696,1583
CSKA Moscow,Anadolu Efes,86,84,2.29,1.78,2019-12-23,2016,EuroLeague,CSKA Moscow,13837,178.5,1505,1549
Maccabi Tel Aviv,Panathinaikos,108,78,1.5,3.02,2019-12-25,2016,EuroLeague,Maccabi Tel Aviv,10420,195.3,1624,1502
Baskonia,Zalgiris Kaunas,60,99,3.87,1.35,2019-12-27,2016,EuroLeague,Baskonia,11316,167.0,1515,1698
Anadolu Efes,Bayern Munich,89,91,2.07,1.94,2019-12-29,2016,EuroLeague,Anadolu Efes,14940,189.0,1650,1661
Panathinaikos,Valencia,79,86,2.41,1.71,2019-12-31,2016,EuroLeague,Panathinaikos,11306,173.2,1552,1612
Zalgiris Kaunas,Milano,84,90,2.83,1.55,2020-01-02,2016,EuroLeague,Zalgiris Kaunas,14356,182.7,1591,1696
Bayern Munich,Partizan,93,66,1.87,2.15,2020-01-04,2016,EuroLeague,Bayern Munich,9077,167.0,1585,1560
Valencia,ASVEL,86,62,1.58,2.74,2020-01-06,2016,EuroLeague,Valencia,13782,155.4,1606,1510
Milano,Real Madrid,81,74,1.9,2.11,2020-01-08,2016,EuroLeague,Milano,11482,162.8,1593,1575
Partizan,Barcelona,74,82,2.3,1.77,2020-01-10,2016,EuroLeague,Partizan,11719,163.8,1626,1671
ASVEL,Fenerbahçe,63,60,2.22,1.82,2020-01-12,2016,EuroLeague,ASVEL,12591,129.2,1602,1637
Real Madrid,Olympiacos,72,90,2.01,1.99,2020-01-14,2016,EuroLeague,Real Madrid,14884,170.1,1559,1560
Barcelona,CSKA Moscow,60,62,1.52,2.94,2020-01-16,2016,EuroLeague,Barcelona,14942,128.1,1657,1542
Fenerbahçe,Maccabi Tel Aviv,63,85,2.26,1.79,2020-01-18,2016,EuroLeague,Fenerbahçe,14989,155.4,1639,1679
Olympiacos,Baskonia,63,69,2.15,1.87,2020-01-20,2016,EuroLeague,Olympiacos,14121,138.6,1667,1692
CSKA Moscow,Anadolu Efes,74,80,1.68,2.46,2020-01-22,2016,EuroLeague,CSKA Moscow,12109,161.7,1686,1620
Maccabi Tel Aviv,Panathinaikos,70,86,2.17,1.86,2020-01-24,2016,EuroLeague,Maccabi Tel Aviv,9360,163.8,1651,1678
Baskonia,Zalgiris Kaunas,85,73,2.14,1.88,2020-01-26,2016,EuroLeague,Baskonia,13083,165.9,1533,1556
Anadolu Efes,Bayern Munich,60,75,1.83,2.21,2020-01-28,2016,EuroLeague,Anadolu Efes,10396,141.8,1621,1588
Panathinaikos,Valencia,90,60,1.66,2.5,2020-01-30,2016,EuroLeague,Panathinaikos,9857,157.5,1649,1578
Zalgiris Kaunas,Milano,75,72,1.72,2.39,2020-02-01,2016,EuroLeague,Zalgiris Kaunas,14340,154.3,1626,1569
Bayern Munich,Partizan,66,66,2.08,1.92,2020-02-03,2016,EuroLeague,Bayern Munich,11312,138.6,1643,1657
Valencia,ASVEL,60,80,2.32,1.76,2020-02-05,2016,EuroLeague,Valencia,11005,147.0,1558,1606
Milano,Real Madrid,78,87,2.05,1.95,2020-02-07,2016,EuroLeague,Milano,10981,173.2,1590,1599
Partizan,Barcelona,86,69,1.48,3.09,2020-02-09,2016,EuroLeague,Partizan,10814,162.8,1695,1567
ASVEL,Fenerbahçe,104,87,2.69,1.59,2020-02-11,2016,EuroLeague,ASVEL,14555,200.6,1567,1658
Real Madrid,Olympiacos,66,60,1.97,2.03,2020-02-13,2016,EuroLeague,Real Madrid,13137,132.3,1660,1655
Barcelona,CSKA Moscow,79,91,1.64,2.57,2020-02-15,2016,EuroLeague,Barcelona,12924,178.5,1622,1544
Fenerbahçe,Maccabi Tel Aviv,90,73,1.55,2.82,2020-02-17,2016,EuroLeague,Fenerbahçe,12109,171.2,1694,1590
Olympiacos,Baskonia,101,68,1.73,2.37,2020-02-19,2016,EuroLeague,Olympiacos,9013,177.5,1565,1510
CSKA Moscow,Anadolu Efes,62,84,2.5,1.67,2020-02-21,2016,EuroLeague,CSKA Moscow,12035,153.3,1552,1622
Maccabi Tel Aviv,Panathinaikos,94,85,3.53,1.4,2020-02-23,2016,EuroLeague,Maccabi Tel Aviv,12646,188.0,1525,1686
Baskonia,Zalgiris Kaunas,98,75,2.33,1.75,2020-02-25,2016,EuroLeague,Baskonia,12943,181.7,1595,1645
Anadolu Efes,Bayern Munich,86,81,2.24,1.81,2020-02-27,2016,EuroLeague,Anadolu Efes,9699,175.3,1516,1553
Panathinaikos,Valencia,80,60,2.83,1.55,2020-02-29,2016,EuroLeague,Panathinaikos,10395,147.0,1582,1687
Zalgiris Kaunas,Milano,84,60,1.63,2.59,2020-03-02,2016,EuroLeague,Zalgiris Kaunas,11167,151.2,1603,1522
Bayern Munich,Partizan,85,70,1.7,2.43,2020-03-04,2016,EuroLeague,Bayern Munich,10724,162.8,1597,1535
Valencia,ASVEL,71,65,1.34,3.92,2020-03-06,2016,EuroLeague,Valencia,12308,142.8,1689,1503
Milano,Real Madrid,67,87,2.87,1.53,2020-03-08,2016,EuroLeague,Milano,12982,161.7,1569,1678
Partizan,Barcelona,66,98,1.94,2.07,2020-03-10,2016,EuroLeague,Partizan,11234,172.2,1523,1512
ASVEL,Fenerbahçe,78,65,1.57,2.76,2020-03-12,2016,EuroLeague,ASVEL,10830,150.2,1650,1552
Real Madrid,Olympiacos,72,75,3.87,1.35,2020-03-14,2016,EuroLeague,Real Madrid,14372,154.3,1515,1698
Barcelona,CSKA Moscow,61,83,4.04,1.33,2020-03-16,2016,EuroLeague,Barcelona,9647,151.2,1501,1694
Fenerbahçe,Maccabi Tel Aviv,70,95,2.1,1.91,2020-03-18,2016,EuroLeague,Fenerbahçe,14354,173.2,1598,1615
Olympiacos,Baskonia,91,65,2.3,1.77,2020-03-20,2016,EuroLeague,Olympiacos,10566,163.8,1532,1577
CSKA Moscow,Anadolu Efes,63,65,2.27,1.79,2020-03-22,2016,EuroLeague,CSKA Moscow,9750,134.4,1597,1639
Maccabi Tel Aviv,Panathinaikos,67,87,2.59,1.63,2020-03-24,2016,EuroLeague,Maccabi Tel Aviv,13574,161.7,1589,1670
Baskonia,Zalgiris Kaunas,88,80,2.27,1.79,2020-03-26,2016,EuroLeague,Baskonia,14812,176.4,1534,1575
Anadolu Efes,Bayern Munich,73,103,2.23,1.81,2020-03-28,2016,EuroLeague,Anadolu Efes,14879,184.8,1576,1612
Panathinaikos,Valencia,74,76,2.15,1.87,2020-03-30,2016,EuroLeague,Panathinaikos,11206,157.5,1666,1690
Zalgiris Kaunas,Milano,93,89,2.45,1.69,2020-04-01,2016,EuroLeague,Zalgiris Kaunas,9517,191.1,1509,1573
Bayern Munich,Partizan,79,82,1.89,2.13,2020-04-03,2016,EuroLeague,Bayern Munich,14970,169.1,1540,1519
Valencia,ASVEL,79,72,1.47,3.13,2020-04-05,2016,EuroLeague,Valencia,13325,158.6,1654,1523
Milano,Real Madrid,89,75,1.57,2.77,2020-04-07,2016,EuroLeague,Milano,14337,172.2,1630,1531
Partizan,Barcelona,63,65,2.03,1.97,2020-04-09,2016,EuroLeague,Partizan,9390,134.4,1630,1635
ASVEL,Fenerbahçe,87,97,2.49,1.67,2020-04-11,2016,EuroLeague,ASVEL,9785,193.2,1617,1686
Real Madrid,Olympiacos,80,85,1.87,2.15,2020-04-13,2016,EuroLeague,Real Madrid,10315,173.2,1569,1544
Barcelona,CSKA Moscow,86,75,2.24,1.8,2020-04-15,2016,EuroLeague,Barcelona,12817,169.1,1577,1615
Fenerbahçe,Maccabi Tel Aviv,63,70,2.02,1.98,2020-04-17,2016,EuroLeague,Fenerbahçe,13954,139.7,1509,1512
Olympiacos,Baskonia,90,76,1.38,3.65,2020-04-19,2016,EuroLeague,Olympiacos,9214,174.3,1697,1528
CSKA Moscow,Anadolu Efes,75,80,1.95,2.05,2020-04-21,2016,EuroLeague,CSKA Moscow,13900,162.8,1545,1537
Maccabi Tel Aviv,Panathinaikos,67,83,3.05,1.49,2020-04-23,2016,EuroLeague,Maccabi Tel Aviv,11941,157.5,1550,1675
Baskonia,Zalgiris Kaunas,71,94,2.2,1.83,2020-04-25,2016,EuroLeague,Baskonia,9022,173.2,1543,1575
Anadolu Efes,Bayern Munich,79,95,2.45,1.69,2020-04-27,2016,EuroLeague,Anadolu Efes,9576,182.7,1628,1693
Panathinaikos,Valencia,90,60,1.59,2.71,2020-04-29,2016,EuroLeague,Panathinaikos,9804,157.5,1593,1500
Zalgiris Kaunas,Milano,67,78,2.58,1.63,2020-05-01,2016,EuroLeague,Zalgiris Kaunas,14292,152.2,1610,1689
Bayern Munich,Partizan,84,60,1.43,3.33,2020-05-03,2016,EuroLeague,Bayern Munich,11883,151.2,1656,1509
Valencia,ASVEL,81,81,2.63,1.61,2020-05-05,2016,EuroLeague,Valencia,14269,170.1,1549,1634
Milano,Real Madrid,78,73,1.62,2.61,2020-05-07,2016,EuroLeague,Milano,10168,158.6,1628,1545
Partizan,Barcelona,78,73,2.41,1.71,2020-05-09,2016,EuroLeague,Partizan,11750,158.6,1563,1623
ASVEL,Fenerbahçe,87,79,2.05,1.95,2020-05-11,2016,EuroLeague,ASVEL,10663,174.3,1638,1646
Real Madrid,Olympiacos,75,79,1.93,2.08,2020-05-13,2016,EuroLeague,Real Madrid,11240,161.7,1685,1672
Barcelona,CSKA Moscow,68,62,1.54,2.86,2020-05-15,2016,EuroLeague,Barcelona,14067,136.5,1636,1528
Fenerbahçe,Maccabi Tel Aviv,75,61,2.22,1.82,2020-05-17,2016,EuroLeague,Fenerbahçe,13753,142.8,1571,1606
Olympiacos,Baskonia,72,66,2.35,1.74,2020-05-19,2016,EuroLeague,Olympiacos,9539,144.9,1648,1700
CSKA Moscow,Anadolu Efes,81,100,2.23,1.81,2020-05-21,2016,EuroLeague,CSKA Moscow,11386,190.1,1544,1580
Maccabi Tel Aviv,Panathinaikos,101,97,1.97,2.03,2020-05-23,2016,EuroLeague,Maccabi Tel Aviv,14582,207.9,1675,1670
Baskonia,Zalgiris Kaunas,65,89,1.8,2.24,2020-05-25,2016,EuroLeague,Baskonia,14843,161.7,1560,1522
Anadolu Efes,Bayern Munich,82,81,1.44,3.26,2020-05-27,2016,EuroLeague,Anadolu Efes,14684,171.2,1653,1511
Panathinaikos,Valencia,83,66,1.69,2.45,2020-05-29,2016,EuroLeague,Panathinaikos,14668,156.5,1617,1552
Zalgiris Kaunas,Milano,87,74,1.51,2.97,2020-05-31,2016,EuroLeague,Zalgiris Kaunas,10304,169.1,1662,1544
Bayern Munich,Partizan,84,69,1.85,2.18,2020-06-02,2016,EuroLeague,Bayern Munich,14037,160.7,1678,1649
Valencia,ASVEL,61,67,2.73,1.58,2020-06-04,2016,EuroLeague,Valencia,10702,134.4,1516,1611
Milano,Real Madrid,73,76,3.54,1.39,2020-06-06,2016,EuroLeague,Milano,14294,156.5,1509,1671
Partizan,Barcelona,79,80,1.66,2.52,2020-06-08,2016,EuroLeague,Partizan,14149,167.0,1623,1550
ASVEL,Fenerbahçe,83,89,1.64,2.57,2020-06-10,2016,EuroLeague,ASVEL,10977,180.6,1693,1615
Real Madrid,Olympiacos,60,95,2.68,1.6,2020-06-12,2016,EuroLeague,Real Madrid,9724,162.8,1520,1610
Barcelona,CSKA Moscow,75,90,2.18,1.85,2020-06-14,2016,EuroLeague,Barcelona,14618,173.2,1583,1612
Fenerbahçe,Maccabi Tel Aviv,83,75,1.95,2.05,2020-06-16,2016,EuroLeague,Fenerbahçe,13881,165.9,1615,1606
Olympiacos,Baskonia,73,66,2.25,1.8,2020-06-18,2016,EuroLeague,Olympiacos,10873,146.0,1570,1609
CSKA Moscow,Anadolu Efes,66,78,2.15,1.87,2020-06-20,2016,EuroLeague,CSKA Moscow,11477,151.2,1517,1541
Maccabi Tel Aviv,Panathinaikos,85,73,1.81,2.24,2020-06-22,2016,EuroLeague,Maccabi Tel Aviv,14996,165.9,1586,1549
Baskonia,Zalgiris Kaunas,60,64,1.65,2.53,2020-06-24,2016,EuroLeague,Baskonia,10290,130.2,1591,1517
Anadolu Efes,Bayern Munich,68,83,2.1,1.91,2020-06-26,2016,EuroLeague,Anadolu Efes,13731,158.6,1641,1658
Panathinaikos,Valencia,96,87,2.89,1.53,2020-06-28,2016,EuroLeague,Panathinaikos,13272,192.2,1532,1643
Zalgiris Kaunas,Milano,78,60,1.81,2.23,2020-06-30,2016,EuroLeague,Zalgiris Kaunas,14220,144.9,1632,1596
Bayern Munich,Partizan,92,66,1.88,2.14,2020-07-02,2016,EuroLeague,Bayern Munich,11909,165.9,1575,1552
Valencia,ASVEL,81,72,1.7,2.44,2020-07-04,2016,EuroLeague,Valencia,12334,160.7,1584,1521
Milano,Real Madrid,83,74,1.89,2.12,2020-07-06,2016,EuroLeague,Milano,13545,164.8,1572,1552
Partizan,Barcelona,87,60,1.57,2.76,2020-07-08,2016,EuroLeague,Partizan,14192,154.3,1615,1517
ASVEL,Fenerbahçe,60,91,2.68,1.6,2020-07-10,2016,EuroLeague,ASVEL,11713,158.6,1532,1622
Real Madrid,Olympiacos,76,67,1.42,3.39,2020-07-12,2016,EuroLeague,Real Madrid,12788,150.2,1659,1508
Barcelona,CSKA Moscow,89,79,3.05,1.49,2020-07-14,2016,EuroLeague,Barcelona,11978,176.4,1561,1686
Fenerbahçe,Maccabi Tel Aviv,102,89,2.14,1.88,2020-07-16,2016,EuroLeague,Fenerbahçe,11532,200.6,1546,1569
Olympiacos,Baskonia,63,93,1.87,2.15,2020-07-18,2016,EuroLeague,Olympiacos,10876,163.8,1566,1542
CSKA Moscow,Anadolu Efes,62,113,2.93,1.52,2020-07-20,2016,EuroLeague,CSKA Moscow,13621,183.8,1581,1695
Maccabi Tel Aviv,Panathinaikos,76,70,2.43,1.7,2020-07-22,2016,EuroLeague,Maccabi Tel Aviv,10771,153.3,1575,1637
Baskonia,Zalgiris Kaunas,67,78,2.58,1.63,2020-07-24,2016,EuroLeague,Baskonia,11827,152.2,1611,1691
Anadolu Efes,Bayern Munich,69,80,3.02,1.5,2020-07-26,2016,EuroLeague,Anadolu Efes,12307,156.5,1529,1651
Panathinaikos,Valencia,60,68,1.99,2.01,2020-07-28,2016,EuroLeague,Panathinaikos,11638,134.4,1557,1555
Zalgiris Kaunas,Milano,67,74,1.81,2.24,2020-07-30,2016,EuroLeague,Zalgiris Kaunas,13973,148.1,1679,1642
Bayern Munich,Partizan,92,60,1.56,2.79,2020-08-01,2016,EuroLeague,Bayern Munich,10818,159.6,1677,1576
Valencia,ASVEL,85,69,1.68,2.48,2020-08-03,2016,EuroLeague,Valencia,14456,161.7,1608,1540
Milano,Real Madrid,67,82,2.5,1.66,2020-08-05,2016,EuroLeague,Milano,11563,156.5,1568,1639
Partizan,Barcelona,96,60,1.48,3.07,2020-08-07,2016,EuroLeague,Partizan,11974,163.8,1678,1552
ASVEL,Fenerbahçe,80,88,2.17,1.86,2020-08-09,2016,EuroLeague,ASVEL,10442,176.4,1665,1692
Real Madrid,Olympiacos,67,67,2.6,1.62,2020-08-11,2016,EuroLeague,Real Madrid,11488,140.7,1597,1679
Barcelona,CSKA Moscow,83,71,1.54,2.85,2020-08-13,2016,EuroLeague,Barcelona,11860,161.7,1607,1500
Fenerbahçe,Maccabi Tel Aviv,78,70,2.95,1.51,2020-08-15,2016,EuroLeague,Fenerbahçe,9566,155.4,1558,1674
Olympiacos,Baskonia,73,72,1.56,2.78,2020-08-17,2016,EuroLeague,Olympiacos,12551,152.2,1680,1580
CSKA Moscow,Anadolu Efes,85,71,1.51,2.95,2020-08-19,2016,EuroLeague,CSKA Moscow,13760,163.8,1641,1525
Maccabi Tel Aviv,Panathinaikos,105,74,1.68,2.46,2020-08-21,2016,EuroLeague,Maccabi Tel Aviv,11949,188.0,1619,1553
Baskonia,Zalgiris Kaunas,75,88,1.69,2.45,2020-08-23,2016,EuroLeague,Baskonia,13668,171.2,1568,1504
Anadolu Efes,Bayern Munich,95,93,1.42,3.39,2020-08-25,2016,EuroLeague,Anadolu Efes,12127,197.4,1695,1544
Panathinaikos,Valencia,79,62,2.05,1.95,2020-08-27,2016,EuroLeague,Panathinaikos,10911,148.1,1632,1640
Zalgiris Kaunas,Milano,94,92,3.14,1.47,2020-08-29,2016,EuroLeague,Zalgiris Kaunas,12297,195.3,1540,1672
Bayern Munich,Partizan,68,64,2.22,1.82,2020-08-31,2016,EuroLeague,Bayern Munich,13025,138.6,1643,1678
Valencia,ASVEL,82,66,2.55,1.65,2020-09-02,2016,EuroLeague,Valencia,11224,155.4,1513,1589
Milano,Real Madrid,96,89,2.51,1.66,2020-09-04,2016,EuroLeague,Milano,14039,194.2,1595,1667
Partizan,Barcelona,70,78,2.59,1.63,2020-09-06,2016,EuroLeague,Partizan,11230,155.4,1615,1696
ASVEL,Fenerbahçe,69,83,3.0,1.5,2020-09-08,2016,EuroLeague,ASVEL,13050,159.6,1562,1682
Real Madrid,Olympiacos,96,72,1.68,2.47,2020-09-10,2016,EuroLeague,Real Madrid,9724,176.4,1665,1598
Barcelona,CSKA Moscow,60,94,3.92,1.34,2020-09-12,2016,EuroLeague,Barcelona,12591,161.7,1503,1689
Fenerbahçe,Maccabi Tel Aviv,83,64,1.82,2.22,2020-09-14,2016,EuroLeague,Fenerbahçe,11487,154.3,1654,1619
Olympiacos,Baskonia,101,75,2.75,1.57,2020-09-16,2016,EuroLeague,Olympiacos,12800,184.8,1578,1675
CSKA Moscow,Anadolu Efes,77,94,2.2,1.83,2020-09-18,2016,EuroLeague,CSKA Moscow,14309,179.6,1559,1591
Maccabi Tel Aviv,Panathinaikos,100,70,1.52,2.92,2020-09-20,2016,EuroLeague,Maccabi Tel Aviv,11607,178.5,1660,1547
Baskonia,Zalgiris Kaunas,86,99,2.3,1.77,2020-09-22,2016,EuroLeague,Baskonia,14413,194.2,1648,1694
Anadolu Efes,Bayern Munich,108,71,1.93,2.08,2020-09-24,2016,EuroLeague,Anadolu Efes,14218,188.0,1658,1645
Panathinaikos,Valencia,104,68,1.5,3.02,2020-09-26,2016,EuroLeague,Panathinaikos,10176,180.6,1686,1564
Zalgiris Kaunas,Milano,69,60,1.91,2.1,2020-09-28,2016,EuroLeague,Zalgiris Kaunas,9751,135.5,1683,1667
Bayern Munich,Partizan,71,82,2.63,1.61,2020-09-30,2016,EuroLeague,Bayern Munich,12384,160.7,1556,1641
Valencia,ASVEL,88,68,1.48,3.07,2020-10-02,2016,EuroLeague,Valencia,10854,163.8,1674,1548
Milano,Real Madrid,76,86,2.2,1.83,2020-10-04,2016,EuroLeague,Milano,9856,170.1,1599,1631
Partizan,Barcelona,89,88,1.91,2.1,2020-10-06,2016,EuroLeague,Partizan,10131,185.8,1548,1532
ASVEL,Fenerbahçe,63,77,1.86,2.17,2020-10-08,2016,EuroLeague,ASVEL,9254,147.0,1579,1552
Real Madrid,Olympiacos,77,60,1.6,2.67,2020-10-10,2016,EuroLeague,Real Madrid,10669,143.8,1634,1545
Barcelona,CSKA Moscow,80,78,1.81,2.24,2020-10-12,2016,EuroLeague,Barcelona,11541,165.9,1642,1605
Fenerbahçe,Maccabi Tel Aviv,84,60,1.6,2.67,2020-10-14,2016,EuroLeague,Fenerbahçe,12985,151.2,1609,1520
Olympiacos,Baskonia,91,82,2.22,1.82,2020-10-16,2016,EuroLeague,Olympiacos,12091,181.7,1577,1612
CSKA Moscow,Anadolu Efes,70,89,2.09,1.92,2020-10-18,2016,EuroLeague,CSKA Moscow,9563,167.0,1662,1677
Maccabi Tel Aviv,Panathinaikos,80,87,2.52,1.66,2020-10-20,2016,EuroLeague,Maccabi Tel Aviv,9953,175.3,1573,1646
Baskonia,Zalgiris Kaunas,72,104,2.63,1.61,2020-10-22,2016,EuroLeague,Baskonia,10698,184.8,1575,1660
Anadolu Efes,Bayern Munich,85,81,2.12,1.89,2020-10-24,2016,EuroLeague,Anadolu Efes,10377,174.3,1556,1576
Panathinaikos,Valencia,85,60,1.38,3.6,2020-10-26,2016,EuroLeague,Panathinaikos,9419,152.2,1688,1522
Zalgiris Kaunas,Milano,91,67,1.54,2.86,2020-10-28,2016,EuroLeague,Zalgiris Kaunas,14045,165.9,1655,1547
Bayern Munich,Partizan,79,65,1.51,2.97,2020-10-30,2016,EuroLeague,Bayern Munich,13795,151.2,1626,1508
Valencia,ASVEL,60,91,3.23,1.45,2020-11-01,2016,EuroLeague,Valencia,11854,158.6,1527,1666
Milano,Real Madrid,71,71,3.29,1.44,2020-11-03,2016,EuroLeague,Milano,12053,149.1,1551,1695
Partizan,Barcelona,65,71,2.81,1.55,2020-11-05,2016,EuroLeague,Partizan,9329,142.8,1506,1609
ASVEL,Fenerbahçe,72,97,2.4,1.72,2020-11-07,2016,EuroLeague,ASVEL,13122,177.5,1567,1625
Real Madrid,Olympiacos,80,82,1.99,2.01,2020-11-09,2016,EuroLeague,Real Madrid,13579,170.1,1535,1534
Barcelona,CSKA Moscow,71,84,2.66,1.6,2020-11-11,2016,EuroLeague,Barcelona,14723,162.8,1554,1642
Fenerbahçe,Maccabi Tel Aviv,89,73,2.75,1.57,2020-11-13,2016,EuroLeague,Fenerbahçe,14251,170.1,1517,1614
Olympiacos,Baskonia,98,72,1.5,2.98,2020-11-15,2016,EuroLeague,Olympiacos,13495,178.5,1657,1538
CSKA Moscow,Anadolu Efes,93,98,1.33,4.04,2020-11-17,2016,EuroLeague,CSKA Moscow,12228,200.6,1699,1506
Maccabi Tel Aviv,Panathinaikos,64,82,2.75,1.57,2020-11-19,2016,EuroLeague,Maccabi Tel Aviv,14508,153.3,1520,1617
Baskonia,Zalgiris Kaunas,88,83,1.59,2.7,2020-11-21,2016,EuroLeague,Baskonia,11002,179.6,1632,1540
Anadolu Efes,Bayern Munich,84,79,1.97,2.03,2020-11-23,2016,EuroLeague,Anadolu Efes,10222,171.2,1560,1555
Panathinaikos,Valencia,85,83,2.39,1.72,2020-11-25,2016,EuroLeague,Panathinaikos,10131,176.4,1622,1679
Zalgiris Kaunas,Milano,60,86,3.24,1.45,2020-11-27,2016,EuroLeague,Zalgiris Kaunas,12843,153.3,1541,1681
Bayern Munich,Partizan,84,69,1.79,2.27,2020-11-29,2016,EuroLeague,Bayern Munich,14700,160.7,1694,1653
Valencia,ASVEL,98,66,1.52,2.91,2020-12-01,2016,EuroLeague,Valencia,9076,172.2,1662,1550
Milano,Real Madrid,85,82,1.61,2.65,2020-12-03,2016,EuroLeague,Milano,10717,175.3,1696,1609
Partizan,Barcelona,73,90,2.68,1.6,2020-12-05,2016,EuroLeague,Partizan,10815,171.2,1537,1627
ASVEL,Fenerbahçe,86,100,2.64,1.61,2020-12-07,2016,EuroLeague,ASVEL,12137,195.3,1560,1646
Real Madrid,Olympiacos,71,87,2.04,1.97,2020-12-09,2016,EuroLeague,Real Madrid,14816,165.9,1626,1632
Barcelona,CSKA Moscow,104,73,1.58,2.73,2020-12-11,2016,EuroLeague,Barcelona,10958,185.8,1663,1568
Fenerbahçe,Maccabi Tel Aviv,81,60,1.61,2.64,2020-12-13,2016,EuroLeague,Fenerbahçe,9032,148.1,1691,1605
Olympiacos,Baskonia,101,94,1.99,2.01,2020-12-15,2016,EuroLeague,Olympiacos,9292,204.8,1625,1624
CSKA Moscow,Anadolu Efes,61,76,3.26,1.44,2020-12-17,2016,EuroLeague,CSKA Moscow,10076,143.8,1504,1646
Maccabi Tel Aviv,Panathinaikos,92,68,1.88,2.14,2020-12-19,2016,EuroLeague,Maccabi Tel Aviv,9630,168.0,1654,1631
Baskonia,Zalgiris Kaunas,72,105,2.95,1.51,2020-12-21,2016,EuroLeague,Baskonia,10870,185.8,1568,1684
Anadolu Efes,Bayern Munich,103,60,1.7,2.44,2020-12-23,2016,EuroLeague,Anadolu Efes,13272,171.2,1652,1589
Panathinaikos,Valencia,74,109,2.63,1.61,2020-12-25,2016,EuroLeague,Panathinaikos,14155,192.2,1565,1650
Zalgiris Kaunas,Milano,79,63,2.49,1.67,2020-12-27,2016,EuroLeague,Zalgiris Kaunas,11552,149.1,1573,1642
Bayern Munich,Partizan,66,97,1.99,2.01,2020-12-29,2016,EuroLeague,Bayern Munich,9980,171.2,1505,1503
Valencia,ASVEL,66,94,3.95,1.34,2020-12-31,2016,EuroLeague,Valencia,10716,168.0,1511,1699
Milano,Real Madrid,80,60,2.08,1.92,2021-01-02,2016,EuroLeague,Milano,11539,147.0,1504,1518
Partizan,Barcelona,60,91,2.66,1.6,2021-01-04,2016,EuroLeague,Partizan,12841,158.6,1519,1607
ASVEL,Fenerbahçe,71,88,2.34,1.75,2021-01-06,2016,EuroLeague,ASVEL,13794,167.0,1572,1623
Real Madrid,Olympiacos,90,81,1.7,2.44,2021-01-08,2016,EuroLeague,Real Madrid,9867,179.6,1686,1623
Barcelona,CSKA Moscow,74,77,2.09,1.92,2021-01-10,2016,EuroLeague,Barcelona,11718,158.6,1604,1619
Fenerbahçe,Maccabi Tel Aviv,106,71,2.2,1.84,2021-01-12,2016,EuroLeague,Fenerbahçe,14547,185.8,1598,1629
Olympiacos,Baskonia,104,82,2.95,1.51,2021-01-14,2016,EuroLeague,Olympiacos,10011,195.3,1558,1674
CSKA Moscow,Anadolu Efes,100,99,2.28,1.78,2021-01-16,2016,EuroLeague,CSKA Moscow,9857,209.0,1615,1658
Maccabi Tel Aviv,Panathinaikos,111,67,1.4,3.5,2021-01-18,2016,EuroLeague,Maccabi Tel Aviv,13061,186.9,1697,1538
Baskonia,Zalgiris Kaunas,73,62,1.59,2.71,2021-01-20,2016,EuroLeague,Baskonia,11874,141.8,1627,1534
Anadolu Efes,Bayern Munich,70,99,2.8,1.56,2021-01-22,2016,EuroLeague,Anadolu Efes,9835,177.5,1520,1622
Panathinaikos,Valencia,98,73,1.7,2.43,2021-01-24,2016,EuroLeague,Panathinaikos,10333,179.6,1565,1503
Zalgiris Kaunas,Milano,71,97,2.06,1.94,2021-01-26,2016,EuroLeague,Zalgiris Kaunas,10987,176.4,1651,1661
Bayern Munich,Partizan,78,77,2.84,1.54,2021-01-28,2016,EuroLeague,Bayern Munich,14486,162.8,1504,1610
Valencia,ASVEL,75,82,2.01,1.99,2021-01-30,2016,EuroLeague,Valencia,12617,164.8,1589,1591
Milano,Real Madrid,70,93,2.93,1.52,2021-02-01,2016,EuroLeague,Milano,11190,171.2,1567,1681
Partizan,Barcelona,70,89,2.07,1.94,2021-02-03,2016,EuroLeague,Partizan,11308,167.0,1655,1666
ASVEL,Fenerbahçe,84,77,2.38,1.72,2021-02-05,2016,EuroLeague,ASVEL,11835,169.1,1616,1672
Real Madrid,Olympiacos,100,92,1.81,2.24,2021-02-07,2016,EuroLeague,Real Madrid,14379,201.6,1568,1531
Barcelona,CSKA Moscow,68,99,2.15,1.87,2021-02-09,2016,EuroLeague,Barcelona,10911,175.3,1614,1638
Fenerbahçe,Maccabi Tel Aviv,88,74,2.01,1.99,2021-02-11,2016,EuroLeague,Fenerbahçe,14224,170.1,1529,1531
Olympiacos,Baskonia,74,82,1.59,2.7,2021-02-13,2016,EuroLeague,Olympiacos,14361,163.8,1599,1507
CSKA Moscow,Anadolu Efes,71,66,3.23,1.45,2021-02-15,2016,EuroLeague,CSKA Moscow,9913,143.8,1512,1651
Maccabi Tel Aviv,Panathinaikos,98,75,1.79,2.26,2021-02-17,2016,EuroLeague,Maccabi Tel Aviv,14962,181.7,1551,1511
Baskonia,Zalgiris Kaunas,70,92,2.06,1.94,2021-02-19,2016,EuroLeague,Baskonia,13044,170.1,1535,1545
Anadolu Efes,Bayern Munich,88,82,2.19,1.84,2021-02-21,2016,EuroLeague,Anadolu Efes,10285,178.5,1614,1644
Panathinaikos,Valencia,93,91,2.39,1.72,2021-02-23,2016,EuroLeague,Panathinaikos,10464,193.2,1611,1668
Zalgiris Kaunas,Milano,61,77,1.99,2.01,2021-02-25,2016,EuroLeague,Zalgiris Kaunas,14841,144.9,1519,1517
Bayern Munich,Partizan,83,71,1.7,2.43,2021-02-27,2016,EuroLeague,Bayern Munich,10863,161.7,1604,1542
Valencia,ASVEL,60,77,1.77,2.3,2021-03-01,2016,EuroLeague,Valencia,10830,143.8,1655,1609
Milano,Real Madrid,66,60,2.2,1.84,2021-03-03,2016,EuroLeague,Milano,10230,132.3,1651,1682
Partizan,Barcelona,69,85,2.14,1.88,2021-03-05,2016,EuroLeague,Partizan,12812,161.7,1518,1540
ASVEL,Fenerbahçe,99,68,1.48,3.1,2021-03-07,2016,EuroLeague,ASVEL,13951,175.3,1647,1518
Real Madrid,Olympiacos,81,73,2.04,1.97,2021-03-09,2016,EuroLeague,Real Madrid,9238,161.7,1538,1544
Barcelona,CSKA Moscow,94,87,1.85,2.18,2021-03-11,2016,EuroLeague,Barcelona,12019,190.1,1647,1618
Fenerbahçe,Maccabi Tel Aviv,78,92,1.99,2.01,2021-03-13,2016,EuroLeague,Fenerbahçe,14954,178.5,1659,1657
Olympiacos,Baskonia,73,93,2.33,1.75,2021-03-15,2016,EuroLeague,Olympiacos,9066,174.3,1648,1698
CSKA Moscow,Anadolu Efes,105,87,2.15,1.87,2021-03-17,2016,EuroLeague,CSKA Moscow,12091,201.6,1630,1655
Maccabi Tel Aviv,Panathinaikos,60,67,2.22,1.82,2021-03-19,2016,EuroLeague,Maccabi Tel Aviv,14968,133.3,1565,1599
Baskonia,Zalgiris Kaunas,105,96,1.99,2.01,2021-03-21,2016,EuroLeague,Baskonia,11577,211.1,1577,1575
Anadolu Efes,Bayern Munich,78,83,2.04,1.96,2021-03-23,2016,EuroLeague,Anadolu Efes,9024,169.1,1613,1620
Panathinaikos,Valencia,82,84,2.83,1.55,2021-03-25,2016,EuroLeague,Panathinaikos,14698,174.3,1559,1664
Zalgiris Kaunas,Milano,60,66,2.31,1.76,2021-03-27,2016,EuroLeague,Zalgiris Kaunas,14177,132.3,1559,1606
Bayern Munich,Partizan,80,78,1.56,2.8,2021-03-29,2016,EuroLeague,Bayern Munich,9935,165.9,1687,1585
Valencia,ASVEL,85,111,1.76,2.31,2021-03-31,2016,EuroLeague,Valencia,11188,205.8,1622,1575
Milano,Real Madrid,80,79,2.56,1.64,2021-04-02,2016,EuroLeague,Milano,14332,167.0,1557,1634
Partizan,Barcelona,68,75,1.39,3.57,2021-04-04,2016,EuroLeague,Partizan,13909,150.2,1664,1500
ASVEL,Fenerbahçe,91,85,2.08,1.92,2021-04-06,2016,EuroLeague,ASVEL,12873,184.8,1664,1678
Real Madrid,Olympiacos,101,89,1.74,2.36,2021-04-08,2016,EuroLeague,Real Madrid,12385,199.5,1653,1600
Barcelona,CSKA Moscow,79,80,2.09,1.92,2021-04-10,2016,EuroLeague,Barcelona,10112,167.0,1665,1680
Fenerbahçe,Maccabi Tel Aviv,80,68,1.79,2.27,2021-04-12,2016,EuroLeague,Fenerbahçe,13247,155.4,1610,1568
Olympiacos,Baskonia,65,81,1.83,2.2,2021-04-14,2016,EuroLeague,Olympiacos,10826,153.3,1555,1523
CSKA Moscow,Anadolu Efes,68,100,2.19,1.84,2021-04-16,2016,EuroLeague,CSKA Moscow,12367,176.4,1630,1660
Maccabi Tel Aviv,Panathinaikos,66,93,1.85,2.17,2021-04-18,2016,EuroLeague,Maccabi Tel Aviv,10163,167.0,1658,1630
Baskonia,Zalgiris Kaunas,88,70,1.97,2.04,2021-04-20,2016,EuroLeague,Baskonia,14738,165.9,1666,1660
Anadolu Efes,Bayern Munich,70,92,2.26,1.79,2021-04-22,2016,EuroLeague,Anadolu Efes,12933,170.1,1592,1632
Panathinaikos,Valencia,92,77,1.46,3.18,2021-04-24,2016,EuroLeague,Panathinaikos,13483,177.5,1645,1510
Zalgiris Kaunas,Milano,82,66,1.88,2.14,2021-04-26,2016,EuroLeague,Zalgiris Kaunas,10542,155.4,1661,1639
Bayern Munich,Partizan,78,82,1.99,2.01,2021-04-28,2016,EuroLeague,Bayern Munich,13149,168.0,1606,1604
Valencia,ASVEL,61,72,1.93,2.07,2021-04-30,2016,EuroLeague,Valencia,11026,139.7,1578,1566
Milano,Real Madrid,91,86,1.61,2.65,2021-05-02,2016,EuroLeague,Milano,12114,185.8,1652,1565
Partizan,Barcelona,87,85,2.08,1.92,2021-05-04,2016,EuroLeague,Partizan,10590,180.6,1671,1685
ASVEL,Fenerbahçe,63,75,2.58,1.63,2021-05-06,2016,EuroLeague,ASVEL,11291,144.9,1621,1700
Real Madrid,Olympiacos,79,71,1.37,3.72,2021-05-08,2016,EuroLeague,Real Madrid,11043,157.5,1699,1525
Barcelona,CSKA Moscow,77,77,2.05,1.95,2021-05-10,2016,EuroLeague,Barcelona,12346,161.7,1640,1649
Fenerbahçe,Maccabi Tel Aviv,76,79,2.2,1.83,2021-05-12,2016,EuroLeague,Fenerbahçe,9979,162.8,1541,1573
Olympiacos,Baskonia,67,86,2.04,1.96,2021-05-14,2016,EuroLeague,Olympiacos,14160,160.7,1651,1658
CSKA Moscow,Anadolu Efes,88,66,1.83,2.2,2021-05-16,2016,EuroLeague,CSKA Moscow,11052,161.7,1552,1520
Maccabi Tel Aviv,Panathinaikos,87,73,1.92,2.09,2021-05-18,2016,EuroLeague,Maccabi Tel Aviv,12432,168.0,1655,1640
Baskonia,Zalgiris Kaunas,102,98,2.34,1.75,2021-05-20,2016,EuroLeague,Baskonia,14623,210.0,1639,1690
Anadolu Efes,Bayern Munich,63,92,2.65,1.61,2021-05-22,2016,EuroLeague,Anadolu Efes,10270,162.8,1597,1684
Panathinaikos,Valencia,70,80,3.05,1.49,2021-05-24,2016,EuroLeague,Panathinaikos,11768,157.5,1550,1675
Zalgiris Kaunas,Milano,101,92,1.95,2.05,2021-05-26,2016,EuroLeague,Zalgiris Kaunas,13327,202.7,1635,1627
Bayern Munich,Partizan,73,90,2.03,1.97,2021-05-28,2016,EuroLeague,Bayern Munich,9919,171.2,1519,1524
Valencia,ASVEL,60,81,1.83,2.2,2021-05-30,2016,EuroLeague,Valencia,13615,148.1,1695,1663
Milano,Real Madrid,83,86,2.45,1.69,2021-06-01,2016,EuroLeague,Milano,11274,177.5,1515,1579
Partizan,Barcelona,85,60,1.61,2.63,2021-06-03,2016,EuroLeague,Partizan,10229,152.2,1691,1606
ASVEL,Fenerbahçe,83,71,2.4,1.72,2021-06-05,2016,EuroLeague,ASVEL,11219,161.7,1617,1675
Real Madrid,Olympiacos,60,80,1.9,2.11,2021-06-07,2016,EuroLeague,Real Madrid,13004,147.0,1672,1654
Barcelona,CSKA Moscow,84,89,2.11,1.9,2021-06-09,2016,EuroLeague,Barcelona,11282,181.7,1523,1541
Fenerbahçe,Maccabi Tel Aviv,87,76,2.24,1.8,2021-06-11,2016,EuroLeague,Fenerbahçe,9316,171.2,1605,1643
Olympiacos,Baskonia,71,74,1.61,2.65,2021-06-13,2016,EuroLeague,Olympiacos,13940,152.2,1693,1606
CSKA Moscow,Anadolu Efes,75,83,1.54,2.85,2021-06-15,2016,EuroLeague,CSKA Moscow,10383,165.9,1618,1511
Maccabi Tel Aviv,Panathinaikos,72,67,3.44,1.41,2021-06-17,2016,EuroLeague,Maccabi Tel Aviv,10484,146.0,1542,1697
Baskonia,Zalgiris Kaunas,78,67,2.36,1.74,2021-06-19,2016,EuroLeague,Baskonia,9915,152.2,1621,1674
Anadolu Efes,Bayern Munich,85,60,1.42,3.39,2021-06-21,2016,EuroLeague,Anadolu Efes,9954,152.2,1677,1526
Panathinaikos,Valencia,66,76,1.65,2.54,2021-06-23,2016,EuroLeague,Panathinaikos,10535,149.1,1587,1512
Zalgiris Kaunas,Milano,63,63,2.13,1.89,2021-06-25,2016,EuroLeague,Zalgiris Kaunas,14898,132.3,1634,1655
Bayern Munich,Partizan,78,66,2.36,1.73,2021-06-27,2016,EuroLeague,Bayern Munich,11266,151.2,1542,1596
Valencia,ASVEL,77,78,1.5,3.01,2021-06-29,2016,EuroLeague,Valencia,11749,162.8,1668,1547
Milano,Real Madrid,73,100,3.15,1.47,2021-07-01,2016,EuroLeague,Milano,10480,181.7,1535,1668
Partizan,Barcelona,74,64,1.43,3.33,2021-07-03,2016,EuroLeague,Partizan,10965,144.9,1694,1547
ASVEL,Fenerbahçe,90,95,2.67,1.6,2021-07-05,2016,EuroLeague,ASVEL,9170,194.2,1583,1672
Real Madrid,Olympiacos,60,65,2.73,1.58,2021-07-07,2016,EuroLeague,Real Madrid,10429,131.2,1551,1646
Barcelona,CSKA Moscow,85,60,1.44,3.25,2021-07-09,2016,EuroLeague,Barcelona,14287,152.2,1668,1527
Fenerbahçe,Maccabi Tel Aviv,75,89,2.21,1.83,2021-07-11,2016,EuroLeague,Fenerbahçe,10779,172.2,1597,1630
Olympiacos,Baskonia,95,84,1.33,4.04,2021-07-13,2016,EuroLeague,Olympiacos,12877,188.0,1695,1502
CSKA Moscow,Anadolu Efes,95,91,3.01,1.5,2021-07-15,2016,EuroLeague,CSKA Moscow,10163,195.3,1569,1690
Maccabi Tel Aviv,Panathinaikos,79,61,2.48,1.68,2021-07-17,2016,EuroLeague,Maccabi Tel Aviv,10532,147.0,1583,1651
Baskonia,Zalgiris Kaunas,92,60,1.48,3.08,2021-07-19,2016,EuroLeague,Baskonia,11279,159.6,1646,1519
Anadolu Efes,Bayern Munich,87,84,1.55,2.82,2021-07-21,2016,EuroLeague,Anadolu Efes,13164,179.6,1659,1555
Panathinaikos,Valencia,65,92,1.54,2.86,2021-07-23,2016,EuroLeague,Panathinaikos,14995,164.8,1700,1592
Zalgiris Kaunas,Milano,72,79,2.37,1.73,2021-07-25,2016,EuroLeague,Zalgiris Kaunas,10810,158.6,1606,1661
Bayern Munich,Partizan,86,94,2.25,1.8,2021-07-27,2016,EuroLeague,Bayern Munich,12838,189.0,1641,1680
Valencia,ASVEL,66,82,1.87,2.15,2021-07-29,2016,EuroLeague,Valencia,10730,155.4,1692,1667
Milano,Real Madrid,83,78,2.47,1.68,2021-07-31,2016,EuroLeague,Milano,13662,169.1,1608,1675
Partizan,Barcelona,73,67,1.43,3.34,2021-08-02,2016,EuroLeague,Partizan,12200,147.0,1694,1546
ASVEL,Fenerbahçe,102,67,1.79,2.27,2021-08-04,2016,EuroLeague,ASVEL,13704,177.5,1595,1554
Real Madrid,Olympiacos,69,76,1.53,2.87,2021-08-06,2016,EuroLeague,Real Madrid,12191,152.2,1674,1565
Barcelona,CSKA Moscow,76,86,1.74,2.35,2021-08-08,2016,EuroLeague,Barcelona,11341,170.1,1662,1610
Fenerbahçe,Maccabi Tel Aviv,80,61,1.63,2.58,2021-08-10,2016,EuroLeague,Fenerbahçe,14512,148.1,1683,1603
Olympiacos,Baskonia,60,100,3.09,1.48,2021-08-12,2016,EuroLeague,Olympiacos,14771,168.0,1556,1684
CSKA Moscow,Anadolu Efes,67,102,2.87,1.53,2021-08-14,2016,EuroLeague,CSKA Moscow,13391,177.5,1521,1630
Maccabi Tel Aviv,Panathinaikos,67,71,2.19,1.84,2021-08-16,2016,EuroLeague,Maccabi Tel Aviv,10304,144.9,1504,1534
Baskonia,Zalgiris Kaunas,70,73,2.07,1.93,2021-08-18,2016,EuroLeague,Baskonia,14947,150.2,1512,1524
Anadolu Efes,Bayern Munich,107,69,1.39,3.54,2021-08-20,2016,EuroLeague,Anadolu Efes,14344,184.8,1671,1509
Panathinaikos,Valencia,86,87,2.1,1.91,2021-08-22,2016,EuroLeague,Panathinaikos,13860,181.7,1676,1692
Zalgiris Kaunas,Milano,97,89,1.74,2.35,2021-08-24,2016,EuroLeague,Zalgiris Kaunas,9602,195.3,1611,1559
Bayern Munich,Partizan,80,93,1.99,2.01,2021-08-26,2016,EuroLeague,Bayern Munich,14887,181.7,1528,1526
Valencia,ASVEL,85,65,1.81,2.23,2021-08-28,2016,EuroLeague,Valencia,11662,157.5,1660,1624
Milano,Real Madrid,86,80,2.4,1.71,2021-08-30,2016,EuroLeague,Milano,12177,174.3,1500,1559
Partizan,Barcelona,80,75,1.63,2.59,2021-09-01,2016,EuroLeague,Partizan,13895,162.8,1676,1595
ASVEL,Fenerbahçe,83,68,1.54,2.85,2021-09-03,2016,EuroLeague,ASVEL,13683,158.6,1698,1591
Real Madrid,Olympiacos,70,60,2.36,1.74,2021-09-05,2016,EuroLeague,Real Madrid,13446,136.5,1526,1579
Barcelona,CSKA Moscow,74,66,3.33,1.43,2021-09-07,2016,EuroLeague,Barcelona,13024,147.0,1536,1683
Fenerbahçe,Maccabi Tel Aviv,82,73,1.61,2.63,2021-09-09,2016,EuroLeague,Fenerbahçe,9791,162.8,1590,1505
Olympiacos,Baskonia,67,84,2.39,1.72,2021-09-11,2016,EuroLeague,Olympiacos,14012,158.6,1601,1658
CSKA Moscow,Anadolu Efes,94,93,2.07,1.94,2021-09-13,2016,EuroLeague,CSKA Moscow,10308,196.3,1534,1545
Maccabi Tel Aviv,Panathinaikos,76,80,1.76,2.32,2021-09-15,2016,EuroLeague,Maccabi Tel Aviv,13405,163.8,1550,1502
Baskonia,Zalgiris Kaunas,84,81,2.44,1.7,2021-09-17,2016,EuroLeague,Baskonia,14504,173.2,1538,1601
Anadolu Efes,Bayern Munich,111,93,1.79,2.26,2021-09-19,2016,EuroLeague,Anadolu Efes,11148,214.2,1605,1565
Panathinaikos,Valencia,98,66,1.59,2.71,2021-09-21,2016,EuroLeague,Panathinaikos,10074,172.2,1673,1580
Zalgiris Kaunas,Milano,87,67,2.18,1.85,2021-09-23,2016,EuroLeague,Zalgiris Kaunas,14554,161.7,1540,1569
Bayern Munich,Partizan,66,97,2.15,1.87,2021-09-25,2016,EuroLeague,Bayern Munich,13130,171.2,1578,1602
Valencia,ASVEL,84,87,1.98,2.02,2021-09-27,2016,EuroLeague,Valencia,11579,179.6,1574,1570
Milano,Real Madrid,84,79,2.1,1.91,2021-09-29,2016,EuroLeague,Milano,12961,171.2,1670,1687
Partizan,Barcelona,66,60,2.62,1.62,2021-10-01,2016,EuroLeague,Partizan,13071,132.3,1526,1610
ASVEL,Fenerbahçe,75,62,1.61,2.65,2021-10-03,2016,EuroLeague,ASVEL,14636,143.8,1688,1601
Real Madrid,Olympiacos,95,96,2.32,1.76,2021-10-05,2016,EuroLeague,Real Madrid,13585,200.6,1588,1636
Barcelona,CSKA Moscow,79,80,2.09,1.92,2021-10-07,2016,EuroLeague,Barcelona,12963,167.0,1519,1534
Fenerbahçe,Maccabi Tel Aviv,94,60,1.59,2.71,2021-10-09,2016,EuroLeague,Fenerbahçe,12093,161.7,1603,1510
Olympiacos,Baskonia,77,81,3.5,1.4,2021-10-11,2016,EuroLeague,Olympiacos,13214,165.9,1512,1671
CSKA Moscow,Anadolu Efes,71,64,1.98,2.02,2021-10-13,2016,EuroLeague,CSKA Moscow,12627,141.8,1514,1510
Maccabi Tel Aviv,Panathinaikos,60,63,2.03,1.97,2021-10-15,2016,EuroLeague,Maccabi Tel Aviv,14640,129.2,1568,1573
Baskonia,Zalgiris Kaunas,74,60,1.6,2.68,2021-10-17,2016,EuroLeague,Baskonia,14726,140.7,1687,1597
Anadolu Efes,Bayern Munich,91,90,2.02,1.98,2021-10-19,2016,EuroLeague,Anadolu Efes,14234,190.1,1530,1533
Panathinaikos,Valencia,105,62,1.41,3.44,2021-10-21,2016,EuroLeague,Panathinaikos,14052,175.3,1672,1517
Zalgiris Kaunas,Milano,90,68,2.37,1.73,2021-10-23,2016,EuroLeague,Zalgiris Kaunas,10465,165.9,1580,1635
Bayern Munich,Partizan,86,67,1.44,3.28,2021-10-25,2016,EuroLeague,Bayern Munich,10270,160.7,1683,1540
Valencia,ASVEL,83,76,1.93,2.08,2021-10-27,2016,EuroLeague,Valencia,12227,167.0,1687,1674
Milano,Real Madrid,86,77,1.8,2.25,2021-10-29,2016,EuroLeague,Milano,11883,171.2,1682,1643
Partizan,Barcelona,66,68,2.44,1.7,2021-10-31,2016,EuroLeague,Partizan,14213,140.7,1583,1646
ASVEL,Fenerbahçe,88,69,2.56,1.64,2021-11-02,2016,EuroLeague,ASVEL,14788,164.8,1537,1614
Real Madrid,Olympiacos,102,86,1.97,2.03,2021-11-04,2016,EuroLeague,Real Madrid,10056,197.4,1525,1520
Barcelona,CSKA Moscow,81,75,1.72,2.38,2021-11-06,2016,EuroLeague,Barcelona,14441,163.8,1614,1558
Fenerbahçe,Maccabi Tel Aviv,86,84,2.34,1.75,2021-11-08,2016,EuroLeague,Fenerbahçe,10531,178.5,1603,1654
Olympiacos,Baskonia,78,60,1.7,2.44,2021-11-10,2016,EuroLeague,Olympiacos,13286,144.9,1678,1615
CSKA Moscow,Anadolu Efes,82,60,1.34,3.92,2021-11-12,2016,EuroLeague,CSKA Moscow,11043,149.1,1694,1508
Maccabi Tel Aviv,Panathinaikos,96,60,1.37,3.69,2021-11-14,2016,EuroLeague,Maccabi Tel Aviv,14417,163.8,1690,1518
Baskonia,Zalgiris Kaunas,60,76,1.9,2.11,2021-11-16,2016,EuroLeague,Baskonia,11106,142.8,1678,1660
Anadolu Efes,Bayern Munich,62,60,1.52,2.94,2021-11-18,2016,EuroLeague,Anadolu Efes,9970,128.1,1699,1584
Panathinaikos,Valencia,66,99,3.39,1.42,2021-11-20,2016,EuroLeague,Panathinaikos,13947,173.2,1528,1679
Zalgiris Kaunas,Milano,74,92,1.39,3.57,2021-11-22,2016,EuroLeague,Zalgiris Kaunas,12624,174.3,1687,1523
Bayern Munich,Partizan,86,71,1.84,2.2,2021-11-24,2016,EuroLeague,Bayern Munich,10874,164.8,1690,1659
Valencia,ASVEL,76,66,2.38,1.72,2021-11-26,2016,EuroLeague,Valencia,10041,149.1,1592,1648
Milano,Real Madrid,76,93,2.43,1.7,2021-11-28,2016,EuroLeague,Milano,11024,177.5,1571,1633
Partizan,Barcelona,65,92,2.62,1.62,2021-11-30,2016,EuroLeague,Partizan,10328,164.8,1539,1623
ASVEL,Fenerbahçe,66,85,1.99,2.01,2021-12-02,2016,EuroLeague,ASVEL,10260,158.6,1537,1536
Real Madrid,Olympiacos,77,70,2.37,1.73,2021-12-04,2016,EuroLeague,Real Madrid,14382,154.3,1542,1597
Barcelona,CSKA Moscow,79,75,1.83,2.21,2021-12-06,2016,EuroLeague,Barcelona,9144,161.7,1696,1663
Fenerbahçe,Maccabi Tel Aviv,94,93,1.99,2.01,2021-12-08,2016,EuroLeague,Fenerbahçe,13277,196.3,1510,1508
Olympiacos,Baskonia,77,65,2.27,1.79,2021-12-10,2016,EuroLeague,Olympiacos,11255,149.1,1508,1549
CSKA Moscow,Anadolu Efes,83,60,1.45,3.24,2021-12-12,2016,EuroLeague,CSKA Moscow,11802,150.2,1697,1557
Maccabi Tel Aviv,Panathinaikos,89,64,1.93,2.07,2021-12-14,2016,EuroLeague,Maccabi Tel Aviv,12358,160.7,1542,1530
Baskonia,Zalgiris Kaunas,60,76,2.31,1.76,2021-12-16,2016,EuroLeague,Baskonia,12503,142.8,1636,1683
Anadolu Efes,Bayern Munich,81,87,1.83,2.21,2021-12-18,2016,EuroLeague,Anadolu Efes,10496,176.4,1558,1525
Panathinaikos,Valencia,60,80,2.54,1.65,2021-12-20,2016,EuroLeague,Panathinaikos,11644,147.0,1573,1648
Zalgiris Kaunas,Milano,68,110,2.26,1.79,2021-12-22,2016,EuroLeague,Zalgiris Kaunas,9830,186.9,1615,1655
Bayern Munich,Partizan,60,76,2.26,1.79,2021-12-24,2016,EuroLeague,Bayern Munich,14362,142.8,1630,1670
Valencia,ASVEL,79,85,2.59,1.63,2021-12-26,2016,EuroLeague,Valencia,9677,172.2,1535,1616
Milano,Real Madrid,67,83,1.98,2.02,2021-12-28,2016,EuroLeague,Milano,9248,157.5,1538,1534
Partizan,Barcelona,73,86,2.58,1.63,2021-12-30,2016,EuroLeague,Partizan,13041,167.0,1539,1618
ASVEL,Fenerbahçe,101,77,1.5,3.0,2022-01-01,2016,EuroLeague,ASVEL,13708,186.9,1632,1512
Real Madrid,Olympiacos,64,68,2.18,1.85,2022-01-03,2016,EuroLeague,Real Madrid,12949,138.6,1650,1679
Barcelona,CSKA Moscow,91,60,2.02,1.98,2022-01-05,2016,EuroLeague,Barcelona,10234,158.6,1632,1636
Fenerbahçe,Maccabi Tel Aviv,95,60,1.9,2.12,2022-01-07,2016,EuroLeague,Fenerbahçe,9342,162.8,1644,1625
Olympiacos,Baskonia,60,78,2.56,1.64,2022-01-09,2016,EuroLeague,Olympiacos,11890,144.9,1539,1616
CSKA Moscow,Anadolu Efes,86,100,1.75,2.33,2022-01-11,2016,EuroLeague,CSKA Moscow,9856,195.3,1557,1507
Maccabi Tel Aviv,Panathinaikos,79,60,1.55,2.82,2022-01-13,2016,EuroLeague,Maccabi Tel Aviv,14336,146.0,1621,1517
Baskonia,Zalgiris Kaunas,73,67,2.37,1.73,2022-01-15,2016,EuroLeague,Baskonia,13564,147.0,1518,1573
Anadolu Efes,Bayern Munich,88,87,2.1,1.91,2022-01-17,2016,EuroLeague,Anadolu Efes,9198,183.8,1550,1567
Panathinaikos,Valencia,74,89,2.22,1.82,2022-01-19,2016,EuroLeague,Panathinaikos,10798,171.2,1547,1581
Zalgiris Kaunas,Milano,79,71,2.86,1.54,2022-01-21,2016,EuroLeague,Zalgiris Kaunas,10192,157.5,1537,1645
Bayern Munich,Partizan,73,94,1.93,2.07,2022-01-23,2016,EuroLeague,Bayern Munich,12793,175.3,1678,1666
Valencia,ASVEL,65,63,2.86,1.54,2022-01-25,2016,EuroLeague,Valencia,10983,134.4,1534,1642
Milano,Real Madrid,96,83,2.21,1.83,2022-01-27,2016,EuroLeague,Milano,13161,188.0,1525,1558
Partizan,Barcelona,60,91,2.6,1.62,2022-01-29,2016,EuroLeague,Partizan,10145,158.6,1539,1621
ASVEL,Fenerbahçe,73,68,2.98,1.5,2022-01-31,2016,EuroLeague,ASVEL,14722,148.1,1513,1632
Real Madrid,Olympiacos,62,66,1.95,2.05,2022-02-02,2016,EuroLeague,Real Madrid,13094,134.4,1594,1585
Barcelona,CSKA Moscow,78,74,1.79,2.26,2022-02-04,2016,EuroLeague,Barcelona,12710,159.6,1541,1501
Fenerbahçe,Maccabi Tel Aviv,87,60,1.92,2.09,2022-02-06,2016,EuroLeague,Fenerbahçe,11742,154.3,1699,1684
Olympiacos,Baskonia,67,81,2.02,1.98,2022-02-08,2016,EuroLeague,Olympiacos,13536,155.4,1667,1670
CSKA Moscow,Anadolu Efes,69,75,2.75,1.57,2022-02-10,2016,EuroLeague,CSKA Moscow,11631,151.2,1541,1638
Maccabi Tel Aviv,Panathinaikos,77,84,2.67,1.6,2022-02-12,2016,EuroLeague,Maccabi Tel Aviv,14357,169.1,1565,1654
Baskonia,Zalgiris Kaunas,67,73,2.22,1.82,2022-02-14,2016,EuroLeague,Baskonia,12309,147.0,1583,1617
Anadolu Efes,Bayern Munich,80,87,1.98,2.02,2022-02-16,2016,EuroLeague,Anadolu Efes,10240,175.3,1609,1606
Panathinaikos,Valencia,83,87,1.77,2.3,2022-02-18,2016,EuroLeague,Panathinaikos,11289,178.5,1618,1573
Zalgiris Kaunas,Milano,89,97,1.62,2.6,2022-02-20,2016,EuroLeague,Zalgiris Kaunas,9076,195.3,1642,1560
Bayern Munich,Partizan,85,77,1.52,2.91,2022-02-22,2016,EuroLeague,Bayern Munich,12506,170.1,1615,1503
Valencia,ASVEL,106,71,1.46,3.18,2022-02-24,2016,EuroLeague,Valencia,10615,185.8,1695,1560
Milano,Real Madrid,60,83,1.62,2.61,2022-02-26,2016,EuroLeague,Milano,10786,150.2,1695,1612
Partizan,Barcelona,103,91,1.53,2.89,2022-02-28,2016,EuroLeague,Partizan,12939,203.7,1696,1585
ASVEL,Fenerbahçe,63,84,3.23,1.45,2022-03-02,2016,EuroLeague,ASVEL,9137,154.3,1547,1686
Real Madrid,Olympiacos,73,60,1.49,3.03,2022-03-04,2016,EuroLeague,Real Madrid,12922,139.7,1678,1555
Barcelona,CSKA Moscow,76,65,1.53,2.87,2022-03-06,2016,EuroLeague,Barcelona,11604,148.1,1667,1558
Fenerbahçe,Maccabi Tel Aviv,88,81,2.63,1.61,2022-03-08,2016,EuroLeague,Fenerbahçe,14395,177.5,1595,1680
Olympiacos,Baskonia,76,82,2.1,1.91,2022-03-10,2016,EuroLeague,Olympiacos,13278,165.9,1629,1645
CSKA Moscow,Anadolu Efes,84,83,2.07,1.93,2022-03-12,2016,EuroLeague,CSKA Moscow,13025,175.3,1682,1694
Maccabi Tel Aviv,Panathinaikos,82,69,2.51,1.66,2022-03-14,2016,EuroLeague,Maccabi Tel Aviv,9069,158.6,1551,1623
Baskonia,Zalgiris Kaunas,66,96,2.98,1.5,2022-03-16,2016,EuroLeague,Baskonia,12223,170.1,1536,1655
Anadolu Efes,Bayern Munich,96,79,2.76,1.57,2022-03-18,2016,EuroLeague,Anadolu Efes,10994,183.8,1507,1605
Panathinaikos,Valencia,73,91,2.85,1.54,2022-03-20,2016,EuroLeague,Panathinaikos,12797,172.2,1528,1635
Zalgiris Kaunas,Milano,89,98,3.01,1.5,2022-03-22,2016,EuroLeague,Zalgiris Kaunas,14514,196.3,1560,1681
Real Madrid,Olympiacos,71,94,3.3,1.43,2017-10-01,2017,EuroLeague,Real Madrid,10698,173.2,1504,1649
Barcelona,CSKA Moscow,90,64,1.68,2.46,2017-10-03,2017,EuroLeague,Barcelona,12973,161.7,1631,1565
Fenerbahçe,Maccabi Tel Aviv,71,87,1.79,2.26,2017-10-05,2017,EuroLeague,Fenerbahçe,14060,165.9,1639,1599
Olympiacos,Baskonia,76,69,1.37,3.72,2017-10-07,2017,EuroLeague,Olympiacos,11355,152.2,1689,1515
CSKA Moscow,Anadolu Efes,95,84,1.92,2.08,2017-10-09,2017,EuroLeague,CSKA Moscow,12580,188.0,1657,1643
Maccabi Tel Aviv,Panathinaikos,82,67,1.88,2.14,2017-10-11,2017,EuroLeague,Maccabi Tel Aviv,12387,156.5,1590,1567
Baskonia,Zalgiris Kaunas,83,72,1.44,3.26,2017-10-13,2017,EuroLeague,Baskonia,11286,162.8,1675,1533
Anadolu Efes,Bayern Munich,76,90,2.3,1.77,2017-10-15,2017,EuroLeague,Anadolu Efes,12396,174.3,1556,1602
Panathinaikos,Valencia,98,75,2.79,1.56,2017-10-17,2017,EuroLeague,Panathinaikos,9634,181.7,1542,1643
Zalgiris Kaunas,Milano,63,60,1.86,2.17,2017-10-19,2017,EuroLeague,Zalgiris Kaunas,9162,129.2,1681,1654
Bayern Munich,Partizan,97,60,1.66,2.5,2017-10-21,2017,EuroLeague,Bayern Munich,11748,164.8,1593,1522
Valencia,ASVEL,76,78,1.45,3.2,2017-10-23,2017,EuroLeague,Valencia,14889,161.7,1672,1535
Milano,Real Madrid,72,99,1.63,2.58,2017-10-25,2017,EuroLeague,Milano,12192,179.6,1692,1613
Partizan,Barcelona,62,84,1.74,2.36,2017-10-27,2017,EuroLeague,Partizan,12024,153.3,1660,1607
ASVEL,Fenerbahçe,92,66,1.55,2.82,2017-10-29,2017,EuroLeague,ASVEL,10312,165.9,1671,1567
Real Madrid,Olympiacos,103,69,2.95,1.51,2017-10-31,2017,EuroLeague,Real Madrid,12684,180.6,1556,1672
Barcelona,CSKA Moscow,89,76,1.81,2.23,2017-11-02,2017,EuroLeague,Barcelona,13524,173.2,1692,1656
Fenerbahçe,Maccabi Tel Aviv,70,79,2.06,1.94,2017-11-04,2017,EuroLeague,Fenerbahçe,10255,156.5,1639,1649
Olympiacos,Baskonia,77,101,2.6,1.62,2017-11-06,2017,EuroLeague,Olympiacos,10952,186.9,1605,1687
CSKA Moscow,Anadolu Efes,74,78,1.63,2.58,2017-11-08,2017,EuroLeague,CSKA Moscow,10535,159.6,1583,1504
Maccabi Tel Aviv,Panathinaikos,64,79,2.4,1.71,2017-11-10,2017,EuroLeague,Maccabi Tel Aviv,14790,150.2,1533,1592
Baskonia,Zalgiris Kaunas,81,71,1.47,3.13,2017-11-12,2017,EuroLeague,Baskonia,11295,159.6,1671,1540
Anadolu Efes,Bayern Munich,68,82,1.78,2.29,2017-11-14,2017,EuroLeague,Anadolu Efes,14449,157.5,1614,1570
Panathinaikos,Valencia,73,72,1.98,2.02,2017-11-16,2017,EuroLeague,Panathinaikos,10139,152.2,1574,1571
Zalgiris Kaunas,Milano,94,87,1.76,2.31,2017-11-18,2017,EuroLeague,Zalgiris Kaunas,13519,190.1,1682,1635
Bayern Munich,Partizan,101,80,1.66,2.51,2017-11-20,2017,EuroLeague,Bayern Munich,9451,190.1,1584,1512
Valencia,ASVEL,92,74,2.2,1.84,2017-11-22,2017,EuroLeague,Valencia,11819,174.3,1549,1580
Milano,Real Madrid,90,69,1.5,3.01,2017-11-24,2017,EuroLeague,Milano,9410,167.0,1673,1552
Partizan,Barcelona,92,60,2.12,1.89,2017-11-26,2017,EuroLeague,Partizan,13397,159.6,1677,1697
ASVEL,Fenerbahçe,81,79,1.85,2.18,2017-11-28,2017,EuroLeague,ASVEL,13224,168.0,1651,1622
Real Madrid,Olympiacos,96,81,2.5,1.66,2017-11-30,2017,EuroLeague,Real Madrid,14218,185.8,1576,1647
Barcelona,CSKA Moscow,72,74,3.62,1.38,2017-12-02,2017,EuroLeague,Barcelona,12203,153.3,1516,1683
Fenerbahçe,Maccabi Tel Aviv,70,107,2.94,1.52,2017-12-04,2017,EuroLeague,Fenerbahçe,9166,185.8,1546,1661
Olympiacos,Baskonia,64,87,1.88,2.14,2017-12-06,2017,EuroLeague,Olympiacos,10394,158.6,1597,1574
CSKA Moscow,Anadolu Efes,64,90,2.01,1.99,2017-12-08,2017,EuroLeague,CSKA Moscow,12716,161.7,1610,1612
Maccabi Tel Aviv,Panathinaikos,97,98,1.85,2.17,2017-12-10,2017,EuroLeague,Maccabi Tel Aviv,12004,204.8,1541,1513
Baskonia,Zalgiris Kaunas,87,76,1.82,2.22,2017-12-12,2017,EuroLeague,Baskonia,14579,171.2,1629,1595
Anadolu Efes,Bayern Munich,63,67,2.2,1.84,2017-12-14,2017,EuroLeague,Anadolu Efes,14439,136.5,1633,1664
Panathinaikos,Valencia,97,74,1.63,2.58,2017-12-16,2017,EuroLeague,Panathinaikos,9325,179.6,1681,1602
Zalgiris Kaunas,Milano,88,91,2.19,1.84,2017-12-18,2017,EuroLeague,Zalgiris Kaunas,9544,188.0,1631,1661
Bayern Munich,Partizan,80,67,1.64,2.56,2017-12-20,2017,EuroLeague,Bayern Munich,9561,154.3,1646,1569
Valencia,ASVEL,85,86,1.86,2.16,2017-12-22,2017,EuroLeague,Valencia,9551,179.6,1688,1662
Milano,Real Madrid,78,74,1.67,2.49,2017-12-24,2017,EuroLeague,Milano,13754,159.6,1583,1514
Partizan,Barcelona,77,80,2.14,1.88,2017-12-26,2017,EuroLeague,Partizan,11541,164.8,1533,1556
ASVEL,Fenerbahçe,91,90,1.98,2.02,2017-12-28,2017,EuroLeague,ASVEL,10176,190.1,1653,1649
Real Madrid,Olympiacos,73,84,2.23,1.81,2017-12-30,2017,EuroLeague,Real Madrid,10761,164.8,1534,1570
Barcelona,CSKA Moscow,68,69,1.63,2.58,2018-01-01,2017,EuroLeague,Barcelona,11267,143.8,1664,1584
Fenerbahçe,Maccabi Tel Aviv,76,67,1.98,2.02,2018-01-03,2017,EuroLeague,Fenerbahçe,9170,150.2,1581,1577
Olympiacos,Baskonia,99,66,1.97,2.04,2018-01-05,2017,EuroLeague,Olympiacos,14054,173.2,1558,1552
CSKA Moscow,Anadolu Efes,77,81,2.34,1.75,2018-01-07,2017,EuroLeague,CSKA Moscow,14538,165.9,1585,1636
Maccabi Tel Aviv,Panathinaikos,87,73,1.75,2.34,2018-01-09,2017,EuroLeague,Maccabi Tel Aviv,12704,168.0,1686,1635
Baskonia,Zalgiris Kaunas,71,82,1.63,2.58,2018-01-11,2017,EuroLeague,Baskonia,13248,160.7,1605,1525
Anadolu Efes,Bayern Munich,70,78,2.27,1.79,2018-01-13,2017,EuroLeague,Anadolu Efes,12250,155.4,1618,1660
Panathinaikos,Valencia,90,86,1.8,2.25,2018-01-15,2017,EuroLeague,Panathinaikos,13646,184.8,1585,1546
Zalgiris Kaunas,Milano,91,84,1.85,2.17,2018-01-17,2017,EuroLeague,Zalgiris Kaunas,9780,183.8,1684,1656
Bayern Munich,Partizan,81,81,2.47,1.68,2018-01-19,2017,EuroLeague,Bayern Munich,14317,170.1,1520,1587
Valencia,ASVEL,95,71,1.38,3.65,2018-01-21,2017,EuroLeague,Valencia,9931,174.3,1679,1510
Milano,Real Madrid,91,78,2.04,1.97,2018-01-23,2017,EuroLeague,Milano,12113,177.5,1665,1671
Partizan,Barcelona,64,92,3.07,1.48,2018-01-25,2017,EuroLeague,Partizan,14302,163.8,1524,1650
ASVEL,Fenerbahçe,68,98,2.01,1.99,2018-01-27,2017,EuroLeague,ASVEL,9446,174.3,1504,1506
Real Madrid,Olympiacos,98,71,1.85,2.18,2018-01-29,2017,EuroLeague,Real Madrid,12577,177.5,1688,1659
Barcelona,CSKA Moscow,85,73,1.63,2.58,2018-01-31,2017,EuroLeague,Barcelona,12259,165.9,1616,1536
Fenerbahçe,Maccabi Tel Aviv,103,96,1.7,2.43,2018-02-02,2017,EuroLeague,Fenerbahçe,9510,209.0,1664,1602
Olympiacos,Baskonia,93,82,2.96,1.51,2018-02-04,2017,EuroLeague,Olympiacos,13663,183.8,1515,1632
CSKA Moscow,Anadolu Efes,91,82,2.71,1.59,2018-02-06,2017,EuroLeague,CSKA Moscow,11134,181.7,1557,1650
Maccabi Tel Aviv,Panathinaikos,93,103,2.81,1.55,2018-02-08,2017,EuroLeague,Maccabi Tel Aviv,9983,205.8,1590,1693
Baskonia,Zalgiris Kaunas,60,92,2.39,1.72,2018-02-10,2017,EuroLeague,Baskonia,13259,159.6,1526,1583
Anadolu Efes,Bayern Munich,78,80,1.5,2.98,2018-02-12,2017,EuroLeague,Anadolu Efes,10045,165.9,1658,1539
Panathinaikos,Valencia,84,82,2.24,1.8,2018-02-14,2017,EuroLeague,Panathinaikos,13240,174.3,1603,1641
Zalgiris Kaunas,Milano,62,89,2.22,1.82,2018-02-16,2017,EuroLeague,Zalgiris Kaunas,12733,158.6,1590,1624
Bayern Munich,Partizan,83,80,2.2,1.84,2018-02-18,2017,EuroLeague,Bayern Munich,11124,171.2,1530,1561
Valencia,ASVEL,74,81,1.71,2.41,2018-02-20,2017,EuroLeague,Valencia,13372,162.8,1589,1529
Milano,Real Madrid,66,79,3.18,1.46,2018-02-22,2017,EuroLeague,Milano,14383,152.2,1540,1675
Partizan,Barcelona,70,89,1.87,2.15,2018-02-24,2017,EuroLeague,Partizan,12738,167.0,1700,1675
ASVEL,Fenerbahçe,91,106,3.36,1.42,2018-02-26,2017,EuroLeague,ASVEL,9440,206.9,1521,1670
Real Madrid,Olympiacos,82,104,2.36,1.73,2018-02-28,2017,EuroLeague,Real Madrid,12146,195.3,1540,1594
Barcelona,CSKA Moscow,78,91,3.68,1.37,2018-03-02,2017,EuroLeague,Barcelona,11152,177.5,1510,1681
Fenerbahçe,Maccabi Tel Aviv,60,102,2.16,1.86,2018-03-04,2017,EuroLeague,Fenerbahçe,14060,170.1,1507,1533
Olympiacos,Baskonia,60,100,2.74,1.58,2018-03-06,2017,EuroLeague,Olympiacos,10867,168.0,1587,1683
CSKA Moscow,Anadolu Efes,81,83,1.94,2.07,2018-03-08,2017,EuroLeague,CSKA Moscow,9369,172.2,1578,1567
Maccabi Tel Aviv,Panathinaikos,63,60,2.29,1.78,2018-03-10,2017,EuroLeague,Maccabi Tel Aviv,9864,129.2,1607,1651
Baskonia,Zalgiris Kaunas,71,79,1.87,2.15,2018-03-12,2017,EuroLeague,Baskonia,12240,157.5,1589,1564
Anadolu Efes,Bayern Munich,70,85,2.49,1.67,2018-03-14,2017,EuroLeague,Anadolu Efes,10616,162.8,1563,1632
Panathinaikos,Valencia,62,94,2.53,1.65,2018-03-16,2017,EuroLeague,Panathinaikos,9147,163.8,1559,1633
Zalgiris Kaunas,Milano,73,60,1.51,2.95,2018-03-18,2017,EuroLeague,Zalgiris Kaunas,11310,139.7,1638,1522
Bayern Munich,Partizan,65,96,1.74,2.36,2018-03-20,2017,EuroLeague,Bayern Munich,13040,169.1,1563,1510
Valencia,ASVEL,78,97,3.05,1.49,2018-03-22,2017,EuroLeague,Valencia,14412,183.8,1541,1666
Milano,Real Madrid,91,73,1.52,2.91,2018-03-24,2017,EuroLeague,Milano,10137,172.2,1633,1521
Partizan,Barcelona,70,98,3.04,1.49,2018-03-26,2017,EuroLeague,Partizan,11668,176.4,1548,1672
ASVEL,Fenerbahçe,85,81,2.11,1.9,2018-03-28,2017,EuroLeague,ASVEL,14964,174.3,1625,1643
Real Madrid,Olympiacos,77,69,1.59,2.69,2018-03-30,2017,EuroLeague,Real Madrid,14554,153.3,1613,1522
Barcelona,CSKA Moscow,80,60,1.55,2.81,2018-04-01,2017,EuroLeague,Barcelona,10082,147.0,1647,1544
Fenerbahçe,Maccabi Tel Aviv,99,66,1.68,2.47,2018-04-03,2017,EuroLeague,Fenerbahçe,11065,173.2,1605,1538
Olympiacos,Baskonia,62,85,2.59,1.63,2018-04-05,2017,EuroLeague,Olympiacos,13872,154.3,1507,1588
CSKA Moscow,Anadolu Efes,62,73,1.72,2.38,2018-04-07,2017,EuroLeague,CSKA Moscow,9313,141.8,1695,1639
Maccabi Tel Aviv,Panathinaikos,76,74,2.04,1.96,2018-04-09,2017,EuroLeague,Maccabi Tel Aviv,11783,157.5,1532,1539
Baskonia,Zalgiris Kaunas,93,107,2.48,1.68,2018-04-11,2017,EuroLeague,Baskonia,13094,210.0,1526,1594
Anadolu Efes,Bayern Munich,84,68,2.22,1.82,2018-04-13,2017,EuroLeague,Anadolu Efes,10583,159.6,1566,1601
Panathinaikos,Valencia,60,75,1.66,2.5,2018-04-15,2017,EuroLeague,Panathinaikos,10575,141.8,1589,1518
Zalgiris Kaunas,Milano,65,63,2.63,1.61,2018-04-17,2017,EuroLeague,Zalgiris Kaunas,10497,134.4,1520,1605
Bayern Munich,Partizan,82,71,1.98,2.02,2018-04-19,2017,EuroLeague,Bayern Munich,10857,160.7,1571,1568
Valencia,ASVEL,99,60,1.94,2.07,2018-04-21,2017,EuroLeague,Valencia,13048,167.0,1697,1686
Milano,Real Madrid,91,76,1.45,3.21,2018-04-23,2017,EuroLeague,Milano,13375,175.3,1696,1558
Partizan,Barcelona,82,77,2.78,1.56,2018-04-25,2017,EuroLeague,Partizan,11444,167.0,1595,1695
ASVEL,Fenerbahçe,78,84,3.9,1.34,2018-04-27,2017,EuroLeague,ASVEL,12444,170.1,1503,1688
Real Madrid,Olympiacos,64,70,1.77,2.3,2018-04-29,2017,EuroLeague,Real Madrid,10969,140.7,1549,1504
Barcelona,CSKA Moscow,89,77,1.79,2.27,2018-05-01,2017,EuroLeague,Barcelona,9735,174.3,1599,1557
Fenerbahçe,Maccabi Tel Aviv,87,89,2.1,1.91,2018-05-03,2017,EuroLeague,Fenerbahçe,12573,184.8,1645,1662
Olympiacos,Baskonia,68,77,1.97,2.04,2018-05-05,2017,EuroLeague,Olympiacos,14493,152.2,1686,1680
CSKA Moscow,Anadolu Efes,80,78,1.72,2.4,2018-05-07,2017,EuroLeague,CSKA Moscow,12025,165.9,1619,1561
Maccabi Tel Aviv,Panathinaikos,84,78,1.94,2.07,2018-05-09,2017,EuroLeague,Maccabi Tel Aviv,12676,170.1,1622,1611
Baskonia,Zalgiris Kaunas,97,82,1.38,3.66,2018-05-11,2017,EuroLeague,Baskonia,13303,188.0,1691,1521
Anadolu Efes,Bayern Munich,78,60,1.62,2.61,2018-05-13,2017,EuroLeague,Anadolu Efes,13707,144.9,1668,1585
Panathinaikos,Valencia,70,94,2.11,1.9,2018-05-15,2017,EuroLeague,Panathinaikos,13904,172.2,1509,1527
Zalgiris Kaunas,Milano,90,86,1.65,2.54,2018-05-17,2017,EuroLeague,Zalgiris Kaunas,10283,184.8,1694,1619
Bayern Munich,Partizan,88,67,1.7,2.42,2018-05-19,2017,EuroLeague,Bayern Munich,14146,162.8,1614,1553
Valencia,ASVEL,75,72,3.25,1.44,2018-05-21,2017,EuroLeague,Valencia,9219,154.3,1513,1654
Milano,Real Madrid,74,77,2.34,1.75,2018-05-23,2017,EuroLeague,Milano,11582,158.6,1603,1654
Partizan,Barcelona,95,83,2.01,1.99,2018-05-25,2017,EuroLeague,Partizan,14309,186.9,1549,1551
ASVEL,Fenerbahçe,100,70,2.18,1.85,2018-05-27,2017,EuroLeague,ASVEL,12426,178.5,1670,1699
Real Madrid,Olympiacos,86,105,2.52,1.66,2018-05-29,2017,EuroLeague,Real Madrid,12500,200.6,1534,1607
Barcelona,CSKA Moscow,78,60,2.24,1.8,2018-05-31,2017,EuroLeague,Barcelona,11163,144.9,1661,1699
Fenerbahçe,Maccabi Tel Aviv,78,72,1.79,2.27,2018-06-02,2017,EuroLeague,Fenerbahçe,14283,157.5,1647,1606
Olympiacos,Baskonia,71,73,2.27,1.79,2018-06-04,2017,EuroLeague,Olympiacos,13177,151.2,1556,1597
CSKA Moscow,Anadolu Efes,91,60,1.55,2.82,2018-06-06,2017,EuroLeague,CSKA Moscow,11817,158.6,1653,1549
Maccabi Tel Aviv,Panathinaikos,85,87,2.69,1.59,2018-06-08,2017,EuroLeague,Maccabi Tel Aviv,13491,180.6,1551,1642
Baskonia,Zalgiris Kaunas,70,70,2.24,1.81,2018-06-10,2017,EuroLeague,Baskonia,10513,147.0,1531,1568
Anadolu Efes,Bayern Munich,75,66,1.96,2.04,2018-06-12,2017,EuroLeague,Anadolu Efes,13768,148.1,1666,1659
Panathinaikos,Valencia,86,70,1.72,2.38,2018-06-14,2017,EuroLeague,Panathinaikos,10888,163.8,1620,1564
Zalgiris Kaunas,Milano,72,64,1.95,1.95,2018-06-16,2017,EuroLeague,Zalgiris Kaunas,9004,142.8,1667,1667
Bayern Munich,Partizan,69,77,2.07,1.94,2018-06-18,2017,EuroLeague,Bayern Munich,13575,153.3,1654,1665
Valencia,ASVEL,80,91,2.2,1.83,2018-06-20,2017,EuroLeague,Valencia,13430,179.6,1563,1595
Milano,Real Madrid,83,61,1.63,2.59,2018-06-22,2017,EuroLeague,Milano,10692,151.2,1581,1500
Partizan,Barcelona,68,64,2.73,1.58,2018-06-24,2017,EuroLeague,Partizan,13326,138.6,1603,1698
ASVEL,Fenerbahçe,83,89,1.86,2.17,2018-06-26,2017,EuroLeague,ASVEL,12907,180.6,1647,1620
Real Madrid,Olympiacos,60,78,2.83,1.55,2018-06-28,2017,EuroLeague,Real Madrid,13129,144.9,1572,1677
Barcelona,CSKA Moscow,68,77,2.74,1.58,2018-06-30,2017,EuroLeague,Barcelona,13506,152.2,1520,1616
Fenerbahçe,Maccabi Tel Aviv,63,70,2.58,1.63,2018-07-02,2017,EuroLeague,Fenerbahçe,11513,139.7,1511,1590
Olympiacos,Baskonia,91,80,1.9,2.11,2018-07-04,2017,EuroLeague,Olympiacos,9335,179.6,1641,1623
CSKA Moscow,Anadolu Efes,82,85,2.13,1.89,2018-07-06,2017,EuroLeague,CSKA Moscow,11280,175.3,1635,1656
Maccabi Tel Aviv,Panathinaikos,109,67,1.51,2.95,2018-07-08,2017,EuroLeague,Maccabi Tel Aviv,10964,184.8,1627,1511
Baskonia,Zalgiris Kaunas,74,66,2.51,1.66,2018-07-10,2017,EuroLeague,Baskonia,11047,147.0,1553,1625
Anadolu Efes,Bayern Munich,90,69,1.71,2.4,2018-07-12,2017,EuroLeague,Anadolu Efes,9234,167.0,1653,1594
Panathinaikos,Valencia,71,77,2.33,1.75,2018-07-14,2017,EuroLeague,Panathinaikos,13174,155.4,1619,1669
Zalgiris Kaunas,Milano,67,79,3.32,1.43,2018-07-16,2017,EuroLeague,Zalgiris Kaunas,13398,153.3,1504,1650
Bayern Munich,Partizan,64,93,2.67,1.6,2018-07-18,2017,EuroLeague,Bayern Munich,13380,164.8,1577,1666
Valencia,ASVEL,61,71,2.49,1.67,2018-07-20,2017,EuroLeague,Valencia,13590,138.6,1564,1633
Milano,Real Madrid,94,75,1.87,2.15,2018-07-22,2017,EuroLeague,Milano,14618,177.5,1606,1581
Partizan,Barcelona,88,64,2.28,1.78,2018-07-24,2017,EuroLeague,Partizan,12599,159.6,1512,1555
ASVEL,Fenerbahçe,76,77,1.61,2.63,2018-07-26,2017,EuroLeague,ASVEL,10420,160.7,1607,1522
Real Madrid,Olympiacos,60,60,1.73,2.37,2018-07-28,2017,EuroLeague,Real Madrid,9249,126.0,1638,1583
Barcelona,CSKA Moscow,68,99,1.96,2.04,2018-07-30,2017,EuroLeague,Barcelona,13805,175.3,1642,1635
Fenerbahçe,Maccabi Tel Aviv,76,92,2.39,1.72,2018-08-01,2017,EuroLeague,Fenerbahçe,13953,176.4,1563,1620
Olympiacos,Baskonia,80,64,1.58,2.72,2018-08-03,2017,EuroLeague,Olympiacos,11305,151.2,1660,1566
CSKA Moscow,Anadolu Efes,90,87,2.3,1.77,2018-08-05,2017,EuroLeague,CSKA Moscow,11476,185.8,1526,1572
Maccabi Tel Aviv,Panathinaikos,79,92,2.35,1.74,2018-08-07,2017,EuroLeague,Maccabi Tel Aviv,13730,179.6,1510,1562
Baskonia,Zalgiris Kaunas,60,86,2.64,1.61,2018-08-09,2017,EuroLeague,Baskonia,14809,153.3,1513,1599
Anadolu Efes,Bayern Munich,97,95,1.74,2.36,2018-08-11,2017,EuroLeague,Anadolu Efes,9283,201.6,1695,1642
Panathinaikos,Valencia,88,86,2.09,1.92,2018-08-13,2017,EuroLeague,Panathinaikos,10060,182.7,1667,1682
Zalgiris Kaunas,Milano,87,74,3.03,1.49,2018-08-15,2017,EuroLeague,Zalgiris Kaunas,10304,169.1,1516,1639
Bayern Munich,Partizan,87,78,1.58,2.74,2018-08-17,2017,EuroLeague,Bayern Munich,14740,173.2,1606,1510
Valencia,ASVEL,66,87,2.94,1.52,2018-08-19,2017,EuroLeague,Valencia,12263,160.7,1546,1661
Milano,Real Madrid,72,82,1.52,2.92,2018-08-21,2017,EuroLeague,Milano,13262,161.7,1622,1509
Partizan,Barcelona,82,85,1.97,2.03,2018-08-23,2017,EuroLeague,Partizan,14150,175.3,1524,1519
ASVEL,Fenerbahçe,70,75,1.56,2.79,2018-08-25,2017,EuroLeague,ASVEL,12164,152.2,1648,1547
Real Madrid,Olympiacos,60,79,1.88,2.14,2018-08-27,2017,EuroLeague,Real Madrid,13891,146.0,1554,1532
Barcelona,CSKA Moscow,100,80,2.18,1.85,2018-08-29,2017,EuroLeague,Barcelona,11880,189.0,1597,1626
Fenerbahçe,Maccabi Tel Aviv,78,79,2.05,1.95,2018-08-31,2017,EuroLeague,Fenerbahçe,11640,164.8,1529,1537
Olympiacos,Baskonia,71,63,2.26,1.79,2018-09-02,2017,EuroLeague,Olympiacos,12670,140.7,1500,1540
CSKA Moscow,Anadolu Efes,60,78,2.6,1.62,2018-09-04,2017,EuroLeague,CSKA Moscow,10443,144.9,1543,1625
Maccabi Tel Aviv,Panathinaikos,93,62,1.51,2.95,2018-09-06,2017,EuroLeague,Maccabi Tel Aviv,9606,162.8,1620,1504
Baskonia,Zalgiris Kaunas,79,60,3.0,1.5,2018-09-08,2017,EuroLeague,Baskonia,9625,146.0,1566,1686
Anadolu Efes,Bayern Munich,78,83,1.61,2.64,2018-09-10,2017,EuroLeague,Anadolu Efes,14032,169.1,1661,1575
Panathinaikos,Valencia,82,63,1.91,2.1,2018-09-12,2017,EuroLeague,Panathinaikos,12863,152.2,1557,1541
Zalgiris Kaunas,Milano,73,72,1.98,2.02,2018-09-14,2017,EuroLeague,Zalgiris Kaunas,11268,152.2,1595,1592
Bayern Munich,Partizan,71,86,1.63,2.59,2018-09-16,2017,EuroLeague,Bayern Munich,12566,164.8,1595,1514
Valencia,ASVEL,82,91,1.96,2.04,2018-09-18,2017,EuroLeague,Valencia,10920,181.7,1682,1675
Milano,Real Madrid,86,88,1.91,2.1,2018-09-20,2017,EuroLeague,Milano,10563,182.7,1562,1545
Partizan,Barcelona,86,75,2.08,1.92,2018-09-22,2017,EuroLeague,Partizan,11365,169.1,1549,1563
ASVEL,Fenerbahçe,76,60,2.13,1.89,2018-09-24,2017,EuroLeague,ASVEL,10486,142.8,1511,1532
Real Madrid,Olympiacos,74,79,1.86,2.16,2018-09-26,2017,EuroLeague,Real Madrid,9320,160.7,1667,1641
Barcelona,CSKA Moscow,85,81,1.63,2.58,2018-09-28,2017,EuroLeague,Barcelona,10511,174.3,1619,1540
Fenerbahçe,Maccabi Tel Aviv,73,68,1.78,2.28,2018-09-30,2017,EuroLeague,Fenerbahçe,11764,148.1,1681,1638
Olympiacos,Baskonia,86,80,2.36,1.73,2018-10-02,2017,EuroLeague,Olympiacos,13781,174.3,1526,1580
CSKA Moscow,Anadolu Efes,104,83,1.59,2.7,2018-10-04,2017,EuroLeague,CSKA Moscow,12770,196.3,1606,1514
Maccabi Tel Aviv,Panathinaikos,76,76,1.99,2.01,2018-10-06,2017,EuroLeague,Maccabi Tel Aviv,13055,159.6,1693,1691
Baskonia,Zalgiris Kaunas,79,75,1.94,2.07,2018-10-08,2017,EuroLeague,Baskonia,9650,161.7,1534,1523
Anadolu Efes,Bayern Munich,60,86,1.78,2.29,2018-10-10,2017,EuroLeague,Anadolu Efes,10680,153.3,1692,1648
Panathinaikos,Valencia,99,78,2.03,1.97,2018-10-12,2017,EuroLeague,Panathinaikos,14438,185.8,1676,1681
Zalgiris Kaunas,Milano,82,87,1.9,2.12,2018-10-14,2017,EuroLeague,Zalgiris Kaunas,10761,177.5,1563,1544
Bayern Munich,Partizan,98,65,1.49,3.04,2018-10-16,2017,EuroLeague,Bayern Munich,10416,171.2,1653,1529
Valencia,ASVEL,105,73,1.41,3.44,2018-10-18,2017,EuroLeague,Valencia,13102,186.9,1680,1525
Milano,Real Madrid,95,72,1.76,2.31,2018-10-20,2017,EuroLeague,Milano,9065,175.3,1561,1514
Partizan,Barcelona,91,79,2.3,1.77,2018-10-22,2017,EuroLeague,Partizan,10047,178.5,1619,1665
ASVEL,Fenerbahçe,72,78,2.85,1.54,2018-10-24,2017,EuroLeague,ASVEL,13545,157.5,1567,1674
Real Madrid,Olympiacos,94,88,1.92,2.08,2018-10-26,2017,EuroLeague,Real Madrid,10931,191.1,1619,1605
Barcelona,CSKA Moscow,82,96,3.45,1.41,2018-10-28,2017,EuroLeague,Barcelona,10178,186.9,1539,1695
Fenerbahçe,Maccabi Tel Aviv,82,71,1.78,2.29,2018-10-30,2017,EuroLeague,Fenerbahçe,10245,160.7,1647,1603
Olympiacos,Baskonia,79,70,1.48,3.09,2018-11-01,2017,EuroLeague,Olympiacos,13254,156.5,1674,1546
CSKA Moscow,Anadolu Efes,87,105,2.12,1.89,2018-11-03,2017,EuroLeague,CSKA Moscow,9977,201.6,1551,1571
Maccabi Tel Aviv,Panathinaikos,73,96,2.81,1.55,2018-11-05,2017,EuroLeague,Maccabi Tel Aviv,13238,177.5,1594,1697
Baskonia,Zalgiris Kaunas,93,64,1.55,2.82,2018-11-07,2017,EuroLeague,Baskonia,9215,164.8,1661,1557
Anadolu Efes,Bayern Munich,73,88,1.91,2.1,2018-11-09,2017,EuroLeague,Anadolu Efes,13398,169.1,1597,1581
Panathinaikos,Valencia,62,90,2.36,1.74,2018-11-11,2017,EuroLeague,Panathinaikos,9527,159.6,1592,1645
Zalgiris Kaunas,Milano,64,97,1.91,2.1,2018-11-13,2017,EuroLeague,Zalgiris Kaunas,12757,169.1,1605,1589
Bayern Munich,Partizan,73,80,2.04,1.96,2018-11-15,2017,EuroLeague,Bayern Munich,12149,160.7,1602,1609
Valencia,ASVEL,77,76,1.83,2.21,2018-11-17,2017,EuroLeague,Valencia,14926,160.7,1676,1643
Milano,Real Madrid,84,81,1.92,2.09,2018-11-19,2017,EuroLeague,Milano,14725,173.2,1522,1507
Partizan,Barcelona,88,71,2.27,1.79,2018-11-21,2017,EuroLeague,Partizan,10251,167.0,1557,1599
ASVEL,Fenerbahçe,96,68,1.59,2.71,2018-11-23,2017,EuroLeague,ASVEL,12559,172.2,1656,1563
Real Madrid,Olympiacos,65,91,1.64,2.56,2018-11-25,2017,EuroLeague,Real Madrid,13251,163.8,1619,1542
Barcelona,CSKA Moscow,60,60,1.58,2.73,2018-11-27,2017,EuroLeague,Barcelona,9292,126.0,1646,1551
Fenerbahçe,Maccabi Tel Aviv,60,77,2.46,1.68,2018-11-29,2017,EuroLeague,Fenerbahçe,12508,143.8,1610,1676
Olympiacos,Baskonia,60,60,1.77,2.3,2018-12-01,2017,EuroLeague,Olympiacos,13299,126.0,1623,1578
CSKA Moscow,Anadolu Efes,66,95,3.44,1.41,2018-12-03,2017,EuroLeague,CSKA Moscow,11938,169.1,1523,1678
Maccabi Tel Aviv,Panathinaikos,90,84,1.63,2.58,2018-12-05,2017,EuroLeague,Maccabi Tel Aviv,11814,182.7,1622,1543
Baskonia,Zalgiris Kaunas,94,84,1.97,2.03,2018-12-07,2017,EuroLeague,Baskonia,9513,186.9,1679,1674
Anadolu Efes,Bayern Munich,75,69,2.1,1.91,2018-12-09,2017,EuroLeague,Anadolu Efes,11476,151.2,1586,1603
Panathinaikos,Valencia,78,68,3.21,1.45,2018-12-11,2017,EuroLeague,Panathinaikos,14842,153.3,1535,1673
Zalgiris Kaunas,Milano,84,73,2.95,1.51,2018-12-13,2017,EuroLeague,Zalgiris Kaunas,14666,164.8,1528,1644
Bayern Munich,Partizan,83,81,3.15,1.47,2018-12-15,2017,EuroLeague,Bayern Munich,11507,172.2,1503,1636
Valencia,ASVEL,82,100,2.44,1.7,2018-12-17,2017,EuroLeague,Valencia,9578,191.1,1527,1590
Milano,Real Madrid,60,63,1.68,2.48,2018-12-19,2017,EuroLeague,Milano,14071,129.2,1671,1603
Partizan,Barcelona,97,86,1.71,2.4,2018-12-21,2017,EuroLeague,Partizan,13028,192.2,1647,1588
ASVEL,Fenerbahçe,73,65,1.62,2.61,2018-12-23,2017,EuroLeague,ASVEL,11192,144.9,1691,1608
Real Madrid,Olympiacos,88,86,3.85,1.35,2018-12-25,2017,EuroLeague,Real Madrid,10092,182.7,1510,1692
Barcelona,CSKA Moscow,80,90,2.4,1.71,2018-12-27,2017,EuroLeague,Barcelona,14388,178.5,1624,1683
Fenerbahçe,Maccabi Tel Aviv,74,77,1.94,2.06,2018-12-29,2017,EuroLeague,Fenerbahçe,14392,158.6,1610,1600
Olympiacos,Baskonia,86,80,2.98,1.5,2018-12-31,2017,EuroLeague,Olympiacos,11483,174.3,1520,1639
CSKA Moscow,Anadolu Efes,60,96,3.09,1.48,2019-01-02,2017,EuroLeague,CSKA Moscow,12351,163.8,1569,1697
Maccabi Tel Aviv,Panathinaikos,73,71,2.26,1.79,2019-01-04,2017,EuroLeague,Maccabi Tel Aviv,10552,151.2,1614,1654
Baskonia,Zalgiris Kaunas,91,68,1.95,2.05,2019-01-06,2017,EuroLeague,Baskonia,14946,167.0,1599,1591
Anadolu Efes,Bayern Munich,68,82,2.03,1.97,2019-01-08,2017,EuroLeague,Anadolu Efes,13381,157.5,1537,1542
Panathinaikos,Valencia,82,68,1.85,2.18,2019-01-10,2017,EuroLeague,Panathinaikos,12034,157.5,1533,1504
Zalgiris Kaunas,Milano,73,83,2.86,1.54,2019-01-12,2017,EuroLeague,Zalgiris Kaunas,11554,163.8,1520,1628
Bayern Munich,Partizan,60,94,2.08,1.93,2019-01-14,2017,EuroLeague,Bayern Munich,11164,161.7,1578,1591
Valencia,ASVEL,76,104,2.79,1.56,2019-01-16,2017,EuroLeague,Valencia,10741,189.0,1574,1675
Milano,Real Madrid,98,86,1.82,2.22,2019-01-18,2017,EuroLeague,Milano,11627,193.2,1685,1650
Partizan,Barcelona,87,60,3.65,1.38,2019-01-20,2017,EuroLeague,Partizan,9039,154.3,1526,1695
ASVEL,Fenerbahçe,99,65,1.54,2.86,2019-01-22,2017,EuroLeague,ASVEL,9929,172.2,1681,1573
Real Madrid,Olympiacos,88,60,2.1,1.91,2019-01-24,2017,EuroLeague,Real Madrid,12227,155.4,1670,1686
Barcelona,CSKA Moscow,66,89,2.12,1.9,2019-01-26,2017,EuroLeague,Barcelona,11839,162.8,1572,1591
Fenerbahçe,Maccabi Tel Aviv,71,81,2.35,1.74,2019-01-28,2017,EuroLeague,Fenerbahçe,14683,159.6,1599,1651
Olympiacos,Baskonia,75,64,1.76,2.31,2019-01-30,2017,EuroLeague,Olympiacos,10939,146.0,1651,1604
CSKA Moscow,Anadolu Efes,83,83,2.83,1.55,2019-02-01,2017,EuroLeague,CSKA Moscow,9863,174.3,1557,1662
Maccabi Tel Aviv,Panathinaikos,84,74,1.63,2.58,2019-02-03,2017,EuroLeague,Maccabi Tel Aviv,12031,165.9,1609,1530
Baskonia,Zalgiris Kaunas,88,71,3.1,1.48,2019-02-05,2017,EuroLeague,Baskonia,10476,167.0,1541,1670
Anadolu Efes,Bayern Munich,68,84,2.58,1.63,2019-02-07,2017,EuroLeague,Anadolu Efes,12705,159.6,1610,1690
Panathinaikos,Valencia,84,74,1.89,2.13,2019-02-09,2017,EuroLeague,Panathinaikos,10508,165.9,1598,1577
Zalgiris Kaunas,Milano,85,94,2.73,1.58,2019-02-11,2017,EuroLeague,Zalgiris Kaunas,14943,188.0,1506,1601
Bayern Munich,Partizan,69,106,2.98,1.5,2019-02-13,2017,EuroLeague,Bayern Munich,12656,183.8,1503,1622
Valencia,ASVEL,93,70,2.27,1.79,2019-02-15,2017,EuroLeague,Valencia,13577,171.2,1559,1600
Milano,Real Madrid,92,110,2.78,1.56,2019-02-17,2017,EuroLeague,Milano,14305,212.1,1512,1612
Partizan,Barcelona,77,61,1.52,2.92,2019-02-19,2017,EuroLeague,Partizan,12318,144.9,1635,1522
ASVEL,Fenerbahçe,105,77,2.41,1.71,2019-02-21,2017,EuroLeague,ASVEL,11993,191.1,1576,1636
Real Madrid,Olympiacos,61,89,2.62,1.62,2019-02-23,2017,EuroLeague,Real Madrid,12872,157.5,1544,1628
Barcelona,CSKA Moscow,104,72,1.47,3.13,2019-02-25,2017,EuroLeague,Barcelona,13092,184.8,1676,1545
Fenerbahçe,Maccabi Tel Aviv,94,92,2.16,1.86,2019-02-27,2017,EuroLeague,Fenerbahçe,9742,195.3,1566,1592
Olympiacos,Baskonia,78,80,1.63,2.58,2019-03-01,2017,EuroLeague,Olympiacos,9042,165.9,1685,1606
CSKA Moscow,Anadolu Efes,71,87,1.83,2.2,2019-03-03,2017,EuroLeague,CSKA Moscow,9814,165.9,1609,1577
Maccabi Tel Aviv,Panathinaikos,70,85,2.35,1.74,2019-03-05,2017,EuroLeague,Maccabi Tel Aviv,10705,162.8,1502,1554
Baskonia,Zalgiris Kaunas,73,73,2.56,1.64,2019-03-07,2017,EuroLeague,Baskonia,14931,153.3,1518,1595
Anadolu Efes,Bayern Munich,83,60,1.61,2.65,2019-03-09,2017,EuroLeague,Anadolu Efes,9983,150.2,1615,1528
Panathinaikos,Valencia,64,60,1.91,2.1,2019-03-11,2017,EuroLeague,Panathinaikos,11564,130.2,1650,1633
Zalgiris Kaunas,Milano,88,79,1.71,2.4,2019-03-13,2017,EuroLeague,Zalgiris Kaunas,10907,175.3,1620,1561
Bayern Munich,Partizan,91,101,2.94,1.52,2019-03-15,2017,EuroLeague,Bayern Munich,14608,201.6,1551,1666
Valencia,ASVEL,92,77,1.55,2.81,2019-03-17,2017,EuroLeague,Valencia,12609,177.5,1675,1572
Milano,Real Madrid,62,77,2.53,1.65,2019-03-19,2017,EuroLeague,Milano,14253,146.0,1539,1613
Partizan,Barcelona,76,83,2.27,1.79,2019-03-21,2017,EuroLeague,Partizan,12659,167.0,1533,1574
ASVEL,Fenerbahçe,60,74,1.79,2.26,2019-03-23,2017,EuroLeague,ASVEL,13627,140.7,1603,1563
Real Madrid,Olympiacos,80,79,2.34,1.75,2019-03-25,2017,EuroLeague,Real Madrid,11134,167.0,1526,1577
Barcelona,CSKA Moscow,75,82,2.24,1.81,2019-03-27,2017,EuroLeague,Barcelona,9152,164.8,1607,1644
Fenerbahçe,Maccabi Tel Aviv,60,65,1.7,2.42,2019-03-29,2017,EuroLeague,Fenerbahçe,11903,131.2,1624,1563
Olympiacos,Baskonia,66,85,2.07,1.93,2019-03-31,2017,EuroLeague,Olympiacos,10394,158.6,1557,1569
CSKA Moscow,Anadolu Efes,70,109,1.97,2.03,2019-04-02,2017,EuroLeague,CSKA Moscow,9406,188.0,1513,1508
Maccabi Tel Aviv,Panathinaikos,65,93,1.78,2.28,2019-04-04,2017,EuroLeague,Maccabi Tel Aviv,14304,165.9,1612,1569
Baskonia,Zalgiris Kaunas,79,80,1.68,2.47,2019-04-06,2017,EuroLeague,Baskonia,13702,167.0,1654,1587
Anadolu Efes,Bayern Munich,86,84,1.4,3.48,2019-04-08,2017,EuroLeague,Anadolu Efes,11898,178.5,1679,1521
Panathinaikos,Valencia,83,75,2.21,1.83,2019-04-10,2017,EuroLeague,Panathinaikos,11150,165.9,1594,1627
Zalgiris Kaunas,Milano,86,60,1.91,2.1,2019-04-12,2017,EuroLeague,Zalgiris Kaunas,10552,153.3,1517,1500
Bayern Munich,Partizan,69,60,2.45,1.69,2019-04-14,2017,EuroLeague,Bayern Munich,9668,135.5,1622,1687
Valencia,ASVEL,82,83,3.68,1.37,2019-04-16,2017,EuroLeague,Valencia,12712,173.2,1518,1689
Milano,Real Madrid,82,72,2.11,1.9,2019-04-18,2017,EuroLeague,Milano,9116,161.7,1530,1548
Partizan,Barcelona,67,79,3.45,1.41,2019-04-20,2017,EuroLeague,Partizan,12936,153.3,1519,1675
ASVEL,Fenerbahçe,79,97,1.96,2.04,2019-04-22,2017,EuroLeague,ASVEL,14769,184.8,1530,1523
Real Madrid,Olympiacos,90,60,1.59,2.69,2019-04-24,2017,EuroLeague,Real Madrid,12272,157.5,1598,1507
Barcelona,CSKA Moscow,88,81,1.48,3.1,2019-04-26,2017,EuroLeague,Barcelona,14866,177.5,1655,1526
Fenerbahçe,Maccabi Tel Aviv,88,60,1.53,2.89,2019-04-28,2017,EuroLeague,Fenerbahçe,9998,155.4,1621,1510
Olympiacos,Baskonia,70,97,2.94,1.52,2019-04-30,2017,EuroLeague,Olympiacos,14308,175.3,1519,1634
CSKA Moscow,Anadolu Efes,82,84,2.08,1.92,2019-05-02,2017,EuroLeague,CSKA Moscow,11010,174.3,1514,1528
Maccabi Tel Aviv,Panathinaikos,91,74,1.37,3.71,2019-05-04,2017,EuroLeague,Maccabi Tel Aviv,9017,173.2,1689,1516
Baskonia,Zalgiris Kaunas,69,71,1.93,2.08,2019-05-06,2017,EuroLeague,Baskonia,13045,147.0,1635,1622
Anadolu Efes,Bayern Munich,85,77,2.93,1.52,2019-05-08,2017,EuroLeague,Anadolu Efes,9402,170.1,1579,1693
Panathinaikos,Valencia,84,64,2.23,1.81,2019-05-10,2017,EuroLeague,Panathinaikos,9908,155.4,1549,1585
Zalgiris Kaunas,Milano,74,94,1.63,2.58,2019-05-12,2017,EuroLeague,Zalgiris Kaunas,13071,176.4,1619,1539
Bayern Munich,Partizan,63,81,2.58,1.63,2019-05-14,2017,EuroLeague,Bayern Munich,12894,151.2,1597,1676
Valencia,ASVEL,68,61,2.3,1.77,2019-05-16,2017,EuroLeague,Valencia,12606,135.5,1627,1673
Milano,Real Madrid,95,72,2.08,1.92,2019-05-18,2017,EuroLeague,Milano,9978,175.3,1526,1540
Partizan,Barcelona,83,85,1.58,2.72,2019-05-20,2017,EuroLeague,Partizan,14790,176.4,1625,1531
ASVEL,Fenerbahçe,79,87,2.47,1.68,2019-05-22,2017,EuroLeague,ASVEL,13124,174.3,1600,1667
Real Madrid,Olympiacos,60,86,2.93,1.52,2019-05-24,2017,EuroLeague,Real Madrid,10379,153.3,1517,1631
Barcelona,CSKA Moscow,81,60,1.96,2.04,2019-05-26,2017,EuroLeague,Barcelona,14693,148.1,1598,1591
Fenerbahçe,Maccabi Tel Aviv,75,85,2.02,1.98,2019-05-28,2017,EuroLeague,Fenerbahçe,9776,168.0,1611,1614
Olympiacos,Baskonia,70,90,2.11,1.9,2019-05-30,2017,EuroLeague,Olympiacos,12580,168.0,1581,1599
CSKA Moscow,Anadolu Efes,86,77,1.75,2.33,2019-06-01,2017,EuroLeague,CSKA Moscow,11424,171.2,1582,1532
Maccabi Tel Aviv,Panathinaikos,86,62,2.88,1.53,2019-06-03,2017,EuroLeague,Maccabi Tel Aviv,10732,155.4,1558,1668
Baskonia,Zalgiris Kaunas,85,80,2.11,1.9,2019-06-05,2017,EuroLeague,Baskonia,10898,173.2,1648,1666
Anadolu Efes,Bayern Munich,113,84,2.15,1.87,2019-06-07,2017,EuroLeague,Anadolu Efes,13366,206.9,1577,1601
Panathinaikos,Valencia,92,75,1.95,1.95,2019-06-09,2017,EuroLeague,Panathinaikos,11271,175.3,1695,1695
Zalgiris Kaunas,Milano,86,70,1.37,3.69,2019-06-11,2017,EuroLeague,Zalgiris Kaunas,14142,163.8,1674,1502
Bayern Munich,Partizan,97,93,2.04,1.97,2019-06-13,2017,EuroLeague,Bayern Munich,13778,199.5,1637,1643
Valencia,ASVEL,82,91,1.78,2.29,2019-06-15,2017,EuroLeague,Valencia,10453,181.7,1603,1559
Milano,Real Madrid,77,76,2.7,1.59,2019-06-17,2017,EuroLeague,Milano,11477,160.7,1531,1623
Partizan,Barcelona,87,65,1.84,2.2,2019-06-19,2017,EuroLeague,Partizan,12295,159.6,1693,1662
ASVEL,Fenerbahçe,89,91,1.5,3.0,2019-06-21,2017,EuroLeague,ASVEL,13711,189.0,1666,1546
Real Madrid,Olympiacos,103,76,1.51,2.97,2019-06-23,2017,EuroLeague,Real Madrid,11840,188.0,1628,1510
Barcelona,CSKA Moscow,84,63,2.13,1.89,2019-06-25,2017,EuroLeague,Barcelona,10908,154.3,1591,1612
Fenerbahçe,Maccabi Tel Aviv,60,85,3.09,1.48,2019-06-27,2017,EuroLeague,Fenerbahçe,13327,152.2,1514,1642
Olympiacos,Baskonia,84,75,2.52,1.66,2019-06-29,2017,EuroLeague,Olympiacos,9446,167.0,1566,1639
CSKA Moscow,Anadolu Efes,79,67,1.91,2.1,2019-07-01,2017,EuroLeague,CSKA Moscow,13462,153.3,1684,1668
Maccabi Tel Aviv,Panathinaikos,61,77,2.12,1.89,2019-07-03,2017,EuroLeague,Maccabi Tel Aviv,12042,144.9,1568,1588
Baskonia,Zalgiris Kaunas,65,77,2.75,1.57,2019-07-05,2017,EuroLeague,Baskonia,14039,149.1,1568,1665
Anadolu Efes,Bayern Munich,92,77,1.54,2.86,2019-07-07,2017,EuroLeague,Anadolu Efes,11508,177.5,1645,1537
Panathinaikos,Valencia,85,61,1.85,2.17,2019-07-09,2017,EuroLeague,Panathinaikos,12726,153.3,1589,1561
Zalgiris Kaunas,Milano,90,68,2.92,1.52,2019-07-11,2017,EuroLeague,Zalgiris Kaunas,12653,165.9,1523,1636
Bayern Munich,Partizan,60,80,1.75,2.34,2019-07-13,2017,EuroLeague,Bayern Munich,11232,147.0,1607,1556
Valencia,ASVEL,78,96,2.4,1.72,2019-07-15,2017,EuroLeague,Valencia,9486,182.7,1566,1624
Milano,Real Madrid,94,64,1.46,3.18,2019-07-17,2017,EuroLeague,Milano,9811,165.9,1695,1560
Partizan,Barcelona,62,84,3.63,1.38,2019-07-19,2017,EuroLeague,Partizan,14518,153.3,1520,1688
ASVEL,Fenerbahçe,86,75,1.65,2.53,2019-07-21,2017,EuroLeague,ASVEL,11533,169.1,1648,1574
Real Madrid,Olympiacos,81,65,1.74,2.36,2019-07-23,2017,EuroLeague,Real Madrid,11139,153.3,1655,1602
Barcelona,CSKA Moscow,93,77,1.78,2.29,2019-07-25,2017,EuroLeague,Barcelona,9047,178.5,1570,1526
Fenerbahçe,Maccabi Tel Aviv,105,69,2.01,1.99,2019-07-27,2017,EuroLeague,Fenerbahçe,12235,182.7,1539,1541
Olympiacos,Baskonia,75,79,1.83,2.21,2019-07-29,2017,EuroLeague,Olympiacos,11809,161.7,1608,1575
CSKA Moscow,Anadolu Efes,88,72,1.61,2.64,2019-07-31,2017,EuroLeague,CSKA Moscow,10536,168.0,1615,1529
Maccabi Tel Aviv,Panathinaikos,84,74,2.03,1.97,2019-08-02,2017,EuroLeague,Maccabi Tel Aviv,13197,165.9,1503,1508
Baskonia,Zalgiris Kaunas,76,66,1.65,2.55,2019-08-04,2017,EuroLeague,Baskonia,10529,149.1,1670,1594
Anadolu Efes,Bayern Munich,60,68,1.94,2.07,2019-08-06,2017,EuroLeague,Anadolu Efes,10707,134.4,1686,1675
Panathinaikos,Valencia,61,89,2.33,1.75,2019-08-08,2017,EuroLeague,Panathinaikos,9456,157.5,1536,1585
Zalgiris Kaunas,Milano,82,90,1.98,2.02,2019-08-10,2017,EuroLeague,Zalgiris Kaunas,11759,180.6,1651,1647
Bayern Munich,Partizan,79,65,2.58,1.63,2019-08-12,2017,EuroLeague,Bayern Munich,13464,151.2,1563,1643
Valencia,ASVEL,91,97,2.22,1.82,2019-08-14,2017,EuroLeague,Valencia,12411,197.4,1529,1564
Milano,Real Madrid,98,60,1.45,3.2,2019-08-16,2017,EuroLeague,Milano,14286,165.9,1661,1524
Partizan,Barcelona,72,63,3.08,1.48,2019-08-18,2017,EuroLeague,Partizan,11497,141.8,1502,1629
ASVEL,Fenerbahçe,98,80,2.11,1.9,2019-08-20,2017,EuroLeague,ASVEL,14306,186.9,1583,1601
Real Madrid,Olympiacos,65,90,2.32,1.76,2019-08-22,2017,EuroLeague,Real Madrid,11548,162.8,1609,1657
Barcelona,CSKA Moscow,70,72,1.92,2.09,2019-08-24,2017,EuroLeague,Barcelona,12186,149.1,1656,1641
Fenerbahçe,Maccabi Tel Aviv,95,90,1.78,2.29,2019-08-26,2017,EuroLeague,Fenerbahçe,11632,194.2,1613,1569
Olympiacos,Baskonia,79,86,2.86,1.54,2019-08-28,2017,EuroLeague,Olympiacos,14921,173.2,1575,1683
CSKA Moscow,Anadolu Efes,75,89,2.14,1.88,2019-08-30,2017,EuroLeague,CSKA Moscow,9415,172.2,1662,1685
Maccabi Tel Aviv,Panathinaikos,67,86,1.47,3.15,2019-09-01,2017,EuroLeague,Maccabi Tel Aviv,11815,160.7,1672,1539
Baskonia,Zalgiris Kaunas,87,86,1.57,2.77,2019-09-03,2017,EuroLeague,Baskonia,13141,181.7,1676,1577
Anadolu Efes,Bayern Munich,72,90,2.77,1.57,2019-09-05,2017,EuroLeague,Anadolu Efes,13335,170.1,1601,1700
Panathinaikos,Valencia,86,97,1.87,2.15,2019-09-07,2017,EuroLeague,Panathinaikos,14354,192.2,1671,1647
Zalgiris Kaunas,Milano,93,94,1.53,2.89,2019-09-09,2017,EuroLeague,Zalgiris Kaunas,9586,196.3,1663,1552
Bayern Munich,Partizan,63,60,1.7,2.43,2019-09-11,2017,EuroLeague,Bayern Munich,12176,129.2,1578,1516
Valencia,ASVEL,91,84,2.23,1.81,2019-09-13,2017,EuroLeague,Valencia,12653,183.8,1526,1562
Milano,Real Madrid,84,95,1.57,2.75,2019-09-15,2017,EuroLeague,Milano,10881,188.0,1634,1537
Partizan,Barcelona,96,70,1.72,2.39,2019-09-17,2017,EuroLeague,Partizan,14736,174.3,1660,1603
ASVEL,Fenerbahçe,86,69,1.75,2.33,2019-09-19,2017,EuroLeague,ASVEL,12344,162.8,1670,1620
Real Madrid,Olympiacos,90,83,1.63,2.58,2019-09-21,2017,EuroLeague,Real Madrid,12243,181.7,1675,1596
Barcelona,CSKA Moscow,92,103,3.51,1.4,2019-09-23,2017,EuroLeague,Barcelona,10699,204.8,1533,1693
Fenerbahçe,Maccabi Tel Aviv,81,66,1.85,2.17,2019-09-25,2017,EuroLeague,Fenerbahçe,11736,154.3,1576,1548
Olympiacos,Baskonia,90,81,1.39,3.54,2019-09-27,2017,EuroLeague,Olympiacos,14274,179.6,1695,1533
CSKA Moscow,Anadolu Efes,76,84,2.17,1.85,2019-09-29,2017,EuroLeague,CSKA Moscow,13279,168.0,1520,1548
Maccabi Tel Aviv,Panathinaikos,71,64,1.84,2.19,2019-10-01,2017,EuroLeague,Maccabi Tel Aviv,10682,141.8,1669,1639
Baskonia,Zalgiris Kaunas,90,90,1.59,2.7,2019-10-03,2017,EuroLeague,Baskonia,9475,189.0,1607,1515
Anadolu Efes,Bayern Munich,86,82,2.53,1.65,2019-10-05,2017,EuroLeague,Anadolu Efes,14191,176.4,1564,1638
Panathinaikos,Valencia,103,62,1.72,2.4,2019-10-07,2017,EuroLeague,Panathinaikos,10962,173.2,1601,1543
Zalgiris Kaunas,Milano,82,85,2.66,1.6,2019-10-09,2017,EuroLeague,Zalgiris Kaunas,14528,175.3,1522,1610
Bayern Munich,Partizan,60,75,2.2,1.84,2019-10-11,2017,EuroLeague,Bayern Munich,13541,141.8,1518,1549
Valencia,ASVEL,103,68,1.95,1.95,2019-10-13,2017,EuroLeague,Valencia,13366,179.6,1611,1611
Milano,Real Madrid,86,82,1.98,2.02,2019-10-15,2017,EuroLeague,Milano,9920,176.4,1504,1501
Partizan,Barcelona,91,95,2.17,1.86,2019-10-17,2017,EuroLeague,Partizan,11140,195.3,1553,1580
ASVEL,Fenerbahçe,78,73,1.72,2.38,2019-10-19,2017,EuroLeague,ASVEL,13497,158.6,1634,1578
Real Madrid,Olympiacos,106,74,2.02,1.98,2019-10-21,2017,EuroLeague,Real Madrid,14266,189.0,1563,1566
Barcelona,CSKA Moscow,79,65,1.63,2.58,2019-10-23,2017,EuroLeague,Barcelona,12183,151.2,1626,1547
Fenerbahçe,Maccabi Tel Aviv,80,89,1.77,2.3,2019-10-25,2017,EuroLeague,Fenerbahçe,14728,177.5,1637,1591
Olympiacos,Baskonia,81,60,1.72,2.39,2019-10-27,2017,EuroLeague,Olympiacos,14324,148.1,1582,1525
CSKA Moscow,Anadolu Efes,86,70,1.42,3.36,2019-10-29,2017,EuroLeague,CSKA Moscow,10344,163.8,1656,1507
Maccabi Tel Aviv,Panathinaikos,88,85,1.67,2.5,2019-10-31,2017,EuroLeague,Maccabi Tel Aviv,11632,181.7,1603,1533
Baskonia,Zalgiris Kaunas,86,68,2.54,1.65,2019-11-02,2017,EuroLeague,Baskonia,13770,161.7,1556,1631
Anadolu Efes,Bayern Munich,88,87,3.21,1.45,2019-11-04,2017,EuroLeague,Anadolu Efes,12644,183.8,1550,1688
Panathinaikos,Valencia,82,97,2.02,1.98,2019-11-06,2017,EuroLeague,Panathinaikos,9652,188.0,1664,1668
Zalgiris Kaunas,Milano,90,80,1.83,2.21,2019-11-08,2017,EuroLeague,Zalgiris Kaunas,11359,178.5,1618,1585
Bayern Munich,Partizan,83,91,2.14,1.88,2019-11-10,2017,EuroLeague,Bayern Munich,11985,182.7,1629,1651
Valencia,ASVEL,71,68,1.57,2.75,2019-11-12,2017,EuroLeague,Valencia,14124,146.0,1687,1590
Milano,Real Madrid,71,60,1.48,3.09,2019-11-14,2017,EuroLeague,Milano,12912,137.6,1642,1514
Partizan,Barcelona,102,82,1.47,3.13,2019-11-16,2017,EuroLeague,Partizan,9336,193.2,1633,1502
ASVEL,Fenerbahçe,65,85,2.02,1.98,2019-11-18,2017,EuroLeague,ASVEL,13940,157.5,1573,1576
Real Madrid,Olympiacos,71,96,2.25,1.8,2019-11-20,2017,EuroLeague,Real Madrid,12943,175.3,1585,1624
Barcelona,CSKA Moscow,81,75,1.94,2.07,2019-11-22,2017,EuroLeague,Barcelona,10871,163.8,1700,1689
Fenerbahçe,Maccabi Tel Aviv,81,80,1.99,2.01,2019-11-24,2017,EuroLeague,Fenerbahçe,13017,169.1,1661,1660
Olympiacos,Baskonia,76,108,2.79,1.56,2019-11-26,2017,EuroLeague,Olympiacos,13802,193.2,1599,1700
CSKA Moscow,Anadolu Efes,66,84,1.87,2.15,2019-11-28,2017,EuroLeague,CSKA Moscow,13830,157.5,1628,1603
Maccabi Tel Aviv,Panathinaikos,73,91,2.39,1.72,2019-11-30,2017,EuroLeague,Maccabi Tel Aviv,9710,172.2,1615,1672
Baskonia,Zalgiris Kaunas,68,68,2.69,1.59,2019-12-02,2017,EuroLeague,Baskonia,13730,142.8,1555,1646
Anadolu Efes,Bayern Munich,84,72,1.85,2.17,2019-12-04,2017,EuroLeague,Anadolu Efes,13463,163.8,1628,1600
Panathinaikos,Valencia,86,94,1.48,3.1,2019-12-06,2017,EuroLeague,Panathinaikos,14758,189.0,1676,1547
Zalgiris Kaunas,Milano,74,63,1.8,2.25,2019-12-08,2017,EuroLeague,Zalgiris Kaunas,11769,143.8,1545,1506
Bayern Munich,Partizan,70,75,2.25,1.8,2019-12-10,2017,EuroLeague,Bayern Munich,14235,152.2,1621,1660
Valencia,ASVEL,77,60,1.7,2.42,2019-12-12,2017,EuroLeague,Valencia,9620,143.8,1620,1559
Milano,Real Madrid,65,95,2.22,1.82,2019-12-14,2017,EuroLeague,Milano,10686,168.0,1622,1656
Partizan,Barcelona,84,91,2.4,1.72,2019-12-16,2017,EuroLeague,Partizan,9886,183.8,1536,1594
ASVEL,Fenerbahçe,81,93,2.76,1.57,2019-12-18,2017,EuroLeague,ASVEL,13690,182.7,1563,1661
Real Madrid,Olympiacos,71,63,1.99,2.01,2019-12-20,2017,EuroLeague,Real Madrid,13759,140.7,1568,1566
Barcelona,CSKA Moscow,70,64,1.79,2.26,2019-12-22,2017,EuroLeague,Barcelona,10888,140.7,1653,1613
Fenerbahçe,Maccabi Tel Aviv,89,83,2.19,1.84,2019-12-24,2017,EuroLeague,Fenerbahçe,13378,180.6,1667,1697
Olympiacos,Baskonia,70,68,2.58,1.63,2019-12-26,2017,EuroLeague,Olympiacos,11154,144.9,1556,1635
CSKA Moscow,Anadolu Efes,87,88,1.85,2.18,2019-12-28,2017,EuroLeague,CSKA Moscow,13566,183.8,1683,1654
Maccabi Tel Aviv,Panathinaikos,68,98,2.18,1.85,2019-12-30,2017,EuroLeague,Maccabi Tel Aviv,14123,174.3,1547,1576
Baskonia,Zalgiris Kaunas,60,60,1.5,3.01,2020-01-01,2017,EuroLeague,Baskonia,10399,126.0,1644,1523
Anadolu Efes,Bayern Munich,75,62,1.94,2.06,2020-01-03,2017,EuroLeague,Anadolu Efes,11838,143.8,1653,1643
Panathinaikos,Valencia,83,70,1.57,2.76,2020-01-05,2017,EuroLeague,Panathinaikos,12122,160.7,1601,1503
Zalgiris Kaunas,Milano,77,72,2.3,1.77,2020-01-07,2017,EuroLeague,Zalgiris Kaunas,13022,156.5,1532,1578
Bayern Munich,Partizan,69,64,2.11,1.9,2020-01-09,2017,EuroLeague,Bayern Munich,12418,139.7,1561,1579
Valencia,ASVEL,89,85,1.59,2.71,2020-01-11,2017,EuroLeague,Valencia,13202,182.7,1624,1531
Milano,Real Madrid,92,79,1.78,2.28,2020-01-13,2017,EuroLeague,Milano,13912,179.6,1700,1657
Partizan,Barcelona,83,108,2.22,1.82,2020-01-15,2017,EuroLeague,Partizan,11664,200.6,1655,1689
ASVEL,Fenerbahçe,74,85,1.84,2.2,2020-01-17,2017,EuroLeague,ASVEL,10368,167.0,1674,1643
Real Madrid,Olympiacos,77,60,1.97,2.04,2020-01-19,2017,EuroLeague,Real Madrid,12366,143.8,1606,1600
Barcelona,CSKA Moscow,74,78,1.54,2.86,2020-01-21,2017,EuroLeague,Barcelona,12232,159.6,1670,1562
Fenerbahçe,Maccabi Tel Aviv,72,86,2.69,1.59,2020-01-23,2017,EuroLeague,Fenerbahçe,11125,165.9,1541,1632
Olympiacos,Baskonia,85,65,2.3,1.77,2020-01-25,2017,EuroLeague,Olympiacos,12771,157.5,1596,1641
CSKA Moscow,Anadolu Efes,63,64,2.04,1.97,2020-01-27,2017,EuroLeague,CSKA Moscow,14950,133.3,1636,1642
Maccabi Tel Aviv,Panathinaikos,85,88,4.11,1.32,2020-01-29,2017,EuroLeague,Maccabi Tel Aviv,14468,181.7,1501,1698
Baskonia,Zalgiris Kaunas,61,86,2.08,1.92,2020-01-31,2017,EuroLeague,Baskonia,14778,154.3,1543,1557
Anadolu Efes,Bayern Munich,64,87,2.51,1.66,2020-02-02,2017,EuroLeague,Anadolu Efes,10321,158.6,1608,1680
Panathinaikos,Valencia,63,87,2.01,1.99,2020-02-04,2017,EuroLeague,Panathinaikos,12644,157.5,1679,1681
Zalgiris Kaunas,Milano,97,87,2.5,1.66,2020-02-06,2017,EuroLeague,Zalgiris Kaunas,10511,193.2,1500,1571
Bayern Munich,Partizan,83,84,1.87,2.15,2020-02-08,2017,EuroLeague,Bayern Munich,14307,175.3,1646,1622
Valencia,ASVEL,88,67,1.64,2.56,2020-02-10,2017,EuroLeague,Valencia,12127,162.8,1581,1504
Milano,Real Madrid,66,90,3.05,1.49,2020-02-12,2017,EuroLeague,Milano,11793,163.8,1513,1638
Partizan,Barcelona,96,77,2.02,1.98,2020-02-14,2017,EuroLeague,Partizan,12800,181.7,1570,1574
ASVEL,Fenerbahçe,72,80,2.04,1.96,2020-02-16,2017,EuroLeague,ASVEL,11996,159.6,1678,1685
Real Madrid,Olympiacos,60,97,2.69,1.59,2020-02-18,2017,EuroLeague,Real Madrid,13604,164.8,1608,1699
Barcelona,CSKA Moscow,93,70,1.95,1.95,2020-02-20,2017,EuroLeague,Barcelona,9835,171.2,1647,1647
Fenerbahçe,Maccabi Tel Aviv,81,76,1.54,2.85,2020-02-22,2017,EuroLeague,Fenerbahçe,11569,164.8,1647,1540
Olympiacos,Baskonia,71,96,1.98,2.02,2020-02-24,2017,EuroLeague,Olympiacos,14582,175.3,1670,1667
CSKA Moscow,Anadolu Efes,89,80,2.15,1.87,2020-02-26,2017,EuroLeague,CSKA Moscow,13599,177.5,1594,1619
Maccabi Tel Aviv,Panathinaikos,63,88,2.36,1.74,2020-02-28,2017,EuroLeague,Maccabi Tel Aviv,9263,158.6,1604,1657
Baskonia,Zalgiris Kaunas,60,83,2.75,1.57,2020-03-01,2017,EuroLeague,Baskonia,10074,150.2,1587,1684
Anadolu Efes,Bayern Munich,78,72,1.87,2.15,2020-03-03,2017,EuroLeague,Anadolu Efes,14577,157.5,1669,1644
Panathinaikos,Valencia,60,72,2.14,1.88,2020-03-05,2017,EuroLeague,Panathinaikos,10076,138.6,1545,1568
Zalgiris Kaunas,Milano,85,71,1.65,2.54,2020-03-07,2017,EuroLeague,Zalgiris Kaunas,12899,163.8,1605,1530
Bayern Munich,Partizan,61,85,2.24,1.8,2020-03-09,2017,EuroLeague,Bayern Munich,13376,153.3,1659,1697
Valencia,ASVEL,82,75,2.02,1.98,2020-03-11,2017,EuroLeague,Valencia,12430,164.8,1629,1632
Milano,Real Madrid,75,77,2.87,1.53,2020-03-13,2017,EuroLeague,Milano,10367,159.6,1536,1645
Partizan,Barcelona,98,79,2.13,1.89,2020-03-15,2017,EuroLeague,Partizan,13881,185.8,1524,1545
ASVEL,Fenerbahçe,95,81,2.4,1.71,2020-03-17,2017,EuroLeague,ASVEL,12894,184.8,1571,1630
Real Madrid,Olympiacos,100,69,1.86,2.16,2020-03-19,2017,EuroLeague,Real Madrid,9934,177.5,1669,1643
Barcelona,CSKA Moscow,65,62,2.12,1.89,2020-03-21,2017,EuroLeague,Barcelona,14475,133.3,1676,1696
Fenerbahçe,Maccabi Tel Aviv,89,66,1.58,2.74,2020-03-23,2017,EuroLeague,Fenerbahçe,10504,162.8,1634,1538
Olympiacos,Baskonia,90,79,1.72,2.38,2020-03-25,2017,EuroLeague,Olympiacos,11592,177.5,1572,1516
CSKA Moscow,Anadolu Efes,71,87,2.22,1.82,2020-03-27,2017,EuroLeague,CSKA Moscow,11361,165.9,1529,1563
Maccabi Tel Aviv,Panathinaikos,89,72,2.35,1.74,2020-03-29,2017,EuroLeague,Maccabi Tel Aviv,13418,169.1,1502,1554
Baskonia,Zalgiris Kaunas,82,80,2.3,1.77,2020-03-31,2017,EuroLeague,Baskonia,14047,170.1,1646,1691
Anadolu Efes,Bayern Munich,86,87,2.82,1.55,2020-04-02,2017,EuroLeague,Anadolu Efes,10437,181.7,1510,1614
Panathinaikos,Valencia,66,68,1.72,2.39,2020-04-04,2017,EuroLeague,Panathinaikos,11256,140.7,1678,1621
Zalgiris Kaunas,Milano,66,84,2.37,1.73,2020-04-06,2017,EuroLeague,Zalgiris Kaunas,14881,157.5,1519,1574
Bayern Munich,Partizan,105,87,1.37,3.71,2020-04-08,2017,EuroLeague,Bayern Munich,12677,201.6,1686,1513
Valencia,ASVEL,79,94,3.24,1.45,2020-04-10,2017,EuroLeague,Valencia,11628,181.7,1509,1649
Milano,Real Madrid,91,62,1.83,2.21,2020-04-12,2017,EuroLeague,Milano,14909,160.7,1671,1638
Partizan,Barcelona,77,60,1.66,2.52,2020-04-14,2017,EuroLeague,Partizan,11746,143.8,1664,1591
ASVEL,Fenerbahçe,77,72,2.86,1.54,2020-04-16,2017,EuroLeague,ASVEL,9243,156.5,1512,1620
Real Madrid,Olympiacos,90,83,1.55,2.83,2020-04-18,2017,EuroLeague,Real Madrid,11340,181.7,1612,1507
Barcelona,CSKA Moscow,85,91,1.7,2.42,2020-04-20,2017,EuroLeague,Barcelona,10329,184.8,1697,1636
Fenerbahçe,Maccabi Tel Aviv,73,66,1.68,2.46,2020-04-22,2017,EuroLeague,Fenerbahçe,13678,146.0,1576,1510
Olympiacos,Baskonia,84,80,3.15,1.47,2020-04-24,2017,EuroLeague,Olympiacos,10918,172.2,1527,1660
CSKA Moscow,Anadolu Efes,86,80,1.69,2.45,2020-04-26,2017,EuroLeague,CSKA Moscow,12308,174.3,1632,1567
Maccabi Tel Aviv,Panathinaikos,103,107,3.39,1.42,2020-04-28,2017,EuroLeague,Maccabi Tel Aviv,9774,220.5,1539,1690
Baskonia,Zalgiris Kaunas,61,91,2.58,1.63,2020-04-30,2017,EuroLeague,Baskonia,11135,159.6,1600,1680
Anadolu Efes,Bayern Munich,104,90,2.02,1.98,2020-05-02,2017,EuroLeague,Anadolu Efes,13794,203.7,1599,1602
Panathinaikos,Valencia,64,68,1.71,2.4,2020-05-04,2017,EuroLeague,Panathinaikos,9194,138.6,1697,1638
Zalgiris Kaunas,Milano,75,67,1.58,2.74,2020-05-06,2017,EuroLeague,Zalgiris Kaunas,13653,149.1,1629,1533
Bayern Munich,Partizan,94,67,1.92,2.08,2020-05-08,2017,EuroLeague,Bayern Munich,13036,169.1,1536,1522
Valencia,ASVEL,76,72,1.57,2.75,2020-05-10,2017,EuroLeague,Valencia,10431,155.4,1642,1545
Milano,Real Madrid,100,87,2.78,1.56,2020-05-12,2017,EuroLeague,Milano,13315,196.3,1541,1641
Partizan,Barcelona,75,94,3.45,1.41,2020-05-14,2017,EuroLeague,Partizan,9710,177.5,1508,1664
ASVEL,Fenerbahçe,75,97,2.07,1.94,2020-05-16,2017,EuroLeague,ASVEL,12530,180.6,1522,1533
Real Madrid,Olympiacos,89,111,3.26,1.44,2020-05-18,2017,EuroLeague,Real Madrid,12837,210.0,1553,1695
Barcelona,CSKA Moscow,92,71,1.66,2.51,2020-05-20,2017,EuroLeague,Barcelona,12128,171.2,1638,1566
Fenerbahçe,Maccabi Tel Aviv,85,67,1.77,2.3,2020-05-22,2017,EuroLeague,Fenerbahçe,14878,159.6,1563,1517
Olympiacos,Baskonia,78,90,2.03,1.97,2020-05-24,2017,EuroLeague,Olympiacos,12473,176.4,1646,1651
CSKA Moscow,Anadolu Efes,89,82,1.63,2.59,2020-05-26,2017,EuroLeague,CSKA Moscow,14191,179.6,1626,1545
Maccabi Tel Aviv,Panathinaikos,83,63,1.54,2.85,2020-05-28,2017,EuroLeague,Maccabi Tel Aviv,14401,153.3,1658,1551
Baskonia,Zalgiris Kaunas,93,64,2.13,1.89,2020-05-30,2017,EuroLeague,Baskonia,14915,164.8,1576,1597
Anadolu Efes,Bayern Munich,85,76,1.63,2.58,2020-06-01,2017,EuroLeague,Anadolu Efes,12036,169.1,1624,1545
Panathinaikos,Valencia,85,86,1.9,2.11,2020-06-03,2017,EuroLeague,Panathinaikos,14910,179.6,1596,1578
Zalgiris Kaunas,Milano,98,63,1.52,2.91,2020-06-05,2017,EuroLeague,Zalgiris Kaunas,14592,169.1,1662,1550
Bayern Munich,Partizan,81,87,1.6,2.66,2020-06-07,2017,EuroLeague,Bayern Munich,9024,176.4,1695,1607
Valencia,ASVEL,97,75,2.2,1.83,2020-06-09,2017,EuroLeague,Valencia,9715,180.6,1646,1678
Milano,Real Madrid,72,78,1.94,2.06,2020-06-11,2017,EuroLeague,Milano,9475,157.5,1543,1533
Partizan,Barcelona,73,63,2.24,1.8,2020-06-13,2017,EuroLeague,Partizan,10812,142.8,1661,1699
ASVEL,Fenerbahçe,96,76,1.83,2.2,2020-06-15,2017,EuroLeague,ASVEL,10503,180.6,1579,1547
Real Madrid,Olympiacos,75,96,2.24,1.81,2020-06-17,2017,EuroLeague,Real Madrid,11253,179.6,1654,1691
Barcelona,CSKA Moscow,83,64,2.66,1.6,2020-06-19,2017,EuroLeague,Barcelona,11243,154.3,1530,1618
Fenerbahçe,Maccabi Tel Aviv,81,69,1.92,2.09,2020-06-21,2017,EuroLeague,Fenerbahçe,14099,157.5,1614,1599
Olympiacos,Baskonia,90,89,2.7,1.59,2020-06-23,2017,EuroLeague,Olympiacos,11352,188.0,1569,1661
CSKA Moscow,Anadolu Efes,80,71,1.75,2.34,2020-06-25,2017,EuroLeague,CSKA Moscow,14428,158.6,1552,1501
Maccabi Tel Aviv,Panathinaikos,60,74,2.33,1.75,2020-06-27,2017,EuroLeague,Maccabi Tel Aviv,14781,140.7,1573,1622
Baskonia,Zalgiris Kaunas,74,83,1.81,2.24,2020-06-29,2017,EuroLeague,Baskonia,9268,164.8,1559,1522
Anadolu Efes,Bayern Munich,78,69,3.25,1.44,2020-07-01,2017,EuroLeague,Anadolu Efes,9205,154.3,1521,1662
Panathinaikos,Valencia,83,73,1.77,2.3,2020-07-03,2017,EuroLeague,Panathinaikos,13379,163.8,1583,1538
Zalgiris Kaunas,Milano,104,60,1.46,3.16,2020-07-05,2017,EuroLeague,Zalgiris Kaunas,12839,172.2,1645,1511
Bayern Munich,Partizan,65,113,4.05,1.33,2020-07-07,2017,EuroLeague,Bayern Munich,14993,186.9,1502,1696
Valencia,ASVEL,79,60,2.79,1.56,2020-07-09,2017,EuroLeague,Valencia,10094,146.0,1591,1692
Milano,Real Madrid,82,69,2.6,1.62,2020-07-11,2017,EuroLeague,Milano,12401,158.6,1573,1655
Partizan,Barcelona,69,103,3.3,1.43,2020-07-13,2017,EuroLeague,Partizan,10830,180.6,1551,1696
ASVEL,Fenerbahçe,81,71,2.12,1.89,2020-07-15,2017,EuroLeague,ASVEL,12398,159.6,1532,1552
Real Madrid,Olympiacos,97,85,1.74,2.36,2020-07-17,2017,EuroLeague,Real Madrid,14492,191.1,1569,1516
Barcelona,CSKA Moscow,79,88,2.05,1.95,2020-07-19,2017,EuroLeague,Barcelona,9770,175.3,1667,1675
Fenerbahçe,Maccabi Tel Aviv,78,85,1.91,2.1,2020-07-21,2017,EuroLeague,Fenerbahçe,9125,171.2,1694,1677
Olympiacos,Baskonia,73,65,1.86,2.16,2020-07-23,2017,EuroLeague,Olympiacos,14798,144.9,1657,1631
CSKA Moscow,Anadolu Efes,72,81,2.12,1.9,2020-07-25,2017,EuroLeague,CSKA Moscow,9465,160.7,1600,1619
Maccabi Tel Aviv,Panathinaikos,84,72,2.33,1.75,2020-07-27,2017,EuroLeague,Maccabi Tel Aviv,12357,163.8,1509,1558
Baskonia,Zalgiris Kaunas,69,69,2.51,1.66,2020-07-29,2017,EuroLeague,Baskonia,11996,144.9,1506,1578
Anadolu Efes,Bayern Munich,108,79,1.42,3.36,2020-07-31,2017,EuroLeague,Anadolu Efes,14929,196.3,1681,1532
Panathinaikos,Valencia,75,99,1.93,2.08,2020-08-02,2017,EuroLeague,Panathinaikos,13811,182.7,1676,1663
Zalgiris Kaunas,Milano,74,101,3.37,1.42,2020-08-04,2017,EuroLeague,Zalgiris Kaunas,12773,183.8,1545,1695
Bayern Munich,Partizan,75,83,2.4,1.72,2020-08-06,2017,EuroLeague,Bayern Munich,9822,165.9,1501,1559
Valencia,ASVEL,87,85,1.7,2.44,2020-08-08,2017,EuroLeague,Valencia,13918,180.6,1572,1509
Milano,Real Madrid,89,79,1.97,2.03,2020-08-10,2017,EuroLeague,Milano,12950,176.4,1573,1568
Partizan,Barcelona,69,77,2.2,1.83,2020-08-12,2017,EuroLeague,Partizan,12237,153.3,1522,1554
ASVEL,Fenerbahçe,92,93,2.83,1.55,2020-08-14,2017,EuroLeague,ASVEL,10055,194.2,1529,1634
Real Madrid,Olympiacos,60,91,2.19,1.84,2020-08-16,2017,EuroLeague,Real Madrid,11091,158.6,1538,1568
Barcelona,CSKA Moscow,74,63,3.2,1.45,2020-08-18,2017,EuroLeague,Barcelona,11272,143.8,1558,1695
Fenerbahçe,Maccabi Tel Aviv,88,71,1.72,2.38,2020-08-20,2017,EuroLeague,Fenerbahçe,9486,167.0,1652,1596
Olympiacos,Baskonia,96,88,1.48,3.07,2020-08-22,2017,EuroLeague,Olympiacos,9876,193.2,1663,1537
CSKA Moscow,Anadolu Efes,82,67,1.76,2.32,2020-08-24,2017,EuroLeague,CSKA Moscow,9310,156.5,1557,1509
Maccabi Tel Aviv,Panathinaikos,88,86,1.64,2.56,2020-08-26,2017,EuroLeague,Maccabi Tel Aviv,12916,182.7,1628,1551
Baskonia,Zalgiris Kaunas,86,70,1.75,2.34,2020-08-28,2017,EuroLeague,Baskonia,13147,163.8,1638,1587
Anadolu Efes,Bayern Munich,65,103,2.6,1.62,2020-08-30,2017,EuroLeague,Anadolu Efes,14928,176.4,1595,1677
Panathinaikos,Valencia,72,60,1.43,3.34,2020-09-01,2017,EuroLeague,Panathinaikos,10858,138.6,1666,1518
Zalgiris Kaunas,Milano,99,70,1.93,2.08,2020-09-03,2017,EuroLeague,Zalgiris Kaunas,11351,177.5,1585,1572
Bayern Munich,Partizan,89,72,1.91,2.1,2020-09-05,2017,EuroLeague,Bayern Munich,13270,169.1,1653,1636
Valencia,ASVEL,70,74,2.62,1.62,2020-09-07,2017,EuroLeague,Valencia,11686,151.2,1536,1620
Milano,Real Madrid,77,102,2.97,1.51,2020-09-09,2017,EuroLeague,Milano,13674,188.0,1518,1636
Partizan,Barcelona,65,64,2.25,1.8,2020-09-11,2017,EuroLeague,Partizan,12444,135.5,1608,1647
ASVEL,Fenerbahçe,87,63,1.95,2.05,2020-09-13,2017,EuroLeague,ASVEL,13790,157.5,1621,1612
Real Madrid,Olympiacos,84,78,2.2,1.83,2020-09-15,2017,EuroLeague,Real Madrid,11339,170.1,1556,1588
Barcelona,CSKA Moscow,96,68,1.6,2.66,2020-09-17,2017,EuroLeague,Barcelona,11732,172.2,1655,1567
Fenerbahçe,Maccabi Tel Aviv,108,86,1.84,2.19,2020-09-19,2017,EuroLeague,Fenerbahçe,9397,203.7,1596,1566
Olympiacos,Baskonia,83,72,2.57,1.64,2020-09-21,2017,EuroLeague,Olympiacos,12231,162.8,1554,1632
CSKA Moscow,Anadolu Efes,78,65,2.15,1.87,2020-09-23,2017,EuroLeague,CSKA Moscow,9211,150.2,1568,1593
Maccabi Tel Aviv,Panathinaikos,79,60,2.01,1.99,2020-09-25,2017,EuroLeague,Maccabi Tel Aviv,12148,146.0,1533,1534
Baskonia,Zalgiris Kaunas,78,88,1.88,2.14,2020-09-27,2017,EuroLeague,Baskonia,14210,174.3,1604,1581
Anadolu Efes,Bayern Munich,96,81,2.92,1.52,2020-09-29,2017,EuroLeague,Anadolu Efes,12438,185.8,1536,1649
Panathinaikos,Valencia,89,70,1.68,2.46,2020-10-01,2017,EuroLeague,Panathinaikos,9676,167.0,1697,1631
Zalgiris Kaunas,Milano,93,63,2.17,1.86,2020-10-03,2017,EuroLeague,Zalgiris Kaunas,11852,163.8,1609,1636
Bayern Munich,Partizan,68,78,1.75,2.33,2020-10-05,2017,EuroLeague,Bayern Munich,12514,153.3,1687,1637
Valencia,ASVEL,85,75,2.13,1.89,2020-10-07,2017,EuroLeague,Valencia,9789,168.0,1623,1644
Milano,Real Madrid,85,96,2.05,1.95,2020-10-09,2017,EuroLeague,Milano,11207,190.1,1672,1680
Partizan,Barcelona,84,95,1.82,2.22,2020-10-11,2017,EuroLeague,Partizan,13034,188.0,1542,1507
ASVEL,Fenerbahçe,74,60,1.61,2.63,2020-10-13,2017,EuroLeague,ASVEL,10801,140.7,1656,1571
Real Madrid,Olympiacos,75,60,1.68,2.48,2020-10-15,2017,EuroLeague,Real Madrid,14955,141.8,1674,1606
Barcelona,CSKA Moscow,71,87,2.37,1.73,2020-10-17,2017,EuroLeague,Barcelona,11085,165.9,1637,1692
Fenerbahçe,Maccabi Tel Aviv,81,79,1.89,2.13,2020-10-19,2017,EuroLeague,Fenerbahçe,12000,168.0,1568,1547
Olympiacos,Baskonia,72,65,2.57,1.64,2020-10-21,2017,EuroLeague,Olympiacos,12100,143.8,1598,1676
CSKA Moscow,Anadolu Efes,85,71,1.69,2.45,2020-10-23,2017,EuroLeague,CSKA Moscow,10846,163.8,1651,1587
Maccabi Tel Aviv,Panathinaikos,66,100,1.46,3.16,2020-10-25,2017,EuroLeague,Maccabi Tel Aviv,11956,174.3,1658,1524
Baskonia,Zalgiris Kaunas,93,93,2.02,1.98,2020-10-27,2017,EuroLeague,Baskonia,9656,195.3,1547,1550
Anadolu Efes,Bayern Munich,60,74,2.69,1.59,2020-10-29,2017,EuroLeague,Anadolu Efes,10889,140.7,1551,1642
Panathinaikos,Valencia,62,96,3.16,1.46,2020-10-31,2017,EuroLeague,Panathinaikos,10563,165.9,1541,1675
Zalgiris Kaunas,Milano,79,62,1.61,2.64,2020-11-02,2017,EuroLeague,Zalgiris Kaunas,13686,148.1,1694,1608
Bayern Munich,Partizan,97,64,1.45,3.2,2020-11-04,2017,EuroLeague,Bayern Munich,10632,169.1,1685,1548
Valencia,ASVEL,81,68,1.34,3.92,2020-11-06,2017,EuroLeague,Valencia,12079,156.5,1687,1501
Milano,Real Madrid,102,94,2.24,1.8,2020-11-08,2017,EuroLeague,Milano,9411,205.8,1567,1605
Partizan,Barcelona,79,67,1.67,2.49,2020-11-10,2017,EuroLeague,Partizan,9152,153.3,1654,1585
ASVEL,Fenerbahçe,79,71,1.81,2.23,2020-11-12,2017,EuroLeague,ASVEL,14740,157.5,1681,1645
Real Madrid,Olympiacos,68,110,2.85,1.54,2020-11-14,2017,EuroLeague,Real Madrid,14783,186.9,1510,1617
Barcelona,CSKA Moscow,87,61,1.75,2.33,2020-11-16,2017,EuroLeague,Barcelona,11858,155.4,1581,1532
Fenerbahçe,Maccabi Tel Aviv,76,75,2.84,1.54,2020-11-18,2017,EuroLeague,Fenerbahçe,10480,158.6,1584,1690
Olympiacos,Baskonia,72,94,1.77,2.3,2020-11-20,2017,EuroLeague,Olympiacos,14961,174.3,1558,1512
CSKA Moscow,Anadolu Efes,83,74,2.97,1.51,2020-11-22,2017,EuroLeague,CSKA Moscow,13889,164.8,1564,1682
Maccabi Tel Aviv,Panathinaikos,60,85,1.89,2.12,2020-11-24,2017,EuroLeague,Maccabi Tel Aviv,13765,152.2,1574,1554
Baskonia,Zalgiris Kaunas,60,66,2.31,1.76,2020-11-26,2017,EuroLeague,Baskonia,10295,132.3,1520,1567
Anadolu Efes,Bayern Munich,69,75,2.96,1.51,2020-11-28,2017,EuroLeague,Anadolu Efes,13519,151.2,1572,1689
Panathinaikos,Valencia,111,86,1.85,2.18,2020-11-30,2017,EuroLeague,Panathinaikos,11514,206.9,1658,1629
Zalgiris Kaunas,Milano,96,60,2.06,1.94,2020-12-02,2017,EuroLeague,Zalgiris Kaunas,14795,163.8,1656,1666
Bayern Munich,Partizan,63,64,2.17,1.85,2020-12-04,2017,EuroLeague,Bayern Munich,10142,133.3,1635,1663
Valencia,ASVEL,78,85,1.68,2.48,2020-12-06,2017,EuroLeague,Valencia,13614,171.2,1634,1566
Milano,Real Madrid,65,83,1.73,2.37,2020-12-08,2017,EuroLeague,Milano,12182,155.4,1638,1583
Partizan,Barcelona,69,67,1.96,2.04,2020-12-10,2017,EuroLeague,Partizan,11920,142.8,1672,1665
ASVEL,Fenerbahçe,77,81,2.36,1.74,2020-12-12,2017,EuroLeague,ASVEL,13547,165.9,1589,1642
Real Madrid,Olympiacos,67,89,1.72,2.39,2020-12-14,2017,EuroLeague,Real Madrid,14524,163.8,1586,1529
Barcelona,CSKA Moscow,81,60,1.58,2.74,2020-12-16,2017,EuroLeague,Barcelona,11670,148.1,1610,1514
Fenerbahçe,Maccabi Tel Aviv,78,80,1.66,2.52,2020-12-18,2017,EuroLeague,Fenerbahçe,13184,165.9,1618,1545
Olympiacos,Baskonia,72,79,3.0,1.5,2020-12-20,2017,EuroLeague,Olympiacos,12163,158.6,1541,1661
CSKA Moscow,Anadolu Efes,76,84,2.45,1.69,2020-12-22,2017,EuroLeague,CSKA Moscow,9256,168.0,1612,1676
Maccabi Tel Aviv,Panathinaikos,66,99,2.07,1.93,2020-12-24,2017,EuroLeague,Maccabi Tel Aviv,10647,173.2,1553,1565
Baskonia,Zalgiris Kaunas,93,92,1.74,2.36,2020-12-26,2017,EuroLeague,Baskonia,11868,194.2,1582,1529
Anadolu Efes,Bayern Munich,60,72,3.08,1.48,2020-12-28,2017,EuroLeague,Anadolu Efes,10176,138.6,1560,1687
Panathinaikos,Valencia,80,97,2.79,1.56,2020-12-30,2017,EuroLeague,Panathinaikos,13301,185.8,1577,1678
Zalgiris Kaunas,Milano,69,90,1.69,2.45,2021-01-01,2017,EuroLeague,Zalgiris Kaunas,11414,167.0,1607,1542
Bayern Munich,Partizan,67,93,2.07,1.93,2021-01-03,2017,EuroLeague,Bayern Munich,12011,168.0,1580,1592
Valencia,ASVEL,77,80,2.09,1.92,2021-01-05,2017,EuroLeague,Valencia,11880,164.8,1600,1615
Milano,Real Madrid,68,85,1.6,2.66,2021-01-07,2017,EuroLeague,Milano,12815,160.7,1682,1594
Partizan,Barcelona,100,71,1.68,2.46,2021-01-09,2017,EuroLeague,Partizan,9004,179.6,1583,1517
ASVEL,Fenerbahçe,93,89,2.01,1.99,2021-01-11,2017,EuroLeague,ASVEL,12585,191.1,1668,1669
Real Madrid,Olympiacos,73,60,1.77,2.3,2021-01-13,2017,EuroLeague,Real Madrid,14705,139.7,1676,1630
Barcelona,CSKA Moscow,71,76,2.12,1.9,2021-01-15,2017,EuroLeague,Barcelona,13029,154.3,1648,1667
Fenerbahçe,Maccabi Tel Aviv,83,77,1.9,2.11,2021-01-17,2017,EuroLeague,Fenerbahçe,14193,168.0,1628,1610
Olympiacos,Baskonia,68,92,3.0,1.5,2021-01-19,2017,EuroLeague,Olympiacos,9015,168.0,1531,1651
CSKA Moscow,Anadolu Efes,88,89,1.66,2.51,2021-01-21,2017,EuroLeague,CSKA Moscow,9957,185.8,1640,1568
Maccabi Tel Aviv,Panathinaikos,97,100,2.26,1.79,2021-01-23,2017,EuroLeague,Maccabi Tel Aviv,14581,206.9,1509,1549
Baskonia,Zalgiris Kaunas,96,79,2.69,1.59,2021-01-25,2017,EuroLeague,Baskonia,9567,183.8,1515,1606
Anadolu Efes,Bayern Munich,97,77,1.95,2.05,2021-01-27,2017,EuroLeague,Anadolu Efes,11851,182.7,1614,1606
Panathinaikos,Valencia,93,81,2.01,1.99,2021-01-29,2017,EuroLeague,Panathinaikos,13713,182.7,1678,1679
Zalgiris Kaunas,Milano,78,93,2.48,1.68,2021-01-31,2017,EuroLeague,Zalgiris Kaunas,12064,179.6,1618,1686
Bayern Munich,Partizan,72,86,1.79,2.27,2021-02-02,2017,EuroLeague,Bayern Munich,10476,165.9,1658,1616
Valencia,ASVEL,110,82,1.53,2.88,2021-02-04,2017,EuroLeague,Valencia,14443,201.6,1645,1535
Milano,Real Madrid,101,72,2.29,1.78,2021-02-06,2017,EuroLeague,Milano,9177,181.7,1567,1611
Partizan,Barcelona,80,61,1.41,3.41,2021-02-08,2017,EuroLeague,Partizan,9169,148.1,1692,1539
ASVEL,Fenerbahçe,80,77,2.31,1.76,2021-02-10,2017,EuroLeague,ASVEL,12829,164.8,1571,1618
Real Madrid,Olympiacos,83,66,1.83,2.21,2021-02-12,2017,EuroLeague,Real Madrid,11893,156.5,1689,1656
Barcelona,CSKA Moscow,94,94,2.28,1.78,2021-02-14,2017,EuroLeague,Barcelona,12213,197.4,1629,1672
Fenerbahçe,Maccabi Tel Aviv,72,83,2.04,1.96,2021-02-16,2017,EuroLeague,Fenerbahçe,9089,162.8,1602,1609
Olympiacos,Baskonia,89,79,1.67,2.49,2021-02-18,2017,EuroLeague,Olympiacos,11318,176.4,1578,1509
CSKA Moscow,Anadolu Efes,79,68,1.74,2.35,2021-02-20,2017,EuroLeague,CSKA Moscow,14610,154.3,1562,1510
Maccabi Tel Aviv,Panathinaikos,96,81,1.56,2.8,2021-02-22,2017,EuroLeague,Maccabi Tel Aviv,9545,185.8,1659,1557
Baskonia,Zalgiris Kaunas,72,90,2.98,1.5,2021-02-24,2017,EuroLeague,Baskonia,12230,170.1,1573,1692
Anadolu Efes,Bayern Munich,105,81,2.18,1.85,2021-02-26,2017,EuroLeague,Anadolu Efes,11449,195.3,1642,1671
Panathinaikos,Valencia,82,82,1.61,2.65,2021-02-28,2017,EuroLeague,Panathinaikos,13099,172.2,1656,1569
Zalgiris Kaunas,Milano,68,67,3.11,1.47,2021-03-02,2017,EuroLeague,Zalgiris Kaunas,14441,141.8,1508,1638
Bayern Munich,Partizan,80,85,1.89,2.13,2021-03-04,2017,EuroLeague,Bayern Munich,9694,173.2,1614,1593
Valencia,ASVEL,84,99,2.33,1.75,2021-03-06,2017,EuroLeague,Valencia,9312,192.2,1623,1672
Milano,Real Madrid,64,60,1.78,2.29,2021-03-08,2017,EuroLeague,Milano,10918,130.2,1605,1561
Partizan,Barcelona,85,69,1.36,3.8,2021-03-10,2017,EuroLeague,Partizan,9864,161.7,1692,1513
ASVEL,Fenerbahçe,63,79,1.49,3.05,2021-03-12,2017,EuroLeague,ASVEL,12243,149.1,1628,1503
Real Madrid,Olympiacos,67,62,1.75,2.34,2021-03-14,2017,EuroLeague,Real Madrid,9550,135.5,1681,1630
Barcelona,CSKA Moscow,77,68,1.39,3.57,2021-03-16,2017,EuroLeague,Barcelona,12813,152.2,1689,1525
Fenerbahçe,Maccabi Tel Aviv,91,67,1.73,2.37,2021-03-18,2017,EuroLeague,Fenerbahçe,14508,165.9,1698,1643
Olympiacos,Baskonia,79,60,1.91,2.1,2021-03-20,2017,EuroLeague,Olympiacos,10844,146.0,1617,1600
CSKA Moscow,Anadolu Efes,65,66,2.29,1.78,2021-03-22,2017,EuroLeague,CSKA Moscow,13768,137.6,1580,1624
Maccabi Tel Aviv,Panathinaikos,94,71,1.95,1.95,2021-03-24,2017,EuroLeague,Maccabi Tel Aviv,9207,173.2,1565,1565
Baskonia,Zalgiris Kaunas,60,60,2.06,1.94,2021-03-26,2017,EuroLeague,Baskonia,9053,126.0,1614,1624
Anadolu Efes,Bayern Munich,90,60,1.6,2.66,2021-03-28,2017,EuroLeague,Anadolu Efes,14892,157.5,1684,1596
Panathinaikos,Valencia,69,84,2.16,1.86,2021-03-30,2017,EuroLeague,Panathinaikos,10916,160.7,1513,1539
Zalgiris Kaunas,Milano,83,60,1.5,2.98,2021-04-01,2017,EuroLeague,Zalgiris Kaunas,9457,150.2,1640,1521
Bayern Munich,Partizan,88,71,2.17,1.86,2021-04-03,2017,EuroLeague,Bayern Munich,14310,167.0,1641,1668
Valencia,ASVEL,93,76,2.47,1.68,2021-04-05,2017,EuroLeague,Valencia,11355,177.5,1628,1695
Milano,Real Madrid,66,77,2.28,1.78,2021-04-07,2017,EuroLeague,Milano,11895,150.2,1526,1569
Partizan,Barcelona,96,82,2.61,1.62,2021-04-09,2017,EuroLeague,Partizan,10234,186.9,1554,1637
ASVEL,Fenerbahçe,87,60,1.55,2.83,2021-04-11,2017,EuroLeague,ASVEL,9726,154.3,1608,1503
Real Madrid,Olympiacos,92,93,2.3,1.77,2021-04-13,2017,EuroLeague,Real Madrid,13349,194.2,1520,1566
Barcelona,CSKA Moscow,82,85,1.86,2.16,2021-04-15,2017,EuroLeague,Barcelona,13821,175.3,1608,1582
Fenerbahçe,Maccabi Tel Aviv,93,80,2.22,1.82,2021-04-17,2017,EuroLeague,Fenerbahçe,10403,181.7,1526,1560
Olympiacos,Baskonia,60,74,1.69,2.45,2021-04-19,2017,EuroLeague,Olympiacos,14277,140.7,1654,1590
CSKA Moscow,Anadolu Efes,91,77,1.42,3.4,2021-04-21,2017,EuroLeague,CSKA Moscow,14675,176.4,1684,1532
Maccabi Tel Aviv,Panathinaikos,75,89,2.12,1.89,2021-04-23,2017,EuroLeague,Maccabi Tel Aviv,10233,172.2,1676,1696
Baskonia,Zalgiris Kaunas,62,94,2.22,1.82,2021-04-25,2017,EuroLeague,Baskonia,14143,163.8,1569,1604
Anadolu Efes,Bayern Munich,72,95,2.88,1.53,2021-04-27,2017,EuroLeague,Anadolu Efes,14576,175.3,1567,1677
Panathinaikos,Valencia,66,92,1.71,2.4,2021-04-29,2017,EuroLeague,Panathinaikos,11976,165.9,1667,1608
Zalgiris Kaunas,Milano,60,97,2.05,1.95,2021-05-01,2017,EuroLeague,Zalgiris Kaunas,14171,164.8,1597,1606
Bayern Munich,Partizan,87,103,2.78,1.56,2021-05-03,2017,EuroLeague,Bayern Munich,14723,199.5,1582,1682
Valencia,ASVEL,86,81,1.4,3.51,2021-05-05,2017,EuroLeague,Valencia,14241,175.3,1687,1527
Milano,Real Madrid,114,60,1.56,2.78,2021-05-07,2017,EuroLeague,Milano,14011,182.7,1674,1574
Partizan,Barcelona,95,74,3.75,1.36,2021-05-09,2017,EuroLeague,Partizan,9108,177.5,1500,1676
ASVEL,Fenerbahçe,83,68,1.82,2.22,2021-05-11,2017,EuroLeague,ASVEL,12305,158.6,1610,1576
Real Madrid,Olympiacos,99,65,1.39,3.56,2021-05-13,2017,EuroLeague,Real Madrid,11844,172.2,1693,1530
Barcelona,CSKA Moscow,85,77,1.59,2.7,2021-05-15,2017,EuroLeague,Barcelona,11084,170.1,1663,1571
Fenerbahçe,Maccabi Tel Aviv,63,82,2.07,1.94,2021-05-17,2017,EuroLeague,Fenerbahçe,13603,152.2,1647,1658
Olympiacos,Baskonia,110,62,1.94,2.07,2021-05-19,2017,EuroLeague,Olympiacos,12481,180.6,1627,1616
CSKA Moscow,Anadolu Efes,75,60,2.05,1.95,2021-05-21,2017,EuroLeague,CSKA Moscow,13394,141.8,1526,1535
Maccabi Tel Aviv,Panathinaikos,60,63,1.74,2.36,2021-05-23,2017,EuroLeague,Maccabi Tel Aviv,13511,129.2,1667,1614
Baskonia,Zalgiris Kaunas,106,88,2.15,1.87,2021-05-25,2017,EuroLeague,Baskonia,13162,203.7,1548,1573
Anadolu Efes,Bayern Munich,102,91,1.94,2.07,2021-05-27,2017,EuroLeague,Anadolu Efes,9483,202.7,1599,1588
Panathinaikos,Valencia,92,60,1.55,2.83,2021-05-29,2017,EuroLeague,Panathinaikos,9174,159.6,1696,1591
Zalgiris Kaunas,Milano,89,78,2.11,1.9,2021-05-31,2017,EuroLeague,Zalgiris Kaunas,13268,175.3,1632,1650
Bayern Munich,Partizan,83,108,2.21,1.83,2021-06-02,2017,EuroLeague,Bayern Munich,9073,200.6,1512,1545
Valencia,ASVEL,83,67,1.66,2.51,2021-06-04,2017,EuroLeague,Valencia,11477,157.5,1632,1560
Milano,Real Madrid,83,68,1.45,3.23,2021-06-06,2017,EuroLeague,Milano,10143,158.6,1694,1555
Partizan,Barcelona,94,82,1.97,2.03,2021-06-08,2017,EuroLeague,Partizan,14079,184.8,1554,1549
ASVEL,Fenerbahçe,66,68,2.35,1.74,2021-06-10,2017,EuroLeague,ASVEL,12539,140.7,1602,1654
Real Madrid,Olympiacos,71,81,2.24,1.81,2021-06-12,2017,EuroLeague,Real Madrid,11505,159.6,1592,1629
Barcelona,CSKA Moscow,94,81,1.33,4.02,2021-06-14,2017,EuroLeague,Barcelona,13876,183.8,1693,1501
Fenerbahçe,Maccabi Tel Aviv,99,76,2.05,1.95,2021-06-16,2017,EuroLeague,Fenerbahçe,12442,183.8,1588,1597
Olympiacos,Baskonia,86,78,2.29,1.78,2021-06-18,2017,EuroLeague,Olympiacos,12253,172.2,1504,1548
CSKA Moscow,Anadolu Efes,76,73,1.44,3.25,2021-06-20,2017,EuroLeague,CSKA Moscow,13908,156.5,1693,1552
Maccabi Tel Aviv,Panathinaikos,77,60,1.91,2.1,2021-06-22,2017,EuroLeague,Maccabi Tel Aviv,14131,143.8,1700,1684
Baskonia,Zalgiris Kaunas,78,77,2.23,1.81,2021-06-24,2017,EuroLeague,Baskonia,14586,162.8,1512,1548
Anadolu Efes,Bayern Munich,74,78,2.56,1.64,2021-06-26,2017,EuroLeague,Anadolu Efes,9147,159.6,1622,1699
Panathinaikos,Valencia,78,82,1.95,2.05,2021-06-28,2017,EuroLeague,Panathinaikos,12169,168.0,1581,1573
Zalgiris Kaunas,Milano,86,72,2.36,1.74,2021-06-30,2017,EuroLeague,Zalgiris Kaunas,10083,165.9,1635,1688
Bayern Munich,Partizan,85,60,1.44,3.28,2021-07-02,2017,EuroLeague,Bayern Munich,13256,152.2,1654,1511
Valencia,ASVEL,72,93,1.79,2.26,2021-07-04,2017,EuroLeague,Valencia,11626,173.2,1638,1598
Milano,Real Madrid,70,93,1.92,2.09,2021-07-06,2017,EuroLeague,Milano,10370,171.2,1578,1563
Partizan,Barcelona,90,65,1.99,2.01,2021-07-08,2017,EuroLeague,Partizan,10186,162.8,1619,1618
ASVEL,Fenerbahçe,111,70,1.69,2.45,2021-07-10,2017,EuroLeague,ASVEL,12742,190.1,1700,1635
Real Madrid,Olympiacos,76,88,2.28,1.78,2021-07-12,2017,EuroLeague,Real Madrid,14725,172.2,1563,1606
Barcelona,CSKA Moscow,89,91,1.63,2.58,2021-07-14,2017,EuroLeague,Barcelona,13764,189.0,1673,1593
Fenerbahçe,Maccabi Tel Aviv,68,73,2.63,1.61,2021-07-16,2017,EuroLeague,Fenerbahçe,11181,148.1,1527,1612
Olympiacos,Baskonia,74,90,2.82,1.55,2021-07-18,2017,EuroLeague,Olympiacos,11369,172.2,1547,1651
CSKA Moscow,Anadolu Efes,88,68,2.3,1.77,2021-07-20,2017,EuroLeague,CSKA Moscow,12593,163.8,1504,1549
Maccabi Tel Aviv,Panathinaikos,86,85,2.55,1.65,2021-07-22,2017,EuroLeague,Maccabi Tel Aviv,13148,179.6,1560,1636
Baskonia,Zalgiris Kaunas,83,94,2.3,1.77,2021-07-24,2017,EuroLeague,Baskonia,9361,185.8,1500,1545
Anadolu Efes,Bayern Munich,89,60,1.41,3.45,2021-07-26,2017,EuroLeague,Anadolu Efes,12123,156.5,1684,1528
Panathinaikos,Valencia,89,64,2.03,1.97,2021-07-28,2017,EuroLeague,Panathinaikos,12022,160.7,1603,1608
Zalgiris Kaunas,Milano,81,73,1.69,2.45,2021-07-30,2017,EuroLeague,Zalgiris Kaunas,11906,161.7,1570,1506
Bayern Munich,Partizan,108,91,1.61,2.64,2021-08-01,2017,EuroLeague,Bayern Munich,9311,209.0,1596,1510
Valencia,ASVEL,60,81,2.59,1.63,2021-08-03,2017,EuroLeague,Valencia,10673,148.1,1561,1642
Milano,Real Madrid,61,95,2.06,1.94,2021-08-05,2017,EuroLeague,Milano,14285,163.8,1618,1628
Partizan,Barcelona,69,68,1.97,2.04,2021-08-07,2017,EuroLeague,Partizan,14165,143.8,1623,1617
ASVEL,Fenerbahçe,74,83,1.73,2.36,2021-08-09,2017,EuroLeague,ASVEL,14164,164.8,1586,1532
Real Madrid,Olympiacos,85,62,1.67,2.49,2021-08-11,2017,EuroLeague,Real Madrid,11985,154.3,1597,1528
Barcelona,CSKA Moscow,63,72,2.27,1.79,2021-08-13,2017,EuroLeague,Barcelona,13045,141.8,1538,1580
Fenerbahçe,Maccabi Tel Aviv,87,92,2.06,1.94,2021-08-15,2017,EuroLeague,Fenerbahçe,11515,188.0,1605,1615
Olympiacos,Baskonia,71,61,1.69,2.45,2021-08-17,2017,EuroLeague,Olympiacos,11606,138.6,1615,1551
CSKA Moscow,Anadolu Efes,90,80,2.42,1.7,2021-08-19,2017,EuroLeague,CSKA Moscow,12177,178.5,1558,1619
Maccabi Tel Aviv,Panathinaikos,96,72,1.62,2.6,2021-08-21,2017,EuroLeague,Maccabi Tel Aviv,9358,176.4,1637,1555
Baskonia,Zalgiris Kaunas,72,61,2.43,1.7,2021-08-23,2017,EuroLeague,Baskonia,13028,139.7,1549,1611
Anadolu Efes,Bayern Munich,63,68,2.66,1.6,2021-08-25,2017,EuroLeague,Anadolu Efes,13581,137.6,1542,1630
Panathinaikos,Valencia,80,89,1.87,2.15,2021-08-27,2017,EuroLeague,Panathinaikos,10069,177.5,1544,1519
Zalgiris Kaunas,Milano,60,89,1.82,2.22,2021-08-29,2017,EuroLeague,Zalgiris Kaunas,9408,156.5,1693,1658
Bayern Munich,Partizan,93,94,2.1,1.91,2021-08-31,2017,EuroLeague,Bayern Munich,13415,196.3,1557,1573
Valencia,ASVEL,81,102,2.4,1.71,2021-09-02,2017,EuroLeague,Valencia,11868,192.2,1635,1694
Milano,Real Madrid,60,95,2.42,1.7,2021-09-04,2017,EuroLeague,Milano,9831,162.8,1599,1660
Partizan,Barcelona,83,74,1.58,2.73,2021-09-06,2017,EuroLeague,Partizan,12660,164.8,1688,1593
ASVEL,Fenerbahçe,89,69,1.64,2.57,2021-09-08,2017,EuroLeague,ASVEL,14213,165.9,1653,1575
Real Madrid,Olympiacos,79,60,1.69,2.45,2021-09-10,2017,EuroLeague,Real Madrid,10108,146.0,1590,1525
Barcelona,CSKA Moscow,78,63,1.33,4.02,2021-09-12,2017,EuroLeague,Barcelona,12878,148.1,1698,1506
Fenerbahçe,Maccabi Tel Aviv,76,92,1.84,2.19,2021-09-14,2017,EuroLeague,Fenerbahçe,10091,176.4,1682,1652
Olympiacos,Baskonia,61,91,2.41,1.71,2021-09-16,2017,EuroLeague,Olympiacos,10256,159.6,1537,1597
CSKA Moscow,Anadolu Efes,89,80,1.74,2.36,2021-09-18,2017,EuroLeague,CSKA Moscow,9108,177.5,1613,1560
Maccabi Tel Aviv,Panathinaikos,70,80,1.6,2.67,2021-09-20,2017,EuroLeague,Maccabi Tel Aviv,12760,157.5,1660,1571
Baskonia,Zalgiris Kaunas,86,76,1.76,2.32,2021-09-22,2017,EuroLeague,Baskonia,11463,170.1,1618,1570
Anadolu Efes,Bayern Munich,86,79,2.68,1.6,2021-09-24,2017,EuroLeague,Anadolu Efes,13887,173.2,1500,1590
Panathinaikos,Valencia,103,105,2.67,1.6,2021-09-26,2017,EuroLeague,Panathinaikos,9206,218.4,1583,1672
Zalgiris Kaunas,Milano,87,77,1.88,2.14,2021-09-28,2017,EuroLeague,Zalgiris Kaunas,12891,172.2,1648,1625
Bayern Munich,Partizan,112,98,2.3,1.77,2021-09-30,2017,EuroLeague,Bayern Munich,14234,220.5,1617,1662
Valencia,ASVEL,78,71,1.65,2.55,2021-10-02,2017,EuroLeague,Valencia,13654,156.5,1649,1573
Milano,Real Madrid,82,90,2.92,1.52,2021-10-04,2017,EuroLeague,Milano,11262,180.6,1509,1622
Partizan,Barcelona,84,85,3.11,1.47,2021-10-06,2017,EuroLeague,Partizan,11791,177.5,1534,1664
ASVEL,Fenerbahçe,80,81,1.48,3.07,2021-10-08,2017,EuroLeague,ASVEL,14563,169.1,1649,1523
Real Madrid,Olympiacos,98,60,1.5,3.0,2021-10-10,2017,EuroLeague,Real Madrid,14773,165.9,1650,1530
Barcelona,CSKA Moscow,85,80,1.81,2.23,2021-10-12,2017,EuroLeague,Barcelona,11712,173.2,1561,1525
Fenerbahçe,Maccabi Tel Aviv,95,60,1.66,2.5,2021-10-14,2017,EuroLeague,Fenerbahçe,10560,162.8,1589,1518
Olympiacos,Baskonia,84,91,2.32,1.76,2021-10-16,2017,EuroLeague,Olympiacos,10415,183.8,1650,1698
CSKA Moscow,Anadolu Efes,73,93,1.78,2.29,2021-10-18,2017,EuroLeague,CSKA Moscow,14478,174.3,1656,1612
Maccabi Tel Aviv,Panathinaikos,98,60,1.38,3.63,2021-10-20,2017,EuroLeague,Maccabi Tel Aviv,9642,165.9,1700,1532
Baskonia,Zalgiris Kaunas,77,91,1.46,3.18,2021-10-22,2017,EuroLeague,Baskonia,13316,176.4,1682,1547
Anadolu Efes,Bayern Munich,71,87,2.85,1.54,2021-10-24,2017,EuroLeague,Anadolu Efes,10077,165.9,1509,1616
Panathinaikos,Valencia,92,91,2.41,1.71,2021-10-26,2017,EuroLeague,Panathinaikos,13203,192.2,1570,1630
Zalgiris Kaunas,Milano,75,73,3.3,1.43,2021-10-28,2017,EuroLeague,Zalgiris Kaunas,12939,155.4,1538,1683
Bayern Munich,Partizan,84,70,1.98,2.02,2021-10-30,2017,EuroLeague,Bayern Munich,11399,161.7,1606,1602
Valencia,ASVEL,72,79,1.79,2.27,2021-11-01,2017,EuroLeague,Valencia,9181,158.6,1678,1636
Milano,Real Madrid,78,90,1.61,2.63,2021-11-03,2017,EuroLeague,Milano,11910,176.4,1687,1602
Partizan,Barcelona,76,92,2.96,1.51,2021-11-05,2017,EuroLeague,Partizan,14243,176.4,1551,1668
ASVEL,Fenerbahçe,77,82,1.59,2.7,2021-11-07,2017,EuroLeague,ASVEL,11434,167.0,1620,1528
Real Madrid,Olympiacos,88,88,1.46,3.16,2021-11-09,2017,EuroLeague,Real Madrid,10436,184.8,1680,1546
Barcelona,CSKA Moscow,83,76,1.98,2.02,2021-11-11,2017,EuroLeague,Barcelona,14187,167.0,1686,1683
Fenerbahçe,Maccabi Tel Aviv,88,86,2.21,1.83,2021-11-13,2017,EuroLeague,Fenerbahçe,14890,182.7,1622,1655
Olympiacos,Baskonia,96,73,3.59,1.39,2021-11-15,2017,EuroLeague,Olympiacos,10973,177.5,1500,1665
CSKA Moscow,Anadolu Efes,75,83,2.46,1.68,2021-11-17,2017,EuroLeague,CSKA Moscow,10861,165.9,1601,1667
Maccabi Tel Aviv,Panathinaikos,81,80,1.93,2.07,2021-11-19,2017,EuroLeague,Maccabi Tel Aviv,13271,169.1,1533,1521
Baskonia,Zalgiris Kaunas,62,74,1.68,2.47,2021-11-21,2017,EuroLeague,Baskonia,14845,142.8,1577,1510
Anadolu Efes,Bayern Munich,85,65,1.51,2.97,2021-11-23,2017,EuroLeague,Anadolu Efes,14687,157.5,1689,1571
Panathinaikos,Valencia,92,84,1.61,2.65,2021-11-25,2017,EuroLeague,Panathinaikos,14435,184.8,1696,1609
Zalgiris Kaunas,Milano,71,63,1.9,2.12,2021-11-27,2017,EuroLeague,Zalgiris Kaunas,9050,140.7,1692,1673
Bayern Munich,Partizan,84,60,1.53,2.89,2021-11-29,2017,EuroLeague,Bayern Munich,12628,151.2,1656,1545
Valencia,ASVEL,83,69,2.24,1.8,2021-12-01,2017,EuroLeague,Valencia,9152,159.6,1621,1659
Milano,Real Madrid,96,85,1.45,3.21,2021-12-03,2017,EuroLeague,Milano,10830,190.1,1674,1536
Partizan,Barcelona,71,90,2.91,1.52,2021-12-05,2017,EuroLeague,Partizan,9753,169.1,1510,1622
ASVEL,Fenerbahçe,79,92,2.5,1.66,2021-12-07,2017,EuroLeague,ASVEL,10206,179.6,1600,1671
Real Madrid,Olympiacos,77,60,1.44,3.25,2021-12-09,2017,EuroLeague,Real Madrid,12587,143.8,1649,1508
Barcelona,CSKA Moscow,110,83,1.94,2.06,2021-12-11,2017,EuroLeague,Barcelona,11563,202.7,1540,1530
Fenerbahçe,Maccabi Tel Aviv,85,85,3.3,1.43,2021-12-13,2017,EuroLeague,Fenerbahçe,11408,178.5,1536,1681
Olympiacos,Baskonia,80,93,2.33,1.75,2021-12-15,2017,EuroLeague,Olympiacos,12283,181.7,1624,1674
CSKA Moscow,Anadolu Efes,75,69,2.71,1.59,2021-12-17,2017,EuroLeague,CSKA Moscow,9893,151.2,1501,1594
Maccabi Tel Aviv,Panathinaikos,61,82,3.63,1.38,2021-12-19,2017,EuroLeague,Maccabi Tel Aviv,10218,150.2,1530,1698
Baskonia,Zalgiris Kaunas,72,84,1.99,2.01,2021-12-21,2017,EuroLeague,Baskonia,14197,163.8,1579,1577
Anadolu Efes,Bayern Munich,75,60,1.46,3.18,2021-12-23,2017,EuroLeague,Anadolu Efes,10151,141.8,1692,1557
Panathinaikos,Valencia,60,71,2.2,1.84,2021-12-25,2017,EuroLeague,Panathinaikos,14424,137.6,1580,1611
Zalgiris Kaunas,Milano,85,63,1.41,3.41,2021-12-27,2017,EuroLeague,Zalgiris Kaunas,13250,155.4,1655,1502
Bayern Munich,Partizan,67,62,3.23,1.45,2021-12-29,2017,EuroLeague,Bayern Munich,12891,135.5,1518,1657
Valencia,ASVEL,73,84,2.09,1.92,2021-12-31,2017,EuroLeague,Valencia,14775,164.8,1561,1576
Milano,Real Madrid,96,87,1.79,2.26,2022-01-02,2017,EuroLeague,Milano,12918,192.2,1623,1583
Partizan,Barcelona,60,82,3.09,1.48,2022-01-04,2017,EuroLeague,Partizan,12373,149.1,1520,1648
ASVEL,Fenerbahçe,72,69,1.66,2.5,2022-01-06,2017,EuroLeague,ASVEL,10067,148.1,1680,1609
Real Madrid,Olympiacos,72,70,2.43,1.7,2022-01-08,2017,EuroLeague,Real Madrid,12033,149.1,1568,1630
Barcelona,CSKA Moscow,60,94,2.38,1.72,2022-01-10,2017,EuroLeague,Barcelona,14765,161.7,1600,1656
Fenerbahçe,Maccabi Tel Aviv,83,89,2.02,1.98,2022-01-12,2017,EuroLeague,Fenerbahçe,9709,180.6,1691,1695
Olympiacos,Baskonia,68,84,2.59,1.63,2022-01-14,2017,EuroLeague,Olympiacos,9834,159.6,1546,1627
CSKA Moscow,Anadolu Efes,77,82,3.95,1.34,2022-01-16,2017,EuroLeague,CSKA Moscow,14085,167.0,1503,1691
Maccabi Tel Aviv,Panathinaikos,105,78,1.6,2.68,2022-01-18,2017,EuroLeague,Maccabi Tel Aviv,12747,192.2,1621,1531
Baskonia,Zalgiris Kaunas,96,86,2.08,1.93,2022-01-20,2017,EuroLeague,Baskonia,11409,191.1,1636,1649
Anadolu Efes,Bayern Munich,85,81,1.71,2.41,2022-01-22,2017,EuroLeague,Anadolu Efes,14104,174.3,1658,1598
Panathinaikos,Valencia,88,82,1.65,2.54,2022-01-24,2017,EuroLeague,Panathinaikos,13877,178.5,1611,1536
Zalgiris Kaunas,Milano,92,69,2.05,1.95,2022-01-26,2017,EuroLeague,Zalgiris Kaunas,13856,169.1,1569,1577
Bayern Munich,Partizan,88,64,1.87,2.15,2022-01-28,2017,EuroLeague,Bayern Munich,10420,159.6,1595,1570
Valencia,ASVEL,70,78,2.31,1.76,2022-01-30,2017,EuroLeague,Valencia,10119,155.4,1585,1632
Milano,Real Madrid,104,77,1.7,2.44,2022-02-01,2017,EuroLeague,Milano,14936,190.1,1679,1616
Partizan,Barcelona,93,81,2.4,1.72,2022-02-03,2017,EuroLeague,Partizan,10174,182.7,1569,1627
ASVEL,Fenerbahçe,70,97,2.91,1.52,2022-02-05,2017,EuroLeague,ASVEL,9776,175.3,1559,1671
Real Madrid,Olympiacos,74,71,2.4,1.72,2022-02-07,2017,EuroLeague,Real Madrid,11938,152.2,1615,1673
Barcelona,CSKA Moscow,76,73,1.61,2.64,2022-02-09,2017,EuroLeague,Barcelona,12347,156.5,1659,1573
Fenerbahçe,Maccabi Tel Aviv,86,76,1.74,2.35,2022-02-11,2017,EuroLeague,Fenerbahçe,9758,170.1,1694,1642
Olympiacos,Baskonia,77,75,2.17,1.85,2022-02-13,2017,EuroLeague,Olympiacos,9451,159.6,1590,1618
CSKA Moscow,Anadolu Efes,74,62,2.46,1.68,2022-02-15,2017,EuroLeague,CSKA Moscow,9048,142.8,1501,1567
Maccabi Tel Aviv,Panathinaikos,74,84,1.79,2.26,2022-02-17,2017,EuroLeague,Maccabi Tel Aviv,9428,165.9,1691,1651
Baskonia,Zalgiris Kaunas,61,87,3.56,1.39,2022-02-19,2017,EuroLeague,Baskonia,11298,155.4,1532,1695
Anadolu Efes,Bayern Munich,101,72,2.12,1.89,2022-02-21,2017,EuroLeague,Anadolu Efes,9780,181.7,1595,1615
Panathinaikos,Valencia,74,64,2.26,1.79,2022-02-23,2017,EuroLeague,Panathinaikos,13532,144.9,1534,1574
Zalgiris Kaunas,Milano,78,65,1.5,3.02,2022-02-25,2017,EuroLeague,Zalgiris Kaunas,14956,150.2,1687,1565
Bayern Munich,Partizan,86,76,1.49,3.03,2022-02-27,2017,EuroLeague,Bayern Munich,9928,170.1,1638,1515
Valencia,ASVEL,78,88,1.74,2.36,2022-03-01,2017,EuroLeague,Valencia,12464,174.3,1606,1553
Milano,Real Madrid,83,76,2.12,1.9,2022-03-03,2017,EuroLeague,Milano,13207,167.0,1526,1545
Partizan,Barcelona,88,67,1.52,2.94,2022-03-05,2017,EuroLeague,Partizan,13143,162.8,1630,1515
ASVEL,Fenerbahçe,112,62,1.62,2.62,2022-03-07,2017,EuroLeague,ASVEL,14051,182.7,1596,1512
Real Madrid,Olympiacos,60,61,1.62,2.61,2022-03-09,2017,EuroLeague,Real Madrid,11714,127.1,1669,1586
Barcelona,CSKA Moscow,69,69,2.08,1.92,2022-03-11,2017,EuroLeague,Barcelona,11562,144.9,1546,1560
Fenerbahçe,Maccabi Tel Aviv,87,67,1.7,2.43,2022-03-13,2017,EuroLeague,Fenerbahçe,13456,161.7,1637,1575
Olympiacos,Baskonia,85,81,1.75,2.33,2022-03-15,2017,EuroLeague,Olympiacos,11079,174.3,1654,1604
CSKA Moscow,Anadolu Efes,74,72,1.87,2.15,2022-03-17,2017,EuroLeague,CSKA Moscow,10173,153.3,1555,1530
Maccabi Tel Aviv,Panathinaikos,87,83,1.58,2.73,2022-03-19,2017,EuroLeague,Maccabi Tel Aviv,11617,178.5,1647,1552
Baskonia,Zalgiris Kaunas,90,98,2.97,1.51,2022-03-21,2017,EuroLeague,Baskonia,14676,197.4,1501,1619
Anadolu Efes,Bayern Munich,87,89,1.86,2.16,2022-03-23,2017,EuroLeague,Anadolu Efes,13372,184.8,1595,1569
Panathinaikos,Valencia,79,73,1.57,2.77,2022-03-25,2017,EuroLeague,Panathinaikos,9438,159.6,1614,1515
Zalgiris Kaunas,Milano,69,73,1.67,2.49,2022-03-27,2017,EuroLeague,Zalgiris Kaunas,9399,149.1,1676,1607
Bayern Munich,Partizan,60,73,2.39,1.72,2022-03-29,2017,EuroLeague,Bayern Munich,12113,139.7,1594,1651
Valencia,ASVEL,78,78,1.81,2.24,2022-03-31,2017,EuroLeague,Valencia,11883,163.8,1540,1503
Milano,Real Madrid,93,73,2.7,1.59,2022-04-02,2017,EuroLeague,Milano,14044,174.3,1510,1602
Partizan,Barcelona,74,79,1.63,2.58,2022-04-04,2017,EuroLeague,Partizan,10080,160.7,1619,1539
ASVEL,Fenerbahçe,80,93,2.12,1.89,2022-04-06,2017,EuroLeague,ASVEL,10666,181.7,1678,1698
Real Madrid,Olympiacos,83,63,1.58,2.74,2022-04-08,2017,EuroLeague,Real Madrid,12988,153.3,1614,1518
Barcelona,CSKA Moscow,80,71,2.36,1.74,2022-04-10,2017,EuroLeague,Barcelona,14299,158.6,1604,1657
Fenerbahçe,Maccabi Tel Aviv,69,78,1.92,2.09,2022-04-12,2017,EuroLeague,Fenerbahçe,12315,154.3,1575,1560
Olympiacos,Baskonia,76,86,1.38,3.62,2022-04-14,2017,EuroLeague,Olympiacos,11432,170.1,1672,1505
CSKA Moscow,Anadolu Efes,60,73,3.09,1.48,2022-04-16,2017,EuroLeague,CSKA Moscow,12461,139.7,1514,1642
Maccabi Tel Aviv,Panathinaikos,77,107,3.8,1.36,2022-04-18,2017,EuroLeague,Maccabi Tel Aviv,9673,193.2,1512,1691
Baskonia,Zalgiris Kaunas,67,68,2.33,1.75,2022-04-20,2017,EuroLeague,Baskonia,10885,141.8,1642,1691
Anadolu Efes,Bayern Munich,83,88,2.76,1.57,2022-04-22,2017,EuroLeague,Anadolu Efes,13054,179.6,1524,1622
Panathinaikos,Valencia,75,87,1.85,2.18,2022-04-24,2017,EuroLeague,Panathinaikos,14965,170.1,1587,1558
Zalgiris Kaunas,Milano,85,72,2.12,1.9,2022-04-26,2017,EuroLeague,Zalgiris Kaunas,9827,164.8,1653,1672
Bayern Munich,Partizan,60,88,2.58,1.63,2022-04-28,2017,EuroLeague,Bayern Munich,9384,155.4,1569,1649
Valencia,ASVEL,83,63,1.82,2.22,2022-04-30,2017,EuroLeague,Valencia,12978,153.3,1574,1540
Milano,Real Madrid,82,90,1.79,2.27,2022-05-02,2017,EuroLeague,Milano,10503,180.6,1683,1641
Partizan,Barcelona,93,60,1.89,2.12,2022-05-04,2017,EuroLeague,Partizan,11553,160.7,1602,1582
ASVEL,Fenerbahçe,60,93,2.97,1.51,2022-05-06,2017,EuroLeague,ASVEL,14058,160.7,1540,1658
Real Madrid,Olympiacos,60,64,3.11,1.47,2022-05-08,2017,EuroLeague,Real Madrid,11381,130.2,1549,1679
Barcelona,CSKA Moscow,74,67,1.48,3.1,2022-05-10,2017,EuroLeague,Barcelona,13220,148.1,1648,1519
Fenerbahçe,Maccabi Tel Aviv,72,87,1.75,2.33,2022-05-12,2017,EuroLeague,Fenerbahçe,14258,167.0,1579,1529
Olympiacos,Baskonia,82,73,1.88,2.14,2022-05-14,2017,EuroLeague,Olympiacos,12683,162.8,1670,1648
CSKA Moscow,Anadolu Efes,71,85,2.22,1.82,2022-05-16,2017,EuroLeague,CSKA Moscow,10008,163.8,1631,1666
Maccabi Tel Aviv,Panathinaikos,87,92,1.58,2.73,2022-05-18,2017,EuroLeague,Maccabi Tel Aviv,11877,188.0,1626,1531
Baskonia,Zalgiris Kaunas,74,84,2.25,1.8,2022-05-20,2017,EuroLeague,Baskonia,9084,165.9,1568,1607
Anadolu Efes,Bayern Munich,95,69,3.1,1.48,2022-05-22,2017,EuroLeague,Anadolu Efes,11735,172.2,1500,1629
Panathinaikos,Valencia,70,80,2.79,1.56,2022-05-24,2017,EuroLeague,Panathinaikos,13277,157.5,1502,1603
Zalgiris Kaunas,Milano,100,70,2.42,1.7,2022-05-26,2017,EuroLeague,Zalgiris Kaunas,11900,178.5,1567,1628
Bayern Munich,Partizan,83,73,1.89,2.13,2022-05-28,2017,EuroLeague,Bayern Munich,10890,163.8,1559,1538
Valencia,ASVEL,92,93,1.44,3.25,2022-05-30,2017,EuroLeague,Valencia,10277,194.2,1671,1530
Milano,Real Madrid,70,89,1.79,2.27,2022-06-01,2017,EuroLeague,Milano,11631,167.0,1672,1631
Partizan,Barcelona,75,79,2.59,1.63,2022-06-03,2017,EuroLeague,Partizan,14079,161.7,1595,1676
ASVEL,Fenerbahçe,76,78,3.62,1.38,2022-06-05,2017,EuroLeague,ASVEL,12576,161.7,1512,1679
Real Madrid,Olympiacos,99,75,1.57,2.75,2022-06-07,2017,EuroLeague,Real Madrid,11485,182.7,1685,1588
Barcelona,CSKA Moscow,79,60,1.86,2.16,2022-06-09,2017,EuroLeague,Barcelona,13445,146.0,1621,1595
Fenerbahçe,Maccabi Tel Aviv,94,60,1.6,2.68,2022-06-11,2017,EuroLeague,Fenerbahçe,11853,161.7,1699,1609
Olympiacos,Baskonia,80,82,2.27,1.79,2022-06-13,2017,EuroLeague,Olympiacos,11792,170.1,1562,1604
CSKA Moscow,Anadolu Efes,117,86,2.03,1.97,2022-06-15,2017,EuroLeague,CSKA Moscow,11684,213.2,1563,1568
Maccabi Tel Aviv,Panathinaikos,74,80,1.56,2.78,2022-06-17,2017,EuroLeague,Maccabi Tel Aviv,10288,161.7,1639,1539
Baskonia,Zalgiris Kaunas,86,80,2.11,1.9,2022-06-19,2017,EuroLeague,Baskonia,12151,174.3,1670,1688
Anadolu Efes,Bayern Munich,77,84,2.04,1.96,2022-06-21,2017,EuroLeague,Anadolu Efes,11982,169.1,1563,1570
Panathinaikos,Valencia,84,86,2.27,1.79,2022-06-23,2017,EuroLeague,Panathinaikos,10860,178.5,1515,1557
Zalgiris Kaunas,Milano,88,88,2.15,1.87,2022-06-25,2017,EuroLeague,Zalgiris Kaunas,9634,184.8,1512,1536
Bayern Munich,Partizan,85,60,1.89,2.12,2022-06-27,2017,EuroLeague,Bayern Munich,9881,152.2,1567,1547
Valencia,ASVEL,76,100,2.45,1.69,2022-06-29,2017,EuroLeague,Valencia,13076,184.8,1520,1584
Milano,Real Madrid,99,82,2.83,1.55,2022-07-01,2017,EuroLeague,Milano,9366,190.1,1588,1693
Partizan,Barcelona,80,89,2.31,1.76,2022-07-03,2017,EuroLeague,Partizan,10256,177.5,1527,1574
ASVEL,Fenerbahçe,77,72,1.58,2.73,2022-07-05,2017,EuroLeague,ASVEL,12031,156.5,1618,1523
Real Madrid,Olympiacos,60,106,2.58,1.63,2022-07-07,2017,EuroLeague,Real Madrid,10411,174.3,1547,1626
Barcelona,CSKA Moscow,103,60,1.83,2.2,2022-07-09,2017,EuroLeague,Barcelona,9445,171.2,1677,1645
Fenerbahçe,Maccabi Tel Aviv,87,85,2.45,1.69,2022-07-11,2017,EuroLeague,Fenerbahçe,11752,180.6,1505,1569
Olympiacos,Baskonia,76,73,2.14,1.88,2022-07-13,2017,EuroLeague,Olympiacos,11366,156.5,1559,1582
CSKA Moscow,Anadolu Efes,92,67,1.67,2.5,2022-07-15,2017,EuroLeague,CSKA Moscow,10568,167.0,1660,1590
Maccabi Tel Aviv,Panathinaikos,78,76,2.86,1.54,2022-07-17,2017,EuroLeague,Maccabi Tel Aviv,14424,161.7,1535,1643
Baskonia,Zalgiris Kaunas,87,69,1.45,3.2,2022-07-19,2017,EuroLeague,Baskonia,14089,163.8,1699,1562
Anadolu Efes,Bayern Munich,92,73,1.49,3.04,2022-07-21,2017,EuroLeague,Anadolu Efes,10434,173.2,1674,1550
Panathinaikos,Valencia,83,60,1.75,2.33,2022-07-23,2017,EuroLeague,Panathinaikos,14877,150.2,1586,1536
Zalgiris Kaunas,Milano,67,80,2.4,1.72,2022-07-25,2017,EuroLeague,Zalgiris Kaunas,13891,154.3,1594,1652
Bayern Munich,Partizan,71,68,1.55,2.83,2022-07-27,2017,EuroLeague,Bayern Munich,12930,146.0,1687,1582
Valencia,ASVEL,93,64,1.59,2.7,2022-07-29,2017,EuroLeague,Valencia,10978,164.8,1700,1608
Milano,Real Madrid,81,77,2.71,1.59,2022-07-31,2017,EuroLeague,Milano,10881,165.9,1588,1681
Partizan,Barcelona,99,72,1.66,2.52,2022-08-02,2017,EuroLeague,Partizan,13635,179.6,1609,1536
ASVEL,Fenerbahçe,70,89,3.13,1.47,2022-08-04,2017,EuroLeague,ASVEL,13949,167.0,1513,1644
Real Madrid,Olympiacos,75,91,2.5,1.66,2022-08-06,2017,EuroLeague,Real Madrid,9957,174.3,1595,1666
Barcelona,CSKA Moscow,102,76,2.14,1.88,2022-08-08,2017,EuroLeague,Barcelona,10941,186.9,1611,1634
Fenerbahçe,Maccabi Tel Aviv,84,68,2.12,1.9,2022-08-10,2017,EuroLeague,Fenerbahçe,11148,159.6,1537,1556
Olympiacos,Baskonia,70,93,3.21,1.45,2022-08-12,2017,EuroLeague,Olympiacos,13266,171.2,1509,1647
CSKA Moscow,Anadolu Efes,60,73,2.08,1.92,2022-08-14,2017,EuroLeague,CSKA Moscow,14826,139.7,1506,1520
Maccabi Tel Aviv,Panathinaikos,98,89,1.85,2.18,2022-08-16,2017,EuroLeague,Maccabi Tel Aviv,11855,196.3,1680,1651
Baskonia,Zalgiris Kaunas,71,78,1.89,2.12,2022-08-18,2017,EuroLeague,Baskonia,12057,156.5,1564,1544
Anadolu Efes,Bayern Munich,61,82,1.87,2.15,2022-08-20,2017,EuroLeague,Anadolu Efes,10591,150.2,1676,1652
Panathinaikos,Valencia,74,60,1.63,2.59,2022-08-22,2017,EuroLeague,Panathinaikos,10256,140.7,1687,1606
Zalgiris Kaunas,Milano,81,60,1.41,3.43,2022-08-24,2017,EuroLeague,Zalgiris Kaunas,10591,148.1,1671,1517
Bayern Munich,Partizan,91,71,1.38,3.6,2022-08-26,2017,EuroLeague,Bayern Munich,14359,170.1,1692,1526
Valencia,ASVEL,60,106,2.55,1.65,2022-08-28,2017,EuroLeague,Valencia,14934,174.3,1583,1659
Milano,Real Madrid,82,94,2.51,1.66,2022-08-30,2017,EuroLeague,Milano,13198,184.8,1552,1624
Partizan,Barcelona,82,86,1.82,2.22,2022-09-01,2017,EuroLeague,Partizan,11239,176.4,1641,1606
ASVEL,Fenerbahçe,60,88,1.88,2.14,2022-09-03,2017,EuroLeague,ASVEL,14585,155.4,1676,1654
Real Madrid,Olympiacos,88,60,2.35,1.74,2022-09-05,2017,EuroLeague,Real Madrid,11912,155.4,1536,1588
Barcelona,CSKA Moscow,91,99,2.36,1.74,2022-09-07,2017,EuroLeague,Barcelona,13009,199.5,1542,1595
Fenerbahçe,Maccabi Tel Aviv,63,78,2.33,1.75,2022-09-09,2017,EuroLeague,Fenerbahçe,11880,148.1,1593,1643
Olympiacos,Baskonia,60,95,2.12,1.9,2022-09-11,2017,EuroLeague,Olympiacos,12152,162.8,1547,1566
CSKA Moscow,Anadolu Efes,89,75,1.86,2.16,2022-09-13,2017,EuroLeague,CSKA Moscow,10245,172.2,1577,1551
Maccabi Tel Aviv,Panathinaikos,84,85,2.54,1.65,2022-09-15,2017,EuroLeague,Maccabi Tel Aviv,14612,177.5,1517,1592
Baskonia,Zalgiris Kaunas,76,67,2.15,1.87,2022-09-17,2017,EuroLeague,Baskonia,12402,150.2,1639,1664
Anadolu Efes,Bayern Munich,68,71,2.97,1.51,2022-09-19,2017,EuroLeague,Anadolu Efes,13054,146.0,1511,1629
Panathinaikos,Valencia,76,97,2.91,1.52,2022-09-21,2017,EuroLeague,Panathinaikos,12402,181.7,1528,1640
Zalgiris Kaunas,Milano,68,89,3.07,1.48,2022-09-23,2017,EuroLeague,Zalgiris Kaunas,10984,164.8,1557,1683
Bayern Munich,Partizan,66,79,1.99,2.01,2022-09-25,2017,EuroLeague,Bayern Munich,9522,152.2,1568,1566
Valencia,ASVEL,79,72,2.59,1.63,2022-09-27,2017,EuroLeague,Valencia,11020,158.6,1616,1697
Milano,Real Madrid,93,60,1.6,2.68,2022-09-29,2017,EuroLeague,Milano,12747,160.7,1669,1579
Partizan,Barcelona,87,65,1.4,3.5,2022-10-01,2017,EuroLeague,Partizan,10016,159.6,1691,1532
ASVEL,Fenerbahçe,71,65,2.65,1.61,2022-10-03,2017,EuroLeague,ASVEL,13890,142.8,1539,1626
Real Madrid,Olympiacos,92,77,1.66,2.5,2022-10-05,2017,EuroLeague,Real Madrid,12000,177.5,1633,1562
Barcelona,CSKA Moscow,75,76,1.93,2.08,2022-10-07,2017,EuroLeague,Barcelona,14509,158.6,1516,1503
Fenerbahçe,Maccabi Tel Aviv,94,63,1.32,4.16,2022-10-09,2017,EuroLeague,Fenerbahçe,10976,164.8,1700,1500
Olympiacos,Baskonia,114,81,1.92,2.08,2022-10-11,2017,EuroLeague,Olympiacos,9990,204.8,1541,1527
CSKA Moscow,Anadolu Efes,60,74,2.24,1.81,2022-10-13,2017,EuroLeague,CSKA Moscow,10005,140.7,1638,1675
Maccabi Tel Aviv,Panathinaikos,62,73,1.82,2.22,2022-10-15,2017,EuroLeague,Maccabi Tel Aviv,11399,141.8,1666,1632
Baskonia,Zalgiris Kaunas,84,100,2.24,1.8,2022-10-17,2017,EuroLeague,Baskonia,12490,193.2,1599,1637
Anadolu Efes,Bayern Munich,87,78,1.81,2.23,2022-10-19,2017,EuroLeague,Anadolu Efes,13777,173.2,1584,1548
Panathinaikos,Valencia,96,67,1.88,2.14,2022-10-21,2017,EuroLeague,Panathinaikos,9998,171.2,1674,1651
Zalgiris Kaunas,Milano,81,66,2.79,1.56,2022-10-23,2017,EuroLeague,Zalgiris Kaunas,9249,154.3,1554,1655
Bayern Munich,Partizan,72,75,3.02,1.5,2022-10-25,2017,EuroLeague,Bayern Munich,9160,154.3,1511,1633
Valencia,ASVEL,69,81,2.05,1.95,2022-10-27,2017,EuroLeague,Valencia,12816,157.5,1530,1538
Milano,Real Madrid,80,76,1.96,2.04,2022-10-29,2017,EuroLeague,Milano,12254,163.8,1674,1667
Partizan,Barcelona,70,83,1.93,2.08,2022-10-31,2017,EuroLeague,Partizan,9743,160.7,1667,1654
ASVEL,Fenerbahçe,63,77,1.93,2.08,2022-11-02,2017,EuroLeague,ASVEL,10964,147.0,1545,1532
Real Madrid,Olympiacos,82,91,1.94,2.06,2022-11-04,2017,EuroLeague,Real Madrid,12956,181.7,1522,1512
Barcelona,CSKA Moscow,103,97,1.81,2.24,2022-11-06,2017,EuroLeague,Barcelona,10299,210.0,1691,1654
Fenerbahçe,Maccabi Tel Aviv,88,95,2.24,1.81,2022-11-08,2017,EuroLeague,Fenerbahçe,13247,192.2,1531,1568
Olympiacos,Baskonia,81,60,1.52,2.93,2022-11-10,2017,EuroLeague,Olympiacos,9114,148.1,1700,1586
CSKA Moscow,Anadolu Efes,80,67,2.61,1.62,2022-11-12,2017,EuroLeague,CSKA Moscow,10606,154.3,1609,1692
Maccabi Tel Aviv,Panathinaikos,60,87,1.94,2.06,2022-11-14,2017,EuroLeague,Maccabi Tel Aviv,13714,154.3,1670,1660
Baskonia,Zalgiris Kaunas,117,113,1.83,2.21,2022-11-16,2017,EuroLeague,Baskonia,13910,241.5,1581,1548
Anadolu Efes,Bayern Munich,67,118,3.44,1.41,2022-11-18,2017,EuroLeague,Anadolu Efes,10936,194.2,1533,1688
Panathinaikos,Valencia,63,82,1.8,2.24,2022-11-20,2017,EuroLeague,Panathinaikos,9316,152.2,1614,1576
Zalgiris Kaunas,Milano,108,60,1.79,2.27,2022-11-22,2017,EuroLeague,Zalgiris Kaunas,12475,176.4,1556,1515
Bayern Munich,Partizan,76,68,2.3,1.77,2022-11-24,2017,EuroLeague,Bayern Munich,14517,151.2,1507,1552
Valencia,ASVEL,85,69,1.69,2.45,2022-11-26,2017,EuroLeague,Valencia,9701,161.7,1682,1617
Milano,Real Madrid,100,60,1.57,2.77,2022-11-28,2017,EuroLeague,Milano,13191,168.0,1686,1587
Partizan,Barcelona,72,86,1.95,2.05,2022-11-30,2017,EuroLeague,Partizan,9246,165.9,1695,1686
ASVEL,Fenerbahçe,78,69,1.53,2.88,2022-12-02,2017,EuroLeague,ASVEL,10731,154.3,1698,1588
Real Madrid,Olympiacos,78,81,2.13,1.89,2022-12-04,2017,EuroLeague,Real Madrid,11684,167.0,1516,1537
Barcelona,CSKA Moscow,68,61,1.7,2.42,2022-12-06,2017,EuroLeague,Barcelona,10312,135.5,1632,1571
Fenerbahçe,Maccabi Tel Aviv,81,85,2.68,1.6,2022-12-08,2017,EuroLeague,Fenerbahçe,14168,174.3,1550,1640
Olympiacos,Baskonia,102,75,2.31,1.76,2022-12-10,2017,EuroLeague,Olympiacos,11840,185.8,1613,1660
CSKA Moscow,Anadolu Efes,95,77,1.98,2.02,2022-12-12,2017,EuroLeague,CSKA Moscow,13325,180.6,1598,1594
Maccabi Tel Aviv,Panathinaikos,84,75,2.49,1.67,2022-12-14,2017,EuroLeague,Maccabi Tel Aviv,14271,167.0,1550,1619
Baskonia,Zalgiris Kaunas,73,79,1.94,2.06,2022-12-16,2017,EuroLeague,Baskonia,14356,159.6,1586,1576
Anadolu Efes,Bayern Munich,64,80,2.83,1.55,2022-12-18,2017,EuroLeague,Anadolu Efes,9630,151.2,1563,1668
Panathinaikos,Valencia,88,67,1.87,2.15,2022-12-20,2017,EuroLeague,Panathinaikos,9943,162.8,1698,1673
Zalgiris Kaunas,Milano,84,75,1.49,3.03,2022-12-22,2017,EuroLeague,Zalgiris Kaunas,13169,167.0,1642,1519
Bayern Munich,Partizan,75,60,2.06,1.94,2022-12-24,2017,EuroLeague,Bayern Munich,11990,141.8,1623,1633
Valencia,ASVEL,73,68,2.6,1.62,2022-12-26,2017,EuroLeague,Valencia,11601,148.1,1605,1687
Milano,Real Madrid,107,65,1.75,2.33,2022-12-28,2017,EuroLeague,Milano,14054,180.6,1642,1592
Partizan,Barcelona,76,92,2.45,1.69,2022-12-30,2017,EuroLeague,Partizan,14296,176.4,1555,1620
ASVEL,Fenerbahçe,75,97,1.91,2.1,2023-01-01,2017,EuroLeague,ASVEL,13733,180.6,1549,1532
Real Madrid,Olympiacos,92,90,2.12,1.9,2023-01-03,2017,EuroLeague,Real Madrid,12789,191.1,1536,1555
Barcelona,CSKA Moscow,63,60,2.39,1.72,2023-01-05,2017,EuroLeague,Barcelona,13819,129.2,1588,1645
Fenerbahçe,Maccabi Tel Aviv,60,87,2.72,1.58,2023-01-07,2017,EuroLeague,Fenerbahçe,11934,154.3,1510,1604
Olympiacos,Baskonia,96,76,1.63,2.59,2023-01-09,2017,EuroLeague,Olympiacos,13851,180.6,1674,1593
CSKA Moscow,Anadolu Efes,84,71,1.62,2.6,2023-01-11,2017,EuroLeague,CSKA Moscow,13950,162.8,1667,1585
Maccabi Tel Aviv,Panathinaikos,86,80,2.94,1.52,2023-01-13,2017,EuroLeague,Maccabi Tel Aviv,12787,174.3,1565,1680
Baskonia,Zalgiris Kaunas,60,77,3.39,1.42,2023-01-15,2017,EuroLeague,Baskonia,13420,143.8,1535,1686
Anadolu Efes,Bayern Munich,98,68,2.37,1.73,2023-01-17,2017,EuroLeague,Anadolu Efes,14455,174.3,1502,1557
Panathinaikos,Valencia,70,80,3.62,1.38,2023-01-19,2017,EuroLeague,Panathinaikos,12492,157.5,1505,1672
Zalgiris Kaunas,Milano,76,93,2.65,1.61,2023-01-21,2017,EuroLeague,Zalgiris Kaunas,10684,177.5,1500,1587
Bayern Munich,Partizan,95,76,1.85,2.18,2023-01-23,2017,EuroLeague,Bayern Munich,14585,179.6,1633,1604
Valencia,ASVEL,79,60,1.9,2.12,2023-01-25,2017,EuroLeague,Valencia,10330,146.0,1659,1640
Milano,Real Madrid,99,96,2.7,1.59,2023-01-27,2017,EuroLeague,Milano,9237,204.8,1542,1634
Partizan,Barcelona,99,90,1.94,2.07,2023-01-29,2017,EuroLeague,Partizan,11888,198.5,1543,1532
ASVEL,Fenerbahçe,83,67,1.6,2.68,2023-01-31,2017,EuroLeague,ASVEL,14742,157.5,1680,1590
Real Madrid,Olympiacos,71,79,3.26,1.44,2023-02-02,2017,EuroLeague,Real Madrid,9005,157.5,1535,1677
Barcelona,CSKA Moscow,84,96,1.92,2.09,2023-02-04,2017,EuroLeague,Barcelona,10587,189.0,1601,1586
Fenerbahçe,Maccabi Tel Aviv,95,73,1.78,2.29,2023-02-06,2017,EuroLeague,Fenerbahçe,9033,176.4,1652,1608
Olympiacos,Baskonia,101,68,1.5,3.02,2023-02-08,2017,EuroLeague,Olympiacos,11750,177.5,1685,1563
CSKA Moscow,Anadolu Efes,107,80,1.71,2.41,2023-02-10,2017,EuroLeague,CSKA Moscow,12261,196.3,1580,1520
Maccabi Tel Aviv,Panathinaikos,79,66,1.66,2.5,2023-02-12,2017,EuroLeague,Maccabi Tel Aviv,9669,152.2,1586,1515
Baskonia,Zalgiris Kaunas,92,74,1.56,2.8,2023-02-14,2017,EuroLeague,Baskonia,12744,174.3,1678,1576
Anadolu Efes,Bayern Munich,77,73,2.44,1.7,2023-02-16,2017,EuroLeague,Anadolu Efes,13526,157.5,1504,1567
Panathinaikos,Valencia,85,91,2.03,1.97,2023-02-18,2017,EuroLeague,Panathinaikos,11315,184.8,1534,1539
Zalgiris Kaunas,Milano,84,78,1.73,2.37,2023-02-20,2017,EuroLeague,Zalgiris Kaunas,10217,170.1,1696,1641
Bayern Munich,Partizan,62,78,2.22,1.82,2023-02-22,2017,EuroLeague,Bayern Munich,13022,147.0,1516,1551
Valencia,ASVEL,60,70,1.92,2.09,2023-02-24,2017,EuroLeague,Valencia,14331,136.5,1519,1504
Milano,Real Madrid,77,87,3.0,1.5,2023-02-26,2017,EuroLeague,Milano,10009,172.2,1526,1646
Partizan,Barcelona,113,60,1.61,2.64,2023-02-28,2017,EuroLeague,Partizan,9887,181.7,1680,1594
ASVEL,Fenerbahçe,66,89,2.14,1.88,2023-03-02,2017,EuroLeague,ASVEL,12231,162.8,1503,1526
Real Madrid,Olympiacos,91,93,1.72,2.39,2023-03-04,2017,EuroLeague,Real Madrid,14500,193.2,1646,1589
Barcelona,CSKA Moscow,77,68,2.44,1.7,2023-03-06,2017,EuroLeague,Barcelona,10538,152.2,1617,1680
Fenerbahçe,Maccabi Tel Aviv,68,75,2.07,1.93,2023-03-08,2017,EuroLeague,Fenerbahçe,13252,150.2,1604,1616
Olympiacos,Baskonia,67,95,3.19,1.46,2023-03-10,2017,EuroLeague,Olympiacos,12793,170.1,1506,1642
CSKA Moscow,Anadolu Efes,83,87,1.95,2.05,2023-03-12,2017,EuroLeague,CSKA Moscow,9780,178.5,1568,1559
Maccabi Tel Aviv,Panathinaikos,77,91,2.27,1.79,2023-03-14,2017,EuroLeague,Maccabi Tel Aviv,13078,176.4,1540,1582
Baskonia,Zalgiris Kaunas,82,62,1.83,2.2,2023-03-16,2017,EuroLeague,Baskonia,12530,151.2,1664,1632
Anadolu Efes,Bayern Munich,94,68,1.58,2.73,2023-03-18,2017,EuroLeague,Anadolu Efes,11014,170.1,1602,1507
Panathinaikos,Valencia,64,87,1.69,2.45,2023-03-20,2017,EuroLeague,Panathinaikos,9011,158.6,1594,1530
Zalgiris Kaunas,Milano,84,78,1.86,2.16,2023-03-22,2017,EuroLeague,Zalgiris Kaunas,13733,170.1,1673,1647
Real Madrid,Olympiacos,77,93,2.22,1.82,2018-10-01,2018,EuroLeague,Real Madrid,14198,178.5,1653,1687
Barcelona,CSKA Moscow,101,60,1.77,2.3,2018-10-03,2018,EuroLeague,Barcelona,10030,169.1,1604,1559
Fenerbahçe,Maccabi Tel Aviv,97,69,1.44,3.28,2018-10-05,2018,EuroLeague,Fenerbahçe,11617,174.3,1663,1520
Olympiacos,Baskonia,78,60,1.9,2.11,2018-10-07,2018,EuroLeague,Olympiacos,13766,144.9,1610,1592
CSKA Moscow,Anadolu Efes,97,82,2.64,1.61,2018-10-09,2018,EuroLeague,CSKA Moscow,13620,188.0,1614,1700
Maccabi Tel Aviv,Panathinaikos,79,82,2.44,1.7,2018-10-11,2018,EuroLeague,Maccabi Tel Aviv,10490,169.1,1536,1599
Baskonia,Zalgiris Kaunas,76,89,2.05,1.95,2018-10-13,2018,EuroLeague,Baskonia,11557,173.2,1510,1519
Anadolu Efes,Bayern Munich,83,75,1.82,2.22,2018-10-15,2018,EuroLeague,Anadolu Efes,14934,165.9,1559,1525
Panathinaikos,Valencia,92,76,1.7,2.44,2018-10-17,2018,EuroLeague,Panathinaikos,11557,176.4,1598,1535
Zalgiris Kaunas,Milano,70,93,1.81,2.24,2018-10-19,2018,EuroLeague,Zalgiris Kaunas,13910,171.2,1661,1624
Bayern Munich,Partizan,76,71,1.66,2.5,2018-10-21,2018,EuroLeague,Bayern Munich,13157,154.3,1598,1527
Valencia,ASVEL,77,82,1.52,2.93,2018-10-23,2018,EuroLeague,Valencia,14152,167.0,1685,1571
Milano,Real Madrid,94,70,3.44,1.41,2018-10-25,2018,EuroLeague,Milano,13394,172.2,1519,1674
Partizan,Barcelona,60,70,2.68,1.6,2018-10-27,2018,EuroLeague,Partizan,10991,136.5,1603,1693
ASVEL,Fenerbahçe,82,68,1.69,2.45,2018-10-29,2018,EuroLeague,ASVEL,9643,157.5,1699,1635
Real Madrid,Olympiacos,71,78,2.45,1.69,2018-10-31,2018,EuroLeague,Real Madrid,12181,156.5,1541,1606
Barcelona,CSKA Moscow,96,86,2.27,1.79,2018-11-02,2018,EuroLeague,Barcelona,11483,191.1,1557,1599
Fenerbahçe,Maccabi Tel Aviv,78,69,1.4,3.53,2018-11-04,2018,EuroLeague,Fenerbahçe,9506,154.3,1690,1529
Olympiacos,Baskonia,92,83,2.57,1.64,2018-11-06,2018,EuroLeague,Olympiacos,13517,183.8,1590,1668
CSKA Moscow,Anadolu Efes,69,73,1.91,2.1,2018-11-08,2018,EuroLeague,CSKA Moscow,11098,149.1,1549,1532
Maccabi Tel Aviv,Panathinaikos,90,68,2.24,1.8,2018-11-10,2018,EuroLeague,Maccabi Tel Aviv,13361,165.9,1508,1546
Baskonia,Zalgiris Kaunas,88,60,1.55,2.81,2018-11-12,2018,EuroLeague,Baskonia,9580,155.4,1613,1510
Anadolu Efes,Bayern Munich,110,106,1.37,3.74,2018-11-14,2018,EuroLeague,Anadolu Efes,13680,226.8,1692,1517
Panathinaikos,Valencia,84,106,2.92,1.52,2018-11-16,2018,EuroLeague,Panathinaikos,14851,199.5,1518,1631
Zalgiris Kaunas,Milano,75,77,2.28,1.78,2018-11-18,2018,EuroLeague,Zalgiris Kaunas,9498,159.6,1652,1695
Bayern Munich,Partizan,74,73,1.42,3.37,2018-11-20,2018,EuroLeague,Bayern Munich,10012,154.3,1693,1543
Valencia,ASVEL,93,67,1.49,3.05,2018-11-22,2018,EuroLeague,Valencia,12599,168.0,1664,1539
Milano,Real Madrid,61,77,2.48,1.68,2018-11-24,2018,EuroLeague,Milano,12957,144.9,1602,1670
Partizan,Barcelona,82,87,1.83,2.21,2018-11-26,2018,EuroLeague,Partizan,12806,177.5,1567,1534
ASVEL,Fenerbahçe,83,79,1.98,2.02,2018-11-28,2018,EuroLeague,ASVEL,11867,170.1,1665,1662
Real Madrid,Olympiacos,83,69,1.35,3.88,2018-11-30,2018,EuroLeague,Real Madrid,12049,159.6,1697,1513
Barcelona,CSKA Moscow,78,82,1.44,3.25,2018-12-02,2018,EuroLeague,Barcelona,10863,168.0,1678,1537
Fenerbahçe,Maccabi Tel Aviv,60,91,1.67,2.5,2018-12-04,2018,EuroLeague,Fenerbahçe,9183,158.6,1673,1603
Olympiacos,Baskonia,79,71,1.75,2.33,2018-12-06,2018,EuroLeague,Olympiacos,12732,157.5,1620,1570
CSKA Moscow,Anadolu Efes,93,75,1.61,2.64,2018-12-08,2018,EuroLeague,CSKA Moscow,14697,176.4,1700,1614
Maccabi Tel Aviv,Panathinaikos,71,72,1.96,2.04,2018-12-10,2018,EuroLeague,Maccabi Tel Aviv,11998,150.2,1588,1581
Baskonia,Zalgiris Kaunas,75,114,2.31,1.76,2018-12-12,2018,EuroLeague,Baskonia,11538,198.5,1556,1603
Anadolu Efes,Bayern Munich,85,80,2.3,1.77,2018-12-14,2018,EuroLeague,Anadolu Efes,13056,173.2,1609,1655
Panathinaikos,Valencia,98,73,2.23,1.81,2018-12-16,2018,EuroLeague,Panathinaikos,9188,179.6,1640,1676
Zalgiris Kaunas,Milano,102,91,1.93,2.07,2018-12-18,2018,EuroLeague,Zalgiris Kaunas,9128,202.7,1685,1673
Bayern Munich,Partizan,70,60,1.37,3.74,2018-12-20,2018,EuroLeague,Bayern Munich,10382,136.5,1676,1501
Valencia,ASVEL,99,83,1.95,2.05,2018-12-22,2018,EuroLeague,Valencia,10857,191.1,1622,1614
Milano,Real Madrid,85,88,3.65,1.38,2018-12-24,2018,EuroLeague,Milano,10969,181.7,1518,1687
Partizan,Barcelona,79,64,1.8,2.24,2018-12-26,2018,EuroLeague,Partizan,10578,150.2,1541,1503
ASVEL,Fenerbahçe,99,96,1.96,2.04,2018-12-28,2018,EuroLeague,ASVEL,12232,204.8,1599,1592
Real Madrid,Olympiacos,60,72,1.6,2.68,2018-12-30,2018,EuroLeague,Real Madrid,11655,138.6,1690,1600
Barcelona,CSKA Moscow,77,61,1.67,2.49,2019-01-01,2018,EuroLeague,Barcelona,11235,144.9,1613,1544
Fenerbahçe,Maccabi Tel Aviv,73,63,1.62,2.62,2019-01-03,2018,EuroLeague,Fenerbahçe,14841,142.8,1598,1514
Olympiacos,Baskonia,61,72,3.72,1.37,2019-01-05,2018,EuroLeague,Olympiacos,14692,139.7,1525,1699
CSKA Moscow,Anadolu Efes,81,81,1.64,2.57,2019-01-07,2018,EuroLeague,CSKA Moscow,13468,170.1,1621,1543
Maccabi Tel Aviv,Panathinaikos,93,69,1.37,3.69,2019-01-09,2018,EuroLeague,Maccabi Tel Aviv,14192,170.1,1675,1503
Baskonia,Zalgiris Kaunas,75,86,1.52,2.94,2019-01-11,2018,EuroLeague,Baskonia,13738,169.1,1679,1564
Anadolu Efes,Bayern Munich,61,67,1.99,2.01,2019-01-13,2018,EuroLeague,Anadolu Efes,12018,134.4,1616,1615
Panathinaikos,Valencia,79,78,2.04,1.97,2019-01-15,2018,EuroLeague,Panathinaikos,9905,164.8,1573,1579
Zalgiris Kaunas,Milano,89,86,1.63,2.59,2019-01-17,2018,EuroLeague,Zalgiris Kaunas,13196,183.8,1683,1602
Bayern Munich,Partizan,87,92,1.79,2.27,2019-01-19,2018,EuroLeague,Bayern Munich,9272,188.0,1572,1531
Valencia,ASVEL,81,103,2.39,1.72,2019-01-21,2018,EuroLeague,Valencia,11556,193.2,1601,1658
Milano,Real Madrid,71,79,2.59,1.63,2019-01-23,2018,EuroLeague,Milano,14815,157.5,1519,1600
Partizan,Barcelona,95,65,1.9,2.11,2019-01-25,2018,EuroLeague,Partizan,11591,168.0,1685,1667
ASVEL,Fenerbahçe,79,73,1.43,3.32,2019-01-27,2018,EuroLeague,ASVEL,14345,159.6,1650,1504
Real Madrid,Olympiacos,94,77,2.2,1.83,2019-01-29,2018,EuroLeague,Real Madrid,13640,179.6,1651,1683
Barcelona,CSKA Moscow,83,66,1.61,2.64,2019-01-31,2018,EuroLeague,Barcelona,12134,156.5,1668,1582
Fenerbahçe,Maccabi Tel Aviv,84,99,2.45,1.69,2019-02-02,2018,EuroLeague,Fenerbahçe,11006,192.2,1599,1664
Olympiacos,Baskonia,85,75,2.43,1.7,2019-02-04,2018,EuroLeague,Olympiacos,11206,168.0,1545,1607
CSKA Moscow,Anadolu Efes,86,81,2.1,1.91,2019-02-06,2018,EuroLeague,CSKA Moscow,11842,175.3,1655,1671
Maccabi Tel Aviv,Panathinaikos,60,64,1.41,3.47,2019-02-08,2018,EuroLeague,Maccabi Tel Aviv,11999,130.2,1675,1518
Baskonia,Zalgiris Kaunas,77,92,1.83,2.21,2019-02-10,2018,EuroLeague,Baskonia,14640,177.5,1653,1620
Anadolu Efes,Bayern Munich,86,62,1.43,3.33,2019-02-12,2018,EuroLeague,Anadolu Efes,14948,155.4,1667,1520
Panathinaikos,Valencia,68,75,2.14,1.88,2019-02-14,2018,EuroLeague,Panathinaikos,12818,150.2,1603,1626
Zalgiris Kaunas,Milano,70,83,2.41,1.71,2019-02-16,2018,EuroLeague,Zalgiris Kaunas,14816,160.7,1568,1628
Bayern Munich,Partizan,86,77,1.38,3.65,2019-02-18,2018,EuroLeague,Bayern Munich,14173,171.2,1669,1500
Valencia,ASVEL,88,66,1.73,2.37,2019-02-20,2018,EuroLeague,Valencia,11668,161.7,1613,1558
Milano,Real Madrid,78,66,1.68,2.46,2019-02-22,2018,EuroLeague,Milano,14828,151.2,1677,1611
Partizan,Barcelona,70,91,3.02,1.5,2019-02-24,2018,EuroLeague,Partizan,9997,169.1,1533,1655
ASVEL,Fenerbahçe,84,83,1.75,2.33,2019-02-26,2018,EuroLeague,ASVEL,11570,175.3,1604,1555
Real Madrid,Olympiacos,81,79,1.91,2.1,2019-02-28,2018,EuroLeague,Real Madrid,13222,168.0,1525,1509
Barcelona,CSKA Moscow,69,60,1.38,3.65,2019-03-02,2018,EuroLeague,Barcelona,14584,135.5,1684,1515
Fenerbahçe,Maccabi Tel Aviv,60,82,2.65,1.61,2019-03-04,2018,EuroLeague,Fenerbahçe,11989,149.1,1580,1667
Olympiacos,Baskonia,72,88,1.91,2.1,2019-03-06,2018,EuroLeague,Olympiacos,11387,168.0,1648,1631
CSKA Moscow,Anadolu Efes,66,72,2.73,1.58,2019-03-08,2018,EuroLeague,CSKA Moscow,10504,144.9,1526,1621
Maccabi Tel Aviv,Panathinaikos,60,77,2.61,1.62,2019-03-10,2018,EuroLeague,Maccabi Tel Aviv,14284,143.8,1513,1596
Baskonia,Zalgiris Kaunas,80,80,1.67,2.5,2019-03-12,2018,EuroLeague,Baskonia,10754,168.0,1676,1606
Anadolu Efes,Bayern Munich,82,65,1.61,2.63,2019-03-14,2018,EuroLeague,Anadolu Efes,14640,154.3,1691,1606
Panathinaikos,Valencia,60,69,1.48,3.08,2019-03-16,2018,EuroLeague,Panathinaikos,12286,135.5,1653,1526
Zalgiris Kaunas,Milano,82,90,1.65,2.55,2019-03-18,2018,EuroLeague,Zalgiris Kaunas,12036,180.6,1617,1541
Bayern Munich,Partizan,84,88,2.44,1.7,2019-03-20,2018,EuroLeague,Bayern Munich,13097,180.6,1558,1621
Valencia,ASVEL,60,74,3.18,1.46,2019-03-22,2018,EuroLeague,Valencia,13696,140.7,1544,1679
Milano,Real Madrid,68,67,1.93,2.08,2019-03-24,2018,EuroLeague,Milano,11268,141.8,1605,1592
Partizan,Barcelona,70,75,3.07,1.48,2019-03-26,2018,EuroLeague,Partizan,11703,152.2,1535,1661
ASVEL,Fenerbahçe,74,78,2.2,1.83,2019-03-28,2018,EuroLeague,ASVEL,11870,159.6,1662,1694
Real Madrid,Olympiacos,60,83,1.52,2.94,2019-03-30,2018,EuroLeague,Real Madrid,12671,150.2,1670,1555
Barcelona,CSKA Moscow,111,66,1.84,2.2,2019-04-01,2018,EuroLeague,Barcelona,13837,185.8,1534,1503
Fenerbahçe,Maccabi Tel Aviv,93,69,1.65,2.55,2019-04-03,2018,EuroLeague,Fenerbahçe,13867,170.1,1598,1522
Olympiacos,Baskonia,60,88,2.4,1.71,2019-04-05,2018,EuroLeague,Olympiacos,12297,155.4,1637,1696
CSKA Moscow,Anadolu Efes,60,81,3.83,1.35,2019-04-07,2018,EuroLeague,CSKA Moscow,10563,148.1,1516,1697
Maccabi Tel Aviv,Panathinaikos,71,60,1.59,2.69,2019-04-09,2018,EuroLeague,Maccabi Tel Aviv,10885,137.6,1595,1504
Baskonia,Zalgiris Kaunas,101,91,2.33,1.75,2019-04-11,2018,EuroLeague,Baskonia,9904,201.6,1612,1662
Anadolu Efes,Bayern Munich,83,85,2.71,1.59,2019-04-13,2018,EuroLeague,Anadolu Efes,11466,176.4,1564,1657
Panathinaikos,Valencia,84,80,2.15,1.87,2019-04-15,2018,EuroLeague,Panathinaikos,11613,172.2,1535,1559
Zalgiris Kaunas,Milano,66,96,2.09,1.92,2019-04-17,2018,EuroLeague,Zalgiris Kaunas,12483,170.1,1631,1646
Bayern Munich,Partizan,73,74,3.37,1.42,2019-04-19,2018,EuroLeague,Bayern Munich,13159,154.3,1542,1692
Valencia,ASVEL,77,100,2.27,1.79,2019-04-21,2018,EuroLeague,Valencia,14852,185.8,1628,1669
Milano,Real Madrid,81,86,2.1,1.91,2019-04-23,2018,EuroLeague,Milano,13770,175.3,1615,1632
Partizan,Barcelona,79,101,2.04,1.97,2019-04-25,2018,EuroLeague,Partizan,10289,189.0,1617,1623
ASVEL,Fenerbahçe,86,78,1.64,2.56,2019-04-27,2018,EuroLeague,ASVEL,13206,172.2,1666,1589
Real Madrid,Olympiacos,77,71,2.44,1.7,2019-04-29,2018,EuroLeague,Real Madrid,11686,155.4,1607,1670
Barcelona,CSKA Moscow,71,84,3.36,1.42,2019-05-01,2018,EuroLeague,Barcelona,12073,162.8,1526,1675
Fenerbahçe,Maccabi Tel Aviv,74,81,1.85,2.17,2019-05-03,2018,EuroLeague,Fenerbahçe,11275,162.8,1583,1555
Olympiacos,Baskonia,83,105,3.23,1.45,2019-05-05,2018,EuroLeague,Olympiacos,14682,197.4,1542,1681
CSKA Moscow,Anadolu Efes,88,80,1.96,2.04,2019-05-07,2018,EuroLeague,CSKA Moscow,13031,176.4,1646,1639
Maccabi Tel Aviv,Panathinaikos,92,83,2.46,1.68,2019-05-09,2018,EuroLeague,Maccabi Tel Aviv,13465,183.8,1580,1646
Baskonia,Zalgiris Kaunas,87,66,1.74,2.35,2019-05-11,2018,EuroLeague,Baskonia,12087,160.7,1696,1644
Anadolu Efes,Bayern Munich,68,60,1.95,2.05,2019-05-13,2018,EuroLeague,Anadolu Efes,12281,134.4,1629,1621
Panathinaikos,Valencia,80,80,1.7,2.43,2019-05-15,2018,EuroLeague,Panathinaikos,14147,168.0,1698,1636
Zalgiris Kaunas,Milano,62,64,2.11,1.9,2019-05-17,2018,EuroLeague,Zalgiris Kaunas,13894,132.3,1624,1642
Bayern Munich,Partizan,94,84,1.47,3.15,2019-05-19,2018,EuroLeague,Bayern Munich,14161,186.9,1688,1555
Valencia,ASVEL,80,60,1.52,2.91,2019-05-21,2018,EuroLeague,Valencia,12459,147.0,1624,1512
Milano,Real Madrid,82,86,2.18,1.85,2019-05-23,2018,EuroLeague,Milano,13876,176.4,1618,1647
Partizan,Barcelona,99,80,2.17,1.86,2019-05-25,2018,EuroLeague,Partizan,13522,188.0,1566,1593
ASVEL,Fenerbahçe,91,73,3.2,1.45,2019-05-27,2018,EuroLeague,ASVEL,9193,172.2,1508,1645
Real Madrid,Olympiacos,106,69,1.56,2.79,2019-05-29,2018,EuroLeague,Real Madrid,13192,183.8,1637,1536
Barcelona,CSKA Moscow,84,69,1.53,2.88,2019-05-31,2018,EuroLeague,Barcelona,9908,160.7,1673,1563
Fenerbahçe,Maccabi Tel Aviv,90,72,2.37,1.73,2019-06-02,2018,EuroLeague,Fenerbahçe,11708,170.1,1563,1618
Olympiacos,Baskonia,100,81,2.23,1.81,2019-06-04,2018,EuroLeague,Olympiacos,11705,190.1,1568,1604
CSKA Moscow,Anadolu Efes,97,102,1.72,2.38,2019-06-06,2018,EuroLeague,CSKA Moscow,13319,209.0,1566,1510
Maccabi Tel Aviv,Panathinaikos,89,68,1.51,2.95,2019-06-08,2018,EuroLeague,Maccabi Tel Aviv,12501,164.8,1617,1501
Baskonia,Zalgiris Kaunas,85,86,1.96,2.04,2019-06-10,2018,EuroLeague,Baskonia,12313,179.6,1679,1672
Anadolu Efes,Bayern Munich,81,84,3.19,1.46,2019-06-12,2018,EuroLeague,Anadolu Efes,9815,173.2,1511,1647
Panathinaikos,Valencia,75,86,2.02,1.98,2019-06-14,2018,EuroLeague,Panathinaikos,9616,169.1,1635,1639
Zalgiris Kaunas,Milano,79,67,2.89,1.53,2019-06-16,2018,EuroLeague,Zalgiris Kaunas,10009,153.3,1522,1633
Bayern Munich,Partizan,60,60,3.1,1.48,2019-06-18,2018,EuroLeague,Bayern Munich,9327,126.0,1509,1638
Valencia,ASVEL,79,78,1.95,2.05,2019-06-20,2018,EuroLeague,Valencia,13254,164.8,1695,1687
Milano,Real Madrid,79,79,2.16,1.86,2019-06-22,2018,EuroLeague,Milano,14962,165.9,1547,1573
Partizan,Barcelona,72,77,3.44,1.41,2019-06-24,2018,EuroLeague,Partizan,10072,156.5,1534,1689
ASVEL,Fenerbahçe,87,100,2.79,1.56,2019-06-26,2018,EuroLeague,ASVEL,11794,196.3,1520,1621
Real Madrid,Olympiacos,61,73,1.52,2.93,2019-06-28,2018,EuroLeague,Real Madrid,11792,140.7,1699,1585
Barcelona,CSKA Moscow,88,60,1.93,2.08,2019-06-30,2018,EuroLeague,Barcelona,12199,155.4,1551,1538
Fenerbahçe,Maccabi Tel Aviv,79,72,2.5,1.66,2019-07-02,2018,EuroLeague,Fenerbahçe,12563,158.6,1560,1631
Olympiacos,Baskonia,67,68,2.74,1.58,2019-07-04,2018,EuroLeague,Olympiacos,10291,141.8,1563,1659
CSKA Moscow,Anadolu Efes,85,77,2.15,1.87,2019-07-06,2018,EuroLeague,CSKA Moscow,13776,170.1,1564,1588
Maccabi Tel Aviv,Panathinaikos,79,84,3.05,1.49,2019-07-08,2018,EuroLeague,Maccabi Tel Aviv,13186,171.2,1559,1684
Baskonia,Zalgiris Kaunas,69,61,1.97,2.03,2019-07-10,2018,EuroLeague,Baskonia,12950,136.5,1681,1676
Anadolu Efes,Bayern Munich,94,60,1.39,3.56,2019-07-12,2018,EuroLeague,Anadolu Efes,13010,161.7,1669,1506
Panathinaikos,Valencia,71,95,2.33,1.75,2019-07-14,2018,EuroLeague,Panathinaikos,11525,174.3,1509,1559
Zalgiris Kaunas,Milano,85,93,3.4,1.42,2019-07-16,2018,EuroLeague,Zalgiris Kaunas,13505,186.9,1527,1679
Bayern Munich,Partizan,77,84,2.01,1.99,2019-07-18,2018,EuroLeague,Bayern Munich,13362,169.1,1500,1502
Valencia,ASVEL,82,97,2.09,1.92,2019-07-20,2018,EuroLeague,Valencia,9953,188.0,1570,1585
Milano,Real Madrid,80,87,2.17,1.85,2019-07-22,2018,EuroLeague,Milano,12687,175.3,1627,1655
Partizan,Barcelona,90,97,1.78,2.29,2019-07-24,2018,EuroLeague,Partizan,13927,196.3,1698,1654
ASVEL,Fenerbahçe,93,76,1.82,2.22,2019-07-26,2018,EuroLeague,ASVEL,9444,177.5,1689,1654
Real Madrid,Olympiacos,83,71,1.82,2.22,2019-07-28,2018,EuroLeague,Real Madrid,13780,161.7,1640,1605
Barcelona,CSKA Moscow,75,93,2.19,1.84,2019-07-30,2018,EuroLeague,Barcelona,10124,176.4,1661,1691
Fenerbahçe,Maccabi Tel Aviv,74,68,2.58,1.63,2019-08-01,2018,EuroLeague,Fenerbahçe,11631,149.1,1534,1614
Olympiacos,Baskonia,77,60,1.38,3.63,2019-08-03,2018,EuroLeague,Olympiacos,9076,143.8,1668,1500
CSKA Moscow,Anadolu Efes,92,78,1.95,2.05,2019-08-05,2018,EuroLeague,CSKA Moscow,11215,178.5,1693,1684
Maccabi Tel Aviv,Panathinaikos,100,83,1.97,2.04,2019-08-07,2018,EuroLeague,Maccabi Tel Aviv,10719,192.2,1573,1567
Baskonia,Zalgiris Kaunas,83,66,1.38,3.6,2019-08-09,2018,EuroLeague,Baskonia,14564,156.5,1687,1521
Anadolu Efes,Bayern Munich,75,83,2.17,1.85,2019-08-11,2018,EuroLeague,Anadolu Efes,11654,165.9,1620,1648
Panathinaikos,Valencia,68,81,1.99,2.01,2019-08-13,2018,EuroLeague,Panathinaikos,12373,156.5,1527,1525
Zalgiris Kaunas,Milano,84,75,2.22,1.82,2019-08-15,2018,EuroLeague,Zalgiris Kaunas,12232,167.0,1592,1627
Bayern Munich,Partizan,93,89,2.53,1.65,2019-08-17,2018,EuroLeague,Bayern Munich,14637,191.1,1562,1636
Valencia,ASVEL,70,72,3.33,1.43,2019-08-19,2018,EuroLeague,Valencia,11063,149.1,1551,1698
Milano,Real Madrid,90,103,1.95,1.95,2019-08-21,2018,EuroLeague,Milano,12785,202.7,1628,1628
Partizan,Barcelona,60,79,2.87,1.53,2019-08-23,2018,EuroLeague,Partizan,9357,146.0,1546,1655
ASVEL,Fenerbahçe,81,65,2.52,1.66,2019-08-25,2018,EuroLeague,ASVEL,13783,153.3,1570,1643
Real Madrid,Olympiacos,111,83,2.02,1.98,2019-08-27,2018,EuroLeague,Real Madrid,13661,203.7,1674,1677
Barcelona,CSKA Moscow,66,76,1.43,3.33,2019-08-29,2018,EuroLeague,Barcelona,13610,149.1,1647,1500
Fenerbahçe,Maccabi Tel Aviv,65,84,2.34,1.75,2019-08-31,2018,EuroLeague,Fenerbahçe,10325,156.5,1603,1654
Olympiacos,Baskonia,72,93,2.41,1.71,2019-09-02,2018,EuroLeague,Olympiacos,13813,173.2,1533,1593
CSKA Moscow,Anadolu Efes,75,84,2.15,1.87,2019-09-04,2018,EuroLeague,CSKA Moscow,10593,167.0,1559,1583
Maccabi Tel Aviv,Panathinaikos,75,86,2.41,1.71,2019-09-06,2018,EuroLeague,Maccabi Tel Aviv,9255,169.1,1626,1686
Baskonia,Zalgiris Kaunas,69,83,2.79,1.56,2019-09-08,2018,EuroLeague,Baskonia,12722,159.6,1530,1631
Anadolu Efes,Bayern Munich,101,60,1.48,3.07,2019-09-10,2018,EuroLeague,Anadolu Efes,10783,169.1,1656,1530
Panathinaikos,Valencia,89,74,1.66,2.5,2019-09-12,2018,EuroLeague,Panathinaikos,11495,171.2,1679,1608
Zalgiris Kaunas,Milano,87,66,1.75,2.34,2019-09-14,2018,EuroLeague,Zalgiris Kaunas,14702,160.7,1673,1622
Bayern Munich,Partizan,83,82,1.54,2.84,2019-09-16,2018,EuroLeague,Bayern Munich,12831,173.2,1666,1560
Valencia,ASVEL,83,79,2.22,1.82,2019-09-18,2018,EuroLeague,Valencia,10144,170.1,1503,1537
Milano,Real Madrid,89,77,2.63,1.61,2019-09-20,2018,EuroLeague,Milano,9614,174.3,1530,1615
Partizan,Barcelona,100,67,1.7,2.43,2019-09-22,2018,EuroLeague,Partizan,11287,175.3,1594,1532
ASVEL,Fenerbahçe,74,75,1.58,2.73,2019-09-24,2018,EuroLeague,ASVEL,11974,156.5,1660,1565
Real Madrid,Olympiacos,89,83,1.4,3.53,2019-09-26,2018,EuroLeague,Real Madrid,12324,180.6,1665,1504
Barcelona,CSKA Moscow,66,74,2.7,1.59,2019-09-28,2018,EuroLeague,Barcelona,12242,147.0,1589,1681
Fenerbahçe,Maccabi Tel Aviv,88,64,1.61,2.63,2019-09-30,2018,EuroLeague,Fenerbahçe,14881,159.6,1631,1546
Olympiacos,Baskonia,74,67,1.98,2.02,2019-10-02,2018,EuroLeague,Olympiacos,10570,148.1,1570,1566
CSKA Moscow,Anadolu Efes,87,79,2.76,1.57,2019-10-04,2018,EuroLeague,CSKA Moscow,10980,174.3,1573,1671
Maccabi Tel Aviv,Panathinaikos,67,69,3.33,1.43,2019-10-06,2018,EuroLeague,Maccabi Tel Aviv,12197,142.8,1530,1677
Baskonia,Zalgiris Kaunas,72,77,2.02,1.98,2019-10-08,2018,EuroLeague,Baskonia,13854,156.5,1527,1530
Anadolu Efes,Bayern Munich,72,83,1.88,2.14,2019-10-10,2018,EuroLeague,Anadolu Efes,11477,162.8,1652,1629
Panathinaikos,Valencia,73,75,2.4,1.71,2019-10-12,2018,EuroLeague,Panathinaikos,11575,155.4,1636,1695
Zalgiris Kaunas,Milano,60,80,1.72,2.4,2019-10-14,2018,EuroLeague,Zalgiris Kaunas,13110,147.0,1612,1554
Bayern Munich,Partizan,88,99,2.11,1.9,2019-10-16,2018,EuroLeague,Bayern Munich,12912,196.3,1572,1590
Valencia,ASVEL,102,76,1.52,2.91,2019-10-18,2018,EuroLeague,Valencia,11712,186.9,1614,1502
Milano,Real Madrid,84,115,1.89,2.12,2019-10-20,2018,EuroLeague,Milano,13203,209.0,1660,1640
Partizan,Barcelona,99,65,1.41,3.41,2019-10-22,2018,EuroLeague,Partizan,13404,172.2,1656,1503
ASVEL,Fenerbahçe,98,83,2.18,1.85,2019-10-24,2018,EuroLeague,ASVEL,10530,190.1,1627,1656
Real Madrid,Olympiacos,83,76,2.3,1.77,2019-10-26,2018,EuroLeague,Real Madrid,13265,167.0,1586,1631
Barcelona,CSKA Moscow,82,60,1.83,2.2,2019-10-28,2018,EuroLeague,Barcelona,10021,149.1,1669,1637
Fenerbahçe,Maccabi Tel Aviv,89,83,1.4,3.5,2019-10-30,2018,EuroLeague,Fenerbahçe,9569,180.6,1680,1521
Olympiacos,Baskonia,92,93,1.72,2.38,2019-11-01,2018,EuroLeague,Olympiacos,13059,194.2,1615,1559
CSKA Moscow,Anadolu Efes,60,95,2.69,1.59,2019-11-03,2018,EuroLeague,CSKA Moscow,13388,162.8,1585,1676
Maccabi Tel Aviv,Panathinaikos,88,68,1.65,2.53,2019-11-05,2018,EuroLeague,Maccabi Tel Aviv,10247,163.8,1602,1528
Baskonia,Zalgiris Kaunas,93,77,1.93,2.08,2019-11-07,2018,EuroLeague,Baskonia,9561,178.5,1646,1633
Anadolu Efes,Bayern Munich,82,83,1.67,2.5,2019-11-09,2018,EuroLeague,Anadolu Efes,11477,173.2,1607,1537
Panathinaikos,Valencia,77,60,1.84,2.2,2019-11-11,2018,EuroLeague,Panathinaikos,10576,143.8,1591,1560
Zalgiris Kaunas,Milano,111,68,1.43,3.34,2019-11-13,2018,EuroLeague,Zalgiris Kaunas,12875,188.0,1648,1500
Bayern Munich,Partizan,96,89,2.34,1.75,2019-11-15,2018,EuroLeague,Bayern Munich,13864,194.2,1634,1685
Valencia,ASVEL,60,65,2.01,1.99,2019-11-17,2018,EuroLeague,Valencia,9038,131.2,1622,1623
Milano,Real Madrid,93,63,1.99,2.01,2019-11-19,2018,EuroLeague,Milano,10465,163.8,1619,1617
Partizan,Barcelona,83,65,1.83,2.21,2019-11-21,2018,EuroLeague,Partizan,13074,155.4,1634,1601
ASVEL,Fenerbahçe,91,79,1.48,3.08,2019-11-23,2018,EuroLeague,ASVEL,14907,178.5,1627,1500
Real Madrid,Olympiacos,73,87,2.48,1.68,2019-11-25,2018,EuroLeague,Real Madrid,10433,168.0,1572,1640
Barcelona,CSKA Moscow,68,75,1.46,3.16,2019-11-27,2018,EuroLeague,Barcelona,10967,150.2,1650,1516
Fenerbahçe,Maccabi Tel Aviv,93,71,1.48,3.08,2019-11-29,2018,EuroLeague,Fenerbahçe,10664,172.2,1695,1568
Olympiacos,Baskonia,62,82,1.91,2.1,2019-12-01,2018,EuroLeague,Olympiacos,9358,151.2,1675,1658
CSKA Moscow,Anadolu Efes,82,71,1.65,2.54,2019-12-03,2018,EuroLeague,CSKA Moscow,12771,160.7,1699,1624
Maccabi Tel Aviv,Panathinaikos,96,70,1.86,2.17,2019-12-05,2018,EuroLeague,Maccabi Tel Aviv,13655,174.3,1690,1663
Baskonia,Zalgiris Kaunas,108,66,1.46,3.19,2019-12-07,2018,EuroLeague,Baskonia,11553,182.7,1666,1530
Anadolu Efes,Bayern Munich,97,84,1.6,2.68,2019-12-09,2018,EuroLeague,Anadolu Efes,11262,190.1,1632,1542
Panathinaikos,Valencia,95,75,1.54,2.84,2019-12-11,2018,EuroLeague,Panathinaikos,14437,178.5,1650,1544
Zalgiris Kaunas,Milano,63,60,1.62,2.61,2019-12-13,2018,EuroLeague,Zalgiris Kaunas,12340,129.2,1584,1501
Bayern Munich,Partizan,74,87,2.2,1.84,2019-12-15,2018,EuroLeague,Bayern Munich,11671,169.1,1660,1691
Valencia,ASVEL,76,96,2.58,1.63,2019-12-17,2018,EuroLeague,Valencia,14227,180.6,1583,1662
Milano,Real Madrid,82,93,1.97,2.03,2019-12-19,2018,EuroLeague,Milano,12361,183.8,1539,1534
Partizan,Barcelona,69,81,2.72,1.58,2019-12-21,2018,EuroLeague,Partizan,14809,157.5,1514,1608
ASVEL,Fenerbahçe,90,60,1.94,2.07,2019-12-23,2018,EuroLeague,ASVEL,14239,157.5,1585,1574
Real Madrid,Olympiacos,63,84,2.06,1.94,2019-12-25,2018,EuroLeague,Real Madrid,10610,154.3,1676,1686
Barcelona,CSKA Moscow,73,85,2.41,1.71,2019-12-27,2018,EuroLeague,Barcelona,11276,165.9,1510,1570
Fenerbahçe,Maccabi Tel Aviv,96,96,1.73,2.37,2019-12-29,2018,EuroLeague,Fenerbahçe,14248,201.6,1638,1583
Olympiacos,Baskonia,63,101,1.54,2.84,2019-12-31,2018,EuroLeague,Olympiacos,14072,172.2,1692,1586
CSKA Moscow,Anadolu Efes,78,97,1.95,2.05,2020-01-02,2018,EuroLeague,CSKA Moscow,10366,183.8,1538,1529
Maccabi Tel Aviv,Panathinaikos,80,60,1.42,3.37,2020-01-04,2018,EuroLeague,Maccabi Tel Aviv,9325,147.0,1684,1534
Baskonia,Zalgiris Kaunas,81,64,1.44,3.28,2020-01-06,2018,EuroLeague,Baskonia,13237,152.2,1689,1546
Anadolu Efes,Bayern Munich,88,87,2.33,1.75,2020-01-08,2018,EuroLeague,Anadolu Efes,14061,183.8,1518,1568
Panathinaikos,Valencia,103,64,1.91,2.1,2020-01-10,2018,EuroLeague,Panathinaikos,14272,175.3,1574,1557
Zalgiris Kaunas,Milano,99,76,1.95,2.05,2020-01-12,2018,EuroLeague,Zalgiris Kaunas,10593,183.8,1541,1533
Bayern Munich,Partizan,74,70,2.5,1.67,2020-01-14,2018,EuroLeague,Bayern Munich,13300,151.2,1575,1645
Valencia,ASVEL,87,81,1.4,3.53,2020-01-16,2018,EuroLeague,Valencia,10912,176.4,1667,1506
Milano,Real Madrid,68,82,2.08,1.93,2020-01-18,2018,EuroLeague,Milano,10221,157.5,1677,1690
Partizan,Barcelona,88,85,1.65,2.53,2020-01-20,2018,EuroLeague,Partizan,12476,181.7,1687,1613
ASVEL,Fenerbahçe,93,75,1.87,2.15,2020-01-22,2018,EuroLeague,ASVEL,12397,176.4,1657,1633
Real Madrid,Olympiacos,60,74,1.79,2.27,2020-01-24,2018,EuroLeague,Real Madrid,9524,140.7,1687,1645
Barcelona,CSKA Moscow,79,62,1.91,2.1,2020-01-26,2018,EuroLeague,Barcelona,10717,148.1,1639,1623
Fenerbahçe,Maccabi Tel Aviv,77,77,2.58,1.63,2020-01-28,2018,EuroLeague,Fenerbahçe,11732,161.7,1586,1666
Olympiacos,Baskonia,65,63,2.54,1.65,2020-01-30,2018,EuroLeague,Olympiacos,13137,134.4,1560,1635
CSKA Moscow,Anadolu Efes,88,72,1.72,2.39,2020-02-01,2018,EuroLeague,CSKA Moscow,9737,168.0,1563,1506
Maccabi Tel Aviv,Panathinaikos,99,68,1.64,2.57,2020-02-03,2018,EuroLeague,Maccabi Tel Aviv,11999,175.3,1643,1565
Baskonia,Zalgiris Kaunas,79,66,2.06,1.94,2020-02-05,2018,EuroLeague,Baskonia,13851,152.2,1668,1678
Anadolu Efes,Bayern Munich,92,60,1.87,2.15,2020-02-07,2018,EuroLeague,Anadolu Efes,13317,159.6,1662,1637
Panathinaikos,Valencia,100,82,2.85,1.54,2020-02-09,2018,EuroLeague,Panathinaikos,11503,191.1,1587,1694
Zalgiris Kaunas,Milano,60,98,2.83,1.55,2020-02-11,2018,EuroLeague,Zalgiris Kaunas,10778,165.9,1566,1671
Bayern Munich,Partizan,81,76,2.17,1.85,2020-02-13,2018,EuroLeague,Bayern Munich,10558,164.8,1519,1547
Valencia,ASVEL,63,96,3.41,1.41,2020-02-15,2018,EuroLeague,Valencia,13347,167.0,1540,1693
Milano,Real Madrid,64,67,2.01,1.99,2020-02-17,2018,EuroLeague,Milano,12152,137.6,1602,1603
Partizan,Barcelona,73,68,2.07,1.94,2020-02-19,2018,EuroLeague,Partizan,11985,148.1,1647,1658
ASVEL,Fenerbahçe,73,90,1.86,2.17,2020-02-21,2018,EuroLeague,ASVEL,14719,171.2,1569,1542
Real Madrid,Olympiacos,79,94,2.1,1.91,2020-02-23,2018,EuroLeague,Real Madrid,10104,181.7,1524,1541
Barcelona,CSKA Moscow,78,90,1.84,2.2,2020-02-25,2018,EuroLeague,Barcelona,13243,176.4,1535,1504
Fenerbahçe,Maccabi Tel Aviv,75,83,1.97,2.04,2020-02-27,2018,EuroLeague,Fenerbahçe,13020,165.9,1552,1546
Olympiacos,Baskonia,75,82,2.03,1.97,2020-02-29,2018,EuroLeague,Olympiacos,10739,164.8,1639,1644
CSKA Moscow,Anadolu Efes,100,85,1.64,2.56,2020-03-02,2018,EuroLeague,CSKA Moscow,11103,194.2,1634,1557
Maccabi Tel Aviv,Panathinaikos,63,86,1.61,2.63,2020-03-04,2018,EuroLeague,Maccabi Tel Aviv,10845,156.5,1664,1579
Baskonia,Zalgiris Kaunas,68,72,1.9,2.11,2020-03-06,2018,EuroLeague,Baskonia,13469,147.0,1655,1637
Anadolu Efes,Bayern Munich,82,76,2.45,1.69,2020-03-08,2018,EuroLeague,Anadolu Efes,9153,165.9,1503,1567
Panathinaikos,Valencia,81,67,1.91,2.1,2020-03-10,2018,EuroLeague,Panathinaikos,12112,155.4,1666,1650
Zalgiris Kaunas,Milano,93,80,2.06,1.94,2020-03-12,2018,EuroLeague,Zalgiris Kaunas,14539,181.7,1635,1645
Bayern Munich,Partizan,60,88,3.36,1.42,2020-03-14,2018,EuroLeague,Bayern Munich,13479,155.4,1525,1674
Valencia,ASVEL,75,90,1.74,2.36,2020-03-16,2018,EuroLeague,Valencia,14382,173.2,1575,1522
Milano,Real Madrid,67,79,1.47,3.11,2020-03-18,2018,EuroLeague,Milano,14738,153.3,1678,1548
Partizan,Barcelona,94,90,1.66,2.5,2020-03-20,2018,EuroLeague,Partizan,9981,193.2,1579,1508
ASVEL,Fenerbahçe,70,74,1.33,4.02,2020-03-22,2018,EuroLeague,ASVEL,10072,151.2,1697,1505
Real Madrid,Olympiacos,62,73,2.4,1.71,2020-03-24,2018,EuroLeague,Real Madrid,10734,141.8,1568,1627
Barcelona,CSKA Moscow,97,75,1.71,2.4,2020-03-26,2018,EuroLeague,Barcelona,10344,180.6,1582,1523
Fenerbahçe,Maccabi Tel Aviv,80,60,1.63,2.59,2020-03-28,2018,EuroLeague,Fenerbahçe,12773,147.0,1699,1618
Olympiacos,Baskonia,69,68,1.91,2.1,2020-03-30,2018,EuroLeague,Olympiacos,14089,143.8,1579,1563
CSKA Moscow,Anadolu Efes,95,60,1.52,2.93,2020-04-01,2018,EuroLeague,CSKA Moscow,12159,162.8,1696,1582
Maccabi Tel Aviv,Panathinaikos,68,84,2.13,1.89,2020-04-03,2018,EuroLeague,Maccabi Tel Aviv,9998,159.6,1608,1629
Baskonia,Zalgiris Kaunas,72,110,2.36,1.73,2020-04-05,2018,EuroLeague,Baskonia,13072,191.1,1574,1628
Anadolu Efes,Bayern Munich,60,93,2.23,1.81,2020-04-07,2018,EuroLeague,Anadolu Efes,11920,160.7,1520,1556
Panathinaikos,Valencia,78,79,1.58,2.73,2020-04-09,2018,EuroLeague,Panathinaikos,10661,164.8,1609,1514
Zalgiris Kaunas,Milano,71,82,2.85,1.54,2020-04-11,2018,EuroLeague,Zalgiris Kaunas,14290,160.7,1590,1697
Bayern Munich,Partizan,60,77,2.86,1.54,2020-04-13,2018,EuroLeague,Bayern Munich,14295,143.8,1560,1668
Valencia,ASVEL,78,68,1.97,2.03,2020-04-15,2018,EuroLeague,Valencia,9406,153.3,1549,1544
Milano,Real Madrid,60,75,3.29,1.44,2020-04-17,2018,EuroLeague,Milano,10103,141.8,1524,1668
Partizan,Barcelona,100,67,1.72,2.38,2020-04-19,2018,EuroLeague,Partizan,13626,175.3,1657,1601
ASVEL,Fenerbahçe,104,60,1.83,2.2,2020-04-21,2018,EuroLeague,ASVEL,9185,172.2,1675,1643
Real Madrid,Olympiacos,86,86,3.1,1.48,2020-04-23,2018,EuroLeague,Real Madrid,11121,180.6,1510,1639
Barcelona,CSKA Moscow,90,84,1.86,2.17,2020-04-25,2018,EuroLeague,Barcelona,13163,182.7,1578,1551
Fenerbahçe,Maccabi Tel Aviv,60,66,2.41,1.71,2020-04-27,2018,EuroLeague,Fenerbahçe,10583,132.3,1550,1610
Olympiacos,Baskonia,70,73,1.75,2.34,2020-04-29,2018,EuroLeague,Olympiacos,10559,150.2,1659,1608
CSKA Moscow,Anadolu Efes,60,63,4.02,1.33,2020-05-01,2018,EuroLeague,CSKA Moscow,10335,129.2,1502,1694
Maccabi Tel Aviv,Panathinaikos,77,83,2.42,1.7,2020-05-03,2018,EuroLeague,Maccabi Tel Aviv,9094,168.0,1592,1653
Baskonia,Zalgiris Kaunas,100,69,1.39,3.54,2020-05-05,2018,EuroLeague,Baskonia,14021,177.5,1683,1521
Anadolu Efes,Bayern Munich,90,67,1.74,2.35,2020-05-07,2018,EuroLeague,Anadolu Efes,9045,164.8,1671,1619
Panathinaikos,Valencia,60,83,2.07,1.93,2020-05-09,2018,EuroLeague,Panathinaikos,12744,150.2,1624,1636
Zalgiris Kaunas,Milano,77,115,2.14,1.88,2020-05-11,2018,EuroLeague,Zalgiris Kaunas,11417,201.6,1605,1627
Bayern Munich,Partizan,83,86,2.1,1.91,2020-05-13,2018,EuroLeague,Bayern Munich,10726,177.5,1641,1657
Valencia,ASVEL,80,108,2.58,1.63,2020-05-15,2018,EuroLeague,Valencia,11021,197.4,1581,1660
Milano,Real Madrid,100,67,1.87,2.15,2020-05-17,2018,EuroLeague,Milano,10801,175.3,1640,1616
Partizan,Barcelona,105,84,1.58,2.74,2020-05-19,2018,EuroLeague,Partizan,9009,198.5,1688,1592
ASVEL,Fenerbahçe,94,80,1.6,2.66,2020-05-21,2018,EuroLeague,ASVEL,9793,182.7,1676,1588
Real Madrid,Olympiacos,93,76,2.08,1.92,2020-05-23,2018,EuroLeague,Real Madrid,10965,177.5,1608,1622
Barcelona,CSKA Moscow,60,80,2.7,1.59,2020-05-25,2018,EuroLeague,Barcelona,9901,147.0,1548,1640
Fenerbahçe,Maccabi Tel Aviv,101,60,1.65,2.53,2020-05-27,2018,EuroLeague,Fenerbahçe,11196,169.1,1686,1612
Olympiacos,Baskonia,81,60,1.93,2.07,2020-05-29,2018,EuroLeague,Olympiacos,12951,148.1,1517,1505
CSKA Moscow,Anadolu Efes,80,79,1.7,2.42,2020-05-31,2018,EuroLeague,CSKA Moscow,14649,167.0,1675,1614
Maccabi Tel Aviv,Panathinaikos,86,111,2.54,1.65,2020-06-02,2018,EuroLeague,Maccabi Tel Aviv,14290,206.9,1551,1626
Baskonia,Zalgiris Kaunas,84,77,1.89,2.13,2020-06-04,2018,EuroLeague,Baskonia,12375,169.1,1583,1562
Anadolu Efes,Bayern Munich,78,72,2.05,1.95,2020-06-06,2018,EuroLeague,Anadolu Efes,10108,157.5,1506,1515
Panathinaikos,Valencia,73,76,1.81,2.24,2020-06-08,2018,EuroLeague,Panathinaikos,10387,156.5,1582,1545
Zalgiris Kaunas,Milano,66,63,1.97,2.03,2020-06-10,2018,EuroLeague,Zalgiris Kaunas,9559,135.5,1549,1544
Bayern Munich,Partizan,70,110,3.2,1.45,2020-06-12,2018,EuroLeague,Bayern Munich,12895,189.0,1556,1693
Valencia,ASVEL,76,80,2.17,1.85,2020-06-14,2018,EuroLeague,Valencia,10851,163.8,1581,1609
Milano,Real Madrid,62,81,2.6,1.62,2020-06-16,2018,EuroLeague,Milano,9543,150.2,1552,1634
Partizan,Barcelona,78,69,2.02,1.98,2020-06-18,2018,EuroLeague,Partizan,13029,154.3,1587,1591
ASVEL,Fenerbahçe,80,83,1.68,2.47,2020-06-20,2018,EuroLeague,ASVEL,11812,171.2,1643,1576
Real Madrid,Olympiacos,89,60,1.46,3.19,2020-06-22,2018,EuroLeague,Real Madrid,14372,156.5,1670,1534
Barcelona,CSKA Moscow,80,62,1.65,2.53,2020-06-24,2018,EuroLeague,Barcelona,13781,149.1,1664,1590
Fenerbahçe,Maccabi Tel Aviv,82,72,3.39,1.42,2020-06-26,2018,EuroLeague,Fenerbahçe,10605,161.7,1538,1689
Olympiacos,Baskonia,91,86,1.41,3.41,2020-06-28,2018,EuroLeague,Olympiacos,12719,185.8,1666,1513
CSKA Moscow,Anadolu Efes,73,92,2.23,1.81,2020-06-30,2018,EuroLeague,CSKA Moscow,9879,173.2,1617,1653
Maccabi Tel Aviv,Panathinaikos,79,84,3.33,1.43,2020-07-02,2018,EuroLeague,Maccabi Tel Aviv,10038,171.2,1548,1695
Baskonia,Zalgiris Kaunas,76,69,2.22,1.82,2020-07-04,2018,EuroLeague,Baskonia,9231,152.2,1504,1538
Anadolu Efes,Bayern Munich,67,74,1.88,2.14,2020-07-06,2018,EuroLeague,Anadolu Efes,14106,148.1,1533,1510
Panathinaikos,Valencia,62,97,2.68,1.6,2020-07-08,2018,EuroLeague,Panathinaikos,13421,167.0,1564,1654
Zalgiris Kaunas,Milano,87,87,1.68,2.47,2020-07-10,2018,EuroLeague,Zalgiris Kaunas,10381,182.7,1697,1630
Bayern Munich,Partizan,92,84,1.94,2.06,2020-07-12,2018,EuroLeague,Bayern Munich,13146,184.8,1628,1618
Valencia,ASVEL,65,93,1.87,2.15,2020-07-14,2018,EuroLeague,Valencia,11905,165.9,1687,1663
Milano,Real Madrid,94,63,2.1,1.91,2020-07-16,2018,EuroLeague,Milano,12152,164.8,1642,1659
Partizan,Barcelona,77,77,1.58,2.74,2020-07-18,2018,EuroLeague,Partizan,14140,161.7,1657,1561
ASVEL,Fenerbahçe,72,68,2.7,1.59,2020-07-20,2018,EuroLeague,ASVEL,14639,147.0,1527,1619
Real Madrid,Olympiacos,65,121,3.03,1.49,2020-07-22,2018,EuroLeague,Real Madrid,11863,195.3,1552,1675
Barcelona,CSKA Moscow,71,113,3.04,1.49,2020-07-24,2018,EuroLeague,Barcelona,11256,193.2,1541,1665
Fenerbahçe,Maccabi Tel Aviv,79,60,3.3,1.43,2020-07-26,2018,EuroLeague,Fenerbahçe,12951,146.0,1536,1681
Olympiacos,Baskonia,94,60,1.52,2.91,2020-07-28,2018,EuroLeague,Olympiacos,14932,161.7,1636,1524
CSKA Moscow,Anadolu Efes,84,67,2.58,1.63,2020-07-30,2018,EuroLeague,CSKA Moscow,12606,158.6,1581,1661
Maccabi Tel Aviv,Panathinaikos,67,60,2.01,1.99,2020-08-01,2018,EuroLeague,Maccabi Tel Aviv,13708,133.3,1634,1636
Baskonia,Zalgiris Kaunas,79,89,1.43,3.33,2020-08-03,2018,EuroLeague,Baskonia,11368,176.4,1652,1505
Anadolu Efes,Bayern Munich,73,68,2.71,1.59,2020-08-05,2018,EuroLeague,Anadolu Efes,12521,148.1,1559,1652
Panathinaikos,Valencia,105,72,1.65,2.55,2020-08-07,2018,EuroLeague,Panathinaikos,12754,185.8,1634,1558
Zalgiris Kaunas,Milano,84,70,2.12,1.89,2020-08-09,2018,EuroLeague,Zalgiris Kaunas,14729,161.7,1550,1570
Bayern Munich,Partizan,89,72,1.95,2.05,2020-08-11,2018,EuroLeague,Bayern Munich,14766,169.1,1545,1536
Valencia,ASVEL,92,74,2.36,1.73,2020-08-13,2018,EuroLeague,Valencia,12860,174.3,1539,1593
Milano,Real Madrid,76,80,2.12,1.9,2020-08-15,2018,EuroLeague,Milano,10446,163.8,1553,1572
Partizan,Barcelona,82,76,1.34,3.9,2020-08-17,2018,EuroLeague,Partizan,13226,165.9,1693,1508
ASVEL,Fenerbahçe,97,86,1.59,2.7,2020-08-19,2018,EuroLeague,ASVEL,11907,192.2,1640,1548
Real Madrid,Olympiacos,71,84,2.11,1.9,2020-08-21,2018,EuroLeague,Real Madrid,9252,162.8,1641,1659
Barcelona,CSKA Moscow,90,79,2.05,1.95,2020-08-23,2018,EuroLeague,Barcelona,12804,177.5,1607,1616
Fenerbahçe,Maccabi Tel Aviv,74,62,1.63,2.58,2020-08-25,2018,EuroLeague,Fenerbahçe,11877,142.8,1677,1597
Olympiacos,Baskonia,74,63,1.72,2.38,2020-08-27,2018,EuroLeague,Olympiacos,14266,143.8,1582,1526
CSKA Moscow,Anadolu Efes,106,83,1.64,2.57,2020-08-29,2018,EuroLeague,CSKA Moscow,14703,198.5,1657,1579
Maccabi Tel Aviv,Panathinaikos,67,81,2.43,1.7,2020-08-31,2018,EuroLeague,Maccabi Tel Aviv,13944,155.4,1566,1628
Baskonia,Zalgiris Kaunas,92,70,1.49,3.03,2020-09-02,2018,EuroLeague,Baskonia,13001,170.1,1668,1545
Anadolu Efes,Bayern Munich,94,85,2.3,1.77,2020-09-04,2018,EuroLeague,Anadolu Efes,9741,188.0,1633,1679
Panathinaikos,Valencia,68,87,3.8,1.36,2020-09-06,2018,EuroLeague,Panathinaikos,11669,162.8,1516,1695
Zalgiris Kaunas,Milano,76,74,2.23,1.81,2020-09-08,2018,EuroLeague,Zalgiris Kaunas,10107,157.5,1647,1683
Bayern Munich,Partizan,69,85,2.05,1.95,2020-09-10,2018,EuroLeague,Bayern Munich,9695,161.7,1544,1552
Valencia,ASVEL,64,60,1.45,3.23,2020-09-12,2018,EuroLeague,Valencia,14762,130.2,1661,1522
Milano,Real Madrid,76,69,1.4,3.48,2020-09-14,2018,EuroLeague,Milano,12427,152.2,1664,1506
Partizan,Barcelona,73,66,1.42,3.4,2020-09-16,2018,EuroLeague,Partizan,10417,146.0,1656,1504
ASVEL,Fenerbahçe,78,71,1.73,2.36,2020-09-18,2018,EuroLeague,ASVEL,12338,156.5,1682,1628
Real Madrid,Olympiacos,60,64,1.57,2.75,2020-09-20,2018,EuroLeague,Real Madrid,12462,130.2,1648,1551
Barcelona,CSKA Moscow,76,101,2.39,1.72,2020-09-22,2018,EuroLeague,Barcelona,11789,185.8,1642,1699
Fenerbahçe,Maccabi Tel Aviv,76,69,2.59,1.63,2020-09-24,2018,EuroLeague,Fenerbahçe,11156,152.2,1579,1660
Olympiacos,Baskonia,72,97,3.04,1.49,2020-09-26,2018,EuroLeague,Olympiacos,14837,177.5,1528,1652
CSKA Moscow,Anadolu Efes,65,88,2.17,1.85,2020-09-28,2018,EuroLeague,CSKA Moscow,14025,160.7,1559,1587
Maccabi Tel Aviv,Panathinaikos,89,94,2.4,1.72,2020-09-30,2018,EuroLeague,Maccabi Tel Aviv,9056,192.2,1604,1662
Baskonia,Zalgiris Kaunas,77,79,1.71,2.41,2020-10-02,2018,EuroLeague,Baskonia,9740,163.8,1658,1598
Anadolu Efes,Bayern Munich,80,60,1.55,2.83,2020-10-04,2018,EuroLeague,Anadolu Efes,14939,147.0,1628,1523
Panathinaikos,Valencia,87,66,2.24,1.8,2020-10-06,2018,EuroLeague,Panathinaikos,11978,160.7,1524,1562
Zalgiris Kaunas,Milano,72,68,1.8,2.25,2020-10-08,2018,EuroLeague,Zalgiris Kaunas,14443,147.0,1691,1652
Bayern Munich,Partizan,66,80,2.98,1.5,2020-10-10,2018,EuroLeague,Bayern Munich,10382,153.3,1509,1628
Valencia,ASVEL,83,65,1.86,2.17,2020-10-12,2018,EuroLeague,Valencia,11180,155.4,1582,1555
Milano,Real Madrid,72,81,2.22,1.82,2020-10-14,2018,EuroLeague,Milano,11665,160.7,1664,1699
Partizan,Barcelona,69,60,1.43,3.3,2020-10-16,2018,EuroLeague,Partizan,11061,135.5,1655,1510
ASVEL,Fenerbahçe,67,75,2.45,1.69,2020-10-18,2018,EuroLeague,ASVEL,10947,149.1,1620,1684
Real Madrid,Olympiacos,100,60,1.42,3.37,2020-10-20,2018,EuroLeague,Real Madrid,13676,168.0,1698,1548
Barcelona,CSKA Moscow,71,79,1.86,2.16,2020-10-22,2018,EuroLeague,Barcelona,10201,157.5,1527,1501
Fenerbahçe,Maccabi Tel Aviv,93,84,2.14,1.88,2020-10-24,2018,EuroLeague,Fenerbahçe,12631,185.8,1672,1694
Olympiacos,Baskonia,60,77,2.82,1.55,2020-10-26,2018,EuroLeague,Olympiacos,12120,143.8,1512,1616
CSKA Moscow,Anadolu Efes,86,86,2.96,1.51,2020-10-28,2018,EuroLeague,CSKA Moscow,10115,180.6,1520,1637
Maccabi Tel Aviv,Panathinaikos,83,78,2.64,1.61,2020-10-30,2018,EuroLeague,Maccabi Tel Aviv,10098,169.1,1599,1685
Baskonia,Zalgiris Kaunas,73,91,1.58,2.72,2020-11-01,2018,EuroLeague,Baskonia,12107,172.2,1694,1600
Anadolu Efes,Bayern Munich,100,60,1.75,2.33,2020-11-03,2018,EuroLeague,Anadolu Efes,9092,168.0,1580,1531
Panathinaikos,Valencia,70,65,1.99,2.01,2020-11-05,2018,EuroLeague,Panathinaikos,9423,141.8,1662,1661
Zalgiris Kaunas,Milano,61,74,1.62,2.62,2020-11-07,2018,EuroLeague,Zalgiris Kaunas,12378,141.8,1588,1504
Bayern Munich,Partizan,113,103,1.46,3.18,2020-11-09,2018,EuroLeague,Bayern Munich,10297,226.8,1672,1537
Valencia,ASVEL,60,87,2.18,1.85,2020-11-11,2018,EuroLeague,Valencia,14966,154.3,1508,1537
Milano,Real Madrid,91,73,1.63,2.59,2020-11-13,2018,EuroLeague,Milano,9510,172.2,1663,1582
Partizan,Barcelona,86,77,2.21,1.83,2020-11-15,2018,EuroLeague,Partizan,13746,171.2,1515,1548
ASVEL,Fenerbahçe,74,84,2.16,1.86,2020-11-17,2018,EuroLeague,ASVEL,9264,165.9,1586,1612
Real Madrid,Olympiacos,90,64,1.57,2.77,2020-11-19,2018,EuroLeague,Real Madrid,10397,161.7,1685,1586
Barcelona,CSKA Moscow,78,96,1.39,3.59,2020-11-21,2018,EuroLeague,Barcelona,12648,182.7,1699,1534
Fenerbahçe,Maccabi Tel Aviv,75,65,2.33,1.75,2020-11-23,2018,EuroLeague,Fenerbahçe,10946,147.0,1559,1609
Olympiacos,Baskonia,101,78,1.85,2.18,2020-11-25,2018,EuroLeague,Olympiacos,10771,188.0,1538,1509
CSKA Moscow,Anadolu Efes,60,98,3.03,1.49,2020-11-27,2018,EuroLeague,CSKA Moscow,11441,165.9,1513,1636
Maccabi Tel Aviv,Panathinaikos,60,77,2.79,1.56,2020-11-29,2018,EuroLeague,Maccabi Tel Aviv,11527,143.8,1532,1633
Baskonia,Zalgiris Kaunas,99,99,2.36,1.74,2020-12-01,2018,EuroLeague,Baskonia,10836,207.9,1632,1685
Anadolu Efes,Bayern Munich,85,83,3.26,1.44,2020-12-03,2018,EuroLeague,Anadolu Efes,10873,176.4,1542,1684
Panathinaikos,Valencia,70,89,1.95,1.95,2020-12-05,2018,EuroLeague,Panathinaikos,9822,167.0,1699,1699
Zalgiris Kaunas,Milano,71,88,2.71,1.59,2020-12-07,2018,EuroLeague,Zalgiris Kaunas,13885,167.0,1597,1690
Bayern Munich,Partizan,70,77,2.82,1.55,2020-12-09,2018,EuroLeague,Bayern Munich,13143,154.3,1551,1655
Valencia,ASVEL,93,83,1.99,2.01,2020-12-11,2018,EuroLeague,Valencia,14116,184.8,1621,1620
Milano,Real Madrid,93,65,1.44,3.26,2020-12-13,2018,EuroLeague,Milano,12713,165.9,1677,1535
Partizan,Barcelona,81,71,1.61,2.65,2020-12-15,2018,EuroLeague,Partizan,10048,159.6,1628,1541
ASVEL,Fenerbahçe,91,83,1.98,2.02,2020-12-17,2018,EuroLeague,ASVEL,9201,182.7,1659,1655
Real Madrid,Olympiacos,66,89,2.35,1.74,2020-12-19,2018,EuroLeague,Real Madrid,14818,162.8,1533,1585
Barcelona,CSKA Moscow,77,65,3.08,1.48,2020-12-21,2018,EuroLeague,Barcelona,12006,149.1,1515,1642
Fenerbahçe,Maccabi Tel Aviv,67,87,2.1,1.91,2020-12-23,2018,EuroLeague,Fenerbahçe,11074,161.7,1649,1665
Olympiacos,Baskonia,64,70,2.58,1.63,2020-12-25,2018,EuroLeague,Olympiacos,14803,140.7,1600,1679
CSKA Moscow,Anadolu Efes,81,86,2.93,1.52,2020-12-27,2018,EuroLeague,CSKA Moscow,12459,175.3,1508,1622
Maccabi Tel Aviv,Panathinaikos,94,86,2.64,1.61,2020-12-29,2018,EuroLeague,Maccabi Tel Aviv,11624,189.0,1519,1605
Baskonia,Zalgiris Kaunas,63,71,2.96,1.51,2020-12-31,2018,EuroLeague,Baskonia,12843,140.7,1531,1648
Anadolu Efes,Bayern Munich,60,73,3.07,1.48,2021-01-02,2018,EuroLeague,Anadolu Efes,10995,139.7,1554,1680
Panathinaikos,Valencia,72,60,1.66,2.52,2021-01-04,2018,EuroLeague,Panathinaikos,9286,138.6,1677,1604
Zalgiris Kaunas,Milano,68,73,2.42,1.7,2021-01-06,2018,EuroLeague,Zalgiris Kaunas,14654,148.1,1605,1666
Bayern Munich,Partizan,82,99,2.13,1.89,2021-01-08,2018,EuroLeague,Bayern Munich,13207,190.1,1513,1534
Valencia,ASVEL,85,83,1.81,2.24,2021-01-10,2018,EuroLeague,Valencia,11947,176.4,1573,1536
Milano,Real Madrid,63,60,1.68,2.46,2021-01-12,2018,EuroLeague,Milano,10152,129.2,1656,1590
Partizan,Barcelona,81,88,1.9,2.11,2021-01-14,2018,EuroLeague,Partizan,11214,177.5,1683,1665
ASVEL,Fenerbahçe,80,66,1.41,3.44,2021-01-16,2018,EuroLeague,ASVEL,10337,153.3,1700,1545
Real Madrid,Olympiacos,86,60,1.59,2.71,2021-01-18,2018,EuroLeague,Real Madrid,11178,153.3,1619,1526
Barcelona,CSKA Moscow,74,65,2.04,1.96,2021-01-20,2018,EuroLeague,Barcelona,12208,146.0,1550,1557
Fenerbahçe,Maccabi Tel Aviv,95,60,1.39,3.59,2021-01-22,2018,EuroLeague,Fenerbahçe,14438,162.8,1687,1522
Olympiacos,Baskonia,100,79,2.07,1.94,2021-01-24,2018,EuroLeague,Olympiacos,12556,188.0,1680,1691
CSKA Moscow,Anadolu Efes,97,85,1.84,2.19,2021-01-26,2018,EuroLeague,CSKA Moscow,10428,191.1,1687,1657
Maccabi Tel Aviv,Panathinaikos,75,88,3.51,1.4,2021-01-28,2018,EuroLeague,Maccabi Tel Aviv,12890,171.2,1538,1698
Baskonia,Zalgiris Kaunas,95,86,2.22,1.82,2021-01-30,2018,EuroLeague,Baskonia,11978,190.1,1655,1689
Anadolu Efes,Bayern Munich,81,67,1.48,3.1,2021-02-01,2018,EuroLeague,Anadolu Efes,13256,155.4,1696,1567
Panathinaikos,Valencia,80,74,1.78,2.28,2021-02-03,2018,EuroLeague,Panathinaikos,12945,161.7,1657,1614
Zalgiris Kaunas,Milano,74,95,2.6,1.62,2021-02-05,2018,EuroLeague,Zalgiris Kaunas,12068,177.5,1521,1603
Bayern Munich,Partizan,104,60,1.74,2.35,2021-02-07,2018,EuroLeague,Bayern Munich,11717,172.2,1693,1641
Valencia,ASVEL,100,71,1.9,2.12,2021-02-09,2018,EuroLeague,Valencia,12594,179.6,1653,1634
Milano,Real Madrid,67,71,1.42,3.4,2021-02-11,2018,EuroLeague,Milano,14984,144.9,1675,1523
Partizan,Barcelona,91,76,1.88,2.14,2021-02-13,2018,EuroLeague,Partizan,12228,175.3,1620,1597
ASVEL,Fenerbahçe,94,61,2.31,1.76,2021-02-15,2018,EuroLeague,ASVEL,11829,162.8,1557,1604
Real Madrid,Olympiacos,88,84,1.97,2.04,2021-02-17,2018,EuroLeague,Real Madrid,11944,180.6,1629,1623
Barcelona,CSKA Moscow,77,69,2.15,1.87,2021-02-19,2018,EuroLeague,Barcelona,10657,153.3,1573,1598
Fenerbahçe,Maccabi Tel Aviv,63,88,1.95,2.05,2021-02-21,2018,EuroLeague,Fenerbahçe,12158,158.6,1538,1530
Olympiacos,Baskonia,74,110,1.72,2.39,2021-02-23,2018,EuroLeague,Olympiacos,10637,193.2,1606,1549
CSKA Moscow,Anadolu Efes,62,81,3.47,1.41,2021-02-25,2018,EuroLeague,CSKA Moscow,10360,150.2,1509,1666
Maccabi Tel Aviv,Panathinaikos,74,68,1.46,3.19,2021-02-27,2018,EuroLeague,Maccabi Tel Aviv,13599,149.1,1670,1534
Baskonia,Zalgiris Kaunas,67,66,1.6,2.66,2021-03-01,2018,EuroLeague,Baskonia,14744,139.7,1651,1563
Anadolu Efes,Bayern Munich,100,93,1.83,2.2,2021-03-03,2018,EuroLeague,Anadolu Efes,13412,202.7,1533,1501
Panathinaikos,Valencia,84,71,2.01,1.99,2021-03-05,2018,EuroLeague,Panathinaikos,10184,162.8,1684,1686
Zalgiris Kaunas,Milano,62,60,2.22,1.82,2021-03-07,2018,EuroLeague,Zalgiris Kaunas,13455,128.1,1628,1662
Bayern Munich,Partizan,79,60,1.86,2.17,2021-03-09,2018,EuroLeague,Bayern Munich,10949,146.0,1597,1570
Valencia,ASVEL,87,83,1.92,2.08,2021-03-11,2018,EuroLeague,Valencia,14261,178.5,1590,1576
Milano,Real Madrid,85,65,1.97,2.04,2021-03-13,2018,EuroLeague,Milano,14846,157.5,1694,1688
Partizan,Barcelona,81,92,2.88,1.53,2021-03-15,2018,EuroLeague,Partizan,9794,181.7,1571,1681
ASVEL,Fenerbahçe,75,85,2.32,1.76,2021-03-17,2018,EuroLeague,ASVEL,12164,168.0,1515,1563
Real Madrid,Olympiacos,76,60,3.14,1.47,2021-03-19,2018,EuroLeague,Real Madrid,10448,142.8,1526,1658
Barcelona,CSKA Moscow,73,93,2.45,1.69,2021-03-21,2018,EuroLeague,Barcelona,13919,174.3,1627,1692
Fenerbahçe,Maccabi Tel Aviv,65,93,2.21,1.83,2021-03-23,2018,EuroLeague,Fenerbahçe,9613,165.9,1573,1606
Olympiacos,Baskonia,70,60,1.91,2.1,2021-03-25,2018,EuroLeague,Olympiacos,12446,136.5,1649,1632
CSKA Moscow,Anadolu Efes,95,80,1.42,3.39,2021-03-27,2018,EuroLeague,CSKA Moscow,10446,183.8,1699,1548
Maccabi Tel Aviv,Panathinaikos,60,73,1.95,2.05,2021-03-29,2018,EuroLeague,Maccabi Tel Aviv,10572,139.7,1627,1619
Baskonia,Zalgiris Kaunas,85,81,1.71,2.4,2021-03-31,2018,EuroLeague,Baskonia,10589,174.3,1693,1634
Anadolu Efes,Bayern Munich,83,70,1.95,2.05,2021-04-02,2018,EuroLeague,Anadolu Efes,11714,160.7,1572,1563
Panathinaikos,Valencia,63,71,2.32,1.76,2021-04-04,2018,EuroLeague,Panathinaikos,9680,140.7,1536,1584
Zalgiris Kaunas,Milano,92,60,2.09,1.92,2021-04-06,2018,EuroLeague,Zalgiris Kaunas,11886,159.6,1546,1561
Bayern Munich,Partizan,75,99,2.23,1.81,2021-04-08,2018,EuroLeague,Bayern Munich,12603,182.7,1610,1646
Valencia,ASVEL,96,72,2.2,1.83,2021-04-10,2018,EuroLeague,Valencia,9833,176.4,1610,1642
Milano,Real Madrid,78,83,2.05,1.95,2021-04-12,2018,EuroLeague,Milano,9993,169.1,1563,1572
Partizan,Barcelona,90,78,1.97,2.03,2021-04-14,2018,EuroLeague,Partizan,9518,176.4,1676,1671
ASVEL,Fenerbahçe,60,71,1.91,2.1,2021-04-16,2018,EuroLeague,ASVEL,11929,137.6,1572,1555
Real Madrid,Olympiacos,109,60,1.35,3.88,2021-04-18,2018,EuroLeague,Real Madrid,10307,177.5,1686,1502
Barcelona,CSKA Moscow,62,99,2.49,1.67,2021-04-20,2018,EuroLeague,Barcelona,10718,169.1,1608,1677
Fenerbahçe,Maccabi Tel Aviv,74,72,2.01,1.99,2021-04-22,2018,EuroLeague,Fenerbahçe,14531,153.3,1687,1688
Olympiacos,Baskonia,80,89,3.19,1.46,2021-04-24,2018,EuroLeague,Olympiacos,11132,177.5,1504,1640
CSKA Moscow,Anadolu Efes,79,88,1.5,2.98,2021-04-26,2018,EuroLeague,CSKA Moscow,10108,175.3,1663,1544
Maccabi Tel Aviv,Panathinaikos,92,60,2.15,1.87,2021-04-28,2018,EuroLeague,Maccabi Tel Aviv,11254,159.6,1600,1624
Baskonia,Zalgiris Kaunas,81,63,1.64,2.56,2021-04-30,2018,EuroLeague,Baskonia,14303,151.2,1673,1596
Anadolu Efes,Bayern Munich,72,62,1.53,2.87,2021-05-02,2018,EuroLeague,Anadolu Efes,12873,140.7,1611,1502
Panathinaikos,Valencia,102,60,1.42,3.39,2021-05-04,2018,EuroLeague,Panathinaikos,10197,170.1,1665,1514
Zalgiris Kaunas,Milano,83,70,1.54,2.86,2021-05-06,2018,EuroLeague,Zalgiris Kaunas,11310,160.7,1659,1551
Bayern Munich,Partizan,93,63,2.07,1.93,2021-05-08,2018,EuroLeague,Bayern Munich,10107,163.8,1601,1613
Valencia,ASVEL,87,70,1.7,2.44,2021-05-10,2018,EuroLeague,Valencia,13401,164.8,1693,1630
Milano,Real Madrid,81,74,2.15,1.87,2021-05-12,2018,EuroLeague,Milano,9290,162.8,1601,1626
Partizan,Barcelona,85,71,1.56,2.78,2021-05-14,2018,EuroLeague,Partizan,13944,163.8,1655,1555
ASVEL,Fenerbahçe,65,89,2.08,1.92,2021-05-16,2018,EuroLeague,ASVEL,13319,161.7,1684,1698
Real Madrid,Olympiacos,81,85,1.85,2.18,2021-05-18,2018,EuroLeague,Real Madrid,11231,174.3,1585,1556
Barcelona,CSKA Moscow,93,76,2.03,1.97,2021-05-20,2018,EuroLeague,Barcelona,9138,177.5,1607,1612
Fenerbahçe,Maccabi Tel Aviv,76,115,1.7,2.43,2021-05-22,2018,EuroLeague,Fenerbahçe,14983,200.6,1662,1600
Olympiacos,Baskonia,75,73,1.39,3.57,2021-05-24,2018,EuroLeague,Olympiacos,11385,155.4,1686,1522
CSKA Moscow,Anadolu Efes,92,74,2.44,1.7,2021-05-26,2018,EuroLeague,CSKA Moscow,9245,174.3,1523,1586
Maccabi Tel Aviv,Panathinaikos,63,82,2.15,1.87,2021-05-28,2018,EuroLeague,Maccabi Tel Aviv,12652,152.2,1519,1543
Baskonia,Zalgiris Kaunas,81,85,2.39,1.72,2021-05-30,2018,EuroLeague,Baskonia,9102,174.3,1592,1649
Anadolu Efes,Bayern Munich,68,85,3.77,1.36,2021-06-01,2018,EuroLeague,Anadolu Efes,12789,160.7,1508,1685
Panathinaikos,Valencia,98,65,1.55,2.82,2021-06-03,2018,EuroLeague,Panathinaikos,9215,171.2,1688,1584
Zalgiris Kaunas,Milano,69,72,2.12,1.89,2021-06-05,2018,EuroLeague,Zalgiris Kaunas,10442,148.1,1607,1627
Bayern Munich,Partizan,84,101,2.3,1.77,2021-06-07,2018,EuroLeague,Bayern Munich,10334,194.2,1601,1646
Valencia,ASVEL,60,62,1.82,2.22,2021-06-09,2018,EuroLeague,Valencia,14123,128.1,1594,1559
Milano,Real Madrid,78,71,2.07,1.93,2021-06-11,2018,EuroLeague,Milano,10403,156.5,1590,1602
Partizan,Barcelona,81,68,2.46,1.68,2021-06-13,2018,EuroLeague,Partizan,9408,156.5,1624,1690
ASVEL,Fenerbahçe,89,87,1.6,2.68,2021-06-15,2018,EuroLeague,ASVEL,12011,184.8,1670,1580
Real Madrid,Olympiacos,99,102,1.43,3.32,2021-06-17,2018,EuroLeague,Real Madrid,10032,211.1,1690,1544
Barcelona,CSKA Moscow,92,83,1.91,2.1,2021-06-19,2018,EuroLeague,Barcelona,10873,183.8,1678,1662
Fenerbahçe,Maccabi Tel Aviv,83,70,1.87,2.15,2021-06-21,2018,EuroLeague,Fenerbahçe,14932,160.7,1680,1656
Olympiacos,Baskonia,63,62,2.47,1.68,2021-06-23,2018,EuroLeague,Olympiacos,10923,131.2,1578,1645
CSKA Moscow,Anadolu Efes,74,76,1.6,2.67,2021-06-25,2018,EuroLeague,CSKA Moscow,12879,157.5,1670,1581
Maccabi Tel Aviv,Panathinaikos,82,81,1.53,2.89,2021-06-27,2018,EuroLeague,Maccabi Tel Aviv,14464,171.2,1657,1546
Baskonia,Zalgiris Kaunas,92,79,1.92,2.08,2021-06-29,2018,EuroLeague,Baskonia,10025,179.6,1622,1608
Anadolu Efes,Bayern Munich,61,81,2.76,1.57,2021-07-01,2018,EuroLeague,Anadolu Efes,9496,149.1,1503,1601
Panathinaikos,Valencia,81,94,1.95,1.95,2021-07-03,2018,EuroLeague,Panathinaikos,11842,183.8,1572,1572
Zalgiris Kaunas,Milano,78,66,2.01,1.99,2021-07-05,2018,EuroLeague,Zalgiris Kaunas,11551,151.2,1696,1698
Bayern Munich,Partizan,98,86,2.3,1.77,2021-07-07,2018,EuroLeague,Bayern Munich,11235,193.2,1645,1691
Valencia,ASVEL,104,77,1.62,2.6,2021-07-09,2018,EuroLeague,Valencia,12272,190.1,1682,1600
Milano,Real Madrid,64,82,2.45,1.69,2021-07-11,2018,EuroLeague,Milano,14653,153.3,1540,1604
Partizan,Barcelona,80,60,1.55,2.81,2021-07-13,2018,EuroLeague,Partizan,12298,147.0,1621,1518
ASVEL,Fenerbahçe,60,87,3.34,1.43,2021-07-15,2018,EuroLeague,ASVEL,9795,154.3,1522,1670
Real Madrid,Olympiacos,78,60,2.02,1.98,2021-07-17,2018,EuroLeague,Real Madrid,13213,144.9,1696,1699
Barcelona,CSKA Moscow,76,74,2.84,1.54,2021-07-19,2018,EuroLeague,Barcelona,9692,157.5,1510,1616
Fenerbahçe,Maccabi Tel Aviv,84,74,2.3,1.77,2021-07-21,2018,EuroLeague,Fenerbahçe,13759,165.9,1621,1667
Olympiacos,Baskonia,82,70,1.71,2.41,2021-07-23,2018,EuroLeague,Olympiacos,12294,159.6,1630,1570
CSKA Moscow,Anadolu Efes,68,73,1.5,3.0,2021-07-25,2018,EuroLeague,CSKA Moscow,12477,148.1,1635,1515
Maccabi Tel Aviv,Panathinaikos,77,82,1.73,2.37,2021-07-27,2018,EuroLeague,Maccabi Tel Aviv,10380,167.0,1679,1624
Baskonia,Zalgiris Kaunas,75,79,2.08,1.93,2021-07-29,2018,EuroLeague,Baskonia,10501,161.7,1607,1620
Anadolu Efes,Bayern Munich,64,76,1.96,2.04,2021-07-31,2018,EuroLeague,Anadolu Efes,10192,147.0,1598,1591
Panathinaikos,Valencia,65,79,3.11,1.47,2021-08-02,2018,EuroLeague,Panathinaikos,10830,151.2,1510,1640
Zalgiris Kaunas,Milano,60,79,2.21,1.83,2021-08-04,2018,EuroLeague,Zalgiris Kaunas,10703,146.0,1655,1688
Bayern Munich,Partizan,75,96,3.24,1.45,2021-08-06,2018,EuroLeague,Bayern Munich,14270,179.6,1518,1658
Valencia,ASVEL,64,79,2.1,1.91,2021-08-08,2018,EuroLeague,Valencia,10805,150.2,1618,1635
Milano,Real Madrid,60,62,2.32,1.76,2021-08-10,2018,EuroLeague,Milano,11601,128.1,1519,1567
Partizan,Barcelona,84,76,2.42,1.7,2021-08-12,2018,EuroLeague,Partizan,12599,168.0,1603,1664
ASVEL,Fenerbahçe,102,85,1.79,2.26,2021-08-14,2018,EuroLeague,ASVEL,14949,196.3,1686,1646
Real Madrid,Olympiacos,91,78,1.66,2.52,2021-08-16,2018,EuroLeague,Real Madrid,11315,177.5,1677,1604
Barcelona,CSKA Moscow,77,66,1.54,2.84,2021-08-18,2018,EuroLeague,Barcelona,12469,150.2,1666,1560
Fenerbahçe,Maccabi Tel Aviv,95,83,1.62,2.6,2021-08-20,2018,EuroLeague,Fenerbahçe,11449,186.9,1681,1599
Olympiacos,Baskonia,60,87,1.84,2.2,2021-08-22,2018,EuroLeague,Olympiacos,13461,154.3,1670,1639
CSKA Moscow,Anadolu Efes,82,72,1.37,3.68,2021-08-24,2018,EuroLeague,CSKA Moscow,12298,161.7,1679,1508
Maccabi Tel Aviv,Panathinaikos,84,104,3.63,1.38,2021-08-26,2018,EuroLeague,Maccabi Tel Aviv,11617,197.4,1514,1682
Baskonia,Zalgiris Kaunas,74,78,2.1,1.91,2021-08-28,2018,EuroLeague,Baskonia,11199,159.6,1541,1557
Anadolu Efes,Bayern Munich,85,69,1.83,2.21,2021-08-30,2018,EuroLeague,Anadolu Efes,11713,161.7,1586,1553
Panathinaikos,Valencia,101,66,1.51,2.95,2021-09-01,2018,EuroLeague,Panathinaikos,11913,175.3,1683,1567
Zalgiris Kaunas,Milano,76,85,2.01,1.99,2021-09-03,2018,EuroLeague,Zalgiris Kaunas,11800,169.1,1517,1518
Bayern Munich,Partizan,77,71,2.49,1.67,2021-09-05,2018,EuroLeague,Bayern Munich,12382,155.4,1612,1681
Valencia,ASVEL,85,60,1.7,2.43,2021-09-07,2018,EuroLeague,Valencia,14796,152.2,1621,1559
Milano,Real Madrid,89,64,1.79,2.26,2021-09-09,2018,EuroLeague,Milano,10537,160.7,1570,1530
Partizan,Barcelona,86,68,2.05,1.95,2021-09-11,2018,EuroLeague,Partizan,11898,161.7,1500,1508
ASVEL,Fenerbahçe,68,77,2.15,1.87,2021-09-13,2018,EuroLeague,ASVEL,9813,152.2,1613,1637
Real Madrid,Olympiacos,110,105,2.52,1.66,2021-09-15,2018,EuroLeague,Real Madrid,10471,225.8,1566,1639
Barcelona,CSKA Moscow,75,65,1.6,2.67,2021-09-17,2018,EuroLeague,Barcelona,9064,147.0,1640,1551
Fenerbahçe,Maccabi Tel Aviv,68,71,2.15,1.87,2021-09-19,2018,EuroLeague,Fenerbahçe,14614,146.0,1626,1651
Olympiacos,Baskonia,65,74,1.78,2.28,2021-09-21,2018,EuroLeague,Olympiacos,11111,146.0,1556,1513
CSKA Moscow,Anadolu Efes,85,85,2.18,1.85,2021-09-23,2018,EuroLeague,CSKA Moscow,10336,178.5,1555,1584
Maccabi Tel Aviv,Panathinaikos,85,88,1.54,2.85,2021-09-25,2018,EuroLeague,Maccabi Tel Aviv,14271,181.7,1644,1537
Baskonia,Zalgiris Kaunas,68,79,3.09,1.48,2021-09-27,2018,EuroLeague,Baskonia,9553,154.3,1553,1681
Anadolu Efes,Bayern Munich,78,62,2.36,1.73,2021-09-29,2018,EuroLeague,Anadolu Efes,9622,147.0,1614,1668
Panathinaikos,Valencia,86,60,1.41,3.41,2021-10-01,2018,EuroLeague,Panathinaikos,12124,153.3,1674,1521
Zalgiris Kaunas,Milano,90,92,2.18,1.85,2021-10-03,2018,EuroLeague,Zalgiris Kaunas,9032,191.1,1625,1654
Bayern Munich,Partizan,73,60,1.48,3.07,2021-10-05,2018,EuroLeague,Bayern Munich,9101,139.7,1639,1513
Valencia,ASVEL,60,83,3.18,1.46,2021-10-07,2018,EuroLeague,Valencia,12647,150.2,1520,1655
Milano,Real Madrid,95,87,1.68,2.48,2021-10-09,2018,EuroLeague,Milano,11615,191.1,1655,1587
Partizan,Barcelona,60,79,3.48,1.4,2021-10-11,2018,EuroLeague,Partizan,10319,146.0,1507,1665
ASVEL,Fenerbahçe,70,60,2.48,1.68,2021-10-13,2018,EuroLeague,ASVEL,9115,136.5,1579,1647
Real Madrid,Olympiacos,73,60,1.84,2.19,2021-10-15,2018,EuroLeague,Real Madrid,11111,139.7,1536,1506
Barcelona,CSKA Moscow,87,86,1.63,2.58,2021-10-17,2018,EuroLeague,Barcelona,13676,181.7,1678,1598
Fenerbahçe,Maccabi Tel Aviv,60,102,2.92,1.52,2021-10-19,2018,EuroLeague,Fenerbahçe,11382,170.1,1536,1649
Olympiacos,Baskonia,101,60,1.83,2.21,2021-10-21,2018,EuroLeague,Olympiacos,14140,169.1,1674,1641
CSKA Moscow,Anadolu Efes,97,75,2.28,1.78,2021-10-23,2018,EuroLeague,CSKA Moscow,11344,180.6,1555,1598
Maccabi Tel Aviv,Panathinaikos,90,83,1.99,2.01,2021-10-25,2018,EuroLeague,Maccabi Tel Aviv,10238,181.7,1595,1594
Baskonia,Zalgiris Kaunas,85,77,2.14,1.88,2021-10-27,2018,EuroLeague,Baskonia,9104,170.1,1636,1659
Anadolu Efes,Bayern Munich,88,76,2.07,1.94,2021-10-29,2018,EuroLeague,Anadolu Efes,10150,172.2,1653,1664
Panathinaikos,Valencia,74,72,1.49,3.04,2021-10-31,2018,EuroLeague,Panathinaikos,9955,153.3,1638,1514
Zalgiris Kaunas,Milano,83,60,1.66,2.51,2021-11-02,2018,EuroLeague,Zalgiris Kaunas,13001,150.2,1666,1594
Bayern Munich,Partizan,87,66,1.6,2.66,2021-11-04,2018,EuroLeague,Bayern Munich,13869,160.7,1623,1535
Valencia,ASVEL,81,85,1.43,3.3,2021-11-06,2018,EuroLeague,Valencia,9338,174.3,1696,1551
Milano,Real Madrid,80,82,3.39,1.42,2021-11-08,2018,EuroLeague,Milano,9079,170.1,1529,1680
Partizan,Barcelona,94,85,1.51,2.97,2021-11-10,2018,EuroLeague,Partizan,9493,188.0,1620,1502
ASVEL,Fenerbahçe,77,81,2.26,1.79,2021-11-12,2018,EuroLeague,ASVEL,13305,165.9,1636,1676
Real Madrid,Olympiacos,87,79,1.68,2.48,2021-11-14,2018,EuroLeague,Real Madrid,11969,174.3,1611,1543
Barcelona,CSKA Moscow,64,85,1.95,1.95,2021-11-16,2018,EuroLeague,Barcelona,12015,156.5,1551,1551
Fenerbahçe,Maccabi Tel Aviv,92,60,1.78,2.29,2021-11-18,2018,EuroLeague,Fenerbahçe,10782,159.6,1577,1533
Olympiacos,Baskonia,88,68,1.58,2.74,2021-11-20,2018,EuroLeague,Olympiacos,11616,163.8,1601,1505
CSKA Moscow,Anadolu Efes,79,74,1.98,2.02,2021-11-22,2018,EuroLeague,CSKA Moscow,13547,160.7,1647,1644
Maccabi Tel Aviv,Panathinaikos,67,77,3.11,1.47,2021-11-24,2018,EuroLeague,Maccabi Tel Aviv,11766,151.2,1560,1690
Baskonia,Zalgiris Kaunas,80,71,2.81,1.55,2021-11-26,2018,EuroLeague,Baskonia,12524,158.6,1522,1625
Anadolu Efes,Bayern Munich,88,63,1.63,2.59,2021-11-28,2018,EuroLeague,Anadolu Efes,14364,158.6,1667,1586
Panathinaikos,Valencia,91,88,2.13,1.89,2021-11-30,2018,EuroLeague,Panathinaikos,10205,188.0,1529,1550
Zalgiris Kaunas,Milano,85,76,1.47,3.13,2021-12-02,2018,EuroLeague,Zalgiris Kaunas,12410,169.1,1658,1527
Bayern Munich,Partizan,74,72,2.4,1.71,2021-12-04,2018,EuroLeague,Bayern Munich,12873,153.3,1589,1648
Valencia,ASVEL,83,70,2.23,1.81,2021-12-06,2018,EuroLeague,Valencia,14987,160.7,1568,1604
Milano,Real Madrid,62,99,2.66,1.6,2021-12-08,2018,EuroLeague,Milano,12027,169.1,1548,1636
Partizan,Barcelona,70,90,3.26,1.44,2021-12-10,2018,EuroLeague,Partizan,9533,168.0,1546,1688
ASVEL,Fenerbahçe,74,100,3.11,1.47,2021-12-12,2018,EuroLeague,ASVEL,10476,182.7,1513,1643
Real Madrid,Olympiacos,71,80,1.68,2.46,2021-12-14,2018,EuroLeague,Real Madrid,11126,158.6,1568,1502
Barcelona,CSKA Moscow,67,86,2.07,1.94,2021-12-16,2018,EuroLeague,Barcelona,9906,160.7,1623,1634
Fenerbahçe,Maccabi Tel Aviv,62,76,2.4,1.71,2021-12-18,2018,EuroLeague,Fenerbahçe,12558,144.9,1608,1667
Olympiacos,Baskonia,76,86,2.17,1.85,2021-12-20,2018,EuroLeague,Olympiacos,14545,170.1,1640,1668
CSKA Moscow,Anadolu Efes,91,62,1.81,2.23,2021-12-22,2018,EuroLeague,CSKA Moscow,13468,160.7,1588,1552
Maccabi Tel Aviv,Panathinaikos,72,87,3.14,1.47,2021-12-24,2018,EuroLeague,Maccabi Tel Aviv,14775,167.0,1531,1663
Baskonia,Zalgiris Kaunas,69,91,2.61,1.62,2021-12-26,2018,EuroLeague,Baskonia,14874,168.0,1587,1670
Anadolu Efes,Bayern Munich,78,89,1.78,2.28,2021-12-28,2018,EuroLeague,Anadolu Efes,11929,175.3,1583,1540
Panathinaikos,Valencia,60,65,2.8,1.56,2021-12-30,2018,EuroLeague,Panathinaikos,13746,131.2,1558,1660
Zalgiris Kaunas,Milano,65,70,2.31,1.76,2022-01-01,2018,EuroLeague,Zalgiris Kaunas,9563,141.8,1519,1566
Bayern Munich,Partizan,80,74,2.98,1.5,2022-01-03,2018,EuroLeague,Bayern Munich,11982,161.7,1515,1634
Valencia,ASVEL,66,64,2.04,1.96,2022-01-05,2018,EuroLeague,Valencia,14550,136.5,1630,1637
Milano,Real Madrid,83,60,1.69,2.45,2022-01-07,2018,EuroLeague,Milano,11326,150.2,1564,1500
Partizan,Barcelona,78,77,2.1,1.91,2022-01-09,2018,EuroLeague,Partizan,9314,162.8,1630,1647
ASVEL,Fenerbahçe,86,65,1.82,2.22,2022-01-11,2018,EuroLeague,ASVEL,11240,158.6,1628,1593
Real Madrid,Olympiacos,65,74,2.01,1.99,2022-01-13,2018,EuroLeague,Real Madrid,12885,146.0,1627,1628
Barcelona,CSKA Moscow,90,94,1.67,2.49,2022-01-15,2018,EuroLeague,Barcelona,9451,193.2,1630,1561
Fenerbahçe,Maccabi Tel Aviv,71,70,2.29,1.78,2022-01-17,2018,EuroLeague,Fenerbahçe,11020,148.1,1538,1582
Olympiacos,Baskonia,76,66,2.33,1.75,2022-01-19,2018,EuroLeague,Olympiacos,11858,149.1,1569,1618
CSKA Moscow,Anadolu Efes,68,98,2.17,1.86,2022-01-21,2018,EuroLeague,CSKA Moscow,13784,174.3,1526,1553
Maccabi Tel Aviv,Panathinaikos,90,62,1.51,2.96,2022-01-23,2018,EuroLeague,Maccabi Tel Aviv,13229,159.6,1698,1581
Baskonia,Zalgiris Kaunas,104,67,1.49,3.05,2022-01-25,2018,EuroLeague,Baskonia,9800,179.6,1639,1514
Anadolu Efes,Bayern Munich,63,85,3.0,1.5,2022-01-27,2018,EuroLeague,Anadolu Efes,9079,155.4,1542,1662
Panathinaikos,Valencia,73,60,1.34,3.95,2022-01-29,2018,EuroLeague,Panathinaikos,14893,139.7,1696,1508
Zalgiris Kaunas,Milano,76,78,2.1,1.91,2022-01-31,2018,EuroLeague,Zalgiris Kaunas,10441,161.7,1662,1678
Bayern Munich,Partizan,81,78,2.42,1.7,2022-02-02,2018,EuroLeague,Bayern Munich,9943,167.0,1605,1666
Valencia,ASVEL,60,78,2.12,1.9,2022-02-04,2018,EuroLeague,Valencia,12666,144.9,1620,1639
Milano,Real Madrid,87,71,1.99,2.01,2022-02-06,2018,EuroLeague,Milano,9809,165.9,1644,1642
Partizan,Barcelona,69,71,1.63,2.58,2022-02-08,2018,EuroLeague,Partizan,10221,147.0,1678,1599
ASVEL,Fenerbahçe,76,98,3.24,1.45,2022-02-10,2018,EuroLeague,ASVEL,11692,182.7,1557,1697
Real Madrid,Olympiacos,60,85,2.47,1.68,2022-02-12,2018,EuroLeague,Real Madrid,14946,152.2,1586,1653
Barcelona,CSKA Moscow,105,68,2.78,1.56,2022-02-14,2018,EuroLeague,Barcelona,13687,181.7,1553,1653
Fenerbahçe,Maccabi Tel Aviv,67,89,3.07,1.48,2022-02-16,2018,EuroLeague,Fenerbahçe,14989,163.8,1565,1691
Olympiacos,Baskonia,74,101,1.49,3.05,2022-02-18,2018,EuroLeague,Olympiacos,9514,183.8,1649,1524
CSKA Moscow,Anadolu Efes,76,80,1.74,2.36,2022-02-20,2018,EuroLeague,CSKA Moscow,10382,163.8,1644,1591
Maccabi Tel Aviv,Panathinaikos,105,86,1.92,2.08,2022-02-22,2018,EuroLeague,Maccabi Tel Aviv,13439,200.6,1619,1605
Baskonia,Zalgiris Kaunas,89,75,2.55,1.65,2022-02-24,2018,EuroLeague,Baskonia,12796,172.2,1584,1660
Anadolu Efes,Bayern Munich,92,79,1.65,2.53,2022-02-26,2018,EuroLeague,Anadolu Efes,13847,179.6,1636,1562
Panathinaikos,Valencia,80,83,2.05,1.95,2022-02-28,2018,EuroLeague,Panathinaikos,12545,171.2,1636,1644
Zalgiris Kaunas,Milano,60,71,3.4,1.42,2022-03-02,2018,EuroLeague,Zalgiris Kaunas,12829,137.6,1508,1660
Bayern Munich,Partizan,97,83,1.65,2.55,2022-03-04,2018,EuroLeague,Bayern Munich,14815,189.0,1673,1597
Valencia,ASVEL,84,69,1.38,3.66,2022-03-06,2018,EuroLeague,Valencia,14075,160.7,1698,1528
Milano,Real Madrid,88,78,1.95,2.05,2022-03-08,2018,EuroLeague,Milano,12578,174.3,1515,1506
Partizan,Barcelona,94,60,1.5,3.02,2022-03-10,2018,EuroLeague,Partizan,10148,161.7,1686,1564
ASVEL,Fenerbahçe,79,86,2.22,1.82,2022-03-12,2018,EuroLeague,ASVEL,11688,173.2,1596,1630
Real Madrid,Olympiacos,86,74,1.79,2.27,2022-03-14,2018,EuroLeague,Real Madrid,14064,168.0,1645,1603
Barcelona,CSKA Moscow,82,84,1.57,2.75,2022-03-16,2018,EuroLeague,Barcelona,10484,174.3,1694,1597
Fenerbahçe,Maccabi Tel Aviv,91,69,1.52,2.91,2022-03-18,2018,EuroLeague,Fenerbahçe,13165,168.0,1656,1544
Olympiacos,Baskonia,70,81,2.49,1.67,2022-03-20,2018,EuroLeague,Olympiacos,9649,158.6,1533,1602
CSKA Moscow,Anadolu Efes,76,75,3.77,1.36,2022-03-22,2018,EuroLeague,CSKA Moscow,11331,158.6,1509,1686
Maccabi Tel Aviv,Panathinaikos,96,67,1.63,2.58,2022-03-24,2018,EuroLeague,Maccabi Tel Aviv,12863,171.2,1660,1581
Baskonia,Zalgiris Kaunas,86,71,1.95,2.05,2022-03-26,2018,EuroLeague,Baskonia,10984,164.8,1604,1596
Anadolu Efes,Bayern Munich,74,75,2.04,1.96,2022-03-28,2018,EuroLeague,Anadolu Efes,14598,156.5,1650,1657
Panathinaikos,Valencia,101,79,2.52,1.66,2022-03-30,2018,EuroLeague,Panathinaikos,14959,189.0,1513,1586
Zalgiris Kaunas,Milano,81,68,1.71,2.4,2022-04-01,2018,EuroLeague,Zalgiris Kaunas,9706,156.5,1674,1615
Bayern Munich,Partizan,77,84,1.95,2.05,2022-04-03,2018,EuroLeague,Bayern Munich,9164,169.1,1556,1548
Valencia,ASVEL,73,61,1.49,3.04,2022-04-05,2018,EuroLeague,Valencia,9026,140.7,1632,1508
Milano,Real Madrid,77,73,2.45,1.69,2022-04-07,2018,EuroLeague,Milano,13990,157.5,1633,1697
Partizan,Barcelona,69,72,1.94,2.07,2022-04-09,2018,EuroLeague,Partizan,13478,148.1,1608,1597
ASVEL,Fenerbahçe,66,64,1.5,2.98,2022-04-11,2018,EuroLeague,ASVEL,14018,136.5,1629,1510
Real Madrid,Olympiacos,72,93,3.62,1.38,2022-04-13,2018,EuroLeague,Real Madrid,11128,173.2,1511,1678
Barcelona,CSKA Moscow,80,69,1.92,2.08,2022-04-15,2018,EuroLeague,Barcelona,10302,156.5,1613,1599
Fenerbahçe,Maccabi Tel Aviv,67,109,3.45,1.41,2022-04-17,2018,EuroLeague,Fenerbahçe,12168,184.8,1521,1677
Olympiacos,Baskonia,60,77,3.19,1.46,2022-04-19,2018,EuroLeague,Olympiacos,11082,143.8,1500,1636
CSKA Moscow,Anadolu Efes,99,78,1.94,2.06,2022-04-21,2018,EuroLeague,CSKA Moscow,11429,185.8,1621,1611
Maccabi Tel Aviv,Panathinaikos,87,73,2.02,1.98,2022-04-23,2018,EuroLeague,Maccabi Tel Aviv,11713,168.0,1570,1573
Baskonia,Zalgiris Kaunas,81,81,1.5,2.98,2022-04-25,2018,EuroLeague,Baskonia,9773,170.1,1690,1571
Anadolu Efes,Bayern Munich,85,94,2.08,1.92,2022-04-27,2018,EuroLeague,Anadolu Efes,14263,188.0,1583,1597
Panathinaikos,Valencia,88,73,3.05,1.49,2022-04-29,2018,EuroLeague,Panathinaikos,11090,169.1,1519,1644
Zalgiris Kaunas,Milano,78,69,2.45,1.69,2022-05-01,2018,EuroLeague,Zalgiris Kaunas,12872,154.3,1620,1685
Bayern Munich,Partizan,76,81,1.68,2.47,2022-05-03,2018,EuroLeague,Bayern Munich,10298,164.8,1672,1605
Valencia,ASVEL,106,68,1.67,2.5,2022-05-05,2018,EuroLeague,Valencia,9381,182.7,1677,1607
Milano,Real Madrid,82,63,2.34,1.75,2022-05-07,2018,EuroLeague,Milano,9204,152.2,1528,1579
Partizan,Barcelona,72,86,1.92,2.09,2022-05-09,2018,EuroLeague,Partizan,9471,165.9,1537,1522
ASVEL,Fenerbahçe,88,79,1.57,2.75,2022-05-11,2018,EuroLeague,ASVEL,10880,175.3,1691,1594
Real Madrid,Olympiacos,82,104,1.98,2.02,2022-05-13,2018,EuroLeague,Real Madrid,12477,195.3,1516,1512
Barcelona,CSKA Moscow,84,83,1.42,3.36,2022-05-15,2018,EuroLeague,Barcelona,10336,175.3,1697,1548
Fenerbahçe,Maccabi Tel Aviv,87,63,1.79,2.26,2022-05-17,2018,EuroLeague,Fenerbahçe,14275,157.5,1683,1643
Olympiacos,Baskonia,74,101,2.34,1.75,2022-05-19,2018,EuroLeague,Olympiacos,12592,183.8,1632,1683
CSKA Moscow,Anadolu Efes,70,83,1.78,2.28,2022-05-21,2018,EuroLeague,CSKA Moscow,11564,160.7,1633,1590
Maccabi Tel Aviv,Panathinaikos,75,91,2.2,1.83,2022-05-23,2018,EuroLeague,Maccabi Tel Aviv,13070,174.3,1625,1657
Baskonia,Zalgiris Kaunas,80,68,2.57,1.64,2022-05-25,2018,EuroLeague,Baskonia,12845,155.4,1562,1640
Anadolu Efes,Bayern Munich,93,69,1.75,2.33,2022-05-27,2018,EuroLeague,Anadolu Efes,11558,170.1,1679,1629
Panathinaikos,Valencia,92,62,1.43,3.33,2022-05-29,2018,EuroLeague,Panathinaikos,9635,161.7,1672,1525
Zalgiris Kaunas,Milano,60,80,3.36,1.42,2022-05-31,2018,EuroLeague,Zalgiris Kaunas,13384,147.0,1542,1691
Bayern Munich,Partizan,72,69,2.23,1.81,2022-06-02,2018,EuroLeague,Bayern Munich,13138,148.1,1629,1665
Valencia,ASVEL,77,109,2.56,1.64,2022-06-04,2018,EuroLeague,Valencia,12661,195.3,1575,1652
Milano,Real Madrid,73,71,2.17,1.85,2022-06-06,2018,EuroLeague,Milano,11032,151.2,1592,1620
Partizan,Barcelona,86,71,3.18,1.46,2022-06-08,2018,EuroLeague,Partizan,11658,164.8,1553,1688
ASVEL,Fenerbahçe,75,60,1.43,3.34,2022-06-10,2018,EuroLeague,ASVEL,12088,141.8,1693,1545
Real Madrid,Olympiacos,101,60,1.61,2.65,2022-06-12,2018,EuroLeague,Real Madrid,14098,169.1,1694,1607
Barcelona,CSKA Moscow,83,68,1.55,2.83,2022-06-14,2018,EuroLeague,Barcelona,10073,158.6,1690,1585
Fenerbahçe,Maccabi Tel Aviv,83,63,1.61,2.64,2022-06-16,2018,EuroLeague,Fenerbahçe,9055,153.3,1587,1501
Olympiacos,Baskonia,74,66,1.56,2.8,2022-06-18,2018,EuroLeague,Olympiacos,14647,147.0,1614,1512
CSKA Moscow,Anadolu Efes,90,80,3.59,1.39,2022-06-20,2018,EuroLeague,CSKA Moscow,9648,178.5,1525,1690
Maccabi Tel Aviv,Panathinaikos,68,82,2.26,1.79,2022-06-22,2018,EuroLeague,Maccabi Tel Aviv,12138,157.5,1659,1699
Baskonia,Zalgiris Kaunas,87,60,1.56,2.79,2022-06-24,2018,EuroLeague,Baskonia,11228,154.3,1672,1571
Anadolu Efes,Bayern Munich,97,72,1.74,2.36,2022-06-26,2018,EuroLeague,Anadolu Efes,12698,177.5,1564,1511
Panathinaikos,Valencia,83,96,3.41,1.41,2022-06-28,2018,EuroLeague,Panathinaikos,13051,188.0,1546,1699
Zalgiris Kaunas,Milano,96,94,1.71,2.41,2022-06-30,2018,EuroLeague,Zalgiris Kaunas,11150,199.5,1679,1619
Bayern Munich,Partizan,95,60,1.62,2.62,2022-07-02,2018,EuroLeague,Bayern Munich,14714,162.8,1647,1563
Valencia,ASVEL,99,79,2.25,1.8,2022-07-04,2018,EuroLeague,Valencia,10774,186.9,1619,1658
Milano,Real Madrid,65,71,2.25,1.8,2022-07-06,2018,EuroLeague,Milano,9355,142.8,1657,1696
Partizan,Barcelona,60,66,1.68,2.48,2022-07-08,2018,EuroLeague,Partizan,14567,132.3,1643,1575
ASVEL,Fenerbahçe,85,61,2.11,1.9,2022-07-10,2018,EuroLeague,ASVEL,10374,153.3,1646,1664
Real Madrid,Olympiacos,83,70,2.07,1.94,2022-07-12,2018,EuroLeague,Real Madrid,14274,160.7,1626,1637
Barcelona,CSKA Moscow,88,60,1.45,3.24,2022-07-14,2018,EuroLeague,Barcelona,14665,155.4,1647,1507
Fenerbahçe,Maccabi Tel Aviv,78,82,2.39,1.72,2022-07-16,2018,EuroLeague,Fenerbahçe,14295,168.0,1534,1591
Olympiacos,Baskonia,73,89,2.06,1.94,2022-07-18,2018,EuroLeague,Olympiacos,13981,170.1,1553,1563
CSKA Moscow,Anadolu Efes,74,80,1.98,2.02,2022-07-20,2018,EuroLeague,CSKA Moscow,12242,161.7,1556,1552
Maccabi Tel Aviv,Panathinaikos,90,77,1.93,2.08,2022-07-22,2018,EuroLeague,Maccabi Tel Aviv,10423,175.3,1570,1557
Baskonia,Zalgiris Kaunas,74,95,2.06,1.94,2022-07-24,2018,EuroLeague,Baskonia,9659,177.5,1507,1517
Anadolu Efes,Bayern Munich,103,88,1.91,2.1,2022-07-26,2018,EuroLeague,Anadolu Efes,13081,200.6,1652,1636
Panathinaikos,Valencia,92,68,1.89,2.12,2022-07-28,2018,EuroLeague,Panathinaikos,10245,168.0,1621,1601
Zalgiris Kaunas,Milano,76,83,1.66,2.5,2022-07-30,2018,EuroLeague,Zalgiris Kaunas,11932,167.0,1669,1598
Bayern Munich,Partizan,71,73,2.95,1.51,2022-08-01,2018,EuroLeague,Bayern Munich,10191,151.2,1517,1633
Valencia,ASVEL,92,77,1.47,3.13,2022-08-03,2018,EuroLeague,Valencia,10364,177.5,1676,1545
Milano,Real Madrid,102,97,1.59,2.71,2022-08-05,2018,EuroLeague,Milano,14369,209.0,1675,1582
Partizan,Barcelona,79,69,2.07,1.94,2022-08-07,2018,EuroLeague,Partizan,13194,155.4,1564,1575
ASVEL,Fenerbahçe,74,70,1.58,2.73,2022-08-09,2018,EuroLeague,ASVEL,14430,151.2,1685,1590
Real Madrid,Olympiacos,69,79,3.39,1.42,2022-08-11,2018,EuroLeague,Real Madrid,14871,155.4,1514,1665
Barcelona,CSKA Moscow,70,78,1.59,2.69,2022-08-13,2018,EuroLeague,Barcelona,9200,155.4,1689,1598
Fenerbahçe,Maccabi Tel Aviv,70,81,2.1,1.91,2022-08-15,2018,EuroLeague,Fenerbahçe,10206,158.6,1641,1657
Olympiacos,Baskonia,65,95,2.64,1.61,2022-08-17,2018,EuroLeague,Olympiacos,12650,168.0,1566,1652
CSKA Moscow,Anadolu Efes,80,60,1.39,3.59,2022-08-19,2018,EuroLeague,CSKA Moscow,11631,147.0,1691,1526
Maccabi Tel Aviv,Panathinaikos,61,60,1.67,2.49,2022-08-21,2018,EuroLeague,Maccabi Tel Aviv,9743,127.1,1571,1502
Baskonia,Zalgiris Kaunas,101,79,1.49,3.03,2022-08-23,2018,EuroLeague,Baskonia,9401,189.0,1698,1575
Anadolu Efes,Bayern Munich,60,98,3.37,1.42,2022-08-25,2018,EuroLeague,Anadolu Efes,13165,165.9,1521,1671
Panathinaikos,Valencia,75,60,1.61,2.65,2022-08-27,2018,EuroLeague,Panathinaikos,13582,141.8,1648,1561
Zalgiris Kaunas,Milano,76,92,2.62,1.62,2022-08-29,2018,EuroLeague,Zalgiris Kaunas,14538,176.4,1594,1678
Bayern Munich,Partizan,67,83,2.28,1.78,2022-08-31,2018,EuroLeague,Bayern Munich,12283,157.5,1515,1558
Valencia,ASVEL,71,71,2.23,1.81,2022-09-02,2018,EuroLeague,Valencia,9925,149.1,1511,1547
Milano,Real Madrid,65,65,3.1,1.48,2022-09-04,2018,EuroLeague,Milano,11762,136.5,1536,1665
Partizan,Barcelona,87,72,1.9,2.12,2022-09-06,2018,EuroLeague,Partizan,9314,167.0,1669,1650
ASVEL,Fenerbahçe,80,88,2.3,1.77,2022-09-08,2018,EuroLeague,ASVEL,10652,176.4,1563,1609
Real Madrid,Olympiacos,72,78,2.06,1.94,2022-09-10,2018,EuroLeague,Real Madrid,14796,157.5,1653,1663
Barcelona,CSKA Moscow,60,73,2.39,1.72,2022-09-12,2018,EuroLeague,Barcelona,12010,139.7,1636,1693
Fenerbahçe,Maccabi Tel Aviv,89,89,1.71,2.41,2022-09-14,2018,EuroLeague,Fenerbahçe,11583,186.9,1680,1620
Olympiacos,Baskonia,83,73,2.45,1.69,2022-09-16,2018,EuroLeague,Olympiacos,9011,163.8,1515,1580
CSKA Moscow,Anadolu Efes,89,76,1.86,2.17,2022-09-18,2018,EuroLeague,CSKA Moscow,10307,173.2,1622,1595
Maccabi Tel Aviv,Panathinaikos,70,63,2.13,1.89,2022-09-20,2018,EuroLeague,Maccabi Tel Aviv,9875,139.7,1579,1600
Baskonia,Zalgiris Kaunas,92,100,2.19,1.84,2022-09-22,2018,EuroLeague,Baskonia,13797,201.6,1563,1593
Anadolu Efes,Bayern Munich,79,71,2.3,1.77,2022-09-24,2018,EuroLeague,Anadolu Efes,14850,157.5,1617,1662
Panathinaikos,Valencia,60,70,2.36,1.73,2022-09-26,2018,EuroLeague,Panathinaikos,9441,136.5,1557,1611
Zalgiris Kaunas,Milano,75,63,3.29,1.44,2022-09-28,2018,EuroLeague,Zalgiris Kaunas,9907,144.9,1530,1674
Bayern Munich,Partizan,76,74,2.21,1.83,2022-09-30,2018,EuroLeague,Bayern Munich,14870,157.5,1527,1560
Valencia,ASVEL,86,69,1.86,2.16,2022-10-02,2018,EuroLeague,Valencia,12981,162.8,1626,1600
Milano,Real Madrid,80,62,1.71,2.41,2022-10-04,2018,EuroLeague,Milano,10565,149.1,1626,1566
Partizan,Barcelona,80,76,2.12,1.9,2022-10-06,2018,EuroLeague,Partizan,12048,163.8,1572,1591
ASVEL,Fenerbahçe,64,86,2.53,1.65,2022-10-08,2018,EuroLeague,ASVEL,13843,157.5,1525,1599
Real Madrid,Olympiacos,80,96,1.74,2.35,2022-10-10,2018,EuroLeague,Real Madrid,9513,184.8,1590,1538
Barcelona,CSKA Moscow,100,67,2.15,1.87,2022-10-12,2018,EuroLeague,Barcelona,9189,175.3,1655,1679
Fenerbahçe,Maccabi Tel Aviv,115,88,3.5,1.4,2022-10-14,2018,EuroLeague,Fenerbahçe,13409,213.2,1533,1692
Olympiacos,Baskonia,78,82,1.65,2.55,2022-10-16,2018,EuroLeague,Olympiacos,14264,168.0,1629,1553
CSKA Moscow,Anadolu Efes,73,73,1.48,3.1,2022-10-18,2018,EuroLeague,CSKA Moscow,13630,153.3,1681,1552
Maccabi Tel Aviv,Panathinaikos,82,75,1.7,2.43,2022-10-20,2018,EuroLeague,Maccabi Tel Aviv,12658,164.8,1608,1546
Baskonia,Zalgiris Kaunas,83,75,2.07,1.93,2022-10-22,2018,EuroLeague,Baskonia,14277,165.9,1500,1512
Anadolu Efes,Bayern Munich,75,93,2.66,1.6,2022-10-24,2018,EuroLeague,Anadolu Efes,9102,176.4,1559,1647
Panathinaikos,Valencia,77,60,1.45,3.2,2022-10-26,2018,EuroLeague,Panathinaikos,10509,143.8,1678,1541
Zalgiris Kaunas,Milano,100,97,2.5,1.66,2022-10-28,2018,EuroLeague,Zalgiris Kaunas,14711,206.9,1581,1652
Bayern Munich,Partizan,60,91,3.44,1.41,2022-10-30,2018,EuroLeague,Bayern Munich,13332,158.6,1502,1657
Valencia,ASVEL,74,91,3.54,1.39,2022-11-01,2018,EuroLeague,Valencia,11066,173.2,1538,1700
Milano,Real Madrid,74,79,2.12,1.9,2022-11-03,2018,EuroLeague,Milano,9004,160.7,1533,1552
Partizan,Barcelona,94,76,1.91,2.1,2022-11-05,2018,EuroLeague,Partizan,10363,178.5,1657,1641
ASVEL,Fenerbahçe,77,90,2.92,1.52,2022-11-07,2018,EuroLeague,ASVEL,13809,175.3,1587,1700
Real Madrid,Olympiacos,77,77,2.07,1.94,2022-11-09,2018,EuroLeague,Real Madrid,14546,161.7,1656,1667
Barcelona,CSKA Moscow,78,63,1.47,3.13,2022-11-11,2018,EuroLeague,Barcelona,11736,148.1,1645,1514
Fenerbahçe,Maccabi Tel Aviv,83,60,1.5,3.01,2022-11-13,2018,EuroLeague,Fenerbahçe,13261,150.2,1670,1549
Olympiacos,Baskonia,93,62,2.16,1.86,2022-11-15,2018,EuroLeague,Olympiacos,9290,162.8,1639,1665
CSKA Moscow,Anadolu Efes,76,70,1.75,2.33,2022-11-17,2018,EuroLeague,CSKA Moscow,14063,153.3,1659,1610
Maccabi Tel Aviv,Panathinaikos,77,72,1.63,2.59,2022-11-19,2018,EuroLeague,Maccabi Tel Aviv,10586,156.5,1644,1563
Baskonia,Zalgiris Kaunas,61,66,3.53,1.4,2022-11-21,2018,EuroLeague,Baskonia,11250,133.3,1510,1671
Anadolu Efes,Bayern Munich,83,73,1.72,2.4,2022-11-23,2018,EuroLeague,Anadolu Efes,12825,163.8,1590,1532
Panathinaikos,Valencia,83,99,3.0,1.5,2022-11-25,2018,EuroLeague,Panathinaikos,9802,191.1,1520,1640
Zalgiris Kaunas,Milano,61,83,1.8,2.25,2022-11-27,2018,EuroLeague,Zalgiris Kaunas,11636,151.2,1623,1584
Bayern Munich,Partizan,65,88,1.83,2.2,2022-11-29,2018,EuroLeague,Bayern Munich,11542,160.7,1678,1646
Valencia,ASVEL,86,80,1.44,3.26,2022-12-01,2018,EuroLeague,Valencia,10591,174.3,1662,1520
Milano,Real Madrid,94,79,1.42,3.4,2022-12-03,2018,EuroLeague,Milano,14175,181.7,1694,1542
Partizan,Barcelona,74,81,1.94,2.06,2022-12-05,2018,EuroLeague,Partizan,14505,162.8,1546,1536
ASVEL,Fenerbahçe,84,68,1.42,3.36,2022-12-07,2018,EuroLeague,ASVEL,12889,159.6,1662,1513
Real Madrid,Olympiacos,85,66,2.64,1.61,2022-12-09,2018,EuroLeague,Real Madrid,13039,158.6,1604,1690
Barcelona,CSKA Moscow,63,74,2.25,1.8,2022-12-11,2018,EuroLeague,Barcelona,9195,143.8,1585,1624
Fenerbahçe,Maccabi Tel Aviv,85,71,1.58,2.74,2022-12-13,2018,EuroLeague,Fenerbahçe,13903,163.8,1598,1502
Olympiacos,Baskonia,65,93,1.63,2.58,2022-12-15,2018,EuroLeague,Olympiacos,14549,165.9,1644,1564
CSKA Moscow,Anadolu Efes,75,71,1.97,2.04,2022-12-17,2018,EuroLeague,CSKA Moscow,10229,153.3,1614,1608
Maccabi Tel Aviv,Panathinaikos,69,98,2.63,1.61,2022-12-19,2018,EuroLeague,Maccabi Tel Aviv,10503,175.3,1587,1672
Baskonia,Zalgiris Kaunas,82,60,1.58,2.74,2022-12-21,2018,EuroLeague,Baskonia,12611,149.1,1619,1523
Anadolu Efes,Bayern Munich,89,96,1.7,2.44,2022-12-23,2018,EuroLeague,Anadolu Efes,14932,194.2,1685,1622
Panathinaikos,Valencia,95,88,1.81,2.23,2022-12-25,2018,EuroLeague,Panathinaikos,9156,192.2,1688,1652
Zalgiris Kaunas,Milano,60,89,2.34,1.75,2022-12-27,2018,EuroLeague,Zalgiris Kaunas,9845,156.5,1559,1610
Bayern Munich,Partizan,71,60,2.18,1.85,2022-12-29,2018,EuroLeague,Bayern Munich,14884,137.6,1628,1657
Valencia,ASVEL,74,92,1.94,2.06,2022-12-31,2018,EuroLeague,Valencia,12532,174.3,1608,1598
Milano,Real Madrid,101,82,1.52,2.94,2023-01-02,2018,EuroLeague,Milano,10501,192.2,1626,1511
Partizan,Barcelona,60,77,1.98,2.02,2023-01-04,2018,EuroLeague,Partizan,11172,143.8,1589,1585
ASVEL,Fenerbahçe,79,85,1.85,2.17,2023-01-06,2018,EuroLeague,ASVEL,9019,172.2,1536,1508
Real Madrid,Olympiacos,86,91,3.07,1.48,2023-01-08,2018,EuroLeague,Real Madrid,12557,185.8,1535,1661
Barcelona,CSKA Moscow,86,82,1.61,2.65,2023-01-10,2018,EuroLeague,Barcelona,13040,176.4,1629,1542
Fenerbahçe,Maccabi Tel Aviv,82,93,2.59,1.63,2023-01-12,2018,EuroLeague,Fenerbahçe,14455,183.8,1593,1674
Olympiacos,Baskonia,84,76,2.98,1.5,2023-01-14,2018,EuroLeague,Olympiacos,9503,168.0,1528,1647
CSKA Moscow,Anadolu Efes,65,75,1.57,2.76,2023-01-16,2018,EuroLeague,CSKA Moscow,9401,147.0,1677,1579
Maccabi Tel Aviv,Panathinaikos,65,70,1.97,2.03,2023-01-18,2018,EuroLeague,Maccabi Tel Aviv,14237,141.8,1634,1629
Baskonia,Zalgiris Kaunas,73,74,1.88,2.14,2023-01-20,2018,EuroLeague,Baskonia,14867,154.3,1661,1638
Anadolu Efes,Bayern Munich,80,69,1.66,2.51,2023-01-22,2018,EuroLeague,Anadolu Efes,14277,156.5,1608,1536
Panathinaikos,Valencia,109,96,2.16,1.86,2023-01-24,2018,EuroLeague,Panathinaikos,12361,215.2,1505,1531
Zalgiris Kaunas,Milano,82,88,1.5,3.0,2023-01-26,2018,EuroLeague,Zalgiris Kaunas,14863,178.5,1655,1535
Bayern Munich,Partizan,88,63,1.97,2.03,2023-01-28,2018,EuroLeague,Bayern Munich,12480,158.6,1642,1637
Valencia,ASVEL,70,66,2.47,1.68,2023-01-30,2018,EuroLeague,Valencia,10027,142.8,1625,1692
Milano,Real Madrid,77,72,1.39,3.59,2023-02-01,2018,EuroLeague,Milano,14737,156.5,1694,1529
Partizan,Barcelona,73,90,2.04,1.96,2023-02-03,2018,EuroLeague,Partizan,12464,171.2,1537,1544
ASVEL,Fenerbahçe,78,72,1.5,3.02,2023-02-05,2018,EuroLeague,ASVEL,9751,157.5,1658,1536
Real Madrid,Olympiacos,78,77,1.92,2.08,2023-02-07,2018,EuroLeague,Real Madrid,12157,162.8,1686,1672
Barcelona,CSKA Moscow,90,65,1.59,2.7,2023-02-09,2018,EuroLeague,Barcelona,12680,162.8,1637,1545
Fenerbahçe,Maccabi Tel Aviv,98,81,1.91,2.1,2023-02-11,2018,EuroLeague,Fenerbahçe,13213,188.0,1611,1595
Olympiacos,Baskonia,80,109,2.5,1.67,2023-02-13,2018,EuroLeague,Olympiacos,14795,198.5,1503,1573
CSKA Moscow,Anadolu Efes,79,80,2.49,1.67,2023-02-15,2018,EuroLeague,CSKA Moscow,10548,167.0,1538,1607
Maccabi Tel Aviv,Panathinaikos,70,90,1.7,2.44,2023-02-17,2018,EuroLeague,Maccabi Tel Aviv,9899,168.0,1688,1625
Baskonia,Zalgiris Kaunas,83,76,1.56,2.78,2023-02-19,2018,EuroLeague,Baskonia,12151,167.0,1693,1593
Anadolu Efes,Bayern Munich,70,77,3.69,1.37,2023-02-21,2018,EuroLeague,Anadolu Efes,11413,154.3,1513,1685
Panathinaikos,Valencia,102,71,1.44,3.25,2023-02-23,2018,EuroLeague,Panathinaikos,10721,181.7,1662,1521
Zalgiris Kaunas,Milano,92,76,1.89,2.13,2023-02-25,2018,EuroLeague,Zalgiris Kaunas,13090,176.4,1580,1559
Bayern Munich,Partizan,81,87,1.95,1.95,2023-02-27,2018,EuroLeague,Bayern Munich,13794,176.4,1588,1588
Valencia,ASVEL,73,71,1.64,2.57,2023-03-01,2018,EuroLeague,Valencia,9297,151.2,1607,1529
Milano,Real Madrid,79,74,1.68,2.47,2023-03-03,2018,EuroLeague,Milano,11168,160.7,1608,1541
Partizan,Barcelona,69,83,2.4,1.72,2023-03-05,2018,EuroLeague,Partizan,14460,159.6,1590,1648
ASVEL,Fenerbahçe,66,94,3.21,1.45,2023-03-07,2018,EuroLeague,ASVEL,14116,168.0,1505,1643
Real Madrid,Olympiacos,79,87,1.9,2.12,2023-03-09,2018,EuroLeague,Real Madrid,12337,174.3,1542,1523
Barcelona,CSKA Moscow,70,77,2.24,1.8,2023-03-11,2018,EuroLeague,Barcelona,13732,154.3,1623,1661
Fenerbahçe,Maccabi Tel Aviv,67,82,1.55,2.82,2023-03-13,2018,EuroLeague,Fenerbahçe,10669,156.5,1670,1566
Olympiacos,Baskonia,80,60,1.39,3.59,2023-03-15,2018,EuroLeague,Olympiacos,14310,147.0,1696,1531
CSKA Moscow,Anadolu Efes,93,60,2.01,1.99,2023-03-17,2018,EuroLeague,CSKA Moscow,14720,160.7,1586,1588
Maccabi Tel Aviv,Panathinaikos,90,71,2.43,1.7,2023-03-19,2018,EuroLeague,Maccabi Tel Aviv,11906,169.1,1522,1584
Baskonia,Zalgiris Kaunas,115,69,1.4,3.48,2023-03-21,2018,EuroLeague,Baskonia,11652,193.2,1698,1540
Anadolu Efes,Bayern Munich,86,64,2.68,1.6,2023-03-23,2018,EuroLeague,Anadolu Efes,12664,157.5,1552,1642
Panathinaikos,Valencia,73,90,2.63,1.61,2023-03-25,2018,EuroLeague,Panathinaikos,14673,171.2,1561,1646
Zalgiris Kaunas,Milano,84,87,3.2,1.45,2023-03-27,2018,EuroLeague,Zalgiris Kaunas,9636,179.6,1515,1652
Bayern Munich,Partizan,94,69,1.6,2.68,2023-03-29,2018,EuroLeague,Bayern Munich,9314,171.2,1670,1580
Valencia,ASVEL,98,64,2.36,1.73,2023-03-31,2018,EuroLeague,Valencia,10478,170.1,1520,1574
Milano,Real Madrid,81,74,2.34,1.75,2023-04-02,2018,EuroLeague,Milano,9542,162.8,1589,1640
Partizan,Barcelona,90,75,1.77,2.3,2023-04-04,2018,EuroLeague,Partizan,10126,173.2,1611,1566
ASVEL,Fenerbahçe,78,72,1.67,2.49,2023-04-06,2018,EuroLeague,ASVEL,9051,157.5,1586,1517
Real Madrid,Olympiacos,67,83,1.42,3.39,2023-04-08,2018,EuroLeague,Real Madrid,10777,157.5,1699,1548
Barcelona,CSKA Moscow,113,101,1.8,2.24,2023-04-10,2018,EuroLeague,Barcelona,13143,224.7,1692,1654
Fenerbahçe,Maccabi Tel Aviv,80,88,3.72,1.37,2023-04-12,2018,EuroLeague,Fenerbahçe,10612,176.4,1508,1682
Olympiacos,Baskonia,60,75,1.84,2.19,2023-04-14,2018,EuroLeague,Olympiacos,13400,141.8,1644,1614
CSKA Moscow,Anadolu Efes,96,73,1.6,2.67,2023-04-16,2018,EuroLeague,CSKA Moscow,12785,177.5,1603,1514
Maccabi Tel Aviv,Panathinaikos,64,101,1.65,2.54,2023-04-18,2018,EuroLeague,Maccabi Tel Aviv,13305,173.2,1609,1534
Baskonia,Zalgiris Kaunas,87,81,1.62,2.62,2023-04-20,2018,EuroLeague,Baskonia,13079,176.4,1671,1587
Anadolu Efes,Bayern Munich,91,100,2.62,1.62,2023-04-22,2018,EuroLeague,Anadolu Efes,13076,200.6,1616,1700
Panathinaikos,Valencia,64,85,1.49,3.03,2023-04-24,2018,EuroLeague,Panathinaikos,11105,156.5,1672,1549
Zalgiris Kaunas,Milano,84,72,2.87,1.53,2023-04-26,2018,EuroLeague,Zalgiris Kaunas,14377,163.8,1545,1654
Bayern Munich,Partizan,65,86,3.37,1.42,2023-04-28,2018,EuroLeague,Bayern Munich,11790,158.6,1518,1668
Valencia,ASVEL,80,93,1.83,2.21,2023-04-30,2018,EuroLeague,Valencia,10719,181.7,1685,1652
Milano,Real Madrid,82,70,2.12,1.89,2023-05-02,2018,EuroLeague,Milano,9991,159.6,1612,1632
Partizan,Barcelona,89,65,1.39,3.56,2023-05-04,2018,EuroLeague,Partizan,13943,161.7,1685,1522
ASVEL,Fenerbahçe,60,75,1.91,2.1,2023-05-06,2018,EuroLeague,ASVEL,12392,141.8,1630,1614
Real Madrid,Olympiacos,80,86,1.68,2.48,2023-05-08,2018,EuroLeague,Real Madrid,11265,174.3,1673,1605
Barcelona,CSKA Moscow,73,83,1.73,2.36,2023-05-10,2018,EuroLeague,Barcelona,9862,163.8,1566,1512
Fenerbahçe,Maccabi Tel Aviv,71,60,3.09,1.48,2023-05-12,2018,EuroLeague,Fenerbahçe,13759,137.6,1561,1689
Olympiacos,Baskonia,71,84,2.66,1.6,2023-05-14,2018,EuroLeague,Olympiacos,10046,162.8,1562,1650
CSKA Moscow,Anadolu Efes,82,72,2.06,1.94,2023-05-16,2018,EuroLeague,CSKA Moscow,11430,161.7,1606,1616
Maccabi Tel Aviv,Panathinaikos,109,64,1.61,2.63,2023-05-18,2018,EuroLeague,Maccabi Tel Aviv,11994,181.7,1615,1530
Baskonia,Zalgiris Kaunas,104,82,1.8,2.24,2023-05-20,2018,EuroLeague,Baskonia,12562,195.3,1639,1601
Anadolu Efes,Bayern Munich,84,79,2.68,1.6,2023-05-22,2018,EuroLeague,Anadolu Efes,9546,171.2,1509,1599
Panathinaikos,Valencia,81,60,1.89,2.12,2023-05-24,2018,EuroLeague,Panathinaikos,14884,148.1,1575,1555
Zalgiris Kaunas,Milano,72,64,1.86,2.17,2023-05-26,2018,EuroLeague,Zalgiris Kaunas,12581,142.8,1658,1631
Bayern Munich,Partizan,85,81,2.24,1.8,2023-05-28,2018,EuroLeague,Bayern Munich,10026,174.3,1523,1561
Valencia,ASVEL,73,82,1.93,2.08,2023-05-30,2018,EuroLeague,Valencia,10794,162.8,1678,1665
Milano,Real Madrid,82,85,2.8,1.56,2023-06-01,2018,EuroLeague,Milano,14684,175.3,1528,1630
Partizan,Barcelona,77,75,2.65,1.61,2023-06-03,2018,EuroLeague,Partizan,11278,159.6,1598,1685
ASVEL,Fenerbahçe,60,75,2.7,1.59,2023-06-05,2018,EuroLeague,ASVEL,14170,141.8,1509,1601
Real Madrid,Olympiacos,86,87,1.92,2.08,2023-06-07,2018,EuroLeague,Real Madrid,9112,181.7,1578,1564
Barcelona,CSKA Moscow,79,101,2.55,1.65,2023-06-09,2018,EuroLeague,Barcelona,14568,189.0,1615,1691
Fenerbahçe,Maccabi Tel Aviv,80,80,2.33,1.75,2023-06-11,2018,EuroLeague,Fenerbahçe,12135,168.0,1625,1675
Olympiacos,Baskonia,86,62,1.54,2.86,2023-06-13,2018,EuroLeague,Olympiacos,9285,155.4,1629,1521
CSKA Moscow,Anadolu Efes,70,80,1.8,2.24,2023-06-15,2018,EuroLeague,CSKA Moscow,9459,157.5,1656,1618
Maccabi Tel Aviv,Panathinaikos,60,90,3.03,1.49,2023-06-17,2018,EuroLeague,Maccabi Tel Aviv,13033,157.5,1501,1624
Baskonia,Zalgiris Kaunas,73,84,2.44,1.7,2023-06-19,2018,EuroLeague,Baskonia,10699,164.8,1633,1696
Anadolu Efes,Bayern Munich,88,88,1.96,2.04,2023-06-21,2018,EuroLeague,Anadolu Efes,13477,184.8,1682,1675
Panathinaikos,Valencia,78,73,2.48,1.68,2023-06-23,2018,EuroLeague,Panathinaikos,9316,158.6,1573,1641
Zalgiris Kaunas,Milano,60,83,2.2,1.84,2023-06-25,2018,EuroLeague,Zalgiris Kaunas,9916,150.2,1515,1546
Bayern Munich,Partizan,81,74,2.07,1.94,2023-06-27,2018,EuroLeague,Bayern Munich,12933,162.8,1520,1531
Valencia,ASVEL,113,73,1.56,2.79,2023-06-29,2018,EuroLeague,Valencia,14920,195.3,1679,1578
Milano,Real Madrid,68,79,2.73,1.58,2023-07-01,2018,EuroLeague,Milano,9340,154.3,1506,1601
Partizan,Barcelona,66,80,2.04,1.96,2023-07-03,2018,EuroLeague,Partizan,11246,153.3,1521,1528
ASVEL,Fenerbahçe,93,69,1.67,2.49,2023-07-05,2018,EuroLeague,ASVEL,9348,170.1,1601,1532
Real Madrid,Olympiacos,67,79,3.47,1.41,2023-07-07,2018,EuroLeague,Real Madrid,12496,153.3,1538,1695
Barcelona,CSKA Moscow,85,71,1.53,2.89,2023-07-09,2018,EuroLeague,Barcelona,13028,163.8,1668,1557
Fenerbahçe,Maccabi Tel Aviv,70,85,3.53,1.4,2023-07-11,2018,EuroLeague,Fenerbahçe,12800,162.8,1520,1681
Olympiacos,Baskonia,81,78,2.16,1.86,2023-07-13,2018,EuroLeague,Olympiacos,14016,167.0,1604,1630
CSKA Moscow,Anadolu Efes,87,81,3.23,1.45,2023-07-15,2018,EuroLeague,CSKA Moscow,10775,176.4,1533,1672
Maccabi Tel Aviv,Panathinaikos,60,92,3.15,1.47,2023-07-17,2018,EuroLeague,Maccabi Tel Aviv,14992,159.6,1562,1695
Baskonia,Zalgiris Kaunas,60,82,2.27,1.79,2023-07-19,2018,EuroLeague,Baskonia,13350,149.1,1585,1627
Anadolu Efes,Bayern Munich,78,62,3.14,1.47,2023-07-21,2018,EuroLeague,Anadolu Efes,14363,147.0,1543,1675
Panathinaikos,Valencia,87,71,1.41,3.47,2023-07-23,2018,EuroLeague,Panathinaikos,14904,165.9,1688,1531
Zalgiris Kaunas,Milano,105,67,1.42,3.39,2023-07-25,2018,EuroLeague,Zalgiris Kaunas,11140,180.6,1659,1508
Bayern Munich,Partizan,98,95,1.94,2.07,2023-07-27,2018,EuroLeague,Bayern Munich,13251,202.7,1685,1674
Valencia,ASVEL,79,63,1.6,2.67,2023-07-29,2018,EuroLeague,Valencia,12592,149.1,1672,1583
Milano,Real Madrid,60,82,2.52,1.66,2023-07-31,2018,EuroLeague,Milano,10064,149.1,1561,1634
Partizan,Barcelona,82,84,1.76,2.31,2023-08-02,2018,EuroLeague,Partizan,14015,174.3,1562,1515
ASVEL,Fenerbahçe,91,72,1.45,3.2,2023-08-04,2018,EuroLeague,ASVEL,14466,171.2,1689,1552
Real Madrid,Olympiacos,60,77,1.73,2.36,2023-08-06,2018,EuroLeague,Real Madrid,13757,143.8,1695,1641
Barcelona,CSKA Moscow,72,70,1.85,2.18,2023-08-08,2018,EuroLeague,Barcelona,10171,149.1,1535,1506
Fenerbahçe,Maccabi Tel Aviv,80,86,1.49,3.03,2023-08-10,2018,EuroLeague,Fenerbahçe,13673,174.3,1636,1513
Olympiacos,Baskonia,79,90,1.89,2.12,2023-08-12,2018,EuroLeague,Olympiacos,12614,177.5,1642,1622
CSKA Moscow,Anadolu Efes,103,80,1.73,2.37,2023-08-14,2018,EuroLeague,CSKA Moscow,14035,192.2,1674,1619
Maccabi Tel Aviv,Panathinaikos,60,86,1.95,1.95,2023-08-16,2018,EuroLeague,Maccabi Tel Aviv,12111,153.3,1509,1509
Baskonia,Zalgiris Kaunas,82,60,1.6,2.67,2023-08-18,2018,EuroLeague,Baskonia,9765,149.1,1659,1570
Anadolu Efes,Bayern Munich,76,64,1.68,2.46,2023-08-20,2018,EuroLeague,Anadolu Efes,9766,147.0,1582,1516
Panathinaikos,Valencia,83,60,1.41,3.45,2023-08-22,2018,EuroLeague,Panathinaikos,14856,150.2,1684,1528
Zalgiris Kaunas,Milano,63,83,2.04,1.96,2023-08-24,2018,EuroLeague,Zalgiris Kaunas,12349,153.3,1645,1652
Bayern Munich,Partizan,87,78,2.19,1.84,2023-08-26,2018,EuroLeague,Bayern Munich,11152,173.2,1563,1593
Valencia,ASVEL,85,68,2.38,1.72,2023-08-28,2018,EuroLeague,Valencia,9233,160.7,1501,1557
Milano,Real Madrid,78,92,1.69,2.45,2023-08-30,2018,EuroLeague,Milano,11000,178.5,1692,1627
Partizan,Barcelona,62,66,1.82,2.22,2023-09-01,2018,EuroLeague,Partizan,11470,134.4,1596,1562
ASVEL,Fenerbahçe,75,87,1.85,2.17,2023-09-03,2018,EuroLeague,ASVEL,9911,170.1,1654,1626
Real Madrid,Olympiacos,79,82,2.59,1.63,2023-09-05,2018,EuroLeague,Real Madrid,10758,169.1,1608,1689
Barcelona,CSKA Moscow,80,100,2.73,1.58,2023-09-07,2018,EuroLeague,Barcelona,13322,189.0,1516,1611
Fenerbahçe,Maccabi Tel Aviv,76,72,1.69,2.45,2023-09-09,2018,EuroLeague,Fenerbahçe,12732,155.4,1603,1538
Olympiacos,Baskonia,89,67,1.58,2.72,2023-09-11,2018,EuroLeague,Olympiacos,11050,163.8,1629,1535
CSKA Moscow,Anadolu Efes,75,82,2.1,1.91,2023-09-13,2018,EuroLeague,CSKA Moscow,14142,164.8,1552,1568
Maccabi Tel Aviv,Panathinaikos,84,70,2.79,1.56,2023-09-15,2018,EuroLeague,Maccabi Tel Aviv,13786,161.7,1577,1678
Baskonia,Zalgiris Kaunas,73,76,1.67,2.5,2023-09-17,2018,EuroLeague,Baskonia,11115,156.5,1691,1621
Anadolu Efes,Bayern Munich,82,74,2.66,1.6,2023-09-19,2018,EuroLeague,Anadolu Efes,13308,163.8,1599,1687
Panathinaikos,Valencia,63,71,2.63,1.61,2023-09-21,2018,EuroLeague,Panathinaikos,9678,140.7,1593,1678
Zalgiris Kaunas,Milano,96,90,1.64,2.57,2023-09-23,2018,EuroLeague,Zalgiris Kaunas,9353,195.3,1641,1563
Bayern Munich,Partizan,60,78,2.47,1.68,2023-09-25,2018,EuroLeague,Bayern Munich,14140,144.9,1569,1636
Valencia,ASVEL,77,74,2.42,1.7,2023-09-27,2018,EuroLeague,Valencia,13048,158.6,1576,1637
Milano,Real Madrid,60,60,2.17,1.85,2023-09-29,2018,EuroLeague,Milano,10806,126.0,1548,1576
Partizan,Barcelona,87,63,1.49,3.03,2023-10-01,2018,EuroLeague,Partizan,11826,157.5,1688,1565
ASVEL,Fenerbahçe,60,73,3.09,1.48,2023-10-03,2018,EuroLeague,ASVEL,13055,139.7,1526,1654
Real Madrid,Olympiacos,65,94,2.33,1.75,2023-10-05,2018,EuroLeague,Real Madrid,10184,167.0,1577,1627
Barcelona,CSKA Moscow,80,79,2.27,1.79,2023-10-07,2018,EuroLeague,Barcelona,10988,167.0,1614,1656
Fenerbahçe,Maccabi Tel Aviv,74,93,3.36,1.42,2023-10-09,2018,EuroLeague,Fenerbahçe,12632,175.3,1509,1658
Olympiacos,Baskonia,65,63,1.51,2.95,2023-10-11,2018,EuroLeague,Olympiacos,13731,134.4,1634,1518
CSKA Moscow,Anadolu Efes,84,69,3.01,1.5,2023-10-13,2018,EuroLeague,CSKA Moscow,12854,160.7,1552,1673
Maccabi Tel Aviv,Panathinaikos,104,71,1.64,2.57,2023-10-15,2018,EuroLeague,Maccabi Tel Aviv,14691,183.8,1699,1621
Baskonia,Zalgiris Kaunas,78,83,1.76,2.31,2023-10-17,2018,EuroLeague,Baskonia,11608,169.1,1628,1581
Anadolu Efes,Bayern Munich,85,78,1.67,2.5,2023-10-19,2018,EuroLeague,Anadolu Efes,14963,171.2,1605,1535
Panathinaikos,Valencia,86,90,1.78,2.29,2023-10-21,2018,EuroLeague,Panathinaikos,12817,184.8,1677,1633
Zalgiris Kaunas,Milano,91,65,2.2,1.84,2023-10-23,2018,EuroLeague,Zalgiris Kaunas,13115,163.8,1604,1635
Bayern Munich,Partizan,68,110,3.51,1.4,2023-10-25,2018,EuroLeague,Bayern Munich,13448,186.9,1519,1679
Valencia,ASVEL,99,75,3.63,1.38,2023-10-27,2018,EuroLeague,Valencia,12042,182.7,1518,1686
Milano,Real Madrid,66,62,2.09,1.92,2023-10-29,2018,EuroLeague,Milano,14159,134.4,1534,1549
Partizan,Barcelona,73,79,2.04,1.96,2023-10-31,2018,EuroLeague,Partizan,13841,159.6,1666,1673
ASVEL,Fenerbahçe,75,75,2.29,1.78,2023-11-02,2018,EuroLeague,ASVEL,13198,157.5,1588,1632
Real Madrid,Olympiacos,82,82,2.04,1.96,2023-11-04,2018,EuroLeague,Real Madrid,13500,172.2,1637,1644
Barcelona,CSKA Moscow,60,90,2.22,1.82,2023-11-06,2018,EuroLeague,Barcelona,10381,157.5,1578,1612
Fenerbahçe,Maccabi Tel Aviv,80,73,1.87,2.15,2023-11-08,2018,EuroLeague,Fenerbahçe,14449,160.7,1562,1538
Olympiacos,Baskonia,79,78,3.48,1.4,2023-11-10,2018,EuroLeague,Olympiacos,13970,164.8,1506,1664
CSKA Moscow,Anadolu Efes,60,75,2.62,1.62,2023-11-12,2018,EuroLeague,CSKA Moscow,13374,141.8,1588,1672
Maccabi Tel Aviv,Panathinaikos,68,77,2.27,1.79,2023-11-14,2018,EuroLeague,Maccabi Tel Aviv,10395,152.2,1572,1614
Baskonia,Zalgiris Kaunas,78,77,2.69,1.59,2023-11-16,2018,EuroLeague,Baskonia,14934,162.8,1565,1656
Anadolu Efes,Bayern Munich,71,93,1.95,1.95,2023-11-18,2018,EuroLeague,Anadolu Efes,10840,172.2,1612,1612
Panathinaikos,Valencia,72,81,1.78,2.28,2023-11-20,2018,EuroLeague,Panathinaikos,10725,160.7,1586,1543
Zalgiris Kaunas,Milano,92,76,1.35,3.83,2023-11-22,2018,EuroLeague,Zalgiris Kaunas,12781,176.4,1690,1509
Bayern Munich,Partizan,89,85,1.64,2.57,2023-11-24,2018,EuroLeague,Bayern Munich,10992,182.7,1686,1608
Valencia,ASVEL,69,60,2.24,1.81,2023-11-26,2018,EuroLeague,Valencia,10459,135.5,1627,1664
Milano,Real Madrid,72,60,2.03,1.97,2023-11-28,2018,EuroLeague,Milano,9237,138.6,1632,1637
Partizan,Barcelona,73,80,2.2,1.84,2023-11-30,2018,EuroLeague,Partizan,9042,160.7,1656,1687
ASVEL,Fenerbahçe,85,83,2.1,1.91,2023-12-02,2018,EuroLeague,ASVEL,11072,176.4,1532,1549
Real Madrid,Olympiacos,61,111,2.76,1.57,2023-12-04,2018,EuroLeague,Real Madrid,12667,180.6,1537,1635
Barcelona,CSKA Moscow,76,67,1.65,2.53,2023-12-06,2018,EuroLeague,Barcelona,11643,150.2,1651,1577
Fenerbahçe,Maccabi Tel Aviv,98,62,1.44,3.28,2023-12-08,2018,EuroLeague,Fenerbahçe,12469,168.0,1648,1505
Olympiacos,Baskonia,81,64,1.37,3.74,2023-12-10,2018,EuroLeague,Olympiacos,10773,152.2,1692,1517
CSKA Moscow,Anadolu Efes,85,71,2.15,1.87,2023-12-12,2018,EuroLeague,CSKA Moscow,14102,163.8,1563,1588
Maccabi Tel Aviv,Panathinaikos,84,70,1.66,2.5,2023-12-14,2018,EuroLeague,Maccabi Tel Aviv,13984,161.7,1586,1515
Baskonia,Zalgiris Kaunas,63,89,1.83,2.21,2023-12-16,2018,EuroLeague,Baskonia,13012,159.6,1543,1510
Anadolu Efes,Bayern Munich,72,84,2.97,1.51,2023-12-18,2018,EuroLeague,Anadolu Efes,14071,163.8,1561,1679
Panathinaikos,Valencia,60,85,2.45,1.69,2023-12-20,2018,EuroLeague,Panathinaikos,12668,152.2,1614,1678
Zalgiris Kaunas,Milano,95,89,2.87,1.53,2023-12-22,2018,EuroLeague,Zalgiris Kaunas,13874,193.2,1502,1611
Bayern Munich,Partizan,80,79,3.2,1.45,2023-12-24,2018,EuroLeague,Bayern Munich,11184,167.0,1518,1655
Valencia,ASVEL,68,73,1.47,3.11,2023-12-26,2018,EuroLeague,Valencia,9300,148.1,1635,1505
Milano,Real Madrid,94,78,1.9,2.12,2023-12-28,2018,EuroLeague,Milano,11499,180.6,1690,1671
Partizan,Barcelona,87,64,2.02,1.98,2023-12-30,2018,EuroLeague,Partizan,13112,158.6,1533,1537
ASVEL,Fenerbahçe,82,76,1.56,2.79,2024-01-01,2018,EuroLeague,ASVEL,11874,165.9,1649,1548
Real Madrid,Olympiacos,73,74,2.7,1.59,2024-01-03,2018,EuroLeague,Real Madrid,12561,154.3,1578,1670
Barcelona,CSKA Moscow,80,86,2.36,1.73,2024-01-05,2018,EuroLeague,Barcelona,10927,174.3,1536,1590
Fenerbahçe,Maccabi Tel Aviv,74,62,1.98,2.02,2024-01-07,2018,EuroLeague,Fenerbahçe,14261,142.8,1574,1570
Olympiacos,Baskonia,96,80,1.61,2.65,2024-01-09,2018,EuroLeague,Olympiacos,12103,184.8,1671,1584
CSKA Moscow,Anadolu Efes,70,86,3.51,1.4,2024-01-11,2018,EuroLeague,CSKA Moscow,10922,163.8,1520,1680
Maccabi Tel Aviv,Panathinaikos,82,72,1.37,3.74,2024-01-13,2018,EuroLeague,Maccabi Tel Aviv,14486,161.7,1682,1507
Baskonia,Zalgiris Kaunas,76,60,1.83,2.2,2024-01-15,2018,EuroLeague,Baskonia,14941,142.8,1668,1636
Anadolu Efes,Bayern Munich,74,76,1.52,2.93,2024-01-17,2018,EuroLeague,Anadolu Efes,11304,157.5,1679,1565
Panathinaikos,Valencia,62,74,3.2,1.45,2024-01-19,2018,EuroLeague,Panathinaikos,10780,142.8,1549,1686
Zalgiris Kaunas,Milano,82,97,2.42,1.7,2024-01-21,2018,EuroLeague,Zalgiris Kaunas,12012,188.0,1546,1607
Bayern Munich,Partizan,86,75,2.2,1.84,2024-01-23,2018,EuroLeague,Bayern Munich,13580,169.1,1595,1626
Valencia,ASVEL,69,60,2.27,1.79,2024-01-25,2018,EuroLeague,Valencia,11604,135.5,1629,1670
Milano,Real Madrid,86,69,1.41,3.44,2024-01-27,2018,EuroLeague,Milano,11330,162.8,1696,1541
Partizan,Barcelona,74,89,1.88,2.14,2024-01-29,2018,EuroLeague,Partizan,10041,171.2,1696,1673
ASVEL,Fenerbahçe,72,80,2.27,1.79,2024-01-31,2018,EuroLeague,ASVEL,9737,159.6,1634,1675
Real Madrid,Olympiacos,104,85,1.85,2.18,2024-02-02,2018,EuroLeague,Real Madrid,9279,198.5,1544,1515
Barcelona,CSKA Moscow,77,60,1.61,2.64,2024-02-04,2018,EuroLeague,Barcelona,10064,143.8,1698,1612
Fenerbahçe,Maccabi Tel Aviv,76,75,2.53,1.65,2024-02-06,2018,EuroLeague,Fenerbahçe,14237,158.6,1621,1695
Olympiacos,Baskonia,90,60,1.56,2.8,2024-02-08,2018,EuroLeague,Olympiacos,10484,157.5,1603,1501
CSKA Moscow,Anadolu Efes,85,65,2.4,1.72,2024-02-10,2018,EuroLeague,CSKA Moscow,12812,157.5,1540,1598
Maccabi Tel Aviv,Panathinaikos,82,85,2.02,1.98,2024-02-12,2018,EuroLeague,Maccabi Tel Aviv,9332,175.3,1585,1589
Baskonia,Zalgiris Kaunas,78,61,1.95,2.05,2024-02-14,2018,EuroLeague,Baskonia,11082,146.0,1683,1674
Anadolu Efes,Bayern Munich,75,75,1.54,2.85,2024-02-16,2018,EuroLeague,Anadolu Efes,11914,157.5,1644,1537
Panathinaikos,Valencia,82,74,1.38,3.62,2024-02-18,2018,EuroLeague,Panathinaikos,9483,163.8,1686,1519
Zalgiris Kaunas,Milano,98,80,1.92,2.09,2024-02-20,2018,EuroLeague,Zalgiris Kaunas,9588,186.9,1644,1629
Bayern Munich,Partizan,75,81,1.82,2.22,2024-02-22,2018,EuroLeague,Bayern Munich,9641,163.8,1676,1641
Valencia,ASVEL,74,80,1.59,2.71,2024-02-24,2018,EuroLeague,Valencia,13586,161.7,1686,1593
Milano,Real Madrid,85,70,1.96,2.04,2024-02-26,2018,EuroLeague,Milano,11184,162.8,1590,1583
Partizan,Barcelona,98,87,2.49,1.67,2024-02-28,2018,EuroLeague,Partizan,13474,194.2,1559,1628
ASVEL,Fenerbahçe,84,66,1.55,2.83,2024-03-01,2018,EuroLeague,ASVEL,9865,157.5,1627,1522
Real Madrid,Olympiacos,98,60,2.05,1.95,2024-03-03,2018,EuroLeague,Real Madrid,11315,165.9,1612,1621
Barcelona,CSKA Moscow,79,82,1.7,2.42,2024-03-05,2018,EuroLeague,Barcelona,13695,169.1,1623,1562
Fenerbahçe,Maccabi Tel Aviv,77,85,1.54,2.86,2024-03-07,2018,EuroLeague,Fenerbahçe,13407,170.1,1699,1591
Olympiacos,Baskonia,85,67,2.2,1.83,2024-03-09,2018,EuroLeague,Olympiacos,11756,159.6,1651,1683
CSKA Moscow,Anadolu Efes,75,80,1.47,3.13,2024-03-11,2018,EuroLeague,CSKA Moscow,9711,162.8,1692,1561
Maccabi Tel Aviv,Panathinaikos,71,89,2.2,1.84,2024-03-13,2018,EuroLeague,Maccabi Tel Aviv,11590,168.0,1647,1678
Baskonia,Zalgiris Kaunas,81,81,1.85,2.17,2024-03-15,2018,EuroLeague,Baskonia,13240,170.1,1532,1504
Anadolu Efes,Bayern Munich,97,73,1.7,2.42,2024-03-17,2018,EuroLeague,Anadolu Efes,12501,178.5,1693,1632
Panathinaikos,Valencia,93,91,1.8,2.25,2024-03-19,2018,EuroLeague,Panathinaikos,12094,193.2,1686,1647
Zalgiris Kaunas,Milano,71,72,3.45,1.41,2024-03-21,2018,EuroLeague,Zalgiris Kaunas,11783,150.2,1531,1687
Real Madrid,Olympiacos,82,84,2.08,1.93,2019-10-01,2019,EuroLeague,Real Madrid,10417,174.3,1624,1637
Barcelona,CSKA Moscow,78,83,2.68,1.6,2019-10-03,2019,EuroLeague,Barcelona,10156,169.1,1605,1695
Fenerbahçe,Maccabi Tel Aviv,92,68,2.95,1.51,2019-10-05,2019,EuroLeague,Fenerbahçe,9219,168.0,1577,1693
Olympiacos,Baskonia,87,60,1.95,2.05,2019-10-07,2019,EuroLeague,Olympiacos,12959,154.3,1674,1666
CSKA Moscow,Anadolu Efes,60,84,2.43,1.7,2019-10-09,2019,EuroLeague,CSKA Moscow,9527,151.2,1573,1635
Maccabi Tel Aviv,Panathinaikos,77,103,2.34,1.75,2019-10-11,2019,EuroLeague,Maccabi Tel Aviv,13759,189.0,1565,1616
Baskonia,Zalgiris Kaunas,85,60,1.93,2.07,2019-10-13,2019,EuroLeague,Baskonia,14269,152.2,1689,1677
Anadolu Efes,Bayern Munich,91,60,1.71,2.4,2019-10-15,2019,EuroLeague,Anadolu Efes,14878,158.6,1689,1630
Panathinaikos,Valencia,60,85,1.92,2.08,2019-10-17,2019,EuroLeague,Panathinaikos,11156,152.2,1515,1501
Zalgiris Kaunas,Milano,75,75,2.05,1.95,2019-10-19,2019,EuroLeague,Zalgiris Kaunas,13881,157.5,1561,1569
Bayern Munich,Partizan,69,81,1.42,3.4,2019-10-21,2019,EuroLeague,Bayern Munich,10205,157.5,1660,1508
Valencia,ASVEL,87,82,1.35,3.83,2019-10-23,2019,EuroLeague,Valencia,11391,177.5,1692,1511
Milano,Real Madrid,68,65,2.34,1.75,2019-10-25,2019,EuroLeague,Milano,9501,139.7,1604,1655
Partizan,Barcelona,75,91,2.55,1.65,2019-10-27,2019,EuroLeague,Partizan,9376,174.3,1609,1685
ASVEL,Fenerbahçe,84,66,1.81,2.24,2019-10-29,2019,EuroLeague,ASVEL,9491,157.5,1604,1567
Real Madrid,Olympiacos,76,88,1.75,2.33,2019-10-31,2019,EuroLeague,Real Madrid,14144,172.2,1563,1513
Barcelona,CSKA Moscow,79,79,2.82,1.55,2019-11-02,2019,EuroLeague,Barcelona,12782,165.9,1541,1645
Fenerbahçe,Maccabi Tel Aviv,104,73,1.37,3.72,2019-11-04,2019,EuroLeague,Fenerbahçe,9907,185.8,1681,1507
Olympiacos,Baskonia,90,94,2.46,1.68,2019-11-06,2019,EuroLeague,Olympiacos,11954,193.2,1500,1566
CSKA Moscow,Anadolu Efes,79,67,1.44,3.28,2019-11-08,2019,EuroLeague,CSKA Moscow,11577,153.3,1646,1503
Maccabi Tel Aviv,Panathinaikos,69,88,1.79,2.27,2019-11-10,2019,EuroLeague,Maccabi Tel Aviv,12178,164.8,1598,1556
Baskonia,Zalgiris Kaunas,76,92,1.72,2.4,2019-11-12,2019,EuroLeague,Baskonia,12371,176.4,1669,1611
Anadolu Efes,Bayern Munich,88,88,2.24,1.8,2019-11-14,2019,EuroLeague,Anadolu Efes,10036,184.8,1531,1569
Panathinaikos,Valencia,92,94,1.45,3.21,2019-11-16,2019,EuroLeague,Panathinaikos,14953,195.3,1655,1517
Zalgiris Kaunas,Milano,86,63,2.71,1.59,2019-11-18,2019,EuroLeague,Zalgiris Kaunas,10127,156.5,1525,1618
Bayern Munich,Partizan,83,63,1.83,2.2,2019-11-20,2019,EuroLeague,Bayern Munich,9799,153.3,1686,1654
Valencia,ASVEL,105,62,1.48,3.08,2019-11-22,2019,EuroLeague,Valencia,14667,175.3,1649,1522
Milano,Real Madrid,81,68,2.2,1.84,2019-11-24,2019,EuroLeague,Milano,10503,156.5,1582,1613
Partizan,Barcelona,96,70,1.81,2.23,2019-11-26,2019,EuroLeague,Partizan,12344,174.3,1586,1550
ASVEL,Fenerbahçe,65,60,1.5,3.01,2019-11-28,2019,EuroLeague,ASVEL,12670,131.2,1686,1565
Real Madrid,Olympiacos,77,80,1.89,2.13,2019-11-30,2019,EuroLeague,Real Madrid,13631,164.8,1567,1546
Barcelona,CSKA Moscow,73,87,2.66,1.6,2019-12-02,2019,EuroLeague,Barcelona,9606,168.0,1555,1643
Fenerbahçe,Maccabi Tel Aviv,79,91,2.97,1.51,2019-12-04,2019,EuroLeague,Fenerbahçe,11924,178.5,1545,1663
Olympiacos,Baskonia,86,65,2.86,1.54,2019-12-06,2019,EuroLeague,Olympiacos,9521,158.6,1572,1680
CSKA Moscow,Anadolu Efes,97,66,1.44,3.26,2019-12-08,2019,EuroLeague,CSKA Moscow,12513,171.2,1673,1531
Maccabi Tel Aviv,Panathinaikos,73,68,2.16,1.86,2019-12-10,2019,EuroLeague,Maccabi Tel Aviv,9417,148.1,1591,1617
Baskonia,Zalgiris Kaunas,85,100,1.81,2.23,2019-12-12,2019,EuroLeague,Baskonia,12061,194.2,1588,1552
Anadolu Efes,Bayern Munich,92,60,1.88,2.14,2019-12-14,2019,EuroLeague,Anadolu Efes,9184,159.6,1600,1578
Panathinaikos,Valencia,72,60,2.37,1.73,2019-12-16,2019,EuroLeague,Panathinaikos,12856,138.6,1542,1597
Zalgiris Kaunas,Milano,60,100,2.15,1.87,2019-12-18,2019,EuroLeague,Zalgiris Kaunas,12573,168.0,1555,1579
Bayern Munich,Partizan,79,74,1.68,2.47,2019-12-20,2019,EuroLeague,Bayern Munich,12217,160.7,1597,1530
Valencia,ASVEL,75,73,1.45,3.21,2019-12-22,2019,EuroLeague,Valencia,9247,155.4,1648,1510
Milano,Real Madrid,82,65,1.8,2.24,2019-12-24,2019,EuroLeague,Milano,11368,154.3,1658,1620
Partizan,Barcelona,75,77,2.39,1.72,2019-12-26,2019,EuroLeague,Partizan,9599,159.6,1541,1598
ASVEL,Fenerbahçe,71,66,2.2,1.84,2019-12-28,2019,EuroLeague,ASVEL,9881,143.8,1616,1647
Real Madrid,Olympiacos,60,67,2.23,1.81,2019-12-30,2019,EuroLeague,Real Madrid,14397,133.3,1503,1539
Barcelona,CSKA Moscow,98,89,2.03,1.97,2020-01-01,2019,EuroLeague,Barcelona,12024,196.3,1563,1568
Fenerbahçe,Maccabi Tel Aviv,67,91,2.16,1.86,2020-01-03,2019,EuroLeague,Fenerbahçe,14125,165.9,1634,1660
Olympiacos,Baskonia,75,99,1.91,2.1,2020-01-05,2019,EuroLeague,Olympiacos,10708,182.7,1611,1595
CSKA Moscow,Anadolu Efes,78,87,2.07,1.93,2020-01-07,2019,EuroLeague,CSKA Moscow,14704,173.2,1626,1638
Maccabi Tel Aviv,Panathinaikos,64,76,3.26,1.44,2020-01-09,2019,EuroLeague,Maccabi Tel Aviv,12096,147.0,1539,1681
Baskonia,Zalgiris Kaunas,66,82,2.36,1.73,2020-01-11,2019,EuroLeague,Baskonia,10518,155.4,1540,1594
Anadolu Efes,Bayern Munich,83,85,1.58,2.74,2020-01-13,2019,EuroLeague,Anadolu Efes,10499,176.4,1685,1589
Panathinaikos,Valencia,89,70,2.4,1.72,2020-01-15,2019,EuroLeague,Panathinaikos,12732,167.0,1598,1656
Zalgiris Kaunas,Milano,94,88,1.88,2.14,2020-01-17,2019,EuroLeague,Zalgiris Kaunas,11479,191.1,1633,1611
Bayern Munich,Partizan,75,84,2.23,1.81,2020-01-19,2019,EuroLeague,Bayern Munich,11864,167.0,1602,1638
Valencia,ASVEL,98,84,1.81,2.24,2020-01-21,2019,EuroLeague,Valencia,9784,191.1,1560,1523
Milano,Real Madrid,99,78,1.76,2.31,2020-01-23,2019,EuroLeague,Milano,13991,185.8,1607,1560
Partizan,Barcelona,83,84,2.24,1.81,2020-01-25,2019,EuroLeague,Partizan,14624,175.3,1545,1582
ASVEL,Fenerbahçe,77,88,2.46,1.68,2020-01-27,2019,EuroLeague,ASVEL,10590,173.2,1629,1695
Real Madrid,Olympiacos,76,76,1.91,2.1,2020-01-29,2019,EuroLeague,Real Madrid,14767,159.6,1699,1683
Barcelona,CSKA Moscow,79,75,1.66,2.5,2020-01-31,2019,EuroLeague,Barcelona,14824,161.7,1577,1506
Fenerbahçe,Maccabi Tel Aviv,60,109,2.06,1.94,2020-02-02,2019,EuroLeague,Fenerbahçe,14915,177.5,1671,1681
Olympiacos,Baskonia,90,65,1.7,2.43,2020-02-04,2019,EuroLeague,Olympiacos,14879,162.8,1624,1562
CSKA Moscow,Anadolu Efes,96,66,1.5,3.01,2020-02-06,2019,EuroLeague,CSKA Moscow,12156,170.1,1646,1525
Maccabi Tel Aviv,Panathinaikos,60,85,2.88,1.53,2020-02-08,2019,EuroLeague,Maccabi Tel Aviv,12123,152.2,1518,1628
Baskonia,Zalgiris Kaunas,89,94,2.79,1.56,2020-02-10,2019,EuroLeague,Baskonia,12766,192.2,1565,1666
Anadolu Efes,Bayern Munich,75,79,2.54,1.65,2020-02-12,2019,EuroLeague,Anadolu Efes,9958,161.7,1523,1598
Panathinaikos,Valencia,88,83,1.7,2.43,2020-02-14,2019,EuroLeague,Panathinaikos,12308,179.6,1583,1521
Zalgiris Kaunas,Milano,70,68,2.58,1.63,2020-02-16,2019,EuroLeague,Zalgiris Kaunas,13150,144.9,1579,1659
Bayern Munich,Partizan,64,74,2.15,1.87,2020-02-18,2019,EuroLeague,Bayern Munich,10377,144.9,1515,1540
Valencia,ASVEL,60,70,1.93,2.07,2020-02-20,2019,EuroLeague,Valencia,9418,136.5,1574,1562
Milano,Real Madrid,67,85,3.0,1.5,2020-02-22,2019,EuroLeague,Milano,10581,159.6,1563,1683
Partizan,Barcelona,73,65,2.01,1.99,2020-02-24,2019,EuroLeague,Partizan,10347,144.9,1606,1607
ASVEL,Fenerbahçe,93,60,1.97,2.03,2020-02-26,2019,EuroLeague,ASVEL,10286,160.7,1681,1676
Real Madrid,Olympiacos,78,80,1.84,2.2,2020-02-28,2019,EuroLeague,Real Madrid,14949,165.9,1585,1554
Barcelona,CSKA Moscow,72,70,1.98,2.02,2020-03-01,2019,EuroLeague,Barcelona,12020,149.1,1578,1574
Fenerbahçe,Maccabi Tel Aviv,75,70,1.71,2.41,2020-03-03,2019,EuroLeague,Fenerbahçe,9866,152.2,1675,1615
Olympiacos,Baskonia,95,94,1.86,2.17,2020-03-05,2019,EuroLeague,Olympiacos,9132,198.5,1647,1620
CSKA Moscow,Anadolu Efes,77,60,1.79,2.26,2020-03-07,2019,EuroLeague,CSKA Moscow,13939,143.8,1618,1578
Maccabi Tel Aviv,Panathinaikos,73,93,1.65,2.53,2020-03-09,2019,EuroLeague,Maccabi Tel Aviv,13843,174.3,1688,1614
Baskonia,Zalgiris Kaunas,91,60,1.69,2.45,2020-03-11,2019,EuroLeague,Baskonia,10998,158.6,1629,1564
Anadolu Efes,Bayern Munich,103,68,1.55,2.81,2020-03-13,2019,EuroLeague,Anadolu Efes,10418,179.6,1660,1557
Panathinaikos,Valencia,73,84,3.39,1.42,2020-03-15,2019,EuroLeague,Panathinaikos,14786,164.8,1509,1660
Zalgiris Kaunas,Milano,86,84,1.78,2.29,2020-03-17,2019,EuroLeague,Zalgiris Kaunas,9995,178.5,1659,1615
Bayern Munich,Partizan,73,77,1.8,2.24,2020-03-19,2019,EuroLeague,Bayern Munich,14166,157.5,1653,1615
Valencia,ASVEL,80,87,2.32,1.76,2020-03-21,2019,EuroLeague,Valencia,10205,175.3,1550,1598
Milano,Real Madrid,87,70,2.01,1.99,2020-03-23,2019,EuroLeague,Milano,13620,164.8,1566,1568
Partizan,Barcelona,79,79,2.08,1.92,2020-03-25,2019,EuroLeague,Partizan,10580,165.9,1585,1599
ASVEL,Fenerbahçe,90,82,1.42,3.37,2020-03-27,2019,EuroLeague,ASVEL,11458,180.6,1653,1503
Real Madrid,Olympiacos,60,83,2.06,1.94,2020-03-29,2019,EuroLeague,Real Madrid,12954,150.2,1609,1619
Barcelona,CSKA Moscow,71,84,1.51,2.95,2020-03-31,2019,EuroLeague,Barcelona,13843,162.8,1663,1547
Fenerbahçe,Maccabi Tel Aviv,79,75,2.97,1.51,2020-04-02,2019,EuroLeague,Fenerbahçe,12466,161.7,1547,1665
Olympiacos,Baskonia,76,72,1.67,2.49,2020-04-04,2019,EuroLeague,Olympiacos,14566,155.4,1607,1538
CSKA Moscow,Anadolu Efes,64,79,2.36,1.74,2020-04-06,2019,EuroLeague,CSKA Moscow,11574,150.2,1503,1556
Maccabi Tel Aviv,Panathinaikos,73,83,2.12,1.9,2020-04-08,2019,EuroLeague,Maccabi Tel Aviv,11224,163.8,1565,1584
Baskonia,Zalgiris Kaunas,73,84,1.76,2.32,2020-04-10,2019,EuroLeague,Baskonia,9694,164.8,1662,1614
Anadolu Efes,Bayern Munich,81,82,1.75,2.34,2020-04-12,2019,EuroLeague,Anadolu Efes,9067,171.2,1658,1607
Panathinaikos,Valencia,72,84,1.4,3.51,2020-04-14,2019,EuroLeague,Panathinaikos,13578,163.8,1662,1502
Zalgiris Kaunas,Milano,87,87,2.48,1.68,2020-04-16,2019,EuroLeague,Zalgiris Kaunas,11186,182.7,1602,1670
Bayern Munich,Partizan,85,86,2.05,1.95,2020-04-18,2019,EuroLeague,Bayern Munich,10641,179.6,1656,1664
Valencia,ASVEL,95,60,1.61,2.65,2020-04-20,2019,EuroLeague,Valencia,11760,162.8,1672,1585
Milano,Real Madrid,96,68,1.66,2.51,2020-04-22,2019,EuroLeague,Milano,11898,172.2,1667,1595
Partizan,Barcelona,68,81,2.31,1.76,2020-04-24,2019,EuroLeague,Partizan,9563,156.5,1642,1689
ASVEL,Fenerbahçe,83,77,2.97,1.51,2020-04-26,2019,EuroLeague,ASVEL,13554,168.0,1566,1684
Real Madrid,Olympiacos,71,88,2.05,1.95,2020-04-28,2019,EuroLeague,Real Madrid,13416,167.0,1507,1515
Barcelona,CSKA Moscow,78,99,1.8,2.25,2020-04-30,2019,EuroLeague,Barcelona,11494,185.8,1651,1612
Fenerbahçe,Maccabi Tel Aviv,91,62,1.98,2.02,2020-05-02,2019,EuroLeague,Fenerbahçe,9196,160.7,1535,1532
Olympiacos,Baskonia,96,72,1.69,2.45,2020-05-04,2019,EuroLeague,Olympiacos,9805,176.4,1596,1532
CSKA Moscow,Anadolu Efes,89,93,1.78,2.29,2020-05-06,2019,EuroLeague,CSKA Moscow,9688,191.1,1636,1592
Maccabi Tel Aviv,Panathinaikos,95,60,1.93,2.07,2020-05-08,2019,EuroLeague,Maccabi Tel Aviv,10646,162.8,1577,1565
Baskonia,Zalgiris Kaunas,78,60,1.49,3.04,2020-05-10,2019,EuroLeague,Baskonia,13717,144.9,1647,1523
Anadolu Efes,Bayern Munich,83,74,2.1,1.91,2020-05-12,2019,EuroLeague,Anadolu Efes,13735,164.8,1525,1542
Panathinaikos,Valencia,72,67,1.6,2.66,2020-05-14,2019,EuroLeague,Panathinaikos,14990,146.0,1614,1526
Zalgiris Kaunas,Milano,97,93,2.55,1.65,2020-05-16,2019,EuroLeague,Zalgiris Kaunas,12433,199.5,1617,1693
Bayern Munich,Partizan,78,68,1.97,2.04,2020-05-18,2019,EuroLeague,Bayern Munich,11506,153.3,1637,1631
Valencia,ASVEL,83,73,1.65,2.54,2020-05-20,2019,EuroLeague,Valencia,11931,163.8,1607,1532
Milano,Real Madrid,85,82,1.53,2.88,2020-05-22,2019,EuroLeague,Milano,14012,175.3,1693,1583
Partizan,Barcelona,94,71,1.45,3.23,2020-05-24,2019,EuroLeague,Partizan,12333,173.2,1645,1506
ASVEL,Fenerbahçe,75,74,2.22,1.82,2020-05-26,2019,EuroLeague,ASVEL,11752,156.5,1653,1688
Real Madrid,Olympiacos,74,95,2.69,1.59,2020-05-28,2019,EuroLeague,Real Madrid,11578,177.5,1510,1601
Barcelona,CSKA Moscow,68,91,3.56,1.39,2020-05-30,2019,EuroLeague,Barcelona,12987,167.0,1530,1693
Fenerbahçe,Maccabi Tel Aviv,87,73,1.7,2.42,2020-06-01,2019,EuroLeague,Fenerbahçe,14957,168.0,1573,1512
Olympiacos,Baskonia,98,79,3.3,1.43,2020-06-03,2019,EuroLeague,Olympiacos,11579,185.8,1514,1659
CSKA Moscow,Anadolu Efes,72,71,1.86,2.17,2020-06-05,2019,EuroLeague,CSKA Moscow,9646,150.2,1558,1531
Maccabi Tel Aviv,Panathinaikos,98,93,1.65,2.53,2020-06-07,2019,EuroLeague,Maccabi Tel Aviv,9264,200.6,1667,1593
Baskonia,Zalgiris Kaunas,60,93,2.12,1.9,2020-06-09,2019,EuroLeague,Baskonia,11723,160.7,1633,1652
Anadolu Efes,Bayern Munich,83,91,3.4,1.42,2020-06-11,2019,EuroLeague,Anadolu Efes,9235,182.7,1543,1695
Panathinaikos,Valencia,69,73,2.01,1.99,2020-06-13,2019,EuroLeague,Panathinaikos,10683,149.1,1648,1650
Zalgiris Kaunas,Milano,89,65,1.83,2.21,2020-06-15,2019,EuroLeague,Zalgiris Kaunas,11982,161.7,1599,1566
Bayern Munich,Partizan,61,60,1.7,2.44,2020-06-17,2019,EuroLeague,Bayern Munich,10758,127.1,1643,1580
Valencia,ASVEL,94,60,1.54,2.84,2020-06-19,2019,EuroLeague,Valencia,14339,161.7,1678,1572
Milano,Real Madrid,84,60,1.65,2.55,2020-06-21,2019,EuroLeague,Milano,12062,151.2,1586,1510
Partizan,Barcelona,69,71,2.25,1.8,2020-06-23,2019,EuroLeague,Partizan,14346,147.0,1525,1564
ASVEL,Fenerbahçe,91,89,2.65,1.61,2020-06-25,2019,EuroLeague,ASVEL,14124,189.0,1603,1690
Real Madrid,Olympiacos,69,86,2.42,1.7,2020-06-27,2019,EuroLeague,Real Madrid,10422,162.8,1586,1647
Barcelona,CSKA Moscow,83,86,1.97,2.03,2020-06-29,2019,EuroLeague,Barcelona,13468,177.5,1510,1505
Fenerbahçe,Maccabi Tel Aviv,76,87,2.14,1.88,2020-07-01,2019,EuroLeague,Fenerbahçe,14308,171.2,1570,1592
Olympiacos,Baskonia,81,106,1.69,2.45,2020-07-03,2019,EuroLeague,Olympiacos,9554,196.3,1661,1596
CSKA Moscow,Anadolu Efes,91,83,1.59,2.69,2020-07-05,2019,EuroLeague,CSKA Moscow,12279,182.7,1650,1559
Maccabi Tel Aviv,Panathinaikos,73,71,2.17,1.86,2020-07-07,2019,EuroLeague,Maccabi Tel Aviv,13145,151.2,1576,1603
Baskonia,Zalgiris Kaunas,62,74,2.12,1.9,2020-07-09,2019,EuroLeague,Baskonia,12956,142.8,1534,1553
Anadolu Efes,Bayern Munich,63,91,2.51,1.66,2020-07-11,2019,EuroLeague,Anadolu Efes,9407,161.7,1500,1572
Panathinaikos,Valencia,90,86,1.66,2.52,2020-07-13,2019,EuroLeague,Panathinaikos,9494,184.8,1597,1524
Zalgiris Kaunas,Milano,79,79,1.33,4.0,2020-07-15,2019,EuroLeague,Zalgiris Kaunas,9283,165.9,1692,1501
Bayern Munich,Partizan,72,73,2.22,1.82,2020-07-17,2019,EuroLeague,Bayern Munich,9009,152.2,1561,1596
Valencia,ASVEL,74,63,1.56,2.79,2020-07-19,2019,EuroLeague,Valencia,12627,143.8,1694,1593
Milano,Real Madrid,82,78,1.68,2.48,2020-07-21,2019,EuroLeague,Milano,11024,168.0,1577,1509
Partizan,Barcelona,74,88,1.63,2.58,2020-07-23,2019,EuroLeague,Partizan,14102,170.1,1584,1504
ASVEL,Fenerbahçe,71,107,3.77,1.36,2020-07-25,2019,EuroLeague,ASVEL,9795,186.9,1516,1693
Real Madrid,Olympiacos,74,68,2.64,1.61,2020-07-27,2019,EuroLeague,Real Madrid,9899,149.1,1501,1587
Barcelona,CSKA Moscow,72,67,2.08,1.92,2020-07-29,2019,EuroLeague,Barcelona,14009,146.0,1603,1617
Fenerbahçe,Maccabi Tel Aviv,83,68,1.72,2.39,2020-07-31,2019,EuroLeague,Fenerbahçe,13384,158.6,1635,1578
Olympiacos,Baskonia,75,84,2.81,1.55,2020-08-02,2019,EuroLeague,Olympiacos,10264,167.0,1503,1606
CSKA Moscow,Anadolu Efes,93,89,1.43,3.3,2020-08-04,2019,EuroLeague,CSKA Moscow,11392,191.1,1684,1539
Maccabi Tel Aviv,Panathinaikos,94,60,1.37,3.68,2020-08-06,2019,EuroLeague,Maccabi Tel Aviv,14673,161.7,1690,1519
Baskonia,Zalgiris Kaunas,85,74,1.93,2.07,2020-08-08,2019,EuroLeague,Baskonia,14271,167.0,1526,1514
Anadolu Efes,Bayern Munich,75,89,2.75,1.57,2020-08-10,2019,EuroLeague,Anadolu Efes,14751,172.2,1545,1642
Panathinaikos,Valencia,79,73,1.84,2.19,2020-08-12,2019,EuroLeague,Panathinaikos,13390,159.6,1608,1578
Zalgiris Kaunas,Milano,69,64,2.49,1.67,2020-08-14,2019,EuroLeague,Zalgiris Kaunas,13279,139.7,1601,1670
Bayern Munich,Partizan,93,71,1.63,2.58,2020-08-16,2019,EuroLeague,Bayern Munich,13982,172.2,1651,1571
Valencia,ASVEL,91,81,1.64,2.57,2020-08-18,2019,EuroLeague,Valencia,12275,180.6,1589,1511
Milano,Real Madrid,75,78,2.61,1.62,2020-08-20,2019,EuroLeague,Milano,11801,160.7,1570,1653
Partizan,Barcelona,85,84,1.71,2.4,2020-08-22,2019,EuroLeague,Partizan,10117,177.5,1578,1519
ASVEL,Fenerbahçe,96,74,2.19,1.84,2020-08-24,2019,EuroLeague,ASVEL,9184,178.5,1545,1575
Real Madrid,Olympiacos,77,72,1.65,2.54,2020-08-26,2019,EuroLeague,Real Madrid,10665,156.5,1674,1599
Barcelona,CSKA Moscow,60,77,2.48,1.68,2020-08-28,2019,EuroLeague,Barcelona,11125,143.8,1506,1574
Fenerbahçe,Maccabi Tel Aviv,86,81,1.81,2.23,2020-08-30,2019,EuroLeague,Fenerbahçe,13201,175.3,1692,1656
Olympiacos,Baskonia,79,72,1.41,3.44,2020-09-01,2019,EuroLeague,Olympiacos,9671,158.6,1683,1528
CSKA Moscow,Anadolu Efes,81,92,3.13,1.47,2020-09-03,2019,EuroLeague,CSKA Moscow,11450,181.7,1556,1687
Maccabi Tel Aviv,Panathinaikos,67,90,1.85,2.18,2020-09-05,2019,EuroLeague,Maccabi Tel Aviv,12139,164.8,1610,1581
Baskonia,Zalgiris Kaunas,79,60,1.56,2.79,2020-09-07,2019,EuroLeague,Baskonia,12696,146.0,1668,1567
Anadolu Efes,Bayern Munich,79,92,2.02,1.98,2020-09-09,2019,EuroLeague,Anadolu Efes,13072,179.6,1616,1619
Panathinaikos,Valencia,66,80,2.04,1.96,2020-09-11,2019,EuroLeague,Panathinaikos,9544,153.3,1616,1623
Zalgiris Kaunas,Milano,74,79,1.93,2.07,2020-09-13,2019,EuroLeague,Zalgiris Kaunas,12056,160.7,1583,1571
Bayern Munich,Partizan,85,72,2.22,1.82,2020-09-15,2019,EuroLeague,Bayern Munich,14429,164.8,1571,1606
Valencia,ASVEL,102,70,1.71,2.41,2020-09-17,2019,EuroLeague,Valencia,10403,180.6,1649,1589
Milano,Real Madrid,75,79,2.68,1.6,2020-09-19,2019,EuroLeague,Milano,12357,161.7,1570,1660
Partizan,Barcelona,76,84,2.04,1.97,2020-09-21,2019,EuroLeague,Partizan,10136,168.0,1605,1611
ASVEL,Fenerbahçe,66,73,2.79,1.56,2020-09-23,2019,EuroLeague,ASVEL,12342,146.0,1545,1646
Real Madrid,Olympiacos,60,68,1.62,2.61,2020-09-25,2019,EuroLeague,Real Madrid,14758,134.4,1638,1555
Barcelona,CSKA Moscow,66,87,2.14,1.88,2020-09-27,2019,EuroLeague,Barcelona,11225,160.7,1619,1641
Fenerbahçe,Maccabi Tel Aviv,92,63,1.72,2.39,2020-09-29,2019,EuroLeague,Fenerbahçe,12286,162.8,1661,1604
Olympiacos,Baskonia,89,60,1.91,2.1,2020-10-01,2019,EuroLeague,Olympiacos,11772,156.5,1673,1656
CSKA Moscow,Anadolu Efes,88,77,1.48,3.07,2020-10-03,2019,EuroLeague,CSKA Moscow,14064,173.2,1691,1565
Maccabi Tel Aviv,Panathinaikos,62,82,1.48,3.1,2020-10-05,2019,EuroLeague,Maccabi Tel Aviv,10850,151.2,1635,1506
Baskonia,Zalgiris Kaunas,68,96,3.83,1.35,2020-10-07,2019,EuroLeague,Baskonia,14561,172.2,1511,1692
Anadolu Efes,Bayern Munich,90,92,1.81,2.24,2020-10-09,2019,EuroLeague,Anadolu Efes,10375,191.1,1608,1571
Panathinaikos,Valencia,92,75,1.88,2.14,2020-10-11,2019,EuroLeague,Panathinaikos,11583,175.3,1547,1525
Zalgiris Kaunas,Milano,88,69,1.67,2.5,2020-10-13,2019,EuroLeague,Zalgiris Kaunas,11408,164.8,1635,1565
Bayern Munich,Partizan,93,80,2.1,1.91,2020-10-15,2019,EuroLeague,Bayern Munich,13616,181.7,1528,1545
Valencia,ASVEL,67,73,1.79,2.27,2020-10-17,2019,EuroLeague,Valencia,14487,147.0,1671,1629
Milano,Real Madrid,99,82,1.66,2.5,2020-10-19,2019,EuroLeague,Milano,13389,190.1,1601,1530
Partizan,Barcelona,71,84,3.51,1.4,2020-10-21,2019,EuroLeague,Partizan,11011,162.8,1512,1672
ASVEL,Fenerbahçe,82,91,3.21,1.45,2020-10-23,2019,EuroLeague,ASVEL,9978,181.7,1554,1692
Real Madrid,Olympiacos,102,60,1.59,2.7,2020-10-25,2019,EuroLeague,Real Madrid,11658,170.1,1647,1555
Barcelona,CSKA Moscow,89,89,2.28,1.78,2020-10-27,2019,EuroLeague,Barcelona,14437,186.9,1584,1627
Fenerbahçe,Maccabi Tel Aviv,63,78,2.83,1.55,2020-10-29,2019,EuroLeague,Fenerbahçe,13710,148.1,1514,1619
Olympiacos,Baskonia,78,68,1.47,3.11,2020-10-31,2019,EuroLeague,Olympiacos,13354,153.3,1666,1536
CSKA Moscow,Anadolu Efes,71,85,2.14,1.88,2020-11-02,2019,EuroLeague,CSKA Moscow,10090,163.8,1539,1562
Maccabi Tel Aviv,Panathinaikos,85,83,1.77,2.3,2020-11-04,2019,EuroLeague,Maccabi Tel Aviv,11794,176.4,1653,1608
Baskonia,Zalgiris Kaunas,96,81,2.29,1.78,2020-11-06,2019,EuroLeague,Baskonia,12031,185.8,1593,1637
Anadolu Efes,Bayern Munich,69,81,3.44,1.41,2020-11-08,2019,EuroLeague,Anadolu Efes,11552,157.5,1517,1672
Panathinaikos,Valencia,97,64,1.79,2.27,2020-11-10,2019,EuroLeague,Panathinaikos,14113,169.1,1695,1654
Zalgiris Kaunas,Milano,60,107,2.22,1.82,2020-11-12,2019,EuroLeague,Zalgiris Kaunas,10375,175.3,1580,1614
Bayern Munich,Partizan,90,93,2.56,1.64,2020-11-14,2019,EuroLeague,Bayern Munich,10095,192.2,1576,1653
Valencia,ASVEL,60,100,1.43,3.34,2020-11-16,2019,EuroLeague,Valencia,14508,168.0,1656,1508
Milano,Real Madrid,87,69,2.19,1.84,2020-11-18,2019,EuroLeague,Milano,12814,163.8,1504,1534
Partizan,Barcelona,60,60,2.3,1.77,2020-11-20,2019,EuroLeague,Partizan,14421,126.0,1549,1595
ASVEL,Fenerbahçe,89,84,2.44,1.7,2020-11-22,2019,EuroLeague,ASVEL,11287,181.7,1571,1634
Real Madrid,Olympiacos,88,74,1.91,2.1,2020-11-24,2019,EuroLeague,Real Madrid,14592,170.1,1528,1512
Barcelona,CSKA Moscow,84,78,2.72,1.58,2020-11-26,2019,EuroLeague,Barcelona,11778,170.1,1532,1626
Fenerbahçe,Maccabi Tel Aviv,60,88,3.21,1.45,2020-11-28,2019,EuroLeague,Fenerbahçe,14559,155.4,1538,1676
Olympiacos,Baskonia,77,79,2.04,1.97,2020-11-30,2019,EuroLeague,Olympiacos,9106,163.8,1659,1665
CSKA Moscow,Anadolu Efes,75,77,1.88,2.14,2020-12-02,2019,EuroLeague,CSKA Moscow,12483,159.6,1663,1640
Maccabi Tel Aviv,Panathinaikos,70,93,2.37,1.73,2020-12-04,2019,EuroLeague,Maccabi Tel Aviv,11488,171.2,1507,1562
Baskonia,Zalgiris Kaunas,80,84,1.82,2.22,2020-12-06,2019,EuroLeague,Baskonia,14353,172.2,1649,1614
Anadolu Efes,Bayern Munich,83,83,2.03,1.97,2020-12-08,2019,EuroLeague,Anadolu Efes,13881,174.3,1598,1603
Panathinaikos,Valencia,74,78,1.74,2.36,2020-12-10,2019,EuroLeague,Panathinaikos,11081,159.6,1564,1511
Zalgiris Kaunas,Milano,70,77,3.3,1.43,2020-12-12,2019,EuroLeague,Zalgiris Kaunas,13141,154.3,1541,1686
Bayern Munich,Partizan,60,71,2.68,1.6,2020-12-14,2019,EuroLeague,Bayern Munich,13807,137.6,1527,1617
Valencia,ASVEL,65,68,3.87,1.35,2020-12-16,2019,EuroLeague,Valencia,12266,139.7,1501,1684
Milano,Real Madrid,80,74,2.46,1.68,2020-12-18,2019,EuroLeague,Milano,13137,161.7,1517,1583
Partizan,Barcelona,77,69,1.61,2.63,2020-12-20,2019,EuroLeague,Partizan,11936,153.3,1656,1571
ASVEL,Fenerbahçe,101,75,2.04,1.97,2020-12-22,2019,EuroLeague,ASVEL,10433,184.8,1642,1648
Real Madrid,Olympiacos,110,70,1.66,2.51,2020-12-24,2019,EuroLeague,Real Madrid,12939,189.0,1586,1514
Barcelona,CSKA Moscow,82,68,1.9,2.12,2020-12-26,2019,EuroLeague,Barcelona,11765,157.5,1619,1600
Fenerbahçe,Maccabi Tel Aviv,64,75,2.11,1.9,2020-12-28,2019,EuroLeague,Fenerbahçe,14437,146.0,1652,1670
Olympiacos,Baskonia,81,80,1.81,2.23,2020-12-30,2019,EuroLeague,Olympiacos,11524,169.1,1582,1546
CSKA Moscow,Anadolu Efes,74,61,2.01,1.99,2021-01-01,2019,EuroLeague,CSKA Moscow,10200,141.8,1544,1545
Maccabi Tel Aviv,Panathinaikos,69,78,1.81,2.23,2021-01-03,2019,EuroLeague,Maccabi Tel Aviv,13771,154.3,1575,1539
Baskonia,Zalgiris Kaunas,91,91,1.87,2.15,2021-01-05,2019,EuroLeague,Baskonia,13466,191.1,1532,1507
Anadolu Efes,Bayern Munich,71,80,1.92,2.08,2021-01-07,2019,EuroLeague,Anadolu Efes,14467,158.6,1670,1656
Panathinaikos,Valencia,68,76,1.64,2.56,2021-01-09,2019,EuroLeague,Panathinaikos,13170,151.2,1581,1504
Zalgiris Kaunas,Milano,74,74,1.53,2.89,2021-01-11,2019,EuroLeague,Zalgiris Kaunas,13389,155.4,1640,1529
Bayern Munich,Partizan,66,77,2.27,1.79,2021-01-13,2019,EuroLeague,Bayern Munich,9016,150.2,1532,1574
Valencia,ASVEL,94,70,2.37,1.73,2021-01-15,2019,EuroLeague,Valencia,12294,172.2,1599,1654
Milano,Real Madrid,82,69,1.98,2.02,2021-01-17,2019,EuroLeague,Milano,9996,158.6,1680,1677
Partizan,Barcelona,67,71,2.14,1.88,2021-01-19,2019,EuroLeague,Partizan,11072,144.9,1505,1527
ASVEL,Fenerbahçe,92,77,3.44,1.41,2021-01-21,2019,EuroLeague,ASVEL,13076,177.5,1524,1679
Real Madrid,Olympiacos,72,78,1.94,2.06,2021-01-23,2019,EuroLeague,Real Madrid,14732,157.5,1638,1628
Barcelona,CSKA Moscow,84,101,1.62,2.61,2021-01-25,2019,EuroLeague,Barcelona,10584,194.2,1590,1507
Fenerbahçe,Maccabi Tel Aviv,60,74,3.43,1.41,2021-01-27,2019,EuroLeague,Fenerbahçe,13723,140.7,1522,1676
Olympiacos,Baskonia,65,83,2.12,1.89,2021-01-29,2019,EuroLeague,Olympiacos,13670,155.4,1552,1572
CSKA Moscow,Anadolu Efes,84,76,1.68,2.47,2021-01-31,2019,EuroLeague,CSKA Moscow,12469,168.0,1624,1557
Maccabi Tel Aviv,Panathinaikos,73,94,1.93,2.07,2021-02-02,2019,EuroLeague,Maccabi Tel Aviv,12458,175.3,1649,1637
Baskonia,Zalgiris Kaunas,75,75,2.06,1.94,2021-02-04,2019,EuroLeague,Baskonia,14518,157.5,1587,1597
Anadolu Efes,Bayern Munich,68,82,2.73,1.58,2021-02-06,2019,EuroLeague,Anadolu Efes,13260,157.5,1559,1654
Panathinaikos,Valencia,72,60,2.02,1.98,2021-02-08,2019,EuroLeague,Panathinaikos,10505,138.6,1662,1665
Zalgiris Kaunas,Milano,68,75,2.1,1.91,2021-02-10,2019,EuroLeague,Zalgiris Kaunas,14315,150.2,1502,1518
Bayern Munich,Partizan,66,71,2.2,1.83,2021-02-12,2019,EuroLeague,Bayern Munich,10829,143.8,1588,1620
Valencia,ASVEL,84,95,1.67,2.49,2021-02-14,2019,EuroLeague,Valencia,10731,188.0,1641,1572
Milano,Real Madrid,86,65,1.57,2.75,2021-02-16,2019,EuroLeague,Milano,9008,158.6,1624,1527
Partizan,Barcelona,80,62,2.17,1.86,2021-02-18,2019,EuroLeague,Partizan,13972,149.1,1517,1544
ASVEL,Fenerbahçe,60,84,2.22,1.82,2021-02-20,2019,EuroLeague,ASVEL,11549,151.2,1598,1632
Real Madrid,Olympiacos,86,84,1.54,2.86,2021-02-22,2019,EuroLeague,Real Madrid,12050,178.5,1645,1537
Barcelona,CSKA Moscow,60,74,1.8,2.25,2021-02-24,2019,EuroLeague,Barcelona,9649,140.7,1616,1577
Fenerbahçe,Maccabi Tel Aviv,66,77,2.78,1.56,2021-02-26,2019,EuroLeague,Fenerbahçe,12486,150.2,1560,1660
Olympiacos,Baskonia,66,71,1.91,2.1,2021-02-28,2019,EuroLeague,Olympiacos,14081,143.8,1575,1558
CSKA Moscow,Anadolu Efes,75,80,1.64,2.57,2021-03-02,2019,EuroLeague,CSKA Moscow,11322,162.8,1585,1507
Maccabi Tel Aviv,Panathinaikos,102,60,1.68,2.47,2021-03-04,2019,EuroLeague,Maccabi Tel Aviv,11237,170.1,1669,1602
Baskonia,Zalgiris Kaunas,72,75,1.73,2.37,2021-03-06,2019,EuroLeague,Baskonia,13159,154.3,1593,1538
Anadolu Efes,Bayern Munich,76,93,2.45,1.69,2021-03-08,2019,EuroLeague,Anadolu Efes,10782,177.5,1568,1633
Panathinaikos,Valencia,95,90,2.33,1.75,2021-03-10,2019,EuroLeague,Panathinaikos,11454,194.2,1639,1689
Zalgiris Kaunas,Milano,60,66,1.82,2.22,2021-03-12,2019,EuroLeague,Zalgiris Kaunas,12838,132.3,1607,1573
Bayern Munich,Partizan,81,60,1.37,3.72,2021-03-14,2019,EuroLeague,Bayern Munich,9896,148.1,1689,1515
Valencia,ASVEL,77,74,2.43,1.7,2021-03-16,2019,EuroLeague,Valencia,14190,158.6,1565,1627
Milano,Real Madrid,72,84,2.04,1.96,2021-03-18,2019,EuroLeague,Milano,12971,163.8,1570,1577
Partizan,Barcelona,115,60,1.47,3.14,2021-03-20,2019,EuroLeague,Partizan,12155,183.8,1691,1559
ASVEL,Fenerbahçe,83,109,2.54,1.65,2021-03-22,2019,EuroLeague,ASVEL,14460,201.6,1570,1645
Real Madrid,Olympiacos,89,88,2.15,1.87,2021-03-24,2019,EuroLeague,Real Madrid,9760,185.8,1598,1622
Barcelona,CSKA Moscow,86,60,1.78,2.28,2021-03-26,2019,EuroLeague,Barcelona,10369,153.3,1687,1644
Fenerbahçe,Maccabi Tel Aviv,69,103,2.5,1.66,2021-03-28,2019,EuroLeague,Fenerbahçe,11549,180.6,1609,1680
Olympiacos,Baskonia,85,71,2.43,1.7,2021-03-30,2019,EuroLeague,Olympiacos,13053,163.8,1616,1678
CSKA Moscow,Anadolu Efes,69,81,1.91,2.1,2021-04-01,2019,EuroLeague,CSKA Moscow,13969,157.5,1658,1641
Maccabi Tel Aviv,Panathinaikos,80,110,3.6,1.38,2021-04-03,2019,EuroLeague,Maccabi Tel Aviv,9017,199.5,1528,1694
Baskonia,Zalgiris Kaunas,77,60,1.8,2.24,2021-04-05,2019,EuroLeague,Baskonia,11983,143.8,1546,1508
Anadolu Efes,Bayern Munich,94,78,1.49,3.05,2021-04-07,2019,EuroLeague,Anadolu Efes,10061,180.6,1627,1502
Panathinaikos,Valencia,71,96,2.39,1.72,2021-04-09,2019,EuroLeague,Panathinaikos,14868,175.3,1626,1683
Zalgiris Kaunas,Milano,60,71,2.5,1.66,2021-04-11,2019,EuroLeague,Zalgiris Kaunas,12306,137.6,1544,1615
Bayern Munich,Partizan,101,61,1.69,2.45,2021-04-13,2019,EuroLeague,Bayern Munich,13956,170.1,1662,1598
Valencia,ASVEL,93,75,1.97,2.04,2021-04-15,2019,EuroLeague,Valencia,11925,176.4,1598,1592
Milano,Real Madrid,87,77,2.45,1.69,2021-04-17,2019,EuroLeague,Milano,9144,172.2,1625,1689
Partizan,Barcelona,63,72,1.9,2.11,2021-04-19,2019,EuroLeague,Partizan,13164,141.8,1610,1592
ASVEL,Fenerbahçe,90,73,2.48,1.68,2021-04-21,2019,EuroLeague,ASVEL,13717,171.2,1506,1574
Real Madrid,Olympiacos,70,64,1.52,2.91,2021-04-23,2019,EuroLeague,Real Madrid,10641,140.7,1642,1530
Barcelona,CSKA Moscow,103,61,1.49,3.05,2021-04-25,2019,EuroLeague,Barcelona,11176,172.2,1626,1501
Fenerbahçe,Maccabi Tel Aviv,73,76,1.81,2.23,2021-04-27,2019,EuroLeague,Fenerbahçe,12973,156.5,1619,1583
Olympiacos,Baskonia,86,91,2.28,1.78,2021-04-29,2019,EuroLeague,Olympiacos,9411,185.8,1652,1695
CSKA Moscow,Anadolu Efes,81,84,1.57,2.75,2021-05-01,2019,EuroLeague,CSKA Moscow,12240,173.2,1625,1528
Maccabi Tel Aviv,Panathinaikos,80,63,1.76,2.31,2021-05-03,2019,EuroLeague,Maccabi Tel Aviv,10963,150.2,1644,1597
Baskonia,Zalgiris Kaunas,77,65,2.16,1.86,2021-05-05,2019,EuroLeague,Baskonia,10037,149.1,1569,1595
Anadolu Efes,Bayern Munich,100,67,1.53,2.88,2021-05-07,2019,EuroLeague,Anadolu Efes,9815,175.3,1645,1535
Panathinaikos,Valencia,87,77,1.71,2.41,2021-05-09,2019,EuroLeague,Panathinaikos,13576,172.2,1697,1637
Zalgiris Kaunas,Milano,67,83,3.39,1.42,2021-05-11,2019,EuroLeague,Zalgiris Kaunas,14143,157.5,1519,1670
Bayern Munich,Partizan,60,74,1.8,2.25,2021-05-13,2019,EuroLeague,Bayern Munich,13011,140.7,1555,1516
Valencia,ASVEL,78,81,1.86,2.17,2021-05-15,2019,EuroLeague,Valencia,9112,167.0,1617,1590
Milano,Real Madrid,79,87,3.08,1.48,2021-05-17,2019,EuroLeague,Milano,12453,174.3,1572,1699
Partizan,Barcelona,60,106,3.45,1.41,2021-05-19,2019,EuroLeague,Partizan,12958,174.3,1503,1659
ASVEL,Fenerbahçe,79,66,1.87,2.15,2021-05-21,2019,EuroLeague,ASVEL,10049,152.2,1554,1529
Real Madrid,Olympiacos,89,60,1.94,2.07,2021-05-23,2019,EuroLeague,Real Madrid,11160,156.5,1645,1634
Barcelona,CSKA Moscow,95,107,1.66,2.52,2021-05-25,2019,EuroLeague,Barcelona,13027,212.1,1699,1626
Fenerbahçe,Maccabi Tel Aviv,72,73,2.14,1.88,2021-05-27,2019,EuroLeague,Fenerbahçe,13821,152.2,1552,1574
Olympiacos,Baskonia,76,96,2.66,1.6,2021-05-29,2019,EuroLeague,Olympiacos,12920,180.6,1564,1652
CSKA Moscow,Anadolu Efes,60,98,2.86,1.54,2021-05-31,2019,EuroLeague,CSKA Moscow,11369,165.9,1511,1619
Maccabi Tel Aviv,Panathinaikos,74,80,2.19,1.84,2021-06-02,2019,EuroLeague,Maccabi Tel Aviv,9884,161.7,1518,1548
Baskonia,Zalgiris Kaunas,89,89,2.56,1.64,2021-06-04,2019,EuroLeague,Baskonia,9687,186.9,1542,1619
Anadolu Efes,Bayern Munich,76,92,2.2,1.84,2021-06-06,2019,EuroLeague,Anadolu Efes,12622,176.4,1599,1630
Panathinaikos,Valencia,60,84,3.08,1.48,2021-06-08,2019,EuroLeague,Panathinaikos,14332,151.2,1512,1639
Zalgiris Kaunas,Milano,99,79,1.88,2.14,2021-06-10,2019,EuroLeague,Zalgiris Kaunas,10617,186.9,1582,1559
Bayern Munich,Partizan,70,71,1.61,2.64,2021-06-12,2019,EuroLeague,Bayern Munich,14925,148.1,1608,1522
Valencia,ASVEL,76,60,1.75,2.33,2021-06-14,2019,EuroLeague,Valencia,11092,142.8,1686,1636
Milano,Real Madrid,77,94,1.94,2.06,2021-06-16,2019,EuroLeague,Milano,12443,179.6,1578,1568
Partizan,Barcelona,67,82,1.9,2.11,2021-06-18,2019,EuroLeague,Partizan,11357,156.5,1638,1620
ASVEL,Fenerbahçe,87,63,1.76,2.32,2021-06-20,2019,EuroLeague,ASVEL,11126,157.5,1552,1504
Real Madrid,Olympiacos,93,75,2.15,1.87,2021-06-22,2019,EuroLeague,Real Madrid,11862,176.4,1613,1637
Barcelona,CSKA Moscow,70,85,2.78,1.56,2021-06-24,2019,EuroLeague,Barcelona,13755,162.8,1553,1653
Fenerbahçe,Maccabi Tel Aviv,61,74,2.47,1.68,2021-06-26,2019,EuroLeague,Fenerbahçe,14565,141.8,1534,1601
Olympiacos,Baskonia,94,85,1.48,3.08,2021-06-28,2019,EuroLeague,Olympiacos,14789,188.0,1694,1567
CSKA Moscow,Anadolu Efes,74,76,2.5,1.67,2021-06-30,2019,EuroLeague,CSKA Moscow,12341,157.5,1598,1668
Maccabi Tel Aviv,Panathinaikos,93,64,3.34,1.43,2021-07-02,2019,EuroLeague,Maccabi Tel Aviv,12504,164.8,1500,1648
Baskonia,Zalgiris Kaunas,103,84,1.66,2.51,2021-07-04,2019,EuroLeague,Baskonia,10052,196.3,1650,1578
Anadolu Efes,Bayern Munich,90,84,2.23,1.81,2021-07-06,2019,EuroLeague,Anadolu Efes,12187,182.7,1543,1579
Panathinaikos,Valencia,69,89,1.95,1.95,2021-07-08,2019,EuroLeague,Panathinaikos,11668,165.9,1679,1679
Zalgiris Kaunas,Milano,72,75,1.79,2.26,2021-07-10,2019,EuroLeague,Zalgiris Kaunas,11943,154.3,1659,1619
Bayern Munich,Partizan,65,80,1.67,2.49,2021-07-12,2019,EuroLeague,Bayern Munich,10928,152.2,1674,1605
Valencia,ASVEL,82,62,1.81,2.23,2021-07-14,2019,EuroLeague,Valencia,11631,151.2,1614,1578
Milano,Real Madrid,70,97,1.71,2.41,2021-07-16,2019,EuroLeague,Milano,10536,175.3,1578,1518
Partizan,Barcelona,94,65,1.97,2.03,2021-07-18,2019,EuroLeague,Partizan,14589,167.0,1667,1662
ASVEL,Fenerbahçe,67,102,3.4,1.42,2021-07-20,2019,EuroLeague,ASVEL,13670,177.5,1508,1660
Real Madrid,Olympiacos,60,64,1.57,2.76,2021-07-22,2019,EuroLeague,Real Madrid,9838,130.2,1599,1501
Barcelona,CSKA Moscow,70,75,1.91,2.1,2021-07-24,2019,EuroLeague,Barcelona,11885,152.2,1582,1566
Fenerbahçe,Maccabi Tel Aviv,81,76,1.64,2.56,2021-07-26,2019,EuroLeague,Fenerbahçe,12167,164.8,1641,1564
Olympiacos,Baskonia,85,60,1.43,3.32,2021-07-28,2019,EuroLeague,Olympiacos,12399,152.2,1694,1548
CSKA Moscow,Anadolu Efes,67,66,2.39,1.72,2021-07-30,2019,EuroLeague,CSKA Moscow,10072,139.7,1503,1560
Maccabi Tel Aviv,Panathinaikos,93,87,1.44,3.28,2021-08-01,2019,EuroLeague,Maccabi Tel Aviv,11341,189.0,1671,1528
Baskonia,Zalgiris Kaunas,64,99,3.25,1.44,2021-08-03,2019,EuroLeague,Baskonia,11957,171.2,1516,1657
Anadolu Efes,Bayern Munich,79,75,2.05,1.95,2021-08-05,2019,EuroLeague,Anadolu Efes,13110,161.7,1614,1622
Panathinaikos,Valencia,61,73,2.17,1.85,2021-08-07,2019,EuroLeague,Panathinaikos,11411,140.7,1649,1677
Zalgiris Kaunas,Milano,65,79,1.75,2.33,2021-08-09,2019,EuroLeague,Zalgiris Kaunas,13446,151.2,1551,1501
Bayern Munich,Partizan,60,86,3.4,1.42,2021-08-11,2019,EuroLeague,Bayern Munich,11409,153.3,1542,1694
Valencia,ASVEL,81,76,1.55,2.82,2021-08-13,2019,EuroLeague,Valencia,11639,164.8,1643,1539
Milano,Real Madrid,106,66,1.6,2.66,2021-08-15,2019,EuroLeague,Milano,9559,180.6,1655,1567
Partizan,Barcelona,60,71,3.16,1.46,2021-08-17,2019,EuroLeague,Partizan,13628,137.6,1507,1641
ASVEL,Fenerbahçe,100,60,1.43,3.32,2021-08-19,2019,EuroLeague,ASVEL,11763,168.0,1647,1501
Real Madrid,Olympiacos,67,67,1.93,2.07,2021-08-21,2019,EuroLeague,Real Madrid,14195,140.7,1631,1619
Barcelona,CSKA Moscow,95,84,1.79,2.27,2021-08-23,2019,EuroLeague,Barcelona,13953,188.0,1696,1655
Fenerbahçe,Maccabi Tel Aviv,84,60,2.88,1.53,2021-08-25,2019,EuroLeague,Fenerbahçe,12029,151.2,1566,1676
Olympiacos,Baskonia,79,88,2.7,1.59,2021-08-27,2019,EuroLeague,Olympiacos,13357,175.3,1505,1597
CSKA Moscow,Anadolu Efes,86,100,2.15,1.87,2021-08-29,2019,EuroLeague,CSKA Moscow,10978,195.3,1524,1548
Maccabi Tel Aviv,Panathinaikos,81,87,1.98,2.02,2021-08-31,2019,EuroLeague,Maccabi Tel Aviv,13507,176.4,1576,1573
Baskonia,Zalgiris Kaunas,90,67,1.51,2.96,2021-09-02,2019,EuroLeague,Baskonia,9581,164.8,1692,1575
Anadolu Efes,Bayern Munich,91,75,1.92,2.09,2021-09-04,2019,EuroLeague,Anadolu Efes,11214,174.3,1525,1510
Panathinaikos,Valencia,80,79,1.89,2.12,2021-09-06,2019,EuroLeague,Panathinaikos,13199,167.0,1654,1634
Zalgiris Kaunas,Milano,98,69,1.78,2.28,2021-09-08,2019,EuroLeague,Zalgiris Kaunas,13812,175.3,1647,1604
Bayern Munich,Partizan,83,64,1.84,2.2,2021-09-10,2019,EuroLeague,Bayern Munich,12936,154.3,1590,1559
Valencia,ASVEL,85,69,3.26,1.44,2021-09-12,2019,EuroLeague,Valencia,10731,161.7,1550,1692
Milano,Real Madrid,87,81,1.72,2.4,2021-09-14,2019,EuroLeague,Milano,13822,176.4,1576,1518
Partizan,Barcelona,76,67,2.58,1.63,2021-09-16,2019,EuroLeague,Partizan,9005,150.2,1519,1599
ASVEL,Fenerbahçe,67,67,1.81,2.24,2021-09-18,2019,EuroLeague,ASVEL,10077,140.7,1592,1555
Real Madrid,Olympiacos,80,90,2.34,1.75,2021-09-20,2019,EuroLeague,Real Madrid,11221,178.5,1627,1678
Barcelona,CSKA Moscow,71,72,2.51,1.66,2021-09-22,2019,EuroLeague,Barcelona,12420,150.2,1624,1696
Fenerbahçe,Maccabi Tel Aviv,64,88,2.6,1.62,2021-09-24,2019,EuroLeague,Fenerbahçe,14638,159.6,1551,1633
Olympiacos,Baskonia,77,93,1.64,2.56,2021-09-26,2019,EuroLeague,Olympiacos,13755,178.5,1592,1515
CSKA Moscow,Anadolu Efes,84,65,3.92,1.34,2021-09-28,2019,EuroLeague,CSKA Moscow,9480,156.5,1514,1700
Maccabi Tel Aviv,Panathinaikos,74,75,2.33,1.75,2021-09-30,2019,EuroLeague,Maccabi Tel Aviv,9786,156.5,1548,1598
Baskonia,Zalgiris Kaunas,88,84,1.7,2.44,2021-10-02,2019,EuroLeague,Baskonia,10915,180.6,1690,1627
Anadolu Efes,Bayern Munich,77,60,1.7,2.42,2021-10-04,2019,EuroLeague,Anadolu Efes,11358,143.8,1598,1537
Panathinaikos,Valencia,60,84,3.24,1.45,2021-10-06,2019,EuroLeague,Panathinaikos,13711,151.2,1546,1686
Zalgiris Kaunas,Milano,64,100,2.73,1.58,2021-10-08,2019,EuroLeague,Zalgiris Kaunas,14169,172.2,1560,1655
Bayern Munich,Partizan,86,84,3.66,1.38,2021-10-10,2019,EuroLeague,Bayern Munich,13845,178.5,1519,1689
Valencia,ASVEL,62,92,2.08,1.93,2021-10-12,2019,EuroLeague,Valencia,14751,161.7,1583,1596
Milano,Real Madrid,85,91,2.53,1.65,2021-10-14,2019,EuroLeague,Milano,10572,184.8,1546,1620
Partizan,Barcelona,82,93,2.79,1.56,2021-10-16,2019,EuroLeague,Partizan,11213,183.8,1586,1687
ASVEL,Fenerbahçe,69,93,3.39,1.42,2021-10-18,2019,EuroLeague,ASVEL,13828,170.1,1514,1665
Real Madrid,Olympiacos,60,79,3.36,1.42,2021-10-20,2019,EuroLeague,Real Madrid,12722,146.0,1514,1663
Barcelona,CSKA Moscow,70,76,1.95,1.95,2021-10-22,2019,EuroLeague,Barcelona,9411,153.3,1589,1589
Fenerbahçe,Maccabi Tel Aviv,82,86,2.33,1.75,2021-10-24,2019,EuroLeague,Fenerbahçe,11848,176.4,1503,1552
Olympiacos,Baskonia,85,60,1.38,3.63,2021-10-26,2019,EuroLeague,Olympiacos,10200,152.2,1684,1516
CSKA Moscow,Anadolu Efes,60,64,1.93,2.07,2021-10-28,2019,EuroLeague,CSKA Moscow,10784,130.2,1662,1650
Maccabi Tel Aviv,Panathinaikos,76,74,1.54,2.84,2021-10-30,2019,EuroLeague,Maccabi Tel Aviv,9254,157.5,1641,1535
Baskonia,Zalgiris Kaunas,66,85,1.77,2.3,2021-11-01,2019,EuroLeague,Baskonia,12932,158.6,1645,1599
Anadolu Efes,Bayern Munich,60,64,1.55,2.83,2021-11-03,2019,EuroLeague,Anadolu Efes,12126,130.2,1659,1554
Panathinaikos,Valencia,68,72,2.38,1.72,2021-11-05,2019,EuroLeague,Panathinaikos,9834,147.0,1517,1573
Zalgiris Kaunas,Milano,64,64,1.63,2.59,2021-11-07,2019,EuroLeague,Zalgiris Kaunas,11591,134.4,1589,1508
Bayern Munich,Partizan,61,60,1.79,2.26,2021-11-09,2019,EuroLeague,Bayern Munich,12422,127.1,1697,1657
Valencia,ASVEL,73,85,1.71,2.4,2021-11-11,2019,EuroLeague,Valencia,9645,165.9,1625,1566
Milano,Real Madrid,87,88,1.39,3.57,2021-11-13,2019,EuroLeague,Milano,13187,183.8,1664,1500
Partizan,Barcelona,89,83,1.79,2.27,2021-11-15,2019,EuroLeague,Partizan,14642,180.6,1623,1581
ASVEL,Fenerbahçe,75,74,1.76,2.32,2021-11-17,2019,EuroLeague,ASVEL,11315,156.5,1567,1519
Real Madrid,Olympiacos,78,78,1.79,2.27,2021-11-19,2019,EuroLeague,Real Madrid,12020,163.8,1553,1511
Barcelona,CSKA Moscow,72,80,1.54,2.85,2021-11-21,2019,EuroLeague,Barcelona,11864,159.6,1666,1559
Fenerbahçe,Maccabi Tel Aviv,81,72,2.3,1.77,2021-11-23,2019,EuroLeague,Fenerbahçe,11673,160.7,1501,1547
Olympiacos,Baskonia,81,75,1.82,2.22,2021-11-25,2019,EuroLeague,Olympiacos,14466,163.8,1564,1529
CSKA Moscow,Anadolu Efes,89,65,1.49,3.04,2021-11-27,2019,EuroLeague,CSKA Moscow,11432,161.7,1686,1562
Maccabi Tel Aviv,Panathinaikos,88,78,1.57,2.77,2021-11-29,2019,EuroLeague,Maccabi Tel Aviv,14481,174.3,1646,1547
Baskonia,Zalgiris Kaunas,84,72,1.72,2.38,2021-12-01,2019,EuroLeague,Baskonia,12271,163.8,1556,1500
Anadolu Efes,Bayern Munich,79,75,2.03,1.97,2021-12-03,2019,EuroLeague,Anadolu Efes,14786,161.7,1658,1663
Panathinaikos,Valencia,85,89,2.4,1.72,2021-12-05,2019,EuroLeague,Panathinaikos,11367,182.7,1611,1669
Zalgiris Kaunas,Milano,72,92,1.93,2.08,2021-12-07,2019,EuroLeague,Zalgiris Kaunas,12034,172.2,1662,1649
Bayern Munich,Partizan,75,73,1.75,2.33,2021-12-09,2019,EuroLeague,Bayern Munich,14240,155.4,1636,1587
Valencia,ASVEL,80,60,2.12,1.89,2021-12-11,2019,EuroLeague,Valencia,11510,147.0,1667,1687
Milano,Real Madrid,82,77,1.86,2.16,2021-12-13,2019,EuroLeague,Milano,12557,167.0,1594,1568
Partizan,Barcelona,84,92,2.46,1.68,2021-12-15,2019,EuroLeague,Partizan,12926,184.8,1601,1667
ASVEL,Fenerbahçe,74,97,2.86,1.54,2021-12-17,2019,EuroLeague,ASVEL,9136,179.6,1517,1625
Real Madrid,Olympiacos,84,66,1.89,2.12,2021-12-19,2019,EuroLeague,Real Madrid,12238,157.5,1558,1538
Barcelona,CSKA Moscow,93,75,2.07,1.93,2021-12-21,2019,EuroLeague,Barcelona,14228,176.4,1557,1569
Fenerbahçe,Maccabi Tel Aviv,82,88,3.59,1.39,2021-12-23,2019,EuroLeague,Fenerbahçe,9614,178.5,1523,1688
Olympiacos,Baskonia,77,73,1.9,2.11,2021-12-25,2019,EuroLeague,Olympiacos,14311,157.5,1587,1569
CSKA Moscow,Anadolu Efes,87,80,2.66,1.6,2021-12-27,2019,EuroLeague,CSKA Moscow,9692,175.3,1502,1590
Maccabi Tel Aviv,Panathinaikos,77,60,1.45,3.21,2021-12-29,2019,EuroLeague,Maccabi Tel Aviv,14303,143.8,1641,1503
Baskonia,Zalgiris Kaunas,75,60,1.66,2.52,2021-12-31,2019,EuroLeague,Baskonia,14102,141.8,1589,1516
Anadolu Efes,Bayern Munich,77,73,1.5,2.98,2022-01-02,2019,EuroLeague,Anadolu Efes,11325,157.5,1657,1538
Panathinaikos,Valencia,76,62,1.83,2.2,2022-01-04,2019,EuroLeague,Panathinaikos,10865,144.9,1638,1606
Zalgiris Kaunas,Milano,86,85,2.33,1.75,2022-01-06,2019,EuroLeague,Zalgiris Kaunas,14311,179.6,1555,1604
Bayern Munich,Partizan,81,93,1.73,2.37,2022-01-08,2019,EuroLeague,Bayern Munich,12908,182.7,1683,1628
Valencia,ASVEL,89,75,1.47,3.13,2022-01-10,2019,EuroLeague,Valencia,9369,172.2,1662,1531
Milano,Real Madrid,82,98,1.99,2.01,2022-01-12,2019,EuroLeague,Milano,11165,189.0,1513,1512
Partizan,Barcelona,91,79,2.58,1.63,2022-01-14,2019,EuroLeague,Partizan,11881,178.5,1534,1614
ASVEL,Fenerbahçe,76,93,2.31,1.76,2022-01-16,2019,EuroLeague,ASVEL,9533,177.5,1512,1559
Real Madrid,Olympiacos,83,61,1.75,2.34,2022-01-18,2019,EuroLeague,Real Madrid,13139,151.2,1557,1506
Barcelona,CSKA Moscow,87,70,2.08,1.93,2022-01-20,2019,EuroLeague,Barcelona,10132,164.8,1602,1615
Fenerbahçe,Maccabi Tel Aviv,79,75,2.27,1.79,2022-01-22,2019,EuroLeague,Fenerbahçe,10056,161.7,1551,1592
Olympiacos,Baskonia,78,81,1.98,2.02,2022-01-24,2019,EuroLeague,Olympiacos,9550,167.0,1642,1638
CSKA Moscow,Anadolu Efes,88,73,1.78,2.29,2022-01-26,2019,EuroLeague,CSKA Moscow,9793,169.1,1675,1631
Maccabi Tel Aviv,Panathinaikos,90,76,2.91,1.52,2022-01-28,2019,EuroLeague,Maccabi Tel Aviv,12922,174.3,1512,1624
Baskonia,Zalgiris Kaunas,63,65,2.17,1.86,2022-01-30,2019,EuroLeague,Baskonia,9328,134.4,1654,1681
Anadolu Efes,Bayern Munich,75,88,2.36,1.74,2022-02-01,2019,EuroLeague,Anadolu Efes,9060,171.2,1596,1649
Panathinaikos,Valencia,66,69,2.24,1.8,2022-02-03,2019,EuroLeague,Panathinaikos,10868,141.8,1642,1680
Zalgiris Kaunas,Milano,85,85,2.24,1.81,2022-02-05,2019,EuroLeague,Zalgiris Kaunas,14787,178.5,1543,1580
Bayern Munich,Partizan,69,97,2.25,1.8,2022-02-07,2019,EuroLeague,Bayern Munich,14641,174.3,1502,1541
Valencia,ASVEL,93,95,2.96,1.51,2022-02-09,2019,EuroLeague,Valencia,12862,197.4,1513,1630
Milano,Real Madrid,74,75,1.82,2.22,2022-02-11,2019,EuroLeague,Milano,11896,156.5,1695,1661
Partizan,Barcelona,73,83,1.34,3.95,2022-02-13,2019,EuroLeague,Partizan,10841,163.8,1699,1511
ASVEL,Fenerbahçe,77,87,1.82,2.22,2022-02-15,2019,EuroLeague,ASVEL,10665,172.2,1557,1522
Real Madrid,Olympiacos,60,68,2.61,1.62,2022-02-17,2019,EuroLeague,Real Madrid,10726,134.4,1525,1608
Barcelona,CSKA Moscow,98,60,1.83,2.21,2022-02-19,2019,EuroLeague,Barcelona,10897,165.9,1613,1580
Fenerbahçe,Maccabi Tel Aviv,79,74,1.94,2.07,2022-02-21,2019,EuroLeague,Fenerbahçe,13962,160.7,1522,1511
Olympiacos,Baskonia,94,95,1.43,3.32,2022-02-23,2019,EuroLeague,Olympiacos,9928,198.5,1676,1530
CSKA Moscow,Anadolu Efes,90,75,1.63,2.58,2022-02-25,2019,EuroLeague,CSKA Moscow,9522,173.2,1628,1548
Maccabi Tel Aviv,Panathinaikos,71,70,1.8,2.25,2022-02-27,2019,EuroLeague,Maccabi Tel Aviv,9755,148.1,1570,1531
Baskonia,Zalgiris Kaunas,84,82,1.68,2.48,2022-03-01,2019,EuroLeague,Baskonia,11348,174.3,1617,1549
Anadolu Efes,Bayern Munich,68,88,2.15,1.87,2022-03-03,2019,EuroLeague,Anadolu Efes,14467,163.8,1542,1567
Panathinaikos,Valencia,83,66,1.36,3.75,2022-03-05,2019,EuroLeague,Panathinaikos,10189,156.5,1681,1505
Zalgiris Kaunas,Milano,81,95,1.59,2.69,2022-03-07,2019,EuroLeague,Zalgiris Kaunas,9304,184.8,1649,1558
Bayern Munich,Partizan,78,65,1.8,2.25,2022-03-09,2019,EuroLeague,Bayern Munich,9678,150.2,1552,1513
Valencia,ASVEL,91,88,1.75,2.34,2022-03-11,2019,EuroLeague,Valencia,11615,188.0,1649,1598
Milano,Real Madrid,69,60,2.27,1.79,2022-03-13,2019,EuroLeague,Milano,10692,135.5,1641,1682
Partizan,Barcelona,94,84,1.71,2.4,2022-03-15,2019,EuroLeague,Partizan,11208,186.9,1620,1561
ASVEL,Fenerbahçe,87,79,1.57,2.75,2022-03-17,2019,EuroLeague,ASVEL,11603,174.3,1605,1508
Real Madrid,Olympiacos,75,73,2.12,1.89,2022-03-19,2019,EuroLeague,Real Madrid,11640,155.4,1545,1565
Barcelona,CSKA Moscow,80,76,2.15,1.87,2022-03-21,2019,EuroLeague,Barcelona,14520,163.8,1542,1567
Fenerbahçe,Maccabi Tel Aviv,84,81,3.59,1.39,2022-03-23,2019,EuroLeague,Fenerbahçe,14689,173.2,1522,1687
Olympiacos,Baskonia,66,64,1.84,2.2,2022-03-25,2019,EuroLeague,Olympiacos,11156,136.5,1626,1595
CSKA Moscow,Anadolu Efes,94,66,1.63,2.58,2022-03-27,2019,EuroLeague,CSKA Moscow,12819,168.0,1621,1542
Maccabi Tel Aviv,Panathinaikos,68,60,1.87,2.15,2022-03-29,2019,EuroLeague,Maccabi Tel Aviv,11619,134.4,1526,1502
Baskonia,Zalgiris Kaunas,61,93,2.19,1.84,2022-03-31,2019,EuroLeague,Baskonia,9154,161.7,1614,1644
Anadolu Efes,Bayern Munich,89,62,1.99,2.01,2022-04-02,2019,EuroLeague,Anadolu Efes,12185,158.6,1696,1694
Panathinaikos,Valencia,85,75,2.26,1.79,2022-04-04,2019,EuroLeague,Panathinaikos,10450,168.0,1647,1687
Zalgiris Kaunas,Milano,96,81,2.07,1.94,2022-04-06,2019,EuroLeague,Zalgiris Kaunas,11565,185.8,1609,1620
Bayern Munich,Partizan,92,75,1.54,2.86,2022-04-08,2019,EuroLeague,Bayern Munich,12782,175.3,1620,1512
Valencia,ASVEL,71,81,3.4,1.42,2022-04-10,2019,EuroLeague,Valencia,14561,159.6,1539,1691
Milano,Real Madrid,60,83,2.63,1.61,2022-04-12,2019,EuroLeague,Milano,13334,150.2,1517,1602
Partizan,Barcelona,60,81,2.3,1.77,2022-04-14,2019,EuroLeague,Partizan,14543,148.1,1636,1681
ASVEL,Fenerbahçe,78,94,2.22,1.82,2022-04-16,2019,EuroLeague,ASVEL,10758,180.6,1519,1553
Real Madrid,Olympiacos,60,88,2.1,1.91,2022-04-18,2019,EuroLeague,Real Madrid,14413,155.4,1642,1659
Barcelona,CSKA Moscow,94,81,1.76,2.31,2022-04-20,2019,EuroLeague,Barcelona,11222,183.8,1580,1533
Fenerbahçe,Maccabi Tel Aviv,97,90,2.18,1.85,2022-04-22,2019,EuroLeague,Fenerbahçe,12507,196.3,1603,1632
Olympiacos,Baskonia,65,70,1.7,2.44,2022-04-24,2019,EuroLeague,Olympiacos,14492,141.8,1672,1609
CSKA Moscow,Anadolu Efes,80,67,1.88,2.14,2022-04-26,2019,EuroLeague,CSKA Moscow,12022,154.3,1630,1607
Maccabi Tel Aviv,Panathinaikos,81,83,2.4,1.72,2022-04-28,2019,EuroLeague,Maccabi Tel Aviv,12025,172.2,1615,1673
Baskonia,Zalgiris Kaunas,85,79,2.01,1.99,2022-04-30,2019,EuroLeague,Baskonia,11274,172.2,1544,1546
Anadolu Efes,Bayern Munich,92,69,2.08,1.93,2022-05-02,2019,EuroLeague,Anadolu Efes,14592,169.1,1621,1634
Panathinaikos,Valencia,60,74,1.37,3.74,2022-05-04,2019,EuroLeague,Panathinaikos,9743,140.7,1695,1520
Zalgiris Kaunas,Milano,80,63,2.17,1.85,2022-05-06,2019,EuroLeague,Zalgiris Kaunas,9867,150.2,1570,1598
Bayern Munich,Partizan,89,90,1.86,2.16,2022-05-08,2019,EuroLeague,Bayern Munich,9940,188.0,1688,1662
Valencia,ASVEL,61,83,3.6,1.38,2022-05-10,2019,EuroLeague,Valencia,10859,151.2,1514,1680
Milano,Real Madrid,103,60,1.48,3.09,2022-05-12,2019,EuroLeague,Milano,11646,171.2,1692,1564
Partizan,Barcelona,88,60,1.45,3.23,2022-05-14,2019,EuroLeague,Partizan,9734,155.4,1699,1560
ASVEL,Fenerbahçe,78,74,1.78,2.29,2022-05-16,2019,EuroLeague,ASVEL,14799,159.6,1618,1574
Real Madrid,Olympiacos,76,82,2.98,1.5,2022-05-18,2019,EuroLeague,Real Madrid,14131,165.9,1539,1658
Barcelona,CSKA Moscow,87,75,1.85,2.17,2022-05-20,2019,EuroLeague,Barcelona,10509,170.1,1611,1583
Fenerbahçe,Maccabi Tel Aviv,104,80,1.67,2.49,2022-05-22,2019,EuroLeague,Fenerbahçe,11663,193.2,1574,1505
Olympiacos,Baskonia,98,63,1.5,2.98,2022-05-24,2019,EuroLeague,Olympiacos,13780,169.1,1696,1577
CSKA Moscow,Anadolu Efes,80,68,1.77,2.3,2022-05-26,2019,EuroLeague,CSKA Moscow,13729,155.4,1562,1516
Maccabi Tel Aviv,Panathinaikos,85,78,2.5,1.66,2022-05-28,2019,EuroLeague,Maccabi Tel Aviv,10181,171.2,1556,1627
Baskonia,Zalgiris Kaunas,83,76,2.12,1.9,2022-05-30,2019,EuroLeague,Baskonia,11390,167.0,1584,1603
Anadolu Efes,Bayern Munich,60,84,1.91,2.1,2022-06-01,2019,EuroLeague,Anadolu Efes,13744,151.2,1539,1523
Panathinaikos,Valencia,114,62,1.47,3.15,2022-06-03,2019,EuroLeague,Panathinaikos,12304,184.8,1673,1540
Zalgiris Kaunas,Milano,116,71,1.93,2.07,2022-06-05,2019,EuroLeague,Zalgiris Kaunas,9805,196.3,1517,1505
Bayern Munich,Partizan,74,96,2.15,1.87,2022-06-07,2019,EuroLeague,Bayern Munich,11245,178.5,1618,1642
Valencia,ASVEL,92,81,2.08,1.93,2022-06-09,2019,EuroLeague,Valencia,11029,181.7,1683,1696
Milano,Real Madrid,90,60,1.38,3.62,2022-06-11,2019,EuroLeague,Milano,10004,157.5,1700,1533
Partizan,Barcelona,86,75,1.78,2.28,2022-06-13,2019,EuroLeague,Partizan,14633,169.1,1550,1507
ASVEL,Fenerbahçe,87,69,2.08,1.93,2022-06-15,2019,EuroLeague,ASVEL,10930,163.8,1558,1571
Real Madrid,Olympiacos,70,91,2.27,1.79,2022-06-17,2019,EuroLeague,Real Madrid,10141,169.1,1508,1550
Barcelona,CSKA Moscow,93,79,2.04,1.97,2022-06-19,2019,EuroLeague,Barcelona,14197,180.6,1646,1652
Fenerbahçe,Maccabi Tel Aviv,64,77,2.18,1.85,2022-06-21,2019,EuroLeague,Fenerbahçe,13739,148.1,1660,1689
Olympiacos,Baskonia,94,99,1.66,2.52,2022-06-23,2019,EuroLeague,Olympiacos,11642,202.7,1600,1527
CSKA Moscow,Anadolu Efes,82,77,2.16,1.86,2022-06-25,2019,EuroLeague,CSKA Moscow,9818,167.0,1612,1638
Maccabi Tel Aviv,Panathinaikos,79,60,2.24,1.8,2022-06-27,2019,EuroLeague,Maccabi Tel Aviv,14398,146.0,1582,1620
Baskonia,Zalgiris Kaunas,71,82,2.17,1.85,2022-06-29,2019,EuroLeague,Baskonia,9319,160.7,1500,1528
Anadolu Efes,Bayern Munich,95,60,1.57,2.76,2022-07-01,2019,EuroLeague,Anadolu Efes,10329,162.8,1661,1563
Panathinaikos,Valencia,79,63,1.97,2.03,2022-07-03,2019,EuroLeague,Panathinaikos,10465,149.1,1649,1644
Zalgiris Kaunas,Milano,76,75,2.81,1.55,2022-07-05,2019,EuroLeague,Zalgiris Kaunas,12917,158.6,1507,1610
Bayern Munich,Partizan,83,82,2.17,1.85,2022-07-07,2019,EuroLeague,Bayern Munich,9197,173.2,1606,1634
Valencia,ASVEL,88,87,1.76,2.31,2022-07-09,2019,EuroLeague,Valencia,12259,183.8,1573,1526
Milano,Real Madrid,89,78,2.35,1.74,2022-07-11,2019,EuroLeague,Milano,11629,175.3,1614,1666
Partizan,Barcelona,67,79,1.64,2.57,2022-07-13,2019,EuroLeague,Partizan,14073,153.3,1657,1579
ASVEL,Fenerbahçe,80,63,3.68,1.37,2022-07-15,2019,EuroLeague,ASVEL,11472,150.2,1511,1682
Real Madrid,Olympiacos,75,82,2.01,1.99,2022-07-17,2019,EuroLeague,Real Madrid,12612,164.8,1597,1599
Barcelona,CSKA Moscow,73,88,2.28,1.78,2022-07-19,2019,EuroLeague,Barcelona,13104,169.1,1652,1695
Fenerbahçe,Maccabi Tel Aviv,72,84,1.79,2.27,2022-07-21,2019,EuroLeague,Fenerbahçe,13549,163.8,1598,1556
Olympiacos,Baskonia,92,75,1.99,2.01,2022-07-23,2019,EuroLeague,Olympiacos,13981,175.3,1699,1697
CSKA Moscow,Anadolu Efes,87,73,1.71,2.4,2022-07-25,2019,EuroLeague,CSKA Moscow,10133,168.0,1657,1598
Maccabi Tel Aviv,Panathinaikos,70,89,2.72,1.58,2022-07-27,2019,EuroLeague,Maccabi Tel Aviv,14663,167.0,1517,1611
Baskonia,Zalgiris Kaunas,87,68,1.8,2.25,2022-07-29,2019,EuroLeague,Baskonia,10070,162.8,1700,1661
Anadolu Efes,Bayern Munich,84,84,1.77,2.3,2022-07-31,2019,EuroLeague,Anadolu Efes,9786,176.4,1652,1607
Panathinaikos,Valencia,81,60,1.97,2.03,2022-08-02,2019,EuroLeague,Panathinaikos,12750,148.1,1540,1535
Zalgiris Kaunas,Milano,79,110,3.56,1.39,2022-08-04,2019,EuroLeague,Zalgiris Kaunas,13148,198.5,1526,1689
Bayern Munich,Partizan,79,76,1.68,2.47,2022-08-06,2019,EuroLeague,Bayern Munich,13655,162.8,1665,1598
Valencia,ASVEL,66,78,2.26,1.79,2022-08-08,2019,EuroLeague,Valencia,9721,151.2,1653,1693
Milano,Real Madrid,62,76,1.95,2.05,2022-08-10,2019,EuroLeague,Milano,14752,144.9,1631,1623
Partizan,Barcelona,63,70,1.92,2.08,2022-08-12,2019,EuroLeague,Partizan,13412,139.7,1663,1649
ASVEL,Fenerbahçe,65,71,1.59,2.69,2022-08-14,2019,EuroLeague,ASVEL,9030,142.8,1602,1511
Real Madrid,Olympiacos,70,75,1.91,2.1,2022-08-16,2019,EuroLeague,Real Madrid,10509,152.2,1678,1661
Barcelona,CSKA Moscow,88,87,2.61,1.62,2022-08-18,2019,EuroLeague,Barcelona,10914,183.8,1565,1648
Fenerbahçe,Maccabi Tel Aviv,81,86,2.02,1.98,2022-08-20,2019,EuroLeague,Fenerbahçe,11177,175.3,1557,1561
Olympiacos,Baskonia,71,71,1.67,2.49,2022-08-22,2019,EuroLeague,Olympiacos,12668,149.1,1573,1504
CSKA Moscow,Anadolu Efes,73,64,2.11,1.9,2022-08-24,2019,EuroLeague,CSKA Moscow,10550,143.8,1654,1672
Maccabi Tel Aviv,Panathinaikos,88,72,1.99,2.01,2022-08-26,2019,EuroLeague,Maccabi Tel Aviv,13379,168.0,1539,1537
Baskonia,Zalgiris Kaunas,83,71,2.23,1.81,2022-08-28,2019,EuroLeague,Baskonia,14297,161.7,1573,1609
Anadolu Efes,Bayern Munich,76,100,1.89,2.13,2022-08-30,2019,EuroLeague,Anadolu Efes,14721,184.8,1656,1635
Panathinaikos,Valencia,105,73,1.67,2.49,2022-09-01,2019,EuroLeague,Panathinaikos,14083,186.9,1635,1566
Zalgiris Kaunas,Milano,86,101,2.34,1.75,2022-09-03,2019,EuroLeague,Zalgiris Kaunas,11480,196.3,1589,1640
Bayern Munich,Partizan,60,84,1.59,2.7,2022-09-05,2019,EuroLeague,Bayern Munich,9759,151.2,1679,1587
Valencia,ASVEL,85,93,2.96,1.51,2022-09-07,2019,EuroLeague,Valencia,9640,186.9,1513,1630
Milano,Real Madrid,67,82,1.99,2.01,2022-09-09,2019,EuroLeague,Milano,11154,156.5,1575,1574
Partizan,Barcelona,73,90,2.74,1.58,2022-09-11,2019,EuroLeague,Partizan,11688,171.2,1577,1673
ASVEL,Fenerbahçe,91,89,1.79,2.27,2022-09-13,2019,EuroLeague,ASVEL,10958,189.0,1602,1560
Real Madrid,Olympiacos,69,70,2.91,1.52,2022-09-15,2019,EuroLeague,Real Madrid,12105,146.0,1545,1657
Barcelona,CSKA Moscow,80,98,1.79,2.27,2022-09-17,2019,EuroLeague,Barcelona,13451,186.9,1689,1648
Fenerbahçe,Maccabi Tel Aviv,77,101,2.6,1.62,2022-09-19,2019,EuroLeague,Fenerbahçe,9862,186.9,1590,1672
Olympiacos,Baskonia,72,71,1.84,2.2,2022-09-21,2019,EuroLeague,Olympiacos,14805,150.2,1671,1640
CSKA Moscow,Anadolu Efes,69,74,3.3,1.43,2022-09-23,2019,EuroLeague,CSKA Moscow,13625,150.2,1522,1667
Maccabi Tel Aviv,Panathinaikos,78,78,2.14,1.88,2022-09-25,2019,EuroLeague,Maccabi Tel Aviv,13140,163.8,1605,1627
Baskonia,Zalgiris Kaunas,91,60,1.57,2.77,2022-09-27,2019,EuroLeague,Baskonia,12330,158.6,1616,1517
Anadolu Efes,Bayern Munich,69,77,3.1,1.48,2022-09-29,2019,EuroLeague,Anadolu Efes,9674,153.3,1513,1642
Panathinaikos,Valencia,94,100,1.73,2.36,2022-10-01,2019,EuroLeague,Panathinaikos,14138,203.7,1678,1624
Zalgiris Kaunas,Milano,69,88,2.64,1.61,2022-10-03,2019,EuroLeague,Zalgiris Kaunas,14000,164.8,1589,1675
Bayern Munich,Partizan,78,92,3.15,1.47,2022-10-05,2019,EuroLeague,Bayern Munich,12495,178.5,1544,1677
Valencia,ASVEL,60,81,3.69,1.37,2022-10-07,2019,EuroLeague,Valencia,14353,148.1,1508,1680
Milano,Real Madrid,100,60,2.22,1.82,2022-10-09,2019,EuroLeague,Milano,13279,168.0,1506,1541
Partizan,Barcelona,69,91,2.08,1.92,2022-10-11,2019,EuroLeague,Partizan,10016,168.0,1585,1599
ASVEL,Fenerbahçe,71,77,1.51,2.97,2022-10-13,2019,EuroLeague,ASVEL,13572,155.4,1634,1516
Real Madrid,Olympiacos,83,93,2.15,1.87,2022-10-15,2019,EuroLeague,Real Madrid,12388,184.8,1645,1670
Barcelona,CSKA Moscow,102,60,1.51,2.97,2022-10-17,2019,EuroLeague,Barcelona,11845,170.1,1652,1534
Fenerbahçe,Maccabi Tel Aviv,77,97,2.96,1.51,2022-10-19,2019,EuroLeague,Fenerbahçe,9881,182.7,1558,1675
Olympiacos,Baskonia,89,60,1.38,3.6,2022-10-21,2019,EuroLeague,Olympiacos,10129,156.5,1678,1512
CSKA Moscow,Anadolu Efes,66,74,1.56,2.8,2022-10-23,2019,EuroLeague,CSKA Moscow,9560,147.0,1633,1531
Maccabi Tel Aviv,Panathinaikos,93,70,1.94,2.06,2022-10-25,2019,EuroLeague,Maccabi Tel Aviv,9650,171.2,1672,1662
Baskonia,Zalgiris Kaunas,87,88,1.6,2.66,2022-10-27,2019,EuroLeague,Baskonia,12877,183.8,1611,1523
Anadolu Efes,Bayern Munich,87,79,2.89,1.53,2022-10-29,2019,EuroLeague,Anadolu Efes,9318,174.3,1541,1652
Panathinaikos,Valencia,70,69,2.27,1.79,2022-10-31,2019,EuroLeague,Panathinaikos,14925,146.0,1571,1612
Zalgiris Kaunas,Milano,77,71,1.54,2.85,2022-11-02,2019,EuroLeague,Zalgiris Kaunas,12556,155.4,1614,1507
Bayern Munich,Partizan,90,86,1.65,2.54,2022-11-04,2019,EuroLeague,Bayern Munich,9446,184.8,1612,1537
Valencia,ASVEL,93,93,2.41,1.71,2022-11-06,2019,EuroLeague,Valencia,10757,195.3,1533,1593
Milano,Real Madrid,85,76,1.68,2.48,2022-11-08,2019,EuroLeague,Milano,10729,169.1,1636,1568
Partizan,Barcelona,71,93,2.6,1.62,2022-11-10,2019,EuroLeague,Partizan,10687,172.2,1532,1614
ASVEL,Fenerbahçe,68,62,1.67,2.5,2022-11-12,2019,EuroLeague,ASVEL,13108,136.5,1637,1567
Real Madrid,Olympiacos,96,76,1.7,2.42,2022-11-14,2019,EuroLeague,Real Madrid,14316,180.6,1617,1556
Barcelona,CSKA Moscow,84,60,1.49,3.04,2022-11-16,2019,EuroLeague,Barcelona,9891,151.2,1678,1554
Fenerbahçe,Maccabi Tel Aviv,66,92,1.76,2.31,2022-11-18,2019,EuroLeague,Fenerbahçe,13571,165.9,1666,1619
Olympiacos,Baskonia,85,105,3.21,1.45,2022-11-20,2019,EuroLeague,Olympiacos,12664,199.5,1521,1659
CSKA Moscow,Anadolu Efes,103,66,1.42,3.4,2022-11-22,2019,EuroLeague,CSKA Moscow,12719,177.5,1652,1500
Maccabi Tel Aviv,Panathinaikos,97,67,1.67,2.49,2022-11-24,2019,EuroLeague,Maccabi Tel Aviv,12167,172.2,1602,1533
Baskonia,Zalgiris Kaunas,83,81,2.22,1.82,2022-11-26,2019,EuroLeague,Baskonia,10433,172.2,1630,1664
Anadolu Efes,Bayern Munich,65,65,2.01,1.99,2022-11-28,2019,EuroLeague,Anadolu Efes,11686,136.5,1580,1582
Panathinaikos,Valencia,67,81,2.78,1.56,2022-11-30,2019,EuroLeague,Panathinaikos,11728,155.4,1561,1661
Zalgiris Kaunas,Milano,68,85,2.38,1.72,2022-12-02,2019,EuroLeague,Zalgiris Kaunas,11863,160.7,1517,1573
Bayern Munich,Partizan,91,74,1.53,2.89,2022-12-04,2019,EuroLeague,Bayern Munich,9587,173.2,1676,1565
Valencia,ASVEL,88,108,3.05,1.49,2022-12-06,2019,EuroLeague,Valencia,11904,205.8,1529,1654
Milano,Real Madrid,69,88,1.54,2.84,2022-12-08,2019,EuroLeague,Milano,13045,164.8,1645,1539
Partizan,Barcelona,67,75,1.95,2.05,2022-12-10,2019,EuroLeague,Partizan,12973,149.1,1653,1645
ASVEL,Fenerbahçe,95,77,2.83,1.55,2022-12-12,2019,EuroLeague,ASVEL,11015,180.6,1504,1609
Real Madrid,Olympiacos,92,60,1.62,2.62,2022-12-14,2019,EuroLeague,Real Madrid,13076,159.6,1614,1530
Barcelona,CSKA Moscow,71,89,2.53,1.65,2022-12-16,2019,EuroLeague,Barcelona,12964,168.0,1580,1654
Fenerbahçe,Maccabi Tel Aviv,67,73,2.36,1.73,2022-12-18,2019,EuroLeague,Fenerbahçe,11017,147.0,1552,1606
Olympiacos,Baskonia,60,82,1.99,2.01,2022-12-20,2019,EuroLeague,Olympiacos,12711,149.1,1615,1613
CSKA Moscow,Anadolu Efes,79,75,1.66,2.51,2022-12-22,2019,EuroLeague,CSKA Moscow,11027,161.7,1674,1602
Maccabi Tel Aviv,Panathinaikos,70,84,3.01,1.5,2022-12-24,2019,EuroLeague,Maccabi Tel Aviv,11703,161.7,1564,1685
Baskonia,Zalgiris Kaunas,80,95,2.96,1.51,2022-12-26,2019,EuroLeague,Baskonia,9847,183.8,1583,1700
Anadolu Efes,Bayern Munich,106,73,1.82,2.22,2022-12-28,2019,EuroLeague,Anadolu Efes,13486,188.0,1658,1624
Panathinaikos,Valencia,60,72,3.28,1.44,2022-12-30,2019,EuroLeague,Panathinaikos,11587,138.6,1550,1693
Zalgiris Kaunas,Milano,84,81,1.98,2.02,2023-01-01,2019,EuroLeague,Zalgiris Kaunas,12736,173.2,1664,1660
Bayern Munich,Partizan,74,106,3.18,1.46,2023-01-03,2019,EuroLeague,Bayern Munich,11919,189.0,1508,1643
Valencia,ASVEL,73,105,2.42,1.7,2023-01-05,2019,EuroLeague,Valencia,14878,186.9,1620,1681
Milano,Real Madrid,79,61,2.47,1.68,2023-01-07,2019,EuroLeague,Milano,14824,147.0,1620,1687
Partizan,Barcelona,72,70,1.73,2.36,2023-01-09,2019,EuroLeague,Partizan,14698,149.1,1609,1555
ASVEL,Fenerbahçe,91,66,1.83,2.21,2023-01-11,2019,EuroLeague,ASVEL,11564,164.8,1671,1638
Real Madrid,Olympiacos,69,68,1.79,2.26,2023-01-13,2019,EuroLeague,Real Madrid,11428,143.8,1591,1551
Barcelona,CSKA Moscow,93,91,2.77,1.57,2023-01-15,2019,EuroLeague,Barcelona,12640,193.2,1591,1690
Fenerbahçe,Maccabi Tel Aviv,64,81,3.05,1.49,2023-01-17,2019,EuroLeague,Fenerbahçe,12755,152.2,1571,1696
Olympiacos,Baskonia,78,63,1.6,2.67,2023-01-19,2019,EuroLeague,Olympiacos,13475,148.1,1673,1584
CSKA Moscow,Anadolu Efes,103,91,2.46,1.68,2023-01-21,2019,EuroLeague,CSKA Moscow,14230,203.7,1512,1578
Maccabi Tel Aviv,Panathinaikos,70,60,1.86,2.17,2023-01-23,2019,EuroLeague,Maccabi Tel Aviv,11861,136.5,1555,1528
Baskonia,Zalgiris Kaunas,79,70,2.07,1.93,2023-01-25,2019,EuroLeague,Baskonia,12703,156.5,1628,1640
Anadolu Efes,Bayern Munich,60,82,1.97,2.03,2023-01-27,2019,EuroLeague,Anadolu Efes,14201,149.1,1689,1684
Panathinaikos,Valencia,68,85,2.07,1.93,2023-01-29,2019,EuroLeague,Panathinaikos,11348,160.7,1530,1542
Zalgiris Kaunas,Milano,87,80,1.63,2.58,2023-01-31,2019,EuroLeague,Zalgiris Kaunas,13114,175.3,1678,1599
Bayern Munich,Partizan,90,74,1.7,2.44,2023-02-02,2019,EuroLeague,Bayern Munich,11272,172.2,1684,1621
Valencia,ASVEL,69,88,3.05,1.49,2023-02-04,2019,EuroLeague,Valencia,12672,164.8,1505,1630
Milano,Real Madrid,83,77,1.74,2.35,2023-02-06,2019,EuroLeague,Milano,10608,168.0,1695,1643
Partizan,Barcelona,76,103,2.34,1.75,2023-02-08,2019,EuroLeague,Partizan,12008,188.0,1622,1673
ASVEL,Fenerbahçe,76,60,1.33,4.02,2023-02-10,2019,EuroLeague,ASVEL,12850,142.8,1699,1507
Real Madrid,Olympiacos,82,83,3.2,1.45,2023-02-12,2019,EuroLeague,Real Madrid,13204,173.2,1560,1697
Barcelona,CSKA Moscow,60,78,2.28,1.78,2023-02-14,2019,EuroLeague,Barcelona,13083,144.9,1589,1632
Fenerbahçe,Maccabi Tel Aviv,90,73,1.93,2.08,2023-02-16,2019,EuroLeague,Fenerbahçe,13821,171.2,1677,1664
Olympiacos,Baskonia,66,76,2.07,1.93,2023-02-18,2019,EuroLeague,Olympiacos,9877,149.1,1674,1686
CSKA Moscow,Anadolu Efes,94,90,1.7,2.44,2023-02-20,2019,EuroLeague,CSKA Moscow,13181,193.2,1694,1631
Maccabi Tel Aviv,Panathinaikos,69,86,1.65,2.54,2023-02-22,2019,EuroLeague,Maccabi Tel Aviv,9940,162.8,1576,1501
Baskonia,Zalgiris Kaunas,72,76,1.61,2.65,2023-02-24,2019,EuroLeague,Baskonia,13247,155.4,1695,1608
Anadolu Efes,Bayern Munich,85,83,1.64,2.57,2023-02-26,2019,EuroLeague,Anadolu Efes,12064,176.4,1662,1584
Panathinaikos,Valencia,87,80,1.94,2.06,2023-02-28,2019,EuroLeague,Panathinaikos,13706,175.3,1518,1508
Zalgiris Kaunas,Milano,60,84,2.4,1.72,2023-03-02,2019,EuroLeague,Zalgiris Kaunas,14289,151.2,1518,1576
Bayern Munich,Partizan,79,95,2.61,1.62,2023-03-04,2019,EuroLeague,Bayern Munich,9210,182.7,1601,1684
Valencia,ASVEL,63,80,2.31,1.76,2023-03-06,2019,EuroLeague,Valencia,14359,150.2,1647,1694
Milano,Real Madrid,78,93,3.43,1.41,2023-03-08,2019,EuroLeague,Milano,9729,179.6,1530,1684
Partizan,Barcelona,81,86,1.78,2.28,2023-03-10,2019,EuroLeague,Partizan,9554,175.3,1568,1525
ASVEL,Fenerbahçe,61,89,3.28,1.44,2023-03-12,2019,EuroLeague,ASVEL,14003,157.5,1557,1700
Real Madrid,Olympiacos,77,60,1.84,2.2,2023-03-14,2019,EuroLeague,Real Madrid,11792,143.8,1622,1591
Barcelona,CSKA Moscow,71,80,1.75,2.33,2023-03-16,2019,EuroLeague,Barcelona,12081,158.6,1670,1620
Fenerbahçe,Maccabi Tel Aviv,60,97,3.11,1.47,2023-03-18,2019,EuroLeague,Fenerbahçe,14122,164.8,1503,1633
Olympiacos,Baskonia,95,85,2.23,1.81,2023-03-20,2019,EuroLeague,Olympiacos,12194,189.0,1557,1593
CSKA Moscow,Anadolu Efes,90,60,1.41,3.43,2023-03-22,2019,EuroLeague,CSKA Moscow,11594,157.5,1692,1538
Maccabi Tel Aviv,Panathinaikos,87,87,2.45,1.69,2023-03-24,2019,EuroLeague,Maccabi Tel Aviv,14967,182.7,1558,1623
Baskonia,Zalgiris Kaunas,87,90,2.6,1.62,2023-03-26,2019,EuroLeague,Baskonia,12557,185.8,1536,1618
Anadolu Efes,Bayern Munich,63,99,2.13,1.89,2023-03-28,2019,EuroLeague,Anadolu Efes,9327,170.1,1601,1622
Panathinaikos,Valencia,84,60,2.01,1.99,2023-03-30,2019,EuroLeague,Panathinaikos,12736,151.2,1580,1581
Zalgiris Kaunas,Milano,68,84,1.88,2.14,2023-04-01,2019,EuroLeague,Zalgiris Kaunas,10682,159.6,1587,1565
Bayern Munich,Partizan,103,74,2.15,1.87,2023-04-03,2019,EuroLeague,Bayern Munich,12465,185.8,1532,1556
Valencia,ASVEL,67,108,1.54,2.85,2023-04-05,2019,EuroLeague,Valencia,9812,183.8,1628,1521
Milano,Real Madrid,71,60,3.09,1.48,2023-04-07,2019,EuroLeague,Milano,13452,137.6,1530,1658
Partizan,Barcelona,83,99,2.33,1.75,2023-04-09,2019,EuroLeague,Partizan,13025,191.1,1546,1595
ASVEL,Fenerbahçe,90,66,2.12,1.9,2023-04-11,2019,EuroLeague,ASVEL,14824,163.8,1566,1585
Real Madrid,Olympiacos,73,115,2.28,1.78,2023-04-13,2019,EuroLeague,Real Madrid,11734,197.4,1603,1646
Barcelona,CSKA Moscow,74,82,1.57,2.75,2023-04-15,2019,EuroLeague,Barcelona,9077,163.8,1602,1505
Fenerbahçe,Maccabi Tel Aviv,64,61,2.11,1.9,2023-04-17,2019,EuroLeague,Fenerbahçe,11803,131.2,1528,1546
Olympiacos,Baskonia,80,84,2.17,1.86,2023-04-19,2019,EuroLeague,Olympiacos,9836,172.2,1639,1666
CSKA Moscow,Anadolu Efes,82,71,1.47,3.13,2023-04-21,2019,EuroLeague,CSKA Moscow,13807,160.7,1636,1505
Maccabi Tel Aviv,Panathinaikos,60,82,1.79,2.27,2023-04-23,2019,EuroLeague,Maccabi Tel Aviv,11683,149.1,1614,1573
Baskonia,Zalgiris Kaunas,79,96,2.02,1.98,2023-04-25,2019,EuroLeague,Baskonia,14103,183.8,1652,1656
Anadolu Efes,Bayern Munich,93,60,2.05,1.95,2023-04-27,2019,EuroLeague,Anadolu Efes,9584,160.7,1691,1700
Panathinaikos,Valencia,92,83,1.94,2.07,2023-04-29,2019,EuroLeague,Panathinaikos,10739,183.8,1567,1556
Zalgiris Kaunas,Milano,69,71,2.27,1.79,2023-05-01,2019,EuroLeague,Zalgiris Kaunas,11420,147.0,1561,1602
Bayern Munich,Partizan,85,78,1.4,3.48,2023-05-03,2019,EuroLeague,Bayern Munich,10186,171.2,1698,1540
Valencia,ASVEL,62,63,2.51,1.66,2023-05-05,2019,EuroLeague,Valencia,10640,131.2,1557,1629
Milano,Real Madrid,98,60,1.74,2.36,2023-05-07,2019,EuroLeague,Milano,13511,165.9,1586,1533
Partizan,Barcelona,91,72,2.36,1.74,2023-05-09,2019,EuroLeague,Partizan,14042,171.2,1519,1572
ASVEL,Fenerbahçe,92,88,1.9,2.12,2023-05-11,2019,EuroLeague,ASVEL,13934,189.0,1685,1666
Real Madrid,Olympiacos,60,87,2.07,1.94,2023-05-13,2019,EuroLeague,Real Madrid,13186,154.3,1595,1606
Barcelona,CSKA Moscow,83,69,2.87,1.53,2023-05-15,2019,EuroLeague,Barcelona,13499,159.6,1564,1673
Fenerbahçe,Maccabi Tel Aviv,91,64,1.65,2.54,2023-05-17,2019,EuroLeague,Fenerbahçe,12704,162.8,1604,1529
Olympiacos,Baskonia,112,60,1.42,3.37,2023-05-19,2019,EuroLeague,Olympiacos,9053,180.6,1695,1545
CSKA Moscow,Anadolu Efes,112,81,1.99,2.01,2023-05-21,2019,EuroLeague,CSKA Moscow,14964,202.7,1618,1617
Maccabi Tel Aviv,Panathinaikos,105,94,1.71,2.4,2023-05-23,2019,EuroLeague,Maccabi Tel Aviv,9383,209.0,1679,1620
Baskonia,Zalgiris Kaunas,78,87,1.92,2.08,2023-05-25,2019,EuroLeague,Baskonia,12401,173.2,1688,1674
Anadolu Efes,Bayern Munich,92,72,3.51,1.4,2023-05-27,2019,EuroLeague,Anadolu Efes,14586,172.2,1529,1689
Panathinaikos,Valencia,68,60,1.92,2.08,2023-05-29,2019,EuroLeague,Panathinaikos,13672,134.4,1683,1669
Zalgiris Kaunas,Milano,79,96,2.8,1.56,2023-05-31,2019,EuroLeague,Zalgiris Kaunas,9576,183.8,1593,1695
Bayern Munich,Partizan,86,71,1.89,2.13,2023-06-02,2019,EuroLeague,Bayern Munich,9326,164.8,1558,1537
Valencia,ASVEL,82,84,1.53,2.87,2023-06-04,2019,EuroLeague,Valencia,11520,174.3,1667,1558
Milano,Real Madrid,60,60,2.17,1.85,2023-06-06,2019,EuroLeague,Milano,13614,126.0,1642,1670
Partizan,Barcelona,90,67,1.39,3.54,2023-06-08,2019,EuroLeague,Partizan,9308,164.8,1695,1533
ASVEL,Fenerbahçe,81,60,1.76,2.31,2023-06-10,2019,EuroLeague,ASVEL,13947,148.1,1682,1635
Real Madrid,Olympiacos,84,72,1.84,2.19,2023-06-12,2019,EuroLeague,Real Madrid,11434,163.8,1696,1666
Barcelona,CSKA Moscow,89,96,1.65,2.54,2023-06-14,2019,EuroLeague,Barcelona,9438,194.2,1667,1592
Fenerbahçe,Maccabi Tel Aviv,79,74,1.48,3.08,2023-06-16,2019,EuroLeague,Fenerbahçe,13928,160.7,1680,1553
Olympiacos,Baskonia,77,78,1.54,2.84,2023-06-18,2019,EuroLeague,Olympiacos,14723,162.8,1616,1510
CSKA Moscow,Anadolu Efes,87,64,2.04,1.97,2023-06-20,2019,EuroLeague,CSKA Moscow,9002,158.6,1624,1630
Maccabi Tel Aviv,Panathinaikos,74,79,2.14,1.88,2023-06-22,2019,EuroLeague,Maccabi Tel Aviv,14597,160.7,1608,1631
Baskonia,Zalgiris Kaunas,88,81,2.88,1.53,2023-06-24,2019,EuroLeague,Baskonia,11049,177.5,1578,1688
Anadolu Efes,Bayern Munich,98,87,2.03,1.97,2023-06-26,2019,EuroLeague,Anadolu Efes,12685,194.2,1511,1516
Panathinaikos,Valencia,70,64,1.66,2.52,2023-06-28,2019,EuroLeague,Panathinaikos,9860,140.7,1695,1622
Zalgiris Kaunas,Milano,88,65,1.67,2.49,2023-06-30,2019,EuroLeague,Zalgiris Kaunas,13140,160.7,1668,1599
Bayern Munich,Partizan,87,69,2.34,1.75,2023-07-02,2019,EuroLeague,Bayern Munich,9559,163.8,1618,1669
Valencia,ASVEL,85,79,1.82,2.22,2023-07-04,2019,EuroLeague,Valencia,11336,172.2,1660,1625
Milano,Real Madrid,95,76,1.41,3.45,2023-07-06,2019,EuroLeague,Milano,10736,179.6,1672,1516
Partizan,Barcelona,60,85,2.25,1.8,2023-07-08,2019,EuroLeague,Partizan,9333,152.2,1511,1550
ASVEL,Fenerbahçe,80,101,1.89,2.13,2023-07-10,2019,EuroLeague,ASVEL,9619,190.1,1588,1567
Real Madrid,Olympiacos,85,64,2.38,1.72,2023-07-12,2019,EuroLeague,Real Madrid,13709,156.5,1512,1568
Barcelona,CSKA Moscow,64,99,1.84,2.2,2023-07-14,2019,EuroLeague,Barcelona,11250,171.2,1675,1644
Fenerbahçe,Maccabi Tel Aviv,74,87,2.09,1.92,2023-07-16,2019,EuroLeague,Fenerbahçe,11040,169.1,1675,1690
Olympiacos,Baskonia,83,68,1.4,3.5,2023-07-18,2019,EuroLeague,Olympiacos,9116,158.6,1665,1506
CSKA Moscow,Anadolu Efes,68,72,2.22,1.82,2023-07-20,2019,EuroLeague,CSKA Moscow,10497,147.0,1544,1579
Maccabi Tel Aviv,Panathinaikos,75,79,3.54,1.39,2023-07-22,2019,EuroLeague,Maccabi Tel Aviv,9101,161.7,1508,1670
Baskonia,Zalgiris Kaunas,95,68,2.59,1.63,2023-07-24,2019,EuroLeague,Baskonia,14823,171.2,1577,1658
Anadolu Efes,Bayern Munich,78,60,2.88,1.53,2023-07-26,2019,EuroLeague,Anadolu Efes,13668,144.9,1546,1656
Panathinaikos,Valencia,65,81,2.68,1.6,2023-07-28,2019,EuroLeague,Panathinaikos,11330,153.3,1558,1648
Zalgiris Kaunas,Milano,82,60,2.73,1.58,2023-07-30,2019,EuroLeague,Zalgiris Kaunas,12244,149.1,1533,1628
Bayern Munich,Partizan,82,60,1.69,2.45,2023-08-01,2019,EuroLeague,Bayern Munich,9360,149.1,1613,1548
Valencia,ASVEL,77,94,1.56,2.79,2023-08-03,2019,EuroLeague,Valencia,9596,179.6,1688,1587
Milano,Real Madrid,106,60,1.7,2.43,2023-08-05,2019,EuroLeague,Milano,14513,174.3,1621,1559
Partizan,Barcelona,74,60,2.12,1.89,2023-08-07,2019,EuroLeague,Partizan,12756,140.7,1523,1543
ASVEL,Fenerbahçe,82,87,2.89,1.53,2023-08-09,2019,EuroLeague,ASVEL,14728,177.5,1539,1650
Real Madrid,Olympiacos,79,66,1.5,2.98,2023-08-11,2019,EuroLeague,Real Madrid,11491,152.2,1684,1565
Barcelona,CSKA Moscow,84,74,1.52,2.92,2023-08-13,2019,EuroLeague,Barcelona,10869,165.9,1650,1537
Fenerbahçe,Maccabi Tel Aviv,92,60,1.57,2.76,2023-08-15,2019,EuroLeague,Fenerbahçe,11454,159.6,1613,1515
Olympiacos,Baskonia,60,88,3.13,1.47,2023-08-17,2019,EuroLeague,Olympiacos,9405,155.4,1549,1680
CSKA Moscow,Anadolu Efes,66,80,2.63,1.61,2023-08-19,2019,EuroLeague,CSKA Moscow,10621,153.3,1530,1615
Maccabi Tel Aviv,Panathinaikos,72,100,2.38,1.72,2023-08-21,2019,EuroLeague,Maccabi Tel Aviv,9111,180.6,1517,1573
Baskonia,Zalgiris Kaunas,66,74,2.56,1.64,2023-08-23,2019,EuroLeague,Baskonia,9033,147.0,1593,1670
Anadolu Efes,Bayern Munich,69,103,1.66,2.51,2023-08-25,2019,EuroLeague,Anadolu Efes,14014,180.6,1615,1543
Panathinaikos,Valencia,81,75,1.94,2.07,2023-08-27,2019,EuroLeague,Panathinaikos,13851,163.8,1545,1534
Zalgiris Kaunas,Milano,79,93,2.94,1.52,2023-08-29,2019,EuroLeague,Zalgiris Kaunas,14593,180.6,1521,1636
Bayern Munich,Partizan,82,83,1.83,2.21,2023-08-31,2019,EuroLeague,Bayern Munich,13509,173.2,1696,1663
Valencia,ASVEL,93,60,1.66,2.51,2023-09-02,2019,EuroLeague,Valencia,9221,160.7,1687,1615
Milano,Real Madrid,87,63,1.41,3.45,2023-09-04,2019,EuroLeague,Milano,13662,157.5,1677,1521
Partizan,Barcelona,102,62,1.44,3.28,2023-09-06,2019,EuroLeague,Partizan,12396,172.2,1692,1549
ASVEL,Fenerbahçe,71,79,1.47,3.14,2023-09-08,2019,EuroLeague,ASVEL,10384,157.5,1645,1513
Real Madrid,Olympiacos,60,75,1.7,2.42,2023-09-10,2019,EuroLeague,Real Madrid,12390,141.8,1673,1612
Barcelona,CSKA Moscow,88,107,3.65,1.38,2023-09-12,2019,EuroLeague,Barcelona,12030,204.8,1526,1695
Fenerbahçe,Maccabi Tel Aviv,86,84,2.01,1.99,2023-09-14,2019,EuroLeague,Fenerbahçe,13164,178.5,1648,1649
Olympiacos,Baskonia,98,65,2.27,1.79,2023-09-16,2019,EuroLeague,Olympiacos,13970,171.2,1558,1600
CSKA Moscow,Anadolu Efes,71,103,3.2,1.45,2023-09-18,2019,EuroLeague,CSKA Moscow,13011,182.7,1537,1674
Maccabi Tel Aviv,Panathinaikos,87,72,1.98,2.02,2023-09-20,2019,EuroLeague,Maccabi Tel Aviv,9230,167.0,1562,1559
Baskonia,Zalgiris Kaunas,72,60,2.07,1.93,2023-09-22,2019,EuroLeague,Baskonia,14344,138.6,1520,1532
Anadolu Efes,Bayern Munich,78,73,1.95,1.95,2023-09-24,2019,EuroLeague,Anadolu Efes,14611,158.6,1690,1690
Panathinaikos,Valencia,81,70,1.55,2.83,2023-09-26,2019,EuroLeague,Panathinaikos,14117,158.6,1685,1580
Zalgiris Kaunas,Milano,74,91,2.04,1.97,2023-09-28,2019,EuroLeague,Zalgiris Kaunas,13704,173.2,1543,1549
Bayern Munich,Partizan,96,73,1.85,2.17,2023-09-30,2019,EuroLeague,Bayern Munich,10282,177.5,1694,1666
Valencia,ASVEL,91,81,1.56,2.79,2023-10-02,2019,EuroLeague,Valencia,13079,180.6,1683,1582
Milano,Real Madrid,93,76,1.81,2.23,2023-10-04,2019,EuroLeague,Milano,9783,177.5,1643,1607
Partizan,Barcelona,81,60,1.63,2.58,2023-10-06,2019,EuroLeague,Partizan,10585,148.1,1610,1530
ASVEL,Fenerbahçe,83,90,3.59,1.39,2023-10-08,2019,EuroLeague,ASVEL,9194,181.7,1523,1688
Real Madrid,Olympiacos,71,80,1.4,3.51,2023-10-10,2019,EuroLeague,Real Madrid,14139,158.6,1681,1521
Barcelona,CSKA Moscow,88,71,2.18,1.85,2023-10-12,2019,EuroLeague,Barcelona,9194,167.0,1512,1541
Fenerbahçe,Maccabi Tel Aviv,79,87,2.47,1.68,2023-10-14,2019,EuroLeague,Fenerbahçe,12027,174.3,1572,1639
Olympiacos,Baskonia,60,66,1.54,2.84,2023-10-16,2019,EuroLeague,Olympiacos,11251,132.3,1698,1592
CSKA Moscow,Anadolu Efes,68,63,2.96,1.51,2023-10-18,2019,EuroLeague,CSKA Moscow,14242,137.6,1514,1631
Maccabi Tel Aviv,Panathinaikos,89,66,2.74,1.58,2023-10-20,2019,EuroLeague,Maccabi Tel Aviv,13413,162.8,1565,1661
Baskonia,Zalgiris Kaunas,60,71,3.0,1.5,2023-10-22,2019,EuroLeague,Baskonia,13511,137.6,1527,1647
Anadolu Efes,Bayern Munich,65,74,2.08,1.92,2023-10-24,2019,EuroLeague,Anadolu Efes,10526,146.0,1631,1645
Panathinaikos,Valencia,60,71,3.29,1.44,2023-10-26,2019,EuroLeague,Panathinaikos,9882,137.6,1530,1674
Zalgiris Kaunas,Milano,85,60,1.51,2.97,2023-10-28,2019,EuroLeague,Zalgiris Kaunas,10124,152.2,1663,1545
Bayern Munich,Partizan,88,91,2.1,1.91,2023-10-30,2019,EuroLeague,Bayern Munich,13007,188.0,1595,1611
Valencia,ASVEL,75,68,2.42,1.7,2023-11-01,2019,EuroLeague,Valencia,12709,150.2,1507,1568
Milano,Real Madrid,74,79,1.88,2.14,2023-11-03,2019,EuroLeague,Milano,11430,160.7,1613,1590
Partizan,Barcelona,81,60,1.61,2.65,2023-11-05,2019,EuroLeague,Partizan,12401,148.1,1675,1588
ASVEL,Fenerbahçe,81,84,2.7,1.59,2023-11-07,2019,EuroLeague,ASVEL,11818,173.2,1527,1619
Real Madrid,Olympiacos,60,92,2.68,1.6,2023-11-09,2019,EuroLeague,Real Madrid,11293,159.6,1568,1658
Barcelona,CSKA Moscow,70,74,2.66,1.6,2023-11-11,2019,EuroLeague,Barcelona,9258,151.2,1594,1682
Fenerbahçe,Maccabi Tel Aviv,64,72,1.83,2.2,2023-11-13,2019,EuroLeague,Fenerbahçe,14233,142.8,1593,1561
Olympiacos,Baskonia,60,73,2.5,1.66,2023-11-15,2019,EuroLeague,Olympiacos,12329,139.7,1602,1673
CSKA Moscow,Anadolu Efes,87,81,1.85,2.18,2023-11-17,2019,EuroLeague,CSKA Moscow,13216,176.4,1647,1618
Maccabi Tel Aviv,Panathinaikos,102,83,2.04,1.97,2023-11-19,2019,EuroLeague,Maccabi Tel Aviv,13080,194.2,1615,1621
Baskonia,Zalgiris Kaunas,77,76,2.25,1.8,2023-11-21,2019,EuroLeague,Baskonia,12699,160.7,1619,1658
Anadolu Efes,Bayern Munich,69,84,2.14,1.88,2023-11-23,2019,EuroLeague,Anadolu Efes,9687,160.7,1650,1672
Panathinaikos,Valencia,97,60,2.13,1.89,2023-11-25,2019,EuroLeague,Panathinaikos,9069,164.8,1553,1574
Zalgiris Kaunas,Milano,83,90,3.21,1.45,2023-11-27,2019,EuroLeague,Zalgiris Kaunas,9153,181.7,1547,1685
Bayern Munich,Partizan,72,60,2.97,1.51,2023-11-29,2019,EuroLeague,Bayern Munich,10786,138.6,1551,1669
Valencia,ASVEL,79,87,1.72,2.4,2023-12-01,2019,EuroLeague,Valencia,9630,174.3,1638,1580
Milano,Real Madrid,72,75,1.67,2.5,2023-12-03,2019,EuroLeague,Milano,12125,154.3,1658,1588
Partizan,Barcelona,81,63,1.7,2.44,2023-12-05,2019,EuroLeague,Partizan,11275,151.2,1603,1540
ASVEL,Fenerbahçe,69,93,1.92,2.08,2023-12-07,2019,EuroLeague,ASVEL,14721,170.1,1649,1635
Real Madrid,Olympiacos,103,92,1.86,2.16,2023-12-09,2019,EuroLeague,Real Madrid,13013,204.8,1548,1522
Barcelona,CSKA Moscow,74,80,1.6,2.67,2023-12-11,2019,EuroLeague,Barcelona,14861,161.7,1623,1534
Fenerbahçe,Maccabi Tel Aviv,67,82,1.66,2.5,2023-12-13,2019,EuroLeague,Fenerbahçe,13999,156.5,1645,1574
Olympiacos,Baskonia,60,60,2.55,1.65,2023-12-15,2019,EuroLeague,Olympiacos,10081,126.0,1616,1692
CSKA Moscow,Anadolu Efes,75,87,2.51,1.66,2023-12-17,2019,EuroLeague,CSKA Moscow,12749,170.1,1538,1610
Maccabi Tel Aviv,Panathinaikos,80,80,1.5,3.02,2023-12-19,2019,EuroLeague,Maccabi Tel Aviv,9101,168.0,1671,1549
Baskonia,Zalgiris Kaunas,67,60,1.86,2.17,2023-12-21,2019,EuroLeague,Baskonia,10721,133.3,1544,1517
Anadolu Efes,Bayern Munich,74,60,1.54,2.86,2023-12-23,2019,EuroLeague,Anadolu Efes,13895,140.7,1680,1572
Panathinaikos,Valencia,60,97,3.65,1.38,2023-12-25,2019,EuroLeague,Panathinaikos,11684,164.8,1510,1679
Zalgiris Kaunas,Milano,88,67,1.62,2.62,2023-12-27,2019,EuroLeague,Zalgiris Kaunas,14306,162.8,1634,1550
Bayern Munich,Partizan,78,74,1.93,2.07,2023-12-29,2019,EuroLeague,Bayern Munich,14516,159.6,1643,1631
Valencia,ASVEL,69,101,3.71,1.37,2023-12-31,2019,EuroLeague,Valencia,13307,178.5,1513,1686
Milano,Real Madrid,64,101,3.24,1.45,2024-01-02,2019,EuroLeague,Milano,11173,173.2,1553,1693
Partizan,Barcelona,82,75,1.88,2.14,2024-01-04,2019,EuroLeague,Partizan,14225,164.8,1557,1535
ASVEL,Fenerbahçe,90,60,1.6,2.68,2024-01-06,2019,EuroLeague,ASVEL,13630,157.5,1633,1543
Real Madrid,Olympiacos,69,72,2.04,1.97,2024-01-08,2019,EuroLeague,Real Madrid,10632,148.1,1620,1626
Barcelona,CSKA Moscow,76,84,2.02,1.98,2024-01-10,2019,EuroLeague,Barcelona,14329,168.0,1558,1561
Fenerbahçe,Maccabi Tel Aviv,70,89,2.27,1.79,2024-01-12,2019,EuroLeague,Fenerbahçe,10697,167.0,1601,1642
Olympiacos,Baskonia,65,79,1.95,1.95,2024-01-14,2019,EuroLeague,Olympiacos,11235,151.2,1545,1545
CSKA Moscow,Anadolu Efes,73,84,1.74,2.36,2024-01-16,2019,EuroLeague,CSKA Moscow,14901,164.8,1666,1613
Maccabi Tel Aviv,Panathinaikos,62,70,2.36,1.73,2024-01-18,2019,EuroLeague,Maccabi Tel Aviv,10413,138.6,1588,1642
Baskonia,Zalgiris Kaunas,103,73,2.86,1.54,2024-01-20,2019,EuroLeague,Baskonia,12558,184.8,1517,1625
Anadolu Efes,Bayern Munich,94,65,1.76,2.32,2024-01-22,2019,EuroLeague,Anadolu Efes,11061,167.0,1659,1611
Panathinaikos,Valencia,60,69,1.98,2.02,2024-01-24,2019,EuroLeague,Panathinaikos,9151,135.5,1579,1576
Zalgiris Kaunas,Milano,105,63,1.59,2.71,2024-01-26,2019,EuroLeague,Zalgiris Kaunas,9522,176.4,1645,1552
Bayern Munich,Partizan,80,84,2.02,1.98,2024-01-28,2019,EuroLeague,Bayern Munich,12939,172.2,1608,1611
Valencia,ASVEL,82,63,2.49,1.67,2024-01-30,2019,EuroLeague,Valencia,14517,152.2,1503,1572
Milano,Real Madrid,71,93,1.82,2.22,2024-02-01,2019,EuroLeague,Milano,13328,172.2,1649,1614
Partizan,Barcelona,67,67,2.04,1.97,2024-02-03,2019,EuroLeague,Partizan,14491,140.7,1672,1678
ASVEL,Fenerbahçe,87,85,1.72,2.4,2024-02-05,2019,EuroLeague,ASVEL,11855,180.6,1681,1623
Real Madrid,Olympiacos,97,90,2.07,1.94,2024-02-07,2019,EuroLeague,Real Madrid,9977,196.3,1686,1697
Barcelona,CSKA Moscow,71,60,1.58,2.72,2024-02-09,2019,EuroLeague,Barcelona,11829,137.6,1634,1540
Fenerbahçe,Maccabi Tel Aviv,73,81,1.98,2.02,2024-02-11,2019,EuroLeague,Fenerbahçe,10433,161.7,1582,1579
Olympiacos,Baskonia,74,79,1.91,2.1,2024-02-13,2019,EuroLeague,Olympiacos,10532,160.7,1698,1682
CSKA Moscow,Anadolu Efes,88,82,1.68,2.46,2024-02-15,2019,EuroLeague,CSKA Moscow,13085,178.5,1577,1511
Maccabi Tel Aviv,Panathinaikos,95,97,1.7,2.44,2024-02-17,2019,EuroLeague,Maccabi Tel Aviv,13304,201.6,1666,1603
Baskonia,Zalgiris Kaunas,72,84,2.05,1.95,2024-02-19,2019,EuroLeague,Baskonia,9080,163.8,1631,1640
Anadolu Efes,Bayern Munich,93,61,1.55,2.83,2024-02-21,2019,EuroLeague,Anadolu Efes,14231,161.7,1641,1536
Panathinaikos,Valencia,78,69,1.95,2.05,2024-02-23,2019,EuroLeague,Panathinaikos,10401,154.3,1615,1606
Zalgiris Kaunas,Milano,77,93,2.14,1.88,2024-02-25,2019,EuroLeague,Zalgiris Kaunas,11968,178.5,1540,1563
Bayern Munich,Partizan,73,93,1.72,2.38,2024-02-27,2019,EuroLeague,Bayern Munich,14724,174.3,1573,1517
Valencia,ASVEL,77,60,1.48,3.09,2024-02-29,2019,EuroLeague,Valencia,13950,143.8,1656,1528
Milano,Real Madrid,89,94,1.92,2.09,2024-03-02,2019,EuroLeague,Milano,11775,192.2,1521,1506
Partizan,Barcelona,60,73,1.63,2.59,2024-03-04,2019,EuroLeague,Partizan,10099,139.7,1694,1613
ASVEL,Fenerbahçe,98,72,1.86,2.16,2024-03-06,2019,EuroLeague,ASVEL,14592,178.5,1564,1538
Real Madrid,Olympiacos,95,85,1.72,2.39,2024-03-08,2019,EuroLeague,Real Madrid,11583,189.0,1586,1529
Barcelona,CSKA Moscow,68,70,1.85,2.17,2024-03-10,2019,EuroLeague,Barcelona,13552,144.9,1537,1509
Fenerbahçe,Maccabi Tel Aviv,60,76,2.86,1.54,2024-03-12,2019,EuroLeague,Fenerbahçe,13599,142.8,1557,1665
Olympiacos,Baskonia,89,75,1.73,2.36,2024-03-14,2019,EuroLeague,Olympiacos,13727,172.2,1689,1635
CSKA Moscow,Anadolu Efes,61,78,1.99,2.01,2024-03-16,2019,EuroLeague,CSKA Moscow,11355,146.0,1577,1576
Maccabi Tel Aviv,Panathinaikos,61,74,2.5,1.67,2024-03-18,2019,EuroLeague,Maccabi Tel Aviv,12769,141.8,1549,1619
Baskonia,Zalgiris Kaunas,60,64,1.72,2.4,2024-03-20,2019,EuroLeague,Baskonia,12196,130.2,1675,1617
Anadolu Efes,Bayern Munich,76,95,3.0,1.5,2024-03-22,2019,EuroLeague,Anadolu Efes,12797,179.6,1557,1677
Panathinaikos,Valencia,66,80,1.88,2.14,2024-03-24,2019,EuroLeague,Panathinaikos,11756,153.3,1614,1592
Zalgiris Kaunas,Milano,70,77,2.52,1.66,2024-03-26,2019,EuroLeague,Zalgiris Kaunas,11315,154.3,1593,1666
Bayern Munich,Partizan,85,92,1.71,2.4,2024-03-28,2019,EuroLeague,Bayern Munich,14287,185.8,1588,1529
Valencia,ASVEL,66,89,2.28,1.78,2024-03-30,2019,EuroLeague,Valencia,14201,162.8,1656,1699
Milano,Real Madrid,96,63,1.56,2.78,2024-04-01,2019,EuroLeague,Milano,14084,167.0,1667,1567
Partizan,Barcelona,85,67,1.74,2.36,2024-04-03,2019,EuroLeague,Partizan,11367,159.6,1669,1616
ASVEL,Fenerbahçe,85,96,1.93,2.07,2024-04-05,2019,EuroLeague,ASVEL,12164,190.1,1642,1630
Real Madrid,Olympiacos,76,82,2.09,1.92,2024-04-07,2019,EuroLeague,Real Madrid,13239,165.9,1649,1664
Barcelona,CSKA Moscow,82,68,1.77,2.3,2024-04-09,2019,EuroLeague,Barcelona,14387,157.5,1673,1627
Fenerbahçe,Maccabi Tel Aviv,82,105,1.99,2.01,2024-04-11,2019,EuroLeague,Fenerbahçe,10910,196.3,1604,1603
Olympiacos,Baskonia,79,78,2.04,1.97,2024-04-13,2019,EuroLeague,Olympiacos,11215,164.8,1685,1691
CSKA Moscow,Anadolu Efes,75,60,1.85,2.18,2024-04-15,2019,EuroLeague,CSKA Moscow,11804,141.8,1640,1611
Maccabi Tel Aviv,Panathinaikos,79,72,1.78,2.29,2024-04-17,2019,EuroLeague,Maccabi Tel Aviv,9051,158.6,1686,1642
Baskonia,Zalgiris Kaunas,65,110,2.41,1.71,2024-04-19,2019,EuroLeague,Baskonia,14205,183.8,1627,1687
Anadolu Efes,Bayern Munich,60,76,3.77,1.36,2024-04-21,2019,EuroLeague,Anadolu Efes,11040,142.8,1507,1684
Panathinaikos,Valencia,103,88,2.45,1.69,2024-04-23,2019,EuroLeague,Panathinaikos,12536,200.6,1596,1661
Zalgiris Kaunas,Milano,89,81,2.06,1.94,2024-04-25,2019,EuroLeague,Zalgiris Kaunas,10736,178.5,1621,1631
Bayern Munich,Partizan,61,64,2.77,1.57,2024-04-27,2019,EuroLeague,Bayern Munich,13545,131.2,1537,1636
Valencia,ASVEL,78,70,1.85,2.17,2024-04-29,2019,EuroLeague,Valencia,13134,155.4,1626,1598
Milano,Real Madrid,107,74,2.05,1.95,2024-05-01,2019,EuroLeague,Milano,11376,190.1,1590,1599
Partizan,Barcelona,100,66,1.48,3.07,2024-05-03,2019,EuroLeague,Partizan,13842,174.3,1648,1522
ASVEL,Fenerbahçe,87,67,2.28,1.78,2024-05-05,2019,EuroLeague,ASVEL,13737,161.7,1625,1668
Real Madrid,Olympiacos,92,68,2.44,1.7,2024-05-07,2019,EuroLeague,Real Madrid,9972,168.0,1500,1563
Barcelona,CSKA Moscow,90,63,1.7,2.44,2024-05-09,2019,EuroLeague,Barcelona,12759,160.7,1652,1589
Fenerbahçe,Maccabi Tel Aviv,87,80,1.94,2.06,2024-05-11,2019,EuroLeague,Fenerbahçe,11042,175.3,1552,1542
Olympiacos,Baskonia,67,92,1.85,2.18,2024-05-13,2019,EuroLeague,Olympiacos,12259,167.0,1649,1620
CSKA Moscow,Anadolu Efes,95,62,1.44,3.28,2024-05-15,2019,EuroLeague,CSKA Moscow,10631,164.8,1660,1517
Maccabi Tel Aviv,Panathinaikos,79,70,2.05,1.95,2024-05-17,2019,EuroLeague,Maccabi Tel Aviv,12913,156.5,1539,1547
Baskonia,Zalgiris Kaunas,67,74,1.73,2.36,2024-05-19,2019,EuroLeague,Baskonia,10738,148.1,1667,1613
Anadolu Efes,Bayern Munich,75,80,3.15,1.47,2024-05-21,2019,EuroLeague,Anadolu Efes,14602,162.8,1566,1699
Panathinaikos,Valencia,60,88,2.06,1.94,2024-05-23,2019,EuroLeague,Panathinaikos,12991,155.4,1555,1565
Zalgiris Kaunas,Milano,60,77,2.4,1.72,2024-05-25,2019,EuroLeague,Zalgiris Kaunas,14786,143.8,1511,1569
Bayern Munich,Partizan,69,81,1.85,2.18,2024-05-27,2019,EuroLeague,Bayern Munich,11869,157.5,1552,1523
Valencia,ASVEL,95,60,1.58,2.73,2024-05-29,2019,EuroLeague,Valencia,9606,162.8,1622,1527
Milano,Real Madrid,106,123,1.91,2.1,2024-05-31,2019,EuroLeague,Milano,11739,240.5,1661,1644
Partizan,Barcelona,89,60,1.61,2.63,2024-06-02,2019,EuroLeague,Partizan,9078,156.5,1616,1531
ASVEL,Fenerbahçe,67,66,2.75,1.57,2024-06-04,2019,EuroLeague,ASVEL,13141,139.7,1504,1601
Real Madrid,Olympiacos,72,98,2.43,1.7,2024-06-06,2019,EuroLeague,Real Madrid,14912,178.5,1573,1635
Barcelona,CSKA Moscow,91,69,2.07,1.94,2024-06-08,2019,EuroLeague,Barcelona,11714,168.0,1630,1641
Fenerbahçe,Maccabi Tel Aviv,69,61,1.65,2.53,2024-06-10,2019,EuroLeague,Fenerbahçe,11941,136.5,1601,1527
Olympiacos,Baskonia,74,80,3.65,1.38,2024-06-12,2019,EuroLeague,Olympiacos,12169,161.7,1519,1688
CSKA Moscow,Anadolu Efes,78,72,3.19,1.46,2024-06-14,2019,EuroLeague,CSKA Moscow,9817,157.5,1540,1676
Maccabi Tel Aviv,Panathinaikos,66,80,2.15,1.87,2024-06-16,2019,EuroLeague,Maccabi Tel Aviv,14802,153.3,1554,1578
Baskonia,Zalgiris Kaunas,67,65,1.93,2.07,2024-06-18,2019,EuroLeague,Baskonia,13651,138.6,1588,1576
Anadolu Efes,Bayern Munich,69,70,2.06,1.94,2024-06-20,2019,EuroLeague,Anadolu Efes,10894,146.0,1672,1682
Panathinaikos,Valencia,65,62,2.05,1.95,2024-06-22,2019,EuroLeague,Panathinaikos,9908,133.3,1552,1560
Zalgiris Kaunas,Milano,92,69,1.49,3.05,2024-06-24,2019,EuroLeague,Zalgiris Kaunas,9725,169.1,1661,1536
Bayern Munich,Partizan,72,97,2.73,1.58,2024-06-26,2019,EuroLeague,Bayern Munich,11530,177.5,1598,1693
Valencia,ASVEL,83,71,1.38,3.62,2024-06-28,2019,EuroLeague,Valencia,12292,161.7,1686,1519
Milano,Real Madrid,87,82,1.91,2.1,2024-06-30,2019,EuroLeague,Milano,14339,177.5,1676,1659
Partizan,Barcelona,65,65,2.37,1.73,2024-07-02,2019,EuroLeague,Partizan,9066,136.5,1635,1690
ASVEL,Fenerbahçe,60,74,2.45,1.69,2024-07-04,2019,EuroLeague,ASVEL,12637,140.7,1549,1613
Real Madrid,Olympiacos,78,60,1.81,2.24,2024-07-06,2019,EuroLeague,Real Madrid,9651,144.9,1647,1610
Barcelona,CSKA Moscow,80,66,1.76,2.32,2024-07-08,2019,EuroLeague,Barcelona,10218,153.3,1681,1633
Fenerbahçe,Maccabi Tel Aviv,85,86,2.86,1.54,2024-07-10,2019,EuroLeague,Fenerbahçe,12353,179.6,1566,1674
Olympiacos,Baskonia,99,62,1.37,3.68,2024-07-12,2019,EuroLeague,Olympiacos,12791,169.1,1682,1511
CSKA Moscow,Anadolu Efes,60,91,1.9,2.11,2024-07-14,2019,EuroLeague,CSKA Moscow,11433,158.6,1530,1512
Maccabi Tel Aviv,Panathinaikos,97,96,1.84,2.19,2024-07-16,2019,EuroLeague,Maccabi Tel Aviv,13881,202.7,1663,1633
Baskonia,Zalgiris Kaunas,80,83,2.56,1.64,2024-07-18,2019,EuroLeague,Baskonia,14462,171.2,1609,1686
Anadolu Efes,Bayern Munich,90,80,1.7,2.42,2024-07-20,2019,EuroLeague,Anadolu Efes,14435,178.5,1700,1639
Panathinaikos,Valencia,81,96,2.04,1.96,2024-07-22,2019,EuroLeague,Panathinaikos,10095,185.8,1585,1592
Zalgiris Kaunas,Milano,77,80,3.07,1.48,2024-07-24,2019,EuroLeague,Zalgiris Kaunas,9569,164.8,1561,1687
Bayern Munich,Partizan,83,73,2.24,1.81,2024-07-26,2019,EuroLeague,Bayern Munich,10196,163.8,1561,1598
Valencia,ASVEL,79,97,3.07,1.48,2024-07-28,2019,EuroLeague,Valencia,12133,184.8,1570,1696
Milano,Real Madrid,73,75,2.12,1.9,2024-07-30,2019,EuroLeague,Milano,12567,155.4,1578,1597
Partizan,Barcelona,83,75,2.05,1.95,2024-08-01,2019,EuroLeague,Partizan,13271,165.9,1556,1564
ASVEL,Fenerbahçe,90,68,1.57,2.76,2024-08-03,2019,EuroLeague,ASVEL,11610,165.9,1601,1503
Real Madrid,Olympiacos,97,60,1.44,3.25,2024-08-05,2019,EuroLeague,Real Madrid,13579,164.8,1641,1500
Barcelona,CSKA Moscow,81,76,1.6,2.67,2024-08-07,2019,EuroLeague,Barcelona,10959,164.8,1690,1601
Fenerbahçe,Maccabi Tel Aviv,99,66,1.47,3.15,2024-08-09,2019,EuroLeague,Fenerbahçe,10449,173.2,1666,1533
Olympiacos,Baskonia,82,97,1.84,2.19,2024-08-11,2019,EuroLeague,Olympiacos,9290,188.0,1662,1632
CSKA Moscow,Anadolu Efes,64,83,2.35,1.74,2024-08-13,2019,EuroLeague,CSKA Moscow,14856,154.3,1516,1568
Maccabi Tel Aviv,Panathinaikos,80,60,1.99,2.01,2024-08-15,2019,EuroLeague,Maccabi Tel Aviv,12679,147.0,1616,1615
Baskonia,Zalgiris Kaunas,81,91,2.33,1.75,2024-08-17,2019,EuroLeague,Baskonia,13566,180.6,1638,1687
Anadolu Efes,Bayern Munich,70,87,1.79,2.26,2024-08-19,2019,EuroLeague,Anadolu Efes,13503,164.8,1651,1611
Panathinaikos,Valencia,72,80,2.27,1.79,2024-08-21,2019,EuroLeague,Panathinaikos,10840,159.6,1594,1636
Zalgiris Kaunas,Milano,68,60,2.06,1.94,2024-08-23,2019,EuroLeague,Zalgiris Kaunas,13325,134.4,1538,1548
Bayern Munich,Partizan,97,72,1.51,2.95,2024-08-25,2019,EuroLeague,Bayern Munich,9712,177.5,1690,1574
Valencia,ASVEL,83,64,1.85,2.17,2024-08-27,2019,EuroLeague,Valencia,9311,154.3,1601,1573
Milano,Real Madrid,76,61,2.13,1.89,2024-08-29,2019,EuroLeague,Milano,14492,143.8,1647,1668
Partizan,Barcelona,71,80,1.41,3.41,2024-08-31,2019,EuroLeague,Partizan,9817,158.6,1655,1502
ASVEL,Fenerbahçe,83,81,1.9,2.11,2024-09-02,2019,EuroLeague,ASVEL,11900,172.2,1620,1602
Real Madrid,Olympiacos,70,83,2.11,1.9,2024-09-04,2019,EuroLeague,Real Madrid,9843,160.7,1664,1682
Barcelona,CSKA Moscow,85,76,3.44,1.41,2024-09-06,2019,EuroLeague,Barcelona,12582,169.1,1545,1700
Fenerbahçe,Maccabi Tel Aviv,78,74,1.65,2.55,2024-09-08,2019,EuroLeague,Fenerbahçe,13600,159.6,1615,1539
Olympiacos,Baskonia,93,98,1.91,2.1,2024-09-10,2019,EuroLeague,Olympiacos,13150,200.6,1636,1619
CSKA Moscow,Anadolu Efes,79,76,1.62,2.6,2024-09-12,2019,EuroLeague,CSKA Moscow,14670,162.8,1596,1514
Maccabi Tel Aviv,Panathinaikos,67,75,2.5,1.66,2024-09-14,2019,EuroLeague,Maccabi Tel Aviv,11386,149.1,1594,1665
Baskonia,Zalgiris Kaunas,86,78,3.05,1.49,2024-09-16,2019,EuroLeague,Baskonia,11498,172.2,1565,1690
Anadolu Efes,Bayern Munich,85,78,1.68,2.48,2024-09-18,2019,EuroLeague,Anadolu Efes,11316,171.2,1599,1531
Panathinaikos,Valencia,74,74,1.63,2.59,2024-09-20,2019,EuroLeague,Panathinaikos,11433,155.4,1650,1569
Zalgiris Kaunas,Milano,79,71,1.77,2.3,2024-09-22,2019,EuroLeague,Zalgiris Kaunas,13471,157.5,1627,1581
Bayern Munich,Partizan,92,69,1.56,2.79,2024-09-24,2019,EuroLeague,Bayern Munich,14199,169.1,1672,1571
Valencia,ASVEL,85,107,2.16,1.86,2024-09-26,2019,EuroLeague,Valencia,13257,201.6,1561,1587
Milano,Real Madrid,78,87,2.26,1.79,2024-09-28,2019,EuroLeague,Milano,11730,173.2,1603,1643
Partizan,Barcelona,87,70,2.01,1.99,2024-09-30,2019,EuroLeague,Partizan,10865,164.8,1507,1509
ASVEL,Fenerbahçe,81,72,1.94,2.07,2024-10-02,2019,EuroLeague,ASVEL,9260,160.7,1582,1571
Real Madrid,Olympiacos,86,60,2.3,1.77,2024-10-04,2019,EuroLeague,Real Madrid,10255,153.3,1502,1548
Barcelona,CSKA Moscow,60,72,1.92,2.09,2024-10-06,2019,EuroLeague,Barcelona,14130,138.6,1592,1577
Fenerbahçe,Maccabi Tel Aviv,84,72,1.51,2.95,2024-10-08,2019,EuroLeague,Fenerbahçe,11082,163.8,1616,1500
Olympiacos,Baskonia,97,68,2.15,1.87,2024-10-10,2019,EuroLeague,Olympiacos,9722,173.2,1566,1590
CSKA Moscow,Anadolu Efes,81,94,2.74,1.58,2024-10-12,2019,EuroLeague,CSKA Moscow,14680,183.8,1602,1698
Maccabi Tel Aviv,Panathinaikos,74,60,1.75,2.33,2024-10-14,2019,EuroLeague,Maccabi Tel Aviv,11962,140.7,1659,1610
Baskonia,Zalgiris Kaunas,62,71,2.79,1.56,2024-10-16,2019,EuroLeague,Baskonia,14377,139.7,1581,1682
Anadolu Efes,Bayern Munich,80,77,3.01,1.5,2024-10-18,2019,EuroLeague,Anadolu Efes,12449,164.8,1557,1678
Panathinaikos,Valencia,88,60,1.73,2.37,2024-10-20,2019,EuroLeague,Panathinaikos,14819,155.4,1608,1553
Zalgiris Kaunas,Milano,60,70,2.46,1.68,2024-10-22,2019,EuroLeague,Zalgiris Kaunas,9713,136.5,1549,1615
Bayern Munich,Partizan,93,81,1.6,2.68,2024-10-24,2019,EuroLeague,Bayern Munich,12865,182.7,1691,1601
Valencia,ASVEL,86,70,2.44,1.7,2024-10-26,2019,EuroLeague,Valencia,11948,163.8,1526,1589
Milano,Real Madrid,82,60,1.43,3.33,2024-10-28,2019,EuroLeague,Milano,14220,149.1,1653,1506
Partizan,Barcelona,72,77,1.73,2.36,2024-10-30,2019,EuroLeague,Partizan,14873,156.5,1657,1603
ASVEL,Fenerbahçe,63,80,2.46,1.68,2024-11-01,2019,EuroLeague,ASVEL,13167,150.2,1500,1566
Real Madrid,Olympiacos,60,71,1.99,2.01,2024-11-03,2019,EuroLeague,Real Madrid,9751,137.6,1592,1590
Barcelona,CSKA Moscow,96,92,1.94,2.07,2024-11-05,2019,EuroLeague,Barcelona,13699,197.4,1559,1548
Fenerbahçe,Maccabi Tel Aviv,96,83,2.24,1.81,2024-11-07,2019,EuroLeague,Fenerbahçe,14097,188.0,1617,1654
Olympiacos,Baskonia,79,90,1.74,2.35,2024-11-09,2019,EuroLeague,Olympiacos,13615,177.5,1673,1621
CSKA Moscow,Anadolu Efes,95,60,1.4,3.53,2024-11-11,2019,EuroLeague,CSKA Moscow,9990,162.8,1693,1532
Maccabi Tel Aviv,Panathinaikos,98,78,2.97,1.51,2024-11-13,2019,EuroLeague,Maccabi Tel Aviv,13053,184.8,1555,1673
Baskonia,Zalgiris Kaunas,71,62,1.84,2.19,2024-11-15,2019,EuroLeague,Baskonia,11396,139.7,1536,1506
Anadolu Efes,Bayern Munich,89,83,2.13,1.89,2024-11-17,2019,EuroLeague,Anadolu Efes,14339,180.6,1664,1685
Panathinaikos,Valencia,72,74,1.68,2.47,2024-11-19,2019,EuroLeague,Panathinaikos,13594,153.3,1568,1501
Zalgiris Kaunas,Milano,89,74,2.36,1.74,2024-11-21,2019,EuroLeague,Zalgiris Kaunas,10336,171.2,1643,1696
Bayern Munich,Partizan,60,73,2.3,1.77,2024-11-23,2019,EuroLeague,Bayern Munich,12017,139.7,1557,1603
Valencia,ASVEL,67,87,1.68,2.47,2024-11-25,2019,EuroLeague,Valencia,14438,161.7,1608,1541
Milano,Real Madrid,78,83,1.85,2.17,2024-11-27,2019,EuroLeague,Milano,10421,169.1,1590,1562
Partizan,Barcelona,82,60,2.2,1.84,2024-11-29,2019,EuroLeague,Partizan,12066,149.1,1560,1591
ASVEL,Fenerbahçe,60,79,1.75,2.33,2024-12-01,2019,EuroLeague,ASVEL,13772,146.0,1635,1586
Real Madrid,Olympiacos,60,94,2.39,1.72,2024-12-03,2019,EuroLeague,Real Madrid,11994,161.7,1521,1578
Barcelona,CSKA Moscow,74,82,1.8,2.25,2024-12-05,2019,EuroLeague,Barcelona,10432,163.8,1670,1631
Fenerbahçe,Maccabi Tel Aviv,85,72,1.58,2.74,2024-12-07,2019,EuroLeague,Fenerbahçe,9896,164.8,1626,1530
Olympiacos,Baskonia,86,60,1.62,2.6,2024-12-09,2019,EuroLeague,Olympiacos,14496,153.3,1662,1580
CSKA Moscow,Anadolu Efes,68,80,2.37,1.73,2024-12-11,2019,EuroLeague,CSKA Moscow,9534,155.4,1643,1698
Maccabi Tel Aviv,Panathinaikos,77,71,1.86,2.17,2024-12-13,2019,EuroLeague,Maccabi Tel Aviv,14302,155.4,1691,1664
Baskonia,Zalgiris Kaunas,70,72,2.33,1.75,2024-12-15,2019,EuroLeague,Baskonia,10206,149.1,1534,1583
Anadolu Efes,Bayern Munich,68,67,1.68,2.46,2024-12-17,2019,EuroLeague,Anadolu Efes,11326,141.8,1596,1530
Panathinaikos,Valencia,75,67,1.81,2.23,2024-12-19,2019,EuroLeague,Panathinaikos,10297,149.1,1581,1545
Zalgiris Kaunas,Milano,91,84,1.76,2.32,2024-12-21,2019,EuroLeague,Zalgiris Kaunas,11817,183.8,1664,1616
Bayern Munich,Partizan,66,89,1.75,2.34,2024-12-23,2019,EuroLeague,Bayern Munich,10246,162.8,1633,1582
Valencia,ASVEL,91,66,1.44,3.29,2024-12-25,2019,EuroLeague,Valencia,10712,164.8,1667,1523
Milano,Real Madrid,73,89,1.9,2.11,2024-12-27,2019,EuroLeague,Milano,11782,170.1,1589,1571
Partizan,Barcelona,71,64,2.51,1.66,2024-12-29,2019,EuroLeague,Partizan,12888,141.8,1562,1634
ASVEL,Fenerbahçe,60,89,2.3,1.77,2024-12-31,2019,EuroLeague,ASVEL,9707,156.5,1539,1585
Real Madrid,Olympiacos,62,95,1.97,2.03,2025-01-02,2019,EuroLeague,Real Madrid,10405,164.8,1578,1573
Barcelona,CSKA Moscow,80,73,2.14,1.88,2025-01-04,2019,EuroLeague,Barcelona,11478,160.7,1604,1626
Fenerbahçe,Maccabi Tel Aviv,72,79,2.38,1.72,2025-01-06,2019,EuroLeague,Fenerbahçe,14944,158.6,1568,1624
Olympiacos,Baskonia,71,71,2.04,1.96,2025-01-08,2019,EuroLeague,Olympiacos,14581,149.1,1636,1643
CSKA Moscow,Anadolu Efes,97,69,1.54,2.86,2025-01-10,2019,EuroLeague,CSKA Moscow,10164,174.3,1609,1501
Maccabi Tel Aviv,Panathinaikos,73,60,1.72,2.38,2025-01-12,2019,EuroLeague,Maccabi Tel Aviv,11177,139.7,1681,1625
Baskonia,Zalgiris Kaunas,89,61,1.42,3.39,2025-01-14,2019,EuroLeague,Baskonia,10945,157.5,1660,1509
Anadolu Efes,Bayern Munich,92,65,1.56,2.79,2025-01-16,2019,EuroLeague,Anadolu Efes,12863,164.8,1694,1593
Panathinaikos,Valencia,80,90,2.01,1.99,2025-01-18,2019,EuroLeague,Panathinaikos,14182,178.5,1614,1615
Zalgiris Kaunas,Milano,85,71,2.18,1.85,2025-01-20,2019,EuroLeague,Zalgiris Kaunas,13795,163.8,1671,1700
Bayern Munich,Partizan,78,91,2.47,1.68,2025-01-22,2019,EuroLeague,Bayern Munich,12820,177.5,1596,1663
Valencia,ASVEL,77,89,2.7,1.59,2025-01-24,2019,EuroLeague,Valencia,13719,174.3,1538,1630
Milano,Real Madrid,82,91,2.56,1.64,2025-01-26,2019,EuroLeague,Milano,13384,181.7,1610,1687
Partizan,Barcelona,106,60,1.63,2.58,2025-01-28,2019,EuroLeague,Partizan,14542,174.3,1623,1543
ASVEL,Fenerbahçe,84,77,3.24,1.45,2025-01-30,2019,EuroLeague,ASVEL,10626,169.1,1536,1676
Real Madrid,Olympiacos,100,66,1.54,2.84,2025-02-01,2019,EuroLeague,Real Madrid,13384,174.3,1634,1528
Barcelona,CSKA Moscow,72,87,1.48,3.07,2025-02-03,2019,EuroLeague,Barcelona,10021,167.0,1655,1529
Fenerbahçe,Maccabi Tel Aviv,60,64,2.71,1.59,2025-02-05,2019,EuroLeague,Fenerbahçe,11014,130.2,1597,1690
Olympiacos,Baskonia,88,60,1.81,2.23,2025-02-07,2019,EuroLeague,Olympiacos,14991,155.4,1658,1622
CSKA Moscow,Anadolu Efes,83,74,2.08,1.93,2025-02-09,2019,EuroLeague,CSKA Moscow,13344,164.8,1543,1556
Maccabi Tel Aviv,Panathinaikos,84,78,3.02,1.5,2025-02-11,2019,EuroLeague,Maccabi Tel Aviv,13446,170.1,1559,1681
Baskonia,Zalgiris Kaunas,64,76,2.44,1.7,2025-02-13,2019,EuroLeague,Baskonia,9743,147.0,1526,1589
Anadolu Efes,Bayern Munich,89,90,1.56,2.79,2025-02-15,2019,EuroLeague,Anadolu Efes,14188,188.0,1679,1578
Panathinaikos,Valencia,93,76,1.61,2.64,2025-02-17,2019,EuroLeague,Panathinaikos,12827,177.5,1586,1500
Zalgiris Kaunas,Milano,87,75,2.94,1.52,2025-02-19,2019,EuroLeague,Zalgiris Kaunas,11839,170.1,1523,1638
Bayern Munich,Partizan,90,71,1.5,3.02,2025-02-21,2019,EuroLeague,Bayern Munich,10253,169.1,1622,1500
Valencia,ASVEL,102,81,1.47,3.14,2025-02-23,2019,EuroLeague,Valencia,13572,192.2,1663,1531
Milano,Real Madrid,82,91,3.33,1.43,2025-02-25,2019,EuroLeague,Milano,13973,181.7,1500,1647
Partizan,Barcelona,91,82,1.4,3.51,2025-02-27,2019,EuroLeague,Partizan,12123,181.7,1681,1521
ASVEL,Fenerbahçe,97,60,1.53,2.88,2025-03-01,2019,EuroLeague,ASVEL,9821,164.8,1614,1504
Real Madrid,Olympiacos,84,83,1.65,2.55,2025-03-03,2019,EuroLeague,Real Madrid,9370,175.3,1661,1585
Barcelona,CSKA Moscow,89,60,1.76,2.32,2025-03-05,2019,EuroLeague,Barcelona,14811,156.5,1626,1578
Fenerbahçe,Maccabi Tel Aviv,94,75,1.68,2.47,2025-03-07,2019,EuroLeague,Fenerbahçe,11047,177.5,1650,1583
Olympiacos,Baskonia,72,87,2.24,1.8,2025-03-09,2019,EuroLeague,Olympiacos,14935,167.0,1568,1606
CSKA Moscow,Anadolu Efes,71,78,2.17,1.85,2025-03-11,2019,EuroLeague,CSKA Moscow,12089,156.5,1648,1676
Maccabi Tel Aviv,Panathinaikos,71,78,2.45,1.69,2025-03-13,2019,EuroLeague,Maccabi Tel Aviv,10974,156.5,1585,1650
Baskonia,Zalgiris Kaunas,85,81,1.54,2.85,2025-03-15,2019,EuroLeague,Baskonia,11245,174.3,1673,1566
Anadolu Efes,Bayern Munich,66,76,2.91,1.52,2025-03-17,2019,EuroLeague,Anadolu Efes,14056,149.1,1500,1612
Panathinaikos,Valencia,87,78,2.73,1.58,2025-03-19,2019,EuroLeague,Panathinaikos,10924,173.2,1590,1685
Zalgiris Kaunas,Milano,75,62,1.62,2.61,2025-03-21,2019,EuroLeague,Zalgiris Kaunas,10646,143.8,1662,1579
Real Madrid,Olympiacos,62,65,2.73,1.58,2020-10-01,2020,EuroLeague,Real Madrid,14888,133.3,1514,1609
Barcelona,CSKA Moscow,75,85,2.2,1.84,2020-10-03,2020,EuroLeague,Barcelona,9476,168.0,1662,1693
Fenerbahçe,Maccabi Tel Aviv,94,72,1.77,2.3,2020-10-05,2020,EuroLeague,Fenerbahçe,13983,174.3,1686,1641
Olympiacos,Baskonia,76,60,2.8,1.56,2020-10-07,2020,EuroLeague,Olympiacos,13796,142.8,1561,1663
CSKA Moscow,Anadolu Efes,80,74,1.89,2.12,2020-10-09,2020,EuroLeague,CSKA Moscow,14615,161.7,1691,1671
Maccabi Tel Aviv,Panathinaikos,89,79,1.76,2.32,2020-10-11,2020,EuroLeague,Maccabi Tel Aviv,10146,176.4,1605,1557
Baskonia,Zalgiris Kaunas,93,81,1.56,2.79,2020-10-13,2020,EuroLeague,Baskonia,10121,182.7,1607,1506
Anadolu Efes,Bayern Munich,89,61,1.42,3.36,2020-10-15,2020,EuroLeague,Anadolu Efes,11334,157.5,1689,1540
Panathinaikos,Valencia,100,84,1.79,2.27,2020-10-17,2020,EuroLeague,Panathinaikos,14871,193.2,1545,1504
Zalgiris Kaunas,Milano,60,69,2.92,1.52,2020-10-19,2020,EuroLeague,Zalgiris Kaunas,14646,135.5,1500,1613
Bayern Munich,Partizan,111,61,1.66,2.5,2020-10-21,2020,EuroLeague,Bayern Munich,9314,180.6,1696,1625
Valencia,ASVEL,78,101,1.62,2.61,2020-10-23,2020,EuroLeague,Valencia,10877,188.0,1625,1542
Milano,Real Madrid,110,73,2.39,1.72,2020-10-25,2020,EuroLeague,Milano,10441,192.2,1627,1684
Partizan,Barcelona,74,60,1.97,2.03,2020-10-27,2020,EuroLeague,Partizan,14525,140.7,1552,1547
ASVEL,Fenerbahçe,76,70,1.77,2.3,2020-10-29,2020,EuroLeague,ASVEL,10205,153.3,1678,1633
Real Madrid,Olympiacos,91,87,1.52,2.92,2020-10-31,2020,EuroLeague,Real Madrid,12487,186.9,1643,1530
Barcelona,CSKA Moscow,89,72,2.14,1.88,2020-11-02,2020,EuroLeague,Barcelona,11979,169.1,1586,1608
Fenerbahçe,Maccabi Tel Aviv,74,93,1.74,2.36,2020-11-04,2020,EuroLeague,Fenerbahçe,9522,175.3,1680,1627
Olympiacos,Baskonia,71,81,1.84,2.2,2020-11-06,2020,EuroLeague,Olympiacos,11511,159.6,1550,1519
CSKA Moscow,Anadolu Efes,89,69,1.55,2.81,2020-11-08,2020,EuroLeague,CSKA Moscow,12676,165.9,1611,1508
Maccabi Tel Aviv,Panathinaikos,104,81,2.73,1.58,2020-11-10,2020,EuroLeague,Maccabi Tel Aviv,12280,194.2,1546,1641
Baskonia,Zalgiris Kaunas,67,65,1.9,2.12,2020-11-12,2020,EuroLeague,Baskonia,12735,138.6,1653,1634
Anadolu Efes,Bayern Munich,86,91,1.64,2.56,2020-11-14,2020,EuroLeague,Anadolu Efes,13651,185.8,1700,1623
Panathinaikos,Valencia,78,80,1.75,2.33,2020-11-16,2020,EuroLeague,Panathinaikos,11548,165.9,1674,1625
Zalgiris Kaunas,Milano,93,86,2.34,1.75,2020-11-18,2020,EuroLeague,Zalgiris Kaunas,9403,188.0,1589,1640
Bayern Munich,Partizan,84,86,3.43,1.41,2020-11-20,2020,EuroLeague,Bayern Munich,11101,178.5,1542,1696
Valencia,ASVEL,81,64,1.7,2.42,2020-11-22,2020,EuroLeague,Valencia,10149,152.2,1646,1585
Milano,Real Madrid,67,101,3.03,1.49,2020-11-24,2020,EuroLeague,Milano,12663,176.4,1515,1638
Partizan,Barcelona,87,74,1.62,2.6,2020-11-26,2020,EuroLeague,Partizan,12360,169.1,1651,1569
ASVEL,Fenerbahçe,87,81,2.24,1.81,2020-11-28,2020,EuroLeague,ASVEL,11368,176.4,1595,1632
Real Madrid,Olympiacos,72,76,1.84,2.2,2020-11-30,2020,EuroLeague,Real Madrid,10036,155.4,1686,1655
Barcelona,CSKA Moscow,84,68,2.1,1.91,2020-12-02,2020,EuroLeague,Barcelona,11513,159.6,1649,1666
Fenerbahçe,Maccabi Tel Aviv,88,82,2.39,1.72,2020-12-04,2020,EuroLeague,Fenerbahçe,14306,178.5,1555,1612
Olympiacos,Baskonia,106,67,1.61,2.65,2020-12-06,2020,EuroLeague,Olympiacos,13544,181.7,1600,1513
CSKA Moscow,Anadolu Efes,89,77,2.58,1.63,2020-12-08,2020,EuroLeague,CSKA Moscow,14588,174.3,1567,1646
Maccabi Tel Aviv,Panathinaikos,93,62,1.52,2.94,2020-12-10,2020,EuroLeague,Maccabi Tel Aviv,9912,162.8,1676,1561
Baskonia,Zalgiris Kaunas,60,70,2.23,1.81,2020-12-12,2020,EuroLeague,Baskonia,9635,136.5,1509,1545
Anadolu Efes,Bayern Munich,78,65,1.45,3.2,2020-12-14,2020,EuroLeague,Anadolu Efes,10771,150.2,1662,1525
Panathinaikos,Valencia,83,94,2.5,1.67,2020-12-16,2020,EuroLeague,Panathinaikos,9722,185.8,1564,1634
Zalgiris Kaunas,Milano,86,73,1.83,2.21,2020-12-18,2020,EuroLeague,Zalgiris Kaunas,9261,167.0,1551,1518
Bayern Munich,Partizan,90,82,1.37,3.71,2020-12-20,2020,EuroLeague,Bayern Munich,12078,180.6,1677,1504
Valencia,ASVEL,95,83,1.63,2.58,2020-12-22,2020,EuroLeague,Valencia,13042,186.9,1616,1536
Milano,Real Madrid,81,60,2.08,1.93,2020-12-24,2020,EuroLeague,Milano,12969,148.1,1584,1597
Partizan,Barcelona,80,74,1.81,2.24,2020-12-26,2020,EuroLeague,Partizan,12902,161.7,1601,1564
ASVEL,Fenerbahçe,101,89,1.99,2.01,2020-12-28,2020,EuroLeague,ASVEL,12560,199.5,1586,1585
Real Madrid,Olympiacos,60,60,1.94,2.07,2020-12-30,2020,EuroLeague,Real Madrid,9294,126.0,1643,1632
Barcelona,CSKA Moscow,74,75,4.05,1.33,2021-01-01,2020,EuroLeague,Barcelona,12649,156.5,1506,1700
Fenerbahçe,Maccabi Tel Aviv,63,85,2.25,1.8,2021-01-03,2020,EuroLeague,Fenerbahçe,10160,155.4,1577,1616
Olympiacos,Baskonia,75,66,1.65,2.53,2021-01-05,2020,EuroLeague,Olympiacos,11871,148.1,1607,1533
CSKA Moscow,Anadolu Efes,66,87,1.8,2.24,2021-01-07,2020,EuroLeague,CSKA Moscow,12724,160.7,1615,1577
Maccabi Tel Aviv,Panathinaikos,87,69,1.89,2.12,2021-01-09,2020,EuroLeague,Maccabi Tel Aviv,9520,163.8,1666,1646
Baskonia,Zalgiris Kaunas,68,69,2.61,1.62,2021-01-11,2020,EuroLeague,Baskonia,10732,143.8,1503,1586
Anadolu Efes,Bayern Munich,65,70,2.17,1.86,2021-01-13,2020,EuroLeague,Anadolu Efes,12694,141.8,1630,1657
Panathinaikos,Valencia,95,60,2.08,1.93,2021-01-15,2020,EuroLeague,Panathinaikos,10509,162.8,1684,1697
Zalgiris Kaunas,Milano,94,73,1.67,2.49,2021-01-17,2020,EuroLeague,Zalgiris Kaunas,13707,175.3,1573,1504
Bayern Munich,Partizan,76,66,1.87,2.15,2021-01-19,2020,EuroLeague,Bayern Munich,12342,149.1,1527,1503
Valencia,ASVEL,86,68,2.09,1.92,2021-01-21,2020,EuroLeague,Valencia,11882,161.7,1522,1537
Milano,Real Madrid,78,60,2.79,1.56,2021-01-23,2020,EuroLeague,Milano,13823,144.9,1524,1625
Partizan,Barcelona,92,80,2.49,1.67,2021-01-25,2020,EuroLeague,Partizan,13635,180.6,1578,1647
ASVEL,Fenerbahçe,89,84,2.56,1.64,2021-01-27,2020,EuroLeague,ASVEL,13249,181.7,1528,1605
Real Madrid,Olympiacos,82,65,2.93,1.52,2021-01-29,2020,EuroLeague,Real Madrid,14690,154.3,1504,1618
Barcelona,CSKA Moscow,90,60,1.5,3.02,2021-01-31,2020,EuroLeague,Barcelona,10128,157.5,1638,1516
Fenerbahçe,Maccabi Tel Aviv,65,77,1.47,3.13,2021-02-02,2020,EuroLeague,Fenerbahçe,10383,149.1,1689,1558
Olympiacos,Baskonia,73,78,2.04,1.96,2021-02-04,2020,EuroLeague,Olympiacos,10477,158.6,1630,1637
CSKA Moscow,Anadolu Efes,64,95,2.22,1.82,2021-02-06,2020,EuroLeague,CSKA Moscow,14500,167.0,1601,1635
Maccabi Tel Aviv,Panathinaikos,73,62,1.82,2.22,2021-02-08,2020,EuroLeague,Maccabi Tel Aviv,9511,141.8,1556,1522
Baskonia,Zalgiris Kaunas,84,85,1.98,2.02,2021-02-10,2020,EuroLeague,Baskonia,14473,177.5,1512,1509
Anadolu Efes,Bayern Munich,79,83,2.68,1.6,2021-02-12,2020,EuroLeague,Anadolu Efes,10948,170.1,1535,1625
Panathinaikos,Valencia,81,73,1.95,1.95,2021-02-14,2020,EuroLeague,Panathinaikos,10412,161.7,1536,1536
Zalgiris Kaunas,Milano,105,60,1.67,2.49,2021-02-16,2020,EuroLeague,Zalgiris Kaunas,11840,173.2,1623,1554
Bayern Munich,Partizan,93,106,1.65,2.53,2021-02-18,2020,EuroLeague,Bayern Munich,14762,209.0,1686,1612
Valencia,ASVEL,91,72,2.1,1.91,2021-02-20,2020,EuroLeague,Valencia,9484,171.2,1663,1679
Milano,Real Madrid,76,93,2.21,1.83,2021-02-22,2020,EuroLeague,Milano,10085,177.5,1640,1673
Partizan,Barcelona,82,80,1.61,2.64,2021-02-24,2020,EuroLeague,Partizan,14204,170.1,1590,1504
ASVEL,Fenerbahçe,72,98,2.69,1.59,2021-02-26,2020,EuroLeague,ASVEL,14575,178.5,1557,1648
Real Madrid,Olympiacos,79,85,1.76,2.31,2021-02-28,2020,EuroLeague,Real Madrid,12900,172.2,1631,1584
Barcelona,CSKA Moscow,71,83,2.34,1.75,2021-03-02,2020,EuroLeague,Barcelona,9411,161.7,1649,1700
Fenerbahçe,Maccabi Tel Aviv,70,114,3.19,1.46,2021-03-04,2020,EuroLeague,Fenerbahçe,9911,193.2,1536,1672
Olympiacos,Baskonia,91,101,1.79,2.27,2021-03-06,2020,EuroLeague,Olympiacos,11605,201.6,1574,1533
CSKA Moscow,Anadolu Efes,76,87,2.04,1.97,2021-03-08,2020,EuroLeague,CSKA Moscow,12320,171.2,1666,1672
Maccabi Tel Aviv,Panathinaikos,76,79,2.55,1.65,2021-03-10,2020,EuroLeague,Maccabi Tel Aviv,10955,162.8,1549,1625
Baskonia,Zalgiris Kaunas,86,74,3.4,1.42,2021-03-12,2020,EuroLeague,Baskonia,9803,168.0,1512,1664
Anadolu Efes,Bayern Munich,93,90,2.11,1.9,2021-03-14,2020,EuroLeague,Anadolu Efes,14314,192.2,1584,1602
Panathinaikos,Valencia,72,83,2.76,1.57,2021-03-16,2020,EuroLeague,Panathinaikos,11622,162.8,1526,1624
Zalgiris Kaunas,Milano,72,81,1.77,2.3,2021-03-18,2020,EuroLeague,Zalgiris Kaunas,13357,160.7,1644,1598
Bayern Munich,Partizan,72,60,1.48,3.07,2021-03-20,2020,EuroLeague,Bayern Munich,14569,138.6,1691,1565
Valencia,ASVEL,82,69,1.68,2.47,2021-03-22,2020,EuroLeague,Valencia,10790,158.6,1604,1537
Milano,Real Madrid,68,100,2.67,1.6,2021-03-24,2020,EuroLeague,Milano,12805,176.4,1572,1661
Partizan,Barcelona,81,80,2.18,1.85,2021-03-26,2020,EuroLeague,Partizan,12548,169.1,1644,1673
ASVEL,Fenerbahçe,60,83,2.12,1.89,2021-03-28,2020,EuroLeague,ASVEL,10823,150.2,1549,1569
Real Madrid,Olympiacos,72,71,2.82,1.55,2021-03-30,2020,EuroLeague,Real Madrid,11693,150.2,1575,1679
Barcelona,CSKA Moscow,95,66,1.61,2.65,2021-04-01,2020,EuroLeague,Barcelona,12246,169.1,1652,1565
Fenerbahçe,Maccabi Tel Aviv,60,85,1.57,2.75,2021-04-03,2020,EuroLeague,Fenerbahçe,9072,152.2,1697,1600
Olympiacos,Baskonia,120,79,1.37,3.68,2021-04-05,2020,EuroLeague,Olympiacos,10755,209.0,1699,1528
CSKA Moscow,Anadolu Efes,84,72,1.82,2.22,2021-04-07,2020,EuroLeague,CSKA Moscow,14590,163.8,1536,1502
Maccabi Tel Aviv,Panathinaikos,91,68,2.96,1.51,2021-04-09,2020,EuroLeague,Maccabi Tel Aviv,11785,167.0,1559,1676
Baskonia,Zalgiris Kaunas,71,84,2.34,1.75,2021-04-11,2020,EuroLeague,Baskonia,9781,162.8,1593,1644
Anadolu Efes,Bayern Munich,84,77,1.87,2.15,2021-04-13,2020,EuroLeague,Anadolu Efes,11250,169.1,1567,1543
Panathinaikos,Valencia,92,88,2.58,1.63,2021-04-15,2020,EuroLeague,Panathinaikos,10567,189.0,1519,1598
Zalgiris Kaunas,Milano,72,67,1.84,2.2,2021-04-17,2020,EuroLeague,Zalgiris Kaunas,11565,146.0,1624,1593
Bayern Munich,Partizan,90,62,1.57,2.77,2021-04-19,2020,EuroLeague,Bayern Munich,14370,159.6,1674,1575
Valencia,ASVEL,78,74,1.45,3.21,2021-04-21,2020,EuroLeague,Valencia,11034,159.6,1682,1544
Milano,Real Madrid,74,60,1.92,2.08,2021-04-23,2020,EuroLeague,Milano,9353,140.7,1629,1615
Partizan,Barcelona,60,71,1.7,2.44,2021-04-25,2020,EuroLeague,Partizan,14871,137.6,1654,1591
ASVEL,Fenerbahçe,66,71,1.73,2.36,2021-04-27,2020,EuroLeague,ASVEL,12329,143.8,1631,1577
Real Madrid,Olympiacos,60,86,2.22,1.82,2021-04-29,2020,EuroLeague,Real Madrid,11210,153.3,1639,1673
Barcelona,CSKA Moscow,80,80,2.05,1.95,2021-05-01,2020,EuroLeague,Barcelona,10179,168.0,1574,1582
Fenerbahçe,Maccabi Tel Aviv,79,60,1.65,2.55,2021-05-03,2020,EuroLeague,Fenerbahçe,10939,146.0,1695,1619
Olympiacos,Baskonia,100,89,1.82,2.22,2021-05-05,2020,EuroLeague,Olympiacos,14404,198.5,1576,1541
CSKA Moscow,Anadolu Efes,85,71,1.78,2.28,2021-05-07,2020,EuroLeague,CSKA Moscow,9473,163.8,1553,1510
Maccabi Tel Aviv,Panathinaikos,60,74,2.74,1.58,2021-05-09,2020,EuroLeague,Maccabi Tel Aviv,12496,140.7,1591,1687
Baskonia,Zalgiris Kaunas,63,98,2.95,1.51,2021-05-11,2020,EuroLeague,Baskonia,13066,169.1,1516,1632
Anadolu Efes,Bayern Munich,84,65,1.9,2.11,2021-05-13,2020,EuroLeague,Anadolu Efes,12454,156.5,1522,1504
Panathinaikos,Valencia,79,103,2.28,1.78,2021-05-15,2020,EuroLeague,Panathinaikos,11299,191.1,1524,1567
Zalgiris Kaunas,Milano,80,73,1.92,2.09,2021-05-17,2020,EuroLeague,Zalgiris Kaunas,13673,160.7,1636,1621
Bayern Munich,Partizan,111,73,1.61,2.64,2021-05-19,2020,EuroLeague,Bayern Munich,9671,193.2,1614,1528
Valencia,ASVEL,60,62,2.83,1.55,2021-05-21,2020,EuroLeague,Valencia,13746,128.1,1511,1616
Milano,Real Madrid,93,65,1.7,2.44,2021-05-23,2020,EuroLeague,Milano,13582,165.9,1580,1517
Partizan,Barcelona,60,82,1.87,2.15,2021-05-25,2020,EuroLeague,Partizan,12204,149.1,1563,1539
ASVEL,Fenerbahçe,84,84,1.78,2.28,2021-05-27,2020,EuroLeague,ASVEL,13565,176.4,1647,1604
Real Madrid,Olympiacos,98,60,1.41,3.43,2021-05-29,2020,EuroLeague,Real Madrid,11868,165.9,1681,1527
Barcelona,CSKA Moscow,64,82,3.03,1.49,2021-05-31,2020,EuroLeague,Barcelona,9155,153.3,1550,1673
Fenerbahçe,Maccabi Tel Aviv,91,72,1.97,2.03,2021-06-02,2020,EuroLeague,Fenerbahçe,13885,171.2,1572,1567
Olympiacos,Baskonia,88,63,1.88,2.14,2021-06-04,2020,EuroLeague,Olympiacos,11730,158.6,1535,1512
CSKA Moscow,Anadolu Efes,87,60,1.55,2.81,2021-06-06,2020,EuroLeague,CSKA Moscow,13065,154.3,1642,1539
Maccabi Tel Aviv,Panathinaikos,75,87,2.87,1.53,2021-06-08,2020,EuroLeague,Maccabi Tel Aviv,10608,170.1,1506,1615
Baskonia,Zalgiris Kaunas,60,79,2.37,1.73,2021-06-10,2020,EuroLeague,Baskonia,12258,146.0,1568,1623
Anadolu Efes,Bayern Munich,75,62,1.66,2.51,2021-06-12,2020,EuroLeague,Anadolu Efes,11772,143.8,1644,1572
Panathinaikos,Valencia,94,78,2.12,1.89,2021-06-14,2020,EuroLeague,Panathinaikos,12946,180.6,1579,1599
Zalgiris Kaunas,Milano,78,88,2.45,1.69,2021-06-16,2020,EuroLeague,Zalgiris Kaunas,11722,174.3,1579,1643
Bayern Munich,Partizan,78,81,2.24,1.8,2021-06-18,2020,EuroLeague,Bayern Munich,14810,167.0,1522,1560
Valencia,ASVEL,60,99,2.27,1.79,2021-06-20,2020,EuroLeague,Valencia,12467,167.0,1569,1611
Milano,Real Madrid,78,85,1.83,2.21,2021-06-22,2020,EuroLeague,Milano,11267,171.2,1626,1593
Partizan,Barcelona,96,62,3.3,1.43,2021-06-24,2020,EuroLeague,Partizan,11434,165.9,1515,1660
ASVEL,Fenerbahçe,67,65,2.4,1.71,2021-06-26,2020,EuroLeague,ASVEL,10890,138.6,1534,1593
Real Madrid,Olympiacos,78,67,1.46,3.18,2021-06-28,2020,EuroLeague,Real Madrid,9773,152.2,1643,1508
Barcelona,CSKA Moscow,101,81,2.2,1.84,2021-06-30,2020,EuroLeague,Barcelona,11626,191.1,1651,1682
Fenerbahçe,Maccabi Tel Aviv,65,60,1.83,2.2,2021-07-02,2020,EuroLeague,Fenerbahçe,13756,131.2,1676,1644
Olympiacos,Baskonia,61,88,4.0,1.33,2021-07-04,2020,EuroLeague,Olympiacos,14935,156.5,1509,1700
CSKA Moscow,Anadolu Efes,66,66,1.72,2.39,2021-07-06,2020,EuroLeague,CSKA Moscow,12467,138.6,1561,1504
Maccabi Tel Aviv,Panathinaikos,68,87,3.24,1.45,2021-07-08,2020,EuroLeague,Maccabi Tel Aviv,10921,162.8,1554,1694
Baskonia,Zalgiris Kaunas,74,73,1.89,2.13,2021-07-10,2020,EuroLeague,Baskonia,10713,154.3,1553,1532
Anadolu Efes,Bayern Munich,120,75,1.95,1.95,2021-07-12,2020,EuroLeague,Anadolu Efes,12758,204.8,1595,1595
Panathinaikos,Valencia,78,82,2.63,1.61,2021-07-14,2020,EuroLeague,Panathinaikos,12240,168.0,1541,1626
Zalgiris Kaunas,Milano,68,87,1.92,2.08,2021-07-16,2020,EuroLeague,Zalgiris Kaunas,11683,162.8,1606,1592
Bayern Munich,Partizan,76,75,2.27,1.79,2021-07-18,2020,EuroLeague,Bayern Munich,13388,158.6,1613,1655
Valencia,ASVEL,83,105,3.23,1.45,2021-07-20,2020,EuroLeague,Valencia,9080,197.4,1550,1689
Milano,Real Madrid,95,80,1.65,2.53,2021-07-22,2020,EuroLeague,Milano,14514,183.8,1657,1583
Partizan,Barcelona,74,70,2.39,1.72,2021-07-24,2020,EuroLeague,Partizan,9540,151.2,1536,1593
ASVEL,Fenerbahçe,82,71,3.54,1.39,2021-07-26,2020,EuroLeague,ASVEL,10634,160.7,1507,1669
Real Madrid,Olympiacos,77,74,1.65,2.54,2021-07-28,2020,EuroLeague,Real Madrid,9276,158.6,1666,1591
Barcelona,CSKA Moscow,91,77,1.42,3.37,2021-07-30,2020,EuroLeague,Barcelona,14995,176.4,1652,1502
Fenerbahçe,Maccabi Tel Aviv,85,89,1.89,2.13,2021-08-01,2020,EuroLeague,Fenerbahçe,11794,182.7,1687,1666
Olympiacos,Baskonia,76,70,1.38,3.65,2021-08-03,2020,EuroLeague,Olympiacos,11148,153.3,1696,1527
CSKA Moscow,Anadolu Efes,60,72,2.12,1.89,2021-08-05,2020,EuroLeague,CSKA Moscow,14337,138.6,1615,1635
Maccabi Tel Aviv,Panathinaikos,99,81,1.75,2.33,2021-08-07,2020,EuroLeague,Maccabi Tel Aviv,9267,189.0,1677,1627
Baskonia,Zalgiris Kaunas,72,83,2.18,1.85,2021-08-09,2020,EuroLeague,Baskonia,10401,162.8,1506,1535
Anadolu Efes,Bayern Munich,94,79,1.89,2.12,2021-08-11,2020,EuroLeague,Anadolu Efes,14339,181.7,1673,1653
Panathinaikos,Valencia,85,74,1.34,3.97,2021-08-13,2020,EuroLeague,Panathinaikos,12835,167.0,1689,1500
Zalgiris Kaunas,Milano,87,72,1.52,2.93,2021-08-15,2020,EuroLeague,Zalgiris Kaunas,12732,167.0,1646,1532
Bayern Munich,Partizan,71,92,1.95,2.05,2021-08-17,2020,EuroLeague,Bayern Munich,11604,171.2,1542,1534
Valencia,ASVEL,102,99,2.04,1.96,2021-08-19,2020,EuroLeague,Valencia,10230,211.1,1535,1542
Milano,Real Madrid,97,78,2.14,1.88,2021-08-21,2020,EuroLeague,Milano,11075,183.8,1635,1657
Partizan,Barcelona,64,80,2.54,1.65,2021-08-23,2020,EuroLeague,Partizan,12121,151.2,1534,1609
ASVEL,Fenerbahçe,84,76,1.58,2.72,2021-08-25,2020,EuroLeague,ASVEL,13670,168.0,1637,1543
Real Madrid,Olympiacos,82,98,3.99,1.33,2021-08-27,2020,EuroLeague,Real Madrid,12890,189.0,1506,1696
Barcelona,CSKA Moscow,84,80,2.04,1.96,2021-08-29,2020,EuroLeague,Barcelona,13434,172.2,1645,1652
Fenerbahçe,Maccabi Tel Aviv,63,84,1.92,2.08,2021-08-31,2020,EuroLeague,Fenerbahçe,9945,154.3,1559,1545
Olympiacos,Baskonia,60,68,1.91,2.1,2021-09-02,2020,EuroLeague,Olympiacos,9656,134.4,1609,1592
CSKA Moscow,Anadolu Efes,69,84,3.02,1.5,2021-09-04,2020,EuroLeague,CSKA Moscow,12567,160.7,1521,1643
Maccabi Tel Aviv,Panathinaikos,84,77,1.69,2.45,2021-09-06,2020,EuroLeague,Maccabi Tel Aviv,13068,169.1,1671,1606
Baskonia,Zalgiris Kaunas,86,83,1.82,2.22,2021-09-08,2020,EuroLeague,Baskonia,13113,177.5,1646,1612
Anadolu Efes,Bayern Munich,76,82,1.69,2.45,2021-09-10,2020,EuroLeague,Anadolu Efes,13081,165.9,1696,1632
Panathinaikos,Valencia,91,96,2.14,1.88,2021-09-12,2020,EuroLeague,Panathinaikos,12719,196.3,1594,1616
Zalgiris Kaunas,Milano,92,60,1.57,2.76,2021-09-14,2020,EuroLeague,Zalgiris Kaunas,10822,159.6,1605,1507
Bayern Munich,Partizan,97,84,1.46,3.19,2021-09-16,2020,EuroLeague,Bayern Munich,12400,190.1,1698,1562
Valencia,ASVEL,103,60,1.62,2.6,2021-09-18,2020,EuroLeague,Valencia,9670,171.2,1583,1501
Milano,Real Madrid,90,69,1.89,2.12,2021-09-20,2020,EuroLeague,Milano,13353,167.0,1526,1506
Partizan,Barcelona,64,90,1.92,2.08,2021-09-22,2020,EuroLeague,Partizan,14789,161.7,1514,1500
ASVEL,Fenerbahçe,92,74,1.59,2.7,2021-09-24,2020,EuroLeague,ASVEL,10741,174.3,1675,1583
Real Madrid,Olympiacos,79,86,3.04,1.49,2021-09-26,2020,EuroLeague,Real Madrid,10966,173.2,1506,1630
Barcelona,CSKA Moscow,74,65,2.21,1.83,2021-09-28,2020,EuroLeague,Barcelona,12155,146.0,1615,1648
Fenerbahçe,Maccabi Tel Aviv,69,62,1.58,2.72,2021-09-30,2020,EuroLeague,Fenerbahçe,10887,137.6,1700,1606
Olympiacos,Baskonia,70,64,1.66,2.51,2021-10-02,2020,EuroLeague,Olympiacos,13932,140.7,1656,1584
CSKA Moscow,Anadolu Efes,83,72,1.72,2.38,2021-10-04,2020,EuroLeague,CSKA Moscow,10911,162.8,1557,1501
Maccabi Tel Aviv,Panathinaikos,76,73,1.8,2.24,2021-10-06,2020,EuroLeague,Maccabi Tel Aviv,11368,156.5,1644,1606
Baskonia,Zalgiris Kaunas,77,81,2.53,1.65,2021-10-08,2020,EuroLeague,Baskonia,14136,165.9,1514,1588
Anadolu Efes,Bayern Munich,79,91,2.73,1.58,2021-10-10,2020,EuroLeague,Anadolu Efes,11124,178.5,1535,1630
Panathinaikos,Valencia,61,87,2.71,1.59,2021-10-12,2020,EuroLeague,Panathinaikos,13544,155.4,1568,1661
Zalgiris Kaunas,Milano,71,86,3.87,1.35,2021-10-14,2020,EuroLeague,Zalgiris Kaunas,11046,164.8,1506,1689
Bayern Munich,Partizan,69,74,1.68,2.47,2021-10-16,2020,EuroLeague,Bayern Munich,13803,150.2,1571,1504
Valencia,ASVEL,80,86,1.83,2.21,2021-10-18,2020,EuroLeague,Valencia,12501,174.3,1682,1649
Milano,Real Madrid,96,73,2.11,1.9,2021-10-20,2020,EuroLeague,Milano,10915,177.5,1663,1681
Partizan,Barcelona,82,78,1.77,2.3,2021-10-22,2020,EuroLeague,Partizan,9803,168.0,1586,1541
ASVEL,Fenerbahçe,90,64,3.45,1.41,2021-10-24,2020,EuroLeague,ASVEL,10236,161.7,1502,1658
Real Madrid,Olympiacos,88,62,2.73,1.58,2021-10-26,2020,EuroLeague,Real Madrid,10405,157.5,1505,1600
Barcelona,CSKA Moscow,75,69,2.37,1.73,2021-10-28,2020,EuroLeague,Barcelona,13516,151.2,1532,1587
Fenerbahçe,Maccabi Tel Aviv,80,70,2.41,1.71,2021-10-30,2020,EuroLeague,Fenerbahçe,9527,157.5,1608,1668
Olympiacos,Baskonia,82,74,2.37,1.73,2021-11-01,2020,EuroLeague,Olympiacos,9293,163.8,1603,1658
CSKA Moscow,Anadolu Efes,101,60,2.32,1.76,2021-11-03,2020,EuroLeague,CSKA Moscow,14272,169.1,1630,1678
Maccabi Tel Aviv,Panathinaikos,80,60,2.1,1.91,2021-11-05,2020,EuroLeague,Maccabi Tel Aviv,11598,147.0,1509,1525
Baskonia,Zalgiris Kaunas,83,74,2.29,1.78,2021-11-07,2020,EuroLeague,Baskonia,13362,164.8,1618,1662
Anadolu Efes,Bayern Munich,88,60,2.42,1.7,2021-11-09,2020,EuroLeague,Anadolu Efes,11732,155.4,1609,1670
Panathinaikos,Valencia,87,90,1.62,2.62,2021-11-11,2020,EuroLeague,Panathinaikos,10880,185.8,1587,1503
Zalgiris Kaunas,Milano,110,75,1.7,2.43,2021-11-13,2020,EuroLeague,Zalgiris Kaunas,9253,194.2,1643,1581
Bayern Munich,Partizan,95,93,2.36,1.73,2021-11-15,2020,EuroLeague,Bayern Munich,10605,197.4,1543,1597
Valencia,ASVEL,78,88,1.97,2.03,2021-11-17,2020,EuroLeague,Valencia,9512,174.3,1528,1523
Milano,Real Madrid,88,83,1.61,2.64,2021-11-19,2020,EuroLeague,Milano,10429,179.6,1694,1608
Partizan,Barcelona,87,66,1.69,2.45,2021-11-21,2020,EuroLeague,Partizan,12870,160.7,1643,1579
ASVEL,Fenerbahçe,60,85,1.77,2.3,2021-11-23,2020,EuroLeague,ASVEL,10719,152.2,1558,1512
Real Madrid,Olympiacos,71,83,2.71,1.59,2021-11-25,2020,EuroLeague,Real Madrid,10159,161.7,1522,1615
Barcelona,CSKA Moscow,69,77,2.33,1.75,2021-11-27,2020,EuroLeague,Barcelona,10720,153.3,1568,1618
Fenerbahçe,Maccabi Tel Aviv,89,95,2.16,1.86,2021-11-29,2020,EuroLeague,Fenerbahçe,12770,193.2,1663,1689
Olympiacos,Baskonia,81,61,2.86,1.54,2021-12-01,2020,EuroLeague,Olympiacos,11243,149.1,1584,1692
CSKA Moscow,Anadolu Efes,64,63,1.83,2.2,2021-12-03,2020,EuroLeague,CSKA Moscow,13041,133.3,1621,1589
Maccabi Tel Aviv,Panathinaikos,79,73,1.75,2.34,2021-12-05,2020,EuroLeague,Maccabi Tel Aviv,13516,159.6,1629,1578
Baskonia,Zalgiris Kaunas,70,75,2.42,1.7,2021-12-07,2020,EuroLeague,Baskonia,14912,152.2,1586,1647
Anadolu Efes,Bayern Munich,83,61,1.75,2.33,2021-12-09,2020,EuroLeague,Anadolu Efes,11939,151.2,1675,1625
Panathinaikos,Valencia,76,75,2.15,1.87,2021-12-11,2020,EuroLeague,Panathinaikos,9452,158.6,1531,1556
Zalgiris Kaunas,Milano,91,75,1.92,2.09,2021-12-13,2020,EuroLeague,Zalgiris Kaunas,12937,174.3,1625,1610
Bayern Munich,Partizan,85,60,1.6,2.66,2021-12-15,2020,EuroLeague,Bayern Munich,12074,152.2,1699,1611
Valencia,ASVEL,93,86,2.48,1.68,2021-12-17,2020,EuroLeague,Valencia,14865,188.0,1511,1579
Milano,Real Madrid,65,90,1.74,2.35,2021-12-19,2020,EuroLeague,Milano,11039,162.8,1587,1535
Partizan,Barcelona,73,86,2.84,1.54,2021-12-21,2020,EuroLeague,Partizan,9711,167.0,1547,1653
ASVEL,Fenerbahçe,83,86,2.02,1.98,2021-12-23,2020,EuroLeague,ASVEL,9801,177.5,1612,1616
Real Madrid,Olympiacos,69,95,3.43,1.41,2021-12-25,2020,EuroLeague,Real Madrid,10315,172.2,1539,1693
Barcelona,CSKA Moscow,93,72,1.51,2.96,2021-12-27,2020,EuroLeague,Barcelona,13876,173.2,1659,1542
Fenerbahçe,Maccabi Tel Aviv,73,83,2.03,1.97,2021-12-29,2020,EuroLeague,Fenerbahçe,9234,163.8,1622,1627
Olympiacos,Baskonia,91,66,1.88,2.14,2021-12-31,2020,EuroLeague,Olympiacos,12527,164.8,1588,1566
CSKA Moscow,Anadolu Efes,67,85,2.16,1.86,2022-01-02,2020,EuroLeague,CSKA Moscow,10377,159.6,1654,1680
Maccabi Tel Aviv,Panathinaikos,106,69,2.32,1.76,2022-01-04,2020,EuroLeague,Maccabi Tel Aviv,9522,183.8,1648,1696
Baskonia,Zalgiris Kaunas,76,60,1.79,2.27,2022-01-06,2020,EuroLeague,Baskonia,9484,142.8,1597,1555
Anadolu Efes,Bayern Munich,95,65,2.38,1.72,2022-01-08,2020,EuroLeague,Anadolu Efes,14295,168.0,1585,1641
Panathinaikos,Valencia,80,61,1.76,2.32,2022-01-10,2020,EuroLeague,Panathinaikos,13280,148.1,1619,1571
Zalgiris Kaunas,Milano,66,78,2.22,1.82,2022-01-12,2020,EuroLeague,Zalgiris Kaunas,14988,151.2,1579,1613
Bayern Munich,Partizan,81,75,1.46,3.18,2022-01-14,2020,EuroLeague,Bayern Munich,14070,163.8,1698,1563
Valencia,ASVEL,69,68,1.88,2.14,2022-01-16,2020,EuroLeague,Valencia,12514,143.8,1694,1672
Milano,Real Madrid,72,79,2.36,1.73,2022-01-18,2020,EuroLeague,Milano,14280,158.6,1566,1620
Partizan,Barcelona,90,97,3.16,1.46,2022-01-20,2020,EuroLeague,Partizan,11465,196.3,1512,1646
ASVEL,Fenerbahçe,85,79,1.6,2.66,2022-01-22,2020,EuroLeague,ASVEL,12141,172.2,1631,1543
Real Madrid,Olympiacos,88,75,2.27,1.79,2022-01-24,2020,EuroLeague,Real Madrid,11180,171.2,1604,1645
Barcelona,CSKA Moscow,89,86,1.49,3.04,2022-01-26,2020,EuroLeague,Barcelona,12029,183.8,1666,1542
Fenerbahçe,Maccabi Tel Aviv,65,78,1.92,2.09,2022-01-28,2020,EuroLeague,Fenerbahçe,11478,150.2,1559,1544
Olympiacos,Baskonia,81,67,1.94,2.07,2022-01-30,2020,EuroLeague,Olympiacos,11436,155.4,1515,1504
CSKA Moscow,Anadolu Efes,96,99,2.07,1.94,2022-02-01,2020,EuroLeague,CSKA Moscow,14226,204.8,1510,1521
Maccabi Tel Aviv,Panathinaikos,96,68,1.86,2.17,2022-02-03,2020,EuroLeague,Maccabi Tel Aviv,11973,172.2,1531,1504
Baskonia,Zalgiris Kaunas,83,78,1.97,2.03,2022-02-05,2020,EuroLeague,Baskonia,13970,169.1,1633,1628
Anadolu Efes,Bayern Munich,73,69,3.02,1.5,2022-02-07,2020,EuroLeague,Anadolu Efes,10581,149.1,1501,1623
Panathinaikos,Valencia,81,94,2.68,1.6,2022-02-09,2020,EuroLeague,Panathinaikos,9921,183.8,1591,1681
Zalgiris Kaunas,Milano,74,95,2.22,1.82,2022-02-11,2020,EuroLeague,Zalgiris Kaunas,12025,177.5,1505,1539
Bayern Munich,Partizan,79,83,1.65,2.54,2022-02-13,2020,EuroLeague,Bayern Munich,14092,170.1,1664,1589
Valencia,ASVEL,96,70,1.93,2.07,2022-02-15,2020,EuroLeague,Valencia,12328,174.3,1592,1580
Milano,Real Madrid,74,69,2.15,1.87,2022-02-17,2020,EuroLeague,Milano,9239,150.2,1614,1638
Partizan,Barcelona,98,73,1.86,2.17,2022-02-19,2020,EuroLeague,Partizan,13430,179.6,1643,1616
ASVEL,Fenerbahçe,80,66,2.78,1.56,2022-02-21,2020,EuroLeague,ASVEL,13963,153.3,1568,1668
Real Madrid,Olympiacos,72,63,3.11,1.47,2022-02-23,2020,EuroLeague,Real Madrid,10866,141.8,1515,1645
Barcelona,CSKA Moscow,67,80,1.8,2.25,2022-02-25,2020,EuroLeague,Barcelona,9635,154.3,1593,1554
Fenerbahçe,Maccabi Tel Aviv,78,83,1.99,2.01,2022-02-27,2020,EuroLeague,Fenerbahçe,11892,169.1,1627,1626
Olympiacos,Baskonia,79,62,1.93,2.07,2022-03-01,2020,EuroLeague,Olympiacos,12209,148.1,1678,1666
CSKA Moscow,Anadolu Efes,73,68,2.72,1.58,2022-03-03,2020,EuroLeague,CSKA Moscow,13878,148.1,1550,1644
Maccabi Tel Aviv,Panathinaikos,69,60,2.05,1.95,2022-03-05,2020,EuroLeague,Maccabi Tel Aviv,14513,135.5,1517,1525
Baskonia,Zalgiris Kaunas,61,92,2.3,1.77,2022-03-07,2020,EuroLeague,Baskonia,9839,160.7,1644,1690
Anadolu Efes,Bayern Munich,62,60,2.15,1.87,2022-03-09,2020,EuroLeague,Anadolu Efes,12387,128.1,1646,1670
Panathinaikos,Valencia,104,75,2.48,1.68,2022-03-11,2020,EuroLeague,Panathinaikos,14438,188.0,1615,1683
Zalgiris Kaunas,Milano,74,60,1.63,2.58,2022-03-13,2020,EuroLeague,Zalgiris Kaunas,10783,140.7,1642,1562
Bayern Munich,Partizan,67,69,1.9,2.11,2022-03-15,2020,EuroLeague,Bayern Munich,11245,142.8,1551,1533
Valencia,ASVEL,74,62,1.66,2.51,2022-03-17,2020,EuroLeague,Valencia,14583,142.8,1573,1501
Milano,Real Madrid,67,91,2.53,1.65,2022-03-19,2020,EuroLeague,Milano,11456,165.9,1599,1673
Partizan,Barcelona,87,71,1.36,3.77,2022-03-21,2020,EuroLeague,Partizan,9553,165.9,1681,1504
ASVEL,Fenerbahçe,74,88,1.67,2.49,2022-03-23,2020,EuroLeague,ASVEL,11886,170.1,1634,1565
Real Madrid,Olympiacos,82,77,2.39,1.72,2022-03-25,2020,EuroLeague,Real Madrid,9467,167.0,1506,1563
Barcelona,CSKA Moscow,93,96,1.77,2.3,2022-03-27,2020,EuroLeague,Barcelona,13439,198.5,1680,1634
Fenerbahçe,Maccabi Tel Aviv,70,83,3.24,1.45,2022-03-29,2020,EuroLeague,Fenerbahçe,13853,160.7,1548,1688
Olympiacos,Baskonia,86,79,3.79,1.36,2022-03-31,2020,EuroLeague,Olympiacos,12837,173.2,1508,1686
CSKA Moscow,Anadolu Efes,85,85,2.12,1.89,2022-04-02,2020,EuroLeague,CSKA Moscow,9209,178.5,1542,1562
Maccabi Tel Aviv,Panathinaikos,95,75,1.47,3.14,2022-04-04,2020,EuroLeague,Maccabi Tel Aviv,14850,178.5,1689,1557
Baskonia,Zalgiris Kaunas,95,60,1.85,2.17,2022-04-06,2020,EuroLeague,Baskonia,12269,162.8,1570,1542
Anadolu Efes,Bayern Munich,71,94,2.66,1.6,2022-04-08,2020,EuroLeague,Anadolu Efes,11574,173.2,1518,1606
Panathinaikos,Valencia,82,98,3.33,1.43,2022-04-10,2020,EuroLeague,Panathinaikos,14360,189.0,1524,1671
Zalgiris Kaunas,Milano,77,78,3.33,1.43,2022-04-12,2020,EuroLeague,Zalgiris Kaunas,12364,162.8,1529,1676
Bayern Munich,Partizan,80,63,1.46,3.19,2022-04-14,2020,EuroLeague,Bayern Munich,9582,150.2,1658,1522
Valencia,ASVEL,60,78,3.33,1.43,2022-04-16,2020,EuroLeague,Valencia,14983,144.9,1515,1662
Milano,Real Madrid,60,89,2.74,1.58,2022-04-18,2020,EuroLeague,Milano,10011,156.5,1513,1609
Partizan,Barcelona,85,83,2.45,1.69,2022-04-20,2020,EuroLeague,Partizan,14796,176.4,1610,1674
ASVEL,Fenerbahçe,83,81,2.45,1.69,2022-04-22,2020,EuroLeague,ASVEL,13310,172.2,1597,1662
Real Madrid,Olympiacos,89,86,2.74,1.58,2022-04-24,2020,EuroLeague,Real Madrid,10063,183.8,1594,1690
Barcelona,CSKA Moscow,64,93,1.65,2.54,2022-04-26,2020,EuroLeague,Barcelona,11236,164.8,1588,1513
Fenerbahçe,Maccabi Tel Aviv,68,60,2.15,1.87,2022-04-28,2020,EuroLeague,Fenerbahçe,14650,134.4,1501,1525
Olympiacos,Baskonia,74,82,1.95,2.05,2022-04-30,2020,EuroLeague,Olympiacos,14508,163.8,1698,1690
CSKA Moscow,Anadolu Efes,76,60,1.54,2.86,2022-05-02,2020,EuroLeague,CSKA Moscow,11485,142.8,1667,1559
Maccabi Tel Aviv,Panathinaikos,83,70,2.08,1.92,2022-05-04,2020,EuroLeague,Maccabi Tel Aviv,9491,160.7,1598,1612
Baskonia,Zalgiris Kaunas,69,78,3.92,1.34,2022-05-06,2020,EuroLeague,Baskonia,13170,154.3,1507,1693
Anadolu Efes,Bayern Munich,68,82,2.11,1.9,2022-05-08,2020,EuroLeague,Anadolu Efes,14361,157.5,1613,1631
Panathinaikos,Valencia,65,87,1.9,2.11,2022-05-10,2020,EuroLeague,Panathinaikos,9993,159.6,1566,1548
Zalgiris Kaunas,Milano,60,63,1.89,2.13,2022-05-12,2020,EuroLeague,Zalgiris Kaunas,10533,129.2,1530,1509
Bayern Munich,Partizan,73,73,2.1,1.91,2022-05-14,2020,EuroLeague,Bayern Munich,12276,153.3,1531,1548
Valencia,ASVEL,83,84,2.19,1.84,2022-05-16,2020,EuroLeague,Valencia,14828,175.3,1562,1592
Milano,Real Madrid,76,76,1.54,2.86,2022-05-18,2020,EuroLeague,Milano,14027,159.6,1626,1518
Partizan,Barcelona,98,83,1.62,2.61,2022-05-20,2020,EuroLeague,Partizan,13960,190.1,1589,1506
ASVEL,Fenerbahçe,83,64,1.94,2.07,2022-05-22,2020,EuroLeague,ASVEL,9469,154.3,1546,1535
Real Madrid,Olympiacos,92,83,1.68,2.48,2022-05-24,2020,EuroLeague,Real Madrid,14657,183.8,1650,1582
Barcelona,CSKA Moscow,78,90,2.29,1.78,2022-05-26,2020,EuroLeague,Barcelona,12667,176.4,1651,1695
Fenerbahçe,Maccabi Tel Aviv,75,60,2.12,1.9,2022-05-28,2020,EuroLeague,Fenerbahçe,14760,141.8,1643,1662
Olympiacos,Baskonia,82,60,2.02,1.98,2022-05-30,2020,EuroLeague,Olympiacos,11009,149.1,1592,1596
CSKA Moscow,Anadolu Efes,74,63,2.2,1.84,2022-06-01,2020,EuroLeague,CSKA Moscow,13539,143.8,1513,1544
Maccabi Tel Aviv,Panathinaikos,81,66,2.5,1.66,2022-06-03,2020,EuroLeague,Maccabi Tel Aviv,14583,154.3,1606,1677
Baskonia,Zalgiris Kaunas,83,89,1.97,2.03,2022-06-05,2020,EuroLeague,Baskonia,12827,180.6,1649,1644
Anadolu Efes,Bayern Munich,81,62,1.79,2.26,2022-06-07,2020,EuroLeague,Anadolu Efes,10050,150.2,1673,1633
Panathinaikos,Valencia,60,69,1.72,2.38,2022-06-09,2020,EuroLeague,Panathinaikos,9207,135.5,1671,1615
Zalgiris Kaunas,Milano,89,76,2.39,1.72,2022-06-11,2020,EuroLeague,Zalgiris Kaunas,14265,173.2,1622,1679
Bayern Munich,Partizan,65,86,1.76,2.31,2022-06-13,2020,EuroLeague,Bayern Munich,13844,158.6,1594,1547
Valencia,ASVEL,82,79,2.04,1.96,2022-06-15,2020,EuroLeague,Valencia,11916,169.1,1571,1578
Milano,Real Madrid,84,73,2.24,1.81,2022-06-17,2020,EuroLeague,Milano,10830,164.8,1535,1572
Partizan,Barcelona,65,63,2.17,1.86,2022-06-19,2020,EuroLeague,Partizan,13214,134.4,1555,1582
ASVEL,Fenerbahçe,69,77,2.65,1.61,2022-06-21,2020,EuroLeague,ASVEL,11857,153.3,1558,1645
Real Madrid,Olympiacos,78,76,2.96,1.51,2022-06-23,2020,EuroLeague,Real Madrid,13763,161.7,1500,1617
Barcelona,CSKA Moscow,78,81,1.5,3.02,2022-06-25,2020,EuroLeague,Barcelona,11605,167.0,1622,1500
Fenerbahçe,Maccabi Tel Aviv,66,62,1.89,2.13,2022-06-27,2020,EuroLeague,Fenerbahçe,14399,134.4,1566,1545
Olympiacos,Baskonia,103,94,1.39,3.57,2022-06-29,2020,EuroLeague,Olympiacos,13083,206.9,1694,1530
CSKA Moscow,Anadolu Efes,78,73,2.44,1.7,2022-07-01,2020,EuroLeague,CSKA Moscow,14732,158.6,1616,1679
Maccabi Tel Aviv,Panathinaikos,100,74,1.56,2.8,2022-07-03,2020,EuroLeague,Maccabi Tel Aviv,13255,182.7,1692,1590
Baskonia,Zalgiris Kaunas,95,62,1.67,2.5,2022-07-05,2020,EuroLeague,Baskonia,13771,164.8,1580,1510
Anadolu Efes,Bayern Munich,86,94,1.63,2.58,2022-07-07,2020,EuroLeague,Anadolu Efes,14834,189.0,1615,1536
Panathinaikos,Valencia,68,101,2.45,1.69,2022-07-09,2020,EuroLeague,Panathinaikos,12881,177.5,1536,1600
Zalgiris Kaunas,Milano,70,62,1.99,2.01,2022-07-11,2020,EuroLeague,Zalgiris Kaunas,14105,138.6,1561,1559
Bayern Munich,Partizan,81,86,2.22,1.82,2022-07-13,2020,EuroLeague,Bayern Munich,9878,175.3,1599,1633
Valencia,ASVEL,88,77,1.89,2.13,2022-07-15,2020,EuroLeague,Valencia,14562,173.2,1569,1548
Milano,Real Madrid,68,85,2.69,1.59,2022-07-17,2020,EuroLeague,Milano,10967,160.7,1583,1674
Partizan,Barcelona,91,81,1.66,2.52,2022-07-19,2020,EuroLeague,Partizan,9633,180.6,1619,1546
ASVEL,Fenerbahçe,82,87,1.98,2.02,2022-07-21,2020,EuroLeague,ASVEL,10348,177.5,1612,1608
Real Madrid,Olympiacos,83,97,1.97,2.04,2022-07-23,2020,EuroLeague,Real Madrid,12202,189.0,1530,1524
Barcelona,CSKA Moscow,89,76,2.32,1.76,2022-07-25,2020,EuroLeague,Barcelona,13479,173.2,1606,1654
Fenerbahçe,Maccabi Tel Aviv,80,88,1.69,2.45,2022-07-27,2020,EuroLeague,Fenerbahçe,14139,176.4,1568,1504
Olympiacos,Baskonia,76,80,3.24,1.45,2022-07-29,2020,EuroLeague,Olympiacos,13265,163.8,1518,1658
CSKA Moscow,Anadolu Efes,61,97,3.34,1.43,2022-07-31,2020,EuroLeague,CSKA Moscow,11562,165.9,1519,1667
Maccabi Tel Aviv,Panathinaikos,67,95,1.66,2.5,2022-08-02,2020,EuroLeague,Maccabi Tel Aviv,10174,170.1,1694,1623
Baskonia,Zalgiris Kaunas,69,60,2.31,1.76,2022-08-04,2020,EuroLeague,Baskonia,12273,135.5,1644,1691
Anadolu Efes,Bayern Munich,74,85,1.98,2.02,2022-08-06,2020,EuroLeague,Anadolu Efes,12700,167.0,1505,1501
Panathinaikos,Valencia,62,84,2.24,1.81,2022-08-08,2020,EuroLeague,Panathinaikos,12396,153.3,1509,1546
Zalgiris Kaunas,Milano,81,64,3.07,1.48,2022-08-10,2020,EuroLeague,Zalgiris Kaunas,9841,152.2,1530,1656
Bayern Munich,Partizan,91,71,1.63,2.59,2022-08-12,2020,EuroLeague,Bayern Munich,13107,170.1,1657,1576
Valencia,ASVEL,70,63,2.57,1.64,2022-08-14,2020,EuroLeague,Valencia,14758,139.7,1512,1590
Milano,Real Madrid,60,76,1.55,2.83,2022-08-16,2020,EuroLeague,Milano,12504,142.8,1631,1526
Partizan,Barcelona,79,68,2.01,1.99,2022-08-18,2020,EuroLeague,Partizan,9701,154.3,1610,1612
ASVEL,Fenerbahçe,88,73,1.81,2.23,2022-08-20,2020,EuroLeague,ASVEL,12730,169.1,1599,1563
Real Madrid,Olympiacos,90,87,2.74,1.58,2022-08-22,2020,EuroLeague,Real Madrid,10833,185.8,1522,1618
Barcelona,CSKA Moscow,94,63,1.84,2.2,2022-08-24,2020,EuroLeague,Barcelona,10065,164.8,1548,1517
Fenerbahçe,Maccabi Tel Aviv,92,64,1.45,3.24,2022-08-26,2020,EuroLeague,Fenerbahçe,13965,163.8,1679,1539
Olympiacos,Baskonia,63,89,3.26,1.44,2022-08-28,2020,EuroLeague,Olympiacos,14827,159.6,1538,1680
CSKA Moscow,Anadolu Efes,75,60,2.69,1.59,2022-08-30,2020,EuroLeague,CSKA Moscow,13950,141.8,1514,1605
Maccabi Tel Aviv,Panathinaikos,71,80,2.1,1.91,2022-09-01,2020,EuroLeague,Maccabi Tel Aviv,14169,158.6,1527,1544
Baskonia,Zalgiris Kaunas,60,92,1.42,3.37,2022-09-03,2020,EuroLeague,Baskonia,14357,159.6,1650,1500
Anadolu Efes,Bayern Munich,80,82,1.49,3.04,2022-09-05,2020,EuroLeague,Anadolu Efes,9138,170.1,1645,1521
Panathinaikos,Valencia,91,60,1.54,2.84,2022-09-07,2020,EuroLeague,Panathinaikos,11684,158.6,1645,1539
Zalgiris Kaunas,Milano,84,70,2.6,1.62,2022-09-09,2020,EuroLeague,Zalgiris Kaunas,13879,161.7,1502,1584
Bayern Munich,Partizan,81,64,2.18,1.85,2022-09-11,2020,EuroLeague,Bayern Munich,12975,152.2,1658,1687
Valencia,ASVEL,81,61,1.69,2.45,2022-09-13,2020,EuroLeague,Valencia,11682,149.1,1694,1629
Milano,Real Madrid,78,80,1.61,2.64,2022-09-15,2020,EuroLeague,Milano,12992,165.9,1668,1582
Partizan,Barcelona,81,75,2.75,1.57,2022-09-17,2020,EuroLeague,Partizan,13751,163.8,1551,1648
ASVEL,Fenerbahçe,62,60,2.14,1.88,2022-09-19,2020,EuroLeague,ASVEL,13127,128.1,1500,1522
Real Madrid,Olympiacos,73,70,2.45,1.69,2022-09-21,2020,EuroLeague,Real Madrid,13832,150.2,1505,1569
Barcelona,CSKA Moscow,77,84,2.61,1.62,2022-09-23,2020,EuroLeague,Barcelona,11817,169.1,1607,1690
Fenerbahçe,Maccabi Tel Aviv,106,65,1.61,2.64,2022-09-25,2020,EuroLeague,Fenerbahçe,9952,179.6,1637,1551
Olympiacos,Baskonia,89,95,1.59,2.7,2022-09-27,2020,EuroLeague,Olympiacos,11369,193.2,1636,1544
CSKA Moscow,Anadolu Efes,75,71,2.66,1.6,2022-09-29,2020,EuroLeague,CSKA Moscow,11755,153.3,1605,1693
Maccabi Tel Aviv,Panathinaikos,64,74,1.89,2.13,2022-10-01,2020,EuroLeague,Maccabi Tel Aviv,12591,144.9,1527,1506
Baskonia,Zalgiris Kaunas,62,93,3.39,1.42,2022-10-03,2020,EuroLeague,Baskonia,13006,162.8,1547,1698
Anadolu Efes,Bayern Munich,60,84,2.07,1.93,2022-10-05,2020,EuroLeague,Anadolu Efes,10887,151.2,1606,1618
Panathinaikos,Valencia,89,72,2.16,1.86,2022-10-07,2020,EuroLeague,Panathinaikos,9039,169.1,1501,1527
Zalgiris Kaunas,Milano,71,76,1.92,2.08,2022-10-09,2020,EuroLeague,Zalgiris Kaunas,10743,154.3,1554,1540
Bayern Munich,Partizan,67,69,1.69,2.45,2022-10-11,2020,EuroLeague,Bayern Munich,10309,142.8,1597,1532
Valencia,ASVEL,86,80,2.07,1.94,2022-10-13,2020,EuroLeague,Valencia,12719,174.3,1500,1511
Milano,Real Madrid,75,68,2.55,1.65,2022-10-15,2020,EuroLeague,Milano,9278,150.2,1603,1679
Partizan,Barcelona,104,76,1.82,2.22,2022-10-17,2020,EuroLeague,Partizan,13228,189.0,1559,1524
ASVEL,Fenerbahçe,89,81,2.07,1.94,2022-10-19,2020,EuroLeague,ASVEL,12399,178.5,1689,1700
Real Madrid,Olympiacos,106,88,1.8,2.25,2022-10-21,2020,EuroLeague,Real Madrid,9104,203.7,1587,1548
Barcelona,CSKA Moscow,90,70,2.13,1.89,2022-10-23,2020,EuroLeague,Barcelona,13236,168.0,1613,1634
Fenerbahçe,Maccabi Tel Aviv,60,93,2.25,1.8,2022-10-25,2020,EuroLeague,Fenerbahçe,12086,160.7,1645,1684
Olympiacos,Baskonia,103,84,2.13,1.89,2022-10-27,2020,EuroLeague,Olympiacos,13763,196.3,1671,1692
CSKA Moscow,Anadolu Efes,93,78,1.84,2.19,2022-10-29,2020,EuroLeague,CSKA Moscow,11289,179.6,1608,1578
Maccabi Tel Aviv,Panathinaikos,102,60,1.78,2.28,2022-10-31,2020,EuroLeague,Maccabi Tel Aviv,14830,170.1,1558,1515
Baskonia,Zalgiris Kaunas,82,96,2.17,1.86,2022-11-02,2020,EuroLeague,Baskonia,13117,186.9,1547,1574
Anadolu Efes,Bayern Munich,87,71,2.07,1.94,2022-11-04,2020,EuroLeague,Anadolu Efes,9116,165.9,1646,1657
Panathinaikos,Valencia,95,85,1.65,2.55,2022-11-06,2020,EuroLeague,Panathinaikos,13676,189.0,1696,1620
Zalgiris Kaunas,Milano,60,90,3.02,1.5,2022-11-08,2020,EuroLeague,Zalgiris Kaunas,10400,157.5,1567,1689
Bayern Munich,Partizan,75,77,1.6,2.67,2022-11-10,2020,EuroLeague,Bayern Munich,14775,159.6,1630,1541
Valencia,ASVEL,70,94,2.2,1.84,2022-11-12,2020,EuroLeague,Valencia,14531,172.2,1600,1631
Milano,Real Madrid,69,81,2.24,1.81,2022-11-14,2020,EuroLeague,Milano,13089,157.5,1657,1694
Partizan,Barcelona,110,85,2.27,1.79,2022-11-16,2020,EuroLeague,Partizan,13879,204.8,1568,1609
ASVEL,Fenerbahçe,81,82,2.14,1.88,2022-11-18,2020,EuroLeague,ASVEL,11744,171.2,1594,1617
Real Madrid,Olympiacos,80,60,1.86,2.16,2022-11-20,2020,EuroLeague,Real Madrid,13975,147.0,1670,1644
Barcelona,CSKA Moscow,90,92,2.12,1.89,2022-11-22,2020,EuroLeague,Barcelona,11760,191.1,1547,1567
Fenerbahçe,Maccabi Tel Aviv,61,94,2.59,1.63,2022-11-24,2020,EuroLeague,Fenerbahçe,12136,162.8,1618,1699
Olympiacos,Baskonia,61,81,2.12,1.9,2022-11-26,2020,EuroLeague,Olympiacos,12963,149.1,1536,1555
CSKA Moscow,Anadolu Efes,79,90,3.88,1.35,2022-11-28,2020,EuroLeague,CSKA Moscow,10891,177.5,1509,1693
Maccabi Tel Aviv,Panathinaikos,113,65,1.38,3.66,2022-11-30,2020,EuroLeague,Maccabi Tel Aviv,12539,186.9,1687,1517
Baskonia,Zalgiris Kaunas,68,77,2.02,1.98,2022-12-02,2020,EuroLeague,Baskonia,14363,152.2,1688,1692
Anadolu Efes,Bayern Munich,80,73,2.32,1.76,2022-12-04,2020,EuroLeague,Anadolu Efes,10561,160.7,1614,1662
Panathinaikos,Valencia,63,75,1.66,2.52,2022-12-06,2020,EuroLeague,Panathinaikos,14045,144.9,1651,1578
Zalgiris Kaunas,Milano,71,66,1.99,2.01,2022-12-08,2020,EuroLeague,Zalgiris Kaunas,14134,143.8,1659,1658
Bayern Munich,Partizan,114,60,2.1,1.91,2022-12-10,2020,EuroLeague,Bayern Munich,13221,182.7,1532,1548
Valencia,ASVEL,73,97,1.79,2.27,2022-12-12,2020,EuroLeague,Valencia,14309,178.5,1692,1650
Milano,Real Madrid,93,63,1.67,2.5,2022-12-14,2020,EuroLeague,Milano,14416,163.8,1595,1525
Partizan,Barcelona,76,96,3.85,1.35,2022-12-16,2020,EuroLeague,Partizan,14967,180.6,1503,1685
ASVEL,Fenerbahçe,91,86,2.24,1.81,2022-12-18,2020,EuroLeague,ASVEL,11899,185.8,1577,1614
Real Madrid,Olympiacos,60,90,1.72,2.38,2022-12-20,2020,EuroLeague,Real Madrid,13520,157.5,1568,1512
Barcelona,CSKA Moscow,100,60,1.52,2.92,2022-12-22,2020,EuroLeague,Barcelona,13376,168.0,1700,1587
Fenerbahçe,Maccabi Tel Aviv,60,101,1.95,2.05,2022-12-24,2020,EuroLeague,Fenerbahçe,14871,169.1,1630,1621
Olympiacos,Baskonia,76,80,1.9,2.11,2022-12-26,2020,EuroLeague,Olympiacos,11356,163.8,1528,1510
CSKA Moscow,Anadolu Efes,70,98,3.23,1.45,2022-12-28,2020,EuroLeague,CSKA Moscow,14980,176.4,1533,1672
Maccabi Tel Aviv,Panathinaikos,96,66,1.4,3.53,2022-12-30,2020,EuroLeague,Maccabi Tel Aviv,13583,170.1,1666,1505
Baskonia,Zalgiris Kaunas,90,89,1.76,2.32,2023-01-01,2020,EuroLeague,Baskonia,14235,188.0,1654,1606
Anadolu Efes,Bayern Munich,88,73,1.59,2.71,2023-01-03,2020,EuroLeague,Anadolu Efes,9623,169.1,1699,1606
Panathinaikos,Valencia,75,73,2.7,1.59,2023-01-05,2020,EuroLeague,Panathinaikos,9598,155.4,1560,1652
Zalgiris Kaunas,Milano,69,71,1.77,2.3,2023-01-07,2020,EuroLeague,Zalgiris Kaunas,11294,147.0,1594,1549
Bayern Munich,Partizan,63,81,2.91,1.52,2023-01-09,2020,EuroLeague,Bayern Munich,11027,151.2,1509,1621
Valencia,ASVEL,71,87,1.95,1.95,2023-01-11,2020,EuroLeague,Valencia,14468,165.9,1514,1514
Milano,Real Madrid,71,78,1.52,2.92,2023-01-13,2020,EuroLeague,Milano,9622,156.5,1687,1574
Partizan,Barcelona,97,76,1.81,2.24,2023-01-15,2020,EuroLeague,Partizan,11964,181.7,1677,1640
ASVEL,Fenerbahçe,78,95,1.98,2.02,2023-01-17,2020,EuroLeague,ASVEL,9958,181.7,1509,1506
Real Madrid,Olympiacos,82,68,1.79,2.26,2023-01-19,2020,EuroLeague,Real Madrid,10400,157.5,1615,1575
Barcelona,CSKA Moscow,68,60,1.99,2.01,2023-01-21,2020,EuroLeague,Barcelona,11726,134.4,1636,1635
Fenerbahçe,Maccabi Tel Aviv,97,87,2.35,1.74,2023-01-23,2020,EuroLeague,Fenerbahçe,11855,193.2,1638,1690
Olympiacos,Baskonia,90,69,1.54,2.85,2023-01-25,2020,EuroLeague,Olympiacos,10454,167.0,1668,1561
CSKA Moscow,Anadolu Efes,108,75,1.79,2.27,2023-01-27,2020,EuroLeague,CSKA Moscow,14767,192.2,1654,1612
Maccabi Tel Aviv,Panathinaikos,60,60,1.95,2.05,2023-01-29,2020,EuroLeague,Maccabi Tel Aviv,10290,126.0,1548,1539
Baskonia,Zalgiris Kaunas,60,74,1.43,3.34,2023-01-31,2020,EuroLeague,Baskonia,14506,140.7,1688,1540
Anadolu Efes,Bayern Munich,90,77,1.92,2.08,2023-02-02,2020,EuroLeague,Anadolu Efes,11299,175.3,1665,1651
Panathinaikos,Valencia,77,62,2.22,1.82,2023-02-04,2020,EuroLeague,Panathinaikos,11861,146.0,1651,1685
Zalgiris Kaunas,Milano,77,85,1.94,2.07,2023-02-06,2020,EuroLeague,Zalgiris Kaunas,10782,170.1,1632,1621
Bayern Munich,Partizan,106,74,2.18,1.85,2023-02-08,2020,EuroLeague,Bayern Munich,14563,189.0,1533,1562
Valencia,ASVEL,81,91,3.34,1.43,2023-02-10,2020,EuroLeague,Valencia,9241,180.6,1506,1654
Milano,Real Madrid,69,70,1.98,2.02,2023-02-12,2020,EuroLeague,Milano,14901,146.0,1509,1506
Partizan,Barcelona,82,77,1.48,3.07,2023-02-14,2020,EuroLeague,Partizan,11165,167.0,1632,1506
ASVEL,Fenerbahçe,76,68,1.87,2.15,2023-02-16,2020,EuroLeague,ASVEL,11101,151.2,1616,1591
Real Madrid,Olympiacos,80,65,1.42,3.39,2023-02-18,2020,EuroLeague,Real Madrid,12664,152.2,1668,1517
Barcelona,CSKA Moscow,66,82,1.55,2.83,2023-02-20,2020,EuroLeague,Barcelona,12172,155.4,1644,1539
Fenerbahçe,Maccabi Tel Aviv,74,79,3.21,1.45,2023-02-22,2020,EuroLeague,Fenerbahçe,13794,160.7,1552,1690
Olympiacos,Baskonia,94,64,1.52,2.91,2023-02-24,2020,EuroLeague,Olympiacos,12787,165.9,1680,1568
CSKA Moscow,Anadolu Efes,66,68,2.76,1.57,2023-02-26,2020,EuroLeague,CSKA Moscow,10244,140.7,1557,1655
Maccabi Tel Aviv,Panathinaikos,71,89,2.94,1.52,2023-02-28,2020,EuroLeague,Maccabi Tel Aviv,14283,168.0,1542,1657
Baskonia,Zalgiris Kaunas,87,65,1.77,2.3,2023-03-02,2020,EuroLeague,Baskonia,10759,159.6,1668,1623
Anadolu Efes,Bayern Munich,91,75,1.72,2.4,2023-03-04,2020,EuroLeague,Anadolu Efes,10949,174.3,1643,1585
Panathinaikos,Valencia,90,60,1.91,2.1,2023-03-06,2020,EuroLeague,Panathinaikos,14330,157.5,1581,1564
Zalgiris Kaunas,Milano,93,87,1.94,2.07,2023-03-08,2020,EuroLeague,Zalgiris Kaunas,11269,189.0,1524,1513
Bayern Munich,Partizan,84,90,2.49,1.67,2023-03-10,2020,EuroLeague,Bayern Munich,9229,182.7,1556,1625
Valencia,ASVEL,83,60,1.61,2.64,2023-03-12,2020,EuroLeague,Valencia,14245,150.2,1699,1613
Milano,Real Madrid,98,62,1.59,2.71,2023-03-14,2020,EuroLeague,Milano,10949,168.0,1675,1582
Partizan,Barcelona,88,89,1.35,3.87,2023-03-16,2020,EuroLeague,Partizan,10490,185.8,1698,1515
ASVEL,Fenerbahçe,79,60,1.92,2.08,2023-03-18,2020,EuroLeague,ASVEL,11533,146.0,1644,1630
Real Madrid,Olympiacos,76,67,2.96,1.51,2023-03-20,2020,EuroLeague,Real Madrid,11550,150.2,1531,1648
Barcelona,CSKA Moscow,103,93,1.98,2.02,2023-03-22,2020,EuroLeague,Barcelona,12178,205.8,1516,1512
Fenerbahçe,Maccabi Tel Aviv,82,93,2.4,1.72,2023-03-24,2020,EuroLeague,Fenerbahçe,14198,183.8,1518,1576
Olympiacos,Baskonia,89,92,2.32,1.76,2023-03-26,2020,EuroLeague,Olympiacos,14489,190.1,1555,1603
CSKA Moscow,Anadolu Efes,65,85,3.43,1.41,2023-03-28,2020,EuroLeague,CSKA Moscow,11663,157.5,1541,1695
Maccabi Tel Aviv,Panathinaikos,94,85,1.73,2.37,2023-03-30,2020,EuroLeague,Maccabi Tel Aviv,13220,188.0,1561,1506
Baskonia,Zalgiris Kaunas,60,98,2.7,1.59,2023-04-01,2020,EuroLeague,Baskonia,14428,165.9,1585,1677
Anadolu Efes,Bayern Munich,81,65,1.33,3.99,2023-04-03,2020,EuroLeague,Anadolu Efes,12908,153.3,1696,1506
Panathinaikos,Valencia,99,74,1.53,2.88,2023-04-05,2020,EuroLeague,Panathinaikos,11674,181.7,1652,1542
Zalgiris Kaunas,Milano,79,87,2.96,1.51,2023-04-07,2020,EuroLeague,Zalgiris Kaunas,10920,174.3,1540,1657
Bayern Munich,Partizan,94,86,1.87,2.15,2023-04-09,2020,EuroLeague,Bayern Munich,14195,189.0,1567,1543
Valencia,ASVEL,82,60,2.02,1.98,2023-04-11,2020,EuroLeague,Valencia,13349,149.1,1596,1599
Milano,Real Madrid,89,62,1.81,2.24,2023-04-13,2020,EuroLeague,Milano,9717,158.6,1542,1505
Partizan,Barcelona,87,88,1.96,2.04,2023-04-15,2020,EuroLeague,Partizan,12581,183.8,1673,1666
ASVEL,Fenerbahçe,75,91,1.97,2.03,2023-04-17,2020,EuroLeague,ASVEL,13051,174.3,1577,1572
Real Madrid,Olympiacos,69,69,1.95,2.05,2023-04-19,2020,EuroLeague,Real Madrid,12116,144.9,1646,1637
Barcelona,CSKA Moscow,60,82,2.47,1.68,2023-04-21,2020,EuroLeague,Barcelona,14642,149.1,1516,1583
Fenerbahçe,Maccabi Tel Aviv,63,89,2.87,1.53,2023-04-23,2020,EuroLeague,Fenerbahçe,12035,159.6,1525,1634
Olympiacos,Baskonia,74,86,2.73,1.58,2023-04-25,2020,EuroLeague,Olympiacos,9156,168.0,1592,1687
CSKA Moscow,Anadolu Efes,81,88,1.7,2.43,2023-04-27,2020,EuroLeague,CSKA Moscow,12697,177.5,1612,1550
Maccabi Tel Aviv,Panathinaikos,92,82,1.93,2.08,2023-04-29,2020,EuroLeague,Maccabi Tel Aviv,12921,182.7,1680,1667
Baskonia,Zalgiris Kaunas,70,78,2.12,1.9,2023-05-01,2020,EuroLeague,Baskonia,9215,155.4,1665,1684
Anadolu Efes,Bayern Munich,87,61,2.4,1.72,2023-05-03,2020,EuroLeague,Anadolu Efes,12191,155.4,1515,1573
Panathinaikos,Valencia,81,96,2.47,1.68,2023-05-05,2020,EuroLeague,Panathinaikos,12793,185.8,1583,1650
Zalgiris Kaunas,Milano,64,72,1.7,2.44,2023-05-07,2020,EuroLeague,Zalgiris Kaunas,13181,142.8,1586,1523
Bayern Munich,Partizan,61,65,1.72,2.4,2023-05-09,2020,EuroLeague,Bayern Munich,14708,132.3,1661,1603
Valencia,ASVEL,69,87,2.38,1.72,2023-05-11,2020,EuroLeague,Valencia,12705,163.8,1545,1601
Milano,Real Madrid,82,78,2.6,1.62,2023-05-13,2020,EuroLeague,Milano,9480,168.0,1585,1667
Partizan,Barcelona,79,81,1.97,2.04,2023-05-15,2020,EuroLeague,Partizan,14674,168.0,1546,1540
ASVEL,Fenerbahçe,72,87,2.98,1.5,2023-05-17,2020,EuroLeague,ASVEL,9726,167.0,1500,1619
Real Madrid,Olympiacos,87,68,1.7,2.43,2023-05-19,2020,EuroLeague,Real Madrid,13392,162.8,1669,1607
Barcelona,CSKA Moscow,70,91,2.07,1.93,2023-05-21,2020,EuroLeague,Barcelona,9366,169.1,1672,1684
Fenerbahçe,Maccabi Tel Aviv,90,62,1.75,2.33,2023-05-23,2020,EuroLeague,Fenerbahçe,10351,159.6,1639,1590
Olympiacos,Baskonia,72,81,1.75,2.33,2023-05-25,2020,EuroLeague,Olympiacos,12096,160.7,1617,1567
CSKA Moscow,Anadolu Efes,69,86,1.86,2.16,2023-05-27,2020,EuroLeague,CSKA Moscow,10836,162.8,1670,1644
Maccabi Tel Aviv,Panathinaikos,82,60,2.51,1.66,2023-05-29,2020,EuroLeague,Maccabi Tel Aviv,9466,149.1,1613,1685
Baskonia,Zalgiris Kaunas,90,84,1.82,2.22,2023-05-31,2020,EuroLeague,Baskonia,10400,182.7,1698,1664
Anadolu Efes,Bayern Munich,75,72,1.54,2.86,2023-06-02,2020,EuroLeague,Anadolu Efes,12084,154.3,1608,1500
Panathinaikos,Valencia,96,60,1.48,3.07,2023-06-04,2020,EuroLeague,Panathinaikos,9525,163.8,1699,1573
Zalgiris Kaunas,Milano,92,61,1.42,3.39,2023-06-06,2020,EuroLeague,Zalgiris Kaunas,14886,160.7,1691,1540
Bayern Munich,Partizan,75,80,2.36,1.74,2023-06-08,2020,EuroLeague,Bayern Munich,11494,162.8,1630,1683
Valencia,ASVEL,76,78,1.79,2.27,2023-06-10,2020,EuroLeague,Valencia,11245,161.7,1668,1627
Milano,Real Madrid,75,102,2.71,1.59,2023-06-12,2020,EuroLeague,Milano,10770,185.8,1591,1684
Partizan,Barcelona,60,91,2.57,1.64,2023-06-14,2020,EuroLeague,Partizan,14197,158.6,1614,1692
ASVEL,Fenerbahçe,86,60,1.83,2.21,2023-06-16,2020,EuroLeague,ASVEL,13361,153.3,1618,1585
Real Madrid,Olympiacos,74,68,2.01,1.99,2023-06-18,2020,EuroLeague,Real Madrid,10910,149.1,1652,1653
Barcelona,CSKA Moscow,63,82,2.76,1.57,2023-06-20,2020,EuroLeague,Barcelona,11385,152.2,1561,1659
Fenerbahçe,Maccabi Tel Aviv,76,75,2.19,1.84,2023-06-22,2020,EuroLeague,Fenerbahçe,11065,158.6,1616,1646
Olympiacos,Baskonia,68,81,2.06,1.94,2023-06-24,2020,EuroLeague,Olympiacos,12222,156.5,1532,1542
CSKA Moscow,Anadolu Efes,89,77,2.12,1.9,2023-06-26,2020,EuroLeague,CSKA Moscow,14162,174.3,1600,1619
Maccabi Tel Aviv,Panathinaikos,66,102,2.33,1.75,2023-06-28,2020,EuroLeague,Maccabi Tel Aviv,11546,176.4,1544,1593
Baskonia,Zalgiris Kaunas,64,77,3.24,1.45,2023-06-30,2020,EuroLeague,Baskonia,11514,148.1,1529,1669
Anadolu Efes,Bayern Munich,96,60,1.5,2.98,2023-07-02,2020,EuroLeague,Anadolu Efes,10059,163.8,1663,1544
Panathinaikos,Valencia,68,65,1.58,2.72,2023-07-04,2020,EuroLeague,Panathinaikos,14860,139.7,1648,1554
Zalgiris Kaunas,Milano,80,93,1.93,2.07,2023-07-06,2020,EuroLeague,Zalgiris Kaunas,12646,181.7,1639,1627
Bayern Munich,Partizan,83,99,1.68,2.46,2023-07-08,2020,EuroLeague,Bayern Munich,14498,191.1,1655,1589
Valencia,ASVEL,97,83,1.93,2.07,2023-07-10,2020,EuroLeague,Valencia,13766,189.0,1690,1678
Milano,Real Madrid,81,97,3.07,1.48,2023-07-12,2020,EuroLeague,Milano,10603,186.9,1532,1658
Partizan,Barcelona,89,92,2.37,1.73,2023-07-14,2020,EuroLeague,Partizan,11024,190.1,1628,1683
ASVEL,Fenerbahçe,72,60,1.68,2.46,2023-07-16,2020,EuroLeague,ASVEL,10750,138.6,1623,1557
Real Madrid,Olympiacos,86,92,2.15,1.87,2023-07-18,2020,EuroLeague,Real Madrid,9192,186.9,1502,1527
Barcelona,CSKA Moscow,92,69,1.67,2.49,2023-07-20,2020,EuroLeague,Barcelona,12332,169.1,1612,1543
Fenerbahçe,Maccabi Tel Aviv,62,94,3.43,1.41,2023-07-22,2020,EuroLeague,Fenerbahçe,14488,163.8,1546,1700
Olympiacos,Baskonia,91,71,1.61,2.65,2023-07-24,2020,EuroLeague,Olympiacos,9539,170.1,1621,1534
CSKA Moscow,Anadolu Efes,82,60,2.28,1.78,2023-07-26,2020,EuroLeague,CSKA Moscow,10638,149.1,1584,1627
Maccabi Tel Aviv,Panathinaikos,93,81,1.53,2.88,2023-07-28,2020,EuroLeague,Maccabi Tel Aviv,11066,182.7,1622,1512
Baskonia,Zalgiris Kaunas,76,92,2.79,1.56,2023-07-30,2020,EuroLeague,Baskonia,10840,176.4,1559,1660
Anadolu Efes,Bayern Munich,92,76,1.53,2.88,2023-08-01,2020,EuroLeague,Anadolu Efes,10920,176.4,1626,1516
Panathinaikos,Valencia,80,87,1.99,2.01,2023-08-03,2020,EuroLeague,Panathinaikos,9113,175.3,1566,1564
Zalgiris Kaunas,Milano,95,90,1.97,2.04,2023-08-05,2020,EuroLeague,Zalgiris Kaunas,13970,194.2,1615,1609
Bayern Munich,Partizan,95,100,1.87,2.15,2023-08-07,2020,EuroLeague,Bayern Munich,12653,204.8,1677,1653
Valencia,ASVEL,76,68,2.38,1.72,2023-08-09,2020,EuroLeague,Valencia,10476,151.2,1535,1591
Milano,Real Madrid,77,73,2.11,1.9,2023-08-11,2020,EuroLeague,Milano,12028,157.5,1673,1691
Partizan,Barcelona,92,61,1.46,3.16,2023-08-13,2020,EuroLeague,Partizan,12980,160.7,1647,1513
ASVEL,Fenerbahçe,66,85,1.71,2.4,2023-08-15,2020,EuroLeague,ASVEL,13789,158.6,1616,1557
Real Madrid,Olympiacos,64,75,3.45,1.41,2023-08-17,2020,EuroLeague,Real Madrid,11929,146.0,1505,1661
Barcelona,CSKA Moscow,93,94,2.28,1.78,2023-08-19,2020,EuroLeague,Barcelona,11546,196.3,1626,1669
Fenerbahçe,Maccabi Tel Aviv,83,66,1.62,2.6,2023-08-21,2020,EuroLeague,Fenerbahçe,10702,156.5,1668,1586
Olympiacos,Baskonia,88,66,1.47,3.13,2023-08-23,2020,EuroLeague,Olympiacos,14369,161.7,1649,1518
CSKA Moscow,Anadolu Efes,60,76,2.09,1.92,2023-08-25,2020,EuroLeague,CSKA Moscow,13552,142.8,1642,1657
Maccabi Tel Aviv,Panathinaikos,60,78,1.84,2.19,2023-08-27,2020,EuroLeague,Maccabi Tel Aviv,14317,144.9,1562,1532
Baskonia,Zalgiris Kaunas,68,105,3.47,1.41,2023-08-29,2020,EuroLeague,Baskonia,13693,181.7,1528,1685
Anadolu Efes,Bayern Munich,100,63,1.78,2.28,2023-08-31,2020,EuroLeague,Anadolu Efes,14552,171.2,1569,1526
Panathinaikos,Valencia,71,60,2.12,1.9,2023-09-02,2020,EuroLeague,Panathinaikos,14964,137.6,1560,1579
Zalgiris Kaunas,Milano,60,93,3.41,1.41,2023-09-04,2020,EuroLeague,Zalgiris Kaunas,11035,160.7,1517,1670
Bayern Munich,Partizan,92,79,1.69,2.45,2023-09-06,2020,EuroLeague,Bayern Munich,13946,179.6,1661,1597
Valencia,ASVEL,65,61,2.12,1.89,2023-09-08,2020,EuroLeague,Valencia,14111,132.3,1574,1594
Milano,Real Madrid,69,90,2.69,1.59,2023-09-10,2020,EuroLeague,Milano,9664,167.0,1515,1606
Partizan,Barcelona,80,76,1.64,2.56,2023-09-12,2020,EuroLeague,Partizan,13643,163.8,1596,1519
ASVEL,Fenerbahçe,88,70,1.48,3.07,2023-09-14,2020,EuroLeague,ASVEL,10956,165.9,1658,1532
Real Madrid,Olympiacos,85,60,1.48,3.08,2023-09-16,2020,EuroLeague,Real Madrid,9857,152.2,1646,1519
Barcelona,CSKA Moscow,87,72,1.33,4.05,2023-09-18,2020,EuroLeague,Barcelona,13336,167.0,1695,1501
Fenerbahçe,Maccabi Tel Aviv,105,73,1.83,2.2,2023-09-20,2020,EuroLeague,Fenerbahçe,9746,186.9,1696,1664
Olympiacos,Baskonia,73,85,2.16,1.86,2023-09-22,2020,EuroLeague,Olympiacos,13751,165.9,1596,1622
CSKA Moscow,Anadolu Efes,87,64,1.56,2.78,2023-09-24,2020,EuroLeague,CSKA Moscow,13084,158.6,1675,1575
Maccabi Tel Aviv,Panathinaikos,69,60,1.57,2.76,2023-09-26,2020,EuroLeague,Maccabi Tel Aviv,12764,135.5,1648,1550
Baskonia,Zalgiris Kaunas,62,91,2.73,1.58,2023-09-28,2020,EuroLeague,Baskonia,14629,160.7,1509,1604
Anadolu Efes,Bayern Munich,100,60,1.63,2.58,2023-09-30,2020,EuroLeague,Anadolu Efes,9248,168.0,1652,1573
Panathinaikos,Valencia,87,75,2.4,1.72,2023-10-02,2020,EuroLeague,Panathinaikos,11965,170.1,1611,1669
Zalgiris Kaunas,Milano,96,75,1.44,3.25,2023-10-04,2020,EuroLeague,Zalgiris Kaunas,10236,179.6,1653,1512
Bayern Munich,Partizan,76,60,1.85,2.17,2023-10-06,2020,EuroLeague,Bayern Munich,14311,142.8,1646,1618
Valencia,ASVEL,82,77,2.37,1.73,2023-10-08,2020,EuroLeague,Valencia,12399,167.0,1583,1638
Milano,Real Madrid,88,79,1.89,2.13,2023-10-10,2020,EuroLeague,Milano,9684,175.3,1553,1532
Partizan,Barcelona,78,60,1.77,2.3,2023-10-12,2020,EuroLeague,Partizan,9290,144.9,1604,1558
ASVEL,Fenerbahçe,80,62,1.79,2.27,2023-10-14,2020,EuroLeague,ASVEL,10390,149.1,1590,1549
Real Madrid,Olympiacos,62,69,1.87,2.15,2023-10-16,2020,EuroLeague,Real Madrid,9939,137.6,1614,1589
Barcelona,CSKA Moscow,72,74,2.94,1.52,2023-10-18,2020,EuroLeague,Barcelona,11136,153.3,1571,1686
Fenerbahçe,Maccabi Tel Aviv,73,83,2.78,1.56,2023-10-20,2020,EuroLeague,Fenerbahçe,11242,163.8,1572,1672
Olympiacos,Baskonia,101,74,1.53,2.89,2023-10-22,2020,EuroLeague,Olympiacos,12384,183.8,1626,1515
CSKA Moscow,Anadolu Efes,60,71,3.71,1.37,2023-10-24,2020,EuroLeague,CSKA Moscow,12713,137.6,1512,1685
Maccabi Tel Aviv,Panathinaikos,93,77,1.95,1.95,2023-10-26,2020,EuroLeague,Maccabi Tel Aviv,14705,178.5,1594,1594
Baskonia,Zalgiris Kaunas,83,69,2.04,1.97,2023-10-28,2020,EuroLeague,Baskonia,9225,159.6,1664,1670
Anadolu Efes,Bayern Munich,78,91,2.08,1.92,2023-10-30,2020,EuroLeague,Anadolu Efes,9334,177.5,1556,1570
Panathinaikos,Valencia,69,96,2.55,1.65,2023-11-01,2020,EuroLeague,Panathinaikos,13755,173.2,1563,1639
Zalgiris Kaunas,Milano,76,72,1.59,2.7,2023-11-03,2020,EuroLeague,Zalgiris Kaunas,12401,155.4,1609,1517
Bayern Munich,Partizan,67,78,2.57,1.64,2023-11-05,2020,EuroLeague,Bayern Munich,12944,152.2,1515,1593
Valencia,ASVEL,63,79,1.66,2.52,2023-11-07,2020,EuroLeague,Valencia,9789,149.1,1653,1580
Milano,Real Madrid,74,81,2.17,1.85,2023-11-09,2020,EuroLeague,Milano,9208,162.8,1554,1582
Partizan,Barcelona,71,67,1.87,2.15,2023-11-11,2020,EuroLeague,Partizan,13018,144.9,1609,1584
ASVEL,Fenerbahçe,95,72,1.53,2.88,2023-11-13,2020,EuroLeague,ASVEL,10738,175.3,1669,1559
Real Madrid,Olympiacos,86,83,2.19,1.84,2023-11-15,2020,EuroLeague,Real Madrid,9272,177.5,1663,1693
Barcelona,CSKA Moscow,66,98,1.89,2.13,2023-11-17,2020,EuroLeague,Barcelona,13263,172.2,1657,1636
Fenerbahçe,Maccabi Tel Aviv,68,78,1.95,2.05,2023-11-19,2020,EuroLeague,Fenerbahçe,13805,153.3,1599,1590
Olympiacos,Baskonia,70,81,1.68,2.48,2023-11-21,2020,EuroLeague,Olympiacos,11347,158.6,1598,1530
CSKA Moscow,Anadolu Efes,60,73,1.63,2.59,2023-11-23,2020,EuroLeague,CSKA Moscow,11149,139.7,1587,1506
Maccabi Tel Aviv,Panathinaikos,64,87,2.07,1.93,2023-11-25,2020,EuroLeague,Maccabi Tel Aviv,13637,158.6,1655,1667
Baskonia,Zalgiris Kaunas,78,74,1.84,2.19,2023-11-27,2020,EuroLeague,Baskonia,14424,159.6,1583,1553
Anadolu Efes,Bayern Munich,77,80,1.48,3.1,2023-11-29,2020,EuroLeague,Anadolu Efes,11001,164.8,1680,1551
Panathinaikos,Valencia,74,92,2.38,1.72,2023-12-01,2020,EuroLeague,Panathinaikos,11340,174.3,1600,1656
Zalgiris Kaunas,Milano,68,79,1.85,2.18,2023-12-03,2020,EuroLeague,Zalgiris Kaunas,12335,154.3,1696,1667
Bayern Munich,Partizan,76,71,1.73,2.36,2023-12-05,2020,EuroLeague,Bayern Munich,10384,154.3,1683,1629
Valencia,ASVEL,67,91,2.02,1.98,2023-12-07,2020,EuroLeague,Valencia,12462,165.9,1561,1565
Milano,Real Madrid,72,66,3.32,1.43,2023-12-09,2020,EuroLeague,Milano,12606,144.9,1522,1668
Partizan,Barcelona,63,91,2.44,1.7,2023-12-11,2020,EuroLeague,Partizan,10222,161.7,1545,1608
ASVEL,Fenerbahçe,72,102,3.82,1.35,2023-12-13,2020,EuroLeague,ASVEL,12693,182.7,1509,1689
Real Madrid,Olympiacos,87,76,2.34,1.75,2023-12-15,2020,EuroLeague,Real Madrid,13604,171.2,1627,1678
Barcelona,CSKA Moscow,92,85,1.64,2.56,2023-12-17,2020,EuroLeague,Barcelona,14026,185.8,1667,1590
Fenerbahçe,Maccabi Tel Aviv,66,91,2.27,1.79,2023-12-19,2020,EuroLeague,Fenerbahçe,10137,164.8,1636,1678
Olympiacos,Baskonia,89,60,2.2,1.83,2023-12-21,2020,EuroLeague,Olympiacos,13579,156.5,1597,1629
CSKA Moscow,Anadolu Efes,89,64,1.57,2.76,2023-12-23,2020,EuroLeague,CSKA Moscow,12916,160.7,1673,1575
Maccabi Tel Aviv,Panathinaikos,99,82,1.45,3.23,2023-12-25,2020,EuroLeague,Maccabi Tel Aviv,9798,190.1,1700,1561
Baskonia,Zalgiris Kaunas,86,89,3.33,1.43,2023-12-27,2020,EuroLeague,Baskonia,12562,183.8,1537,1684
Anadolu Efes,Bayern Munich,60,82,1.88,2.14,2023-12-29,2020,EuroLeague,Anadolu Efes,10347,149.1,1557,1535
Panathinaikos,Valencia,86,73,1.66,2.52,2023-12-31,2020,EuroLeague,Panathinaikos,9374,167.0,1573,1500
Zalgiris Kaunas,Milano,82,72,1.91,2.1,2024-01-02,2020,EuroLeague,Zalgiris Kaunas,10206,161.7,1551,1535
Bayern Munich,Partizan,81,62,1.62,2.61,2024-01-04,2020,EuroLeague,Bayern Munich,14998,150.2,1700,1617
Valencia,ASVEL,104,84,1.61,2.63,2024-01-06,2020,EuroLeague,Valencia,10888,197.4,1682,1597
Milano,Real Madrid,93,84,2.86,1.54,2024-01-08,2020,EuroLeague,Milano,11711,185.8,1578,1686
Partizan,Barcelona,78,85,2.08,1.92,2024-01-10,2020,EuroLeague,Partizan,9040,171.2,1576,1590
ASVEL,Fenerbahçe,73,85,1.91,2.1,2024-01-12,2020,EuroLeague,ASVEL,12375,165.9,1678,1661
Real Madrid,Olympiacos,89,89,2.15,1.87,2024-01-14,2020,EuroLeague,Real Madrid,14320,186.9,1574,1598
Barcelona,CSKA Moscow,81,72,1.65,2.55,2024-01-16,2020,EuroLeague,Barcelona,9804,160.7,1634,1558
Fenerbahçe,Maccabi Tel Aviv,64,65,2.04,1.97,2024-01-18,2020,EuroLeague,Fenerbahçe,11723,135.5,1660,1666
Olympiacos,Baskonia,60,87,3.24,1.45,2024-01-20,2020,EuroLeague,Olympiacos,13292,154.3,1505,1645
CSKA Moscow,Anadolu Efes,75,60,1.5,2.98,2024-01-22,2020,EuroLeague,CSKA Moscow,12066,141.8,1633,1514
Maccabi Tel Aviv,Panathinaikos,82,78,1.69,2.45,2024-01-24,2020,EuroLeague,Maccabi Tel Aviv,9137,168.0,1647,1583
Baskonia,Zalgiris Kaunas,75,89,2.7,1.59,2024-01-26,2020,EuroLeague,Baskonia,10802,172.2,1554,1646
Anadolu Efes,Bayern Munich,73,65,1.72,2.38,2024-01-28,2020,EuroLeague,Anadolu Efes,14907,144.9,1656,1600
Panathinaikos,Valencia,68,103,1.95,1.95,2024-01-30,2020,EuroLeague,Panathinaikos,12144,179.6,1623,1623
Zalgiris Kaunas,Milano,64,111,1.85,2.17,2024-02-01,2020,EuroLeague,Zalgiris Kaunas,10557,183.8,1666,1638
Bayern Munich,Partizan,79,80,2.14,1.88,2024-02-03,2020,EuroLeague,Bayern Munich,10942,167.0,1553,1575
Valencia,ASVEL,83,95,1.76,2.32,2024-02-05,2020,EuroLeague,Valencia,12575,186.9,1590,1542
Milano,Real Madrid,60,92,2.87,1.53,2024-02-07,2020,EuroLeague,Milano,13455,159.6,1570,1679
Partizan,Barcelona,65,75,3.05,1.49,2024-02-09,2020,EuroLeague,Partizan,9886,147.0,1561,1686
ASVEL,Fenerbahçe,69,63,1.44,3.25,2024-02-11,2020,EuroLeague,ASVEL,14566,138.6,1677,1536
Real Madrid,Olympiacos,89,92,1.96,2.04,2024-02-13,2020,EuroLeague,Real Madrid,10935,190.1,1653,1646
Barcelona,CSKA Moscow,88,85,1.9,2.11,2024-02-15,2020,EuroLeague,Barcelona,9590,181.7,1676,1658
Fenerbahçe,Maccabi Tel Aviv,76,67,1.53,2.87,2024-02-17,2020,EuroLeague,Fenerbahçe,12434,150.2,1687,1578
Olympiacos,Baskonia,78,82,2.82,1.55,2024-02-19,2020,EuroLeague,Olympiacos,11176,168.0,1507,1611
CSKA Moscow,Anadolu Efes,82,79,1.52,2.93,2024-02-21,2020,EuroLeague,CSKA Moscow,14000,169.1,1628,1514
Maccabi Tel Aviv,Panathinaikos,75,66,2.57,1.64,2024-02-23,2020,EuroLeague,Maccabi Tel Aviv,13851,148.1,1588,1666
Baskonia,Zalgiris Kaunas,81,70,2.16,1.86,2024-02-25,2020,EuroLeague,Baskonia,11664,158.6,1663,1689
Anadolu Efes,Bayern Munich,72,85,1.76,2.32,2024-02-27,2020,EuroLeague,Anadolu Efes,9189,164.8,1666,1618
Panathinaikos,Valencia,80,83,2.98,1.5,2024-02-29,2020,EuroLeague,Panathinaikos,11722,171.2,1559,1678
Zalgiris Kaunas,Milano,98,75,1.79,2.26,2024-03-02,2020,EuroLeague,Zalgiris Kaunas,9051,181.7,1664,1624
Bayern Munich,Partizan,80,84,2.14,1.88,2024-03-04,2020,EuroLeague,Bayern Munich,11770,172.2,1624,1647
Valencia,ASVEL,76,95,1.6,2.67,2024-03-06,2020,EuroLeague,Valencia,13989,179.6,1681,1592
Milano,Real Madrid,111,96,3.32,1.43,2024-03-08,2020,EuroLeague,Milano,13742,217.4,1526,1672
Partizan,Barcelona,78,76,1.56,2.79,2024-03-10,2020,EuroLeague,Partizan,13970,161.7,1650,1549
ASVEL,Fenerbahçe,73,88,2.39,1.72,2024-03-12,2020,EuroLeague,ASVEL,12906,169.1,1540,1597
Real Madrid,Olympiacos,60,63,2.59,1.63,2024-03-14,2020,EuroLeague,Real Madrid,11658,129.2,1509,1590
Barcelona,CSKA Moscow,60,85,1.88,2.14,2024-03-16,2020,EuroLeague,Barcelona,13055,152.2,1573,1550
Fenerbahçe,Maccabi Tel Aviv,78,64,1.62,2.6,2024-03-18,2020,EuroLeague,Fenerbahçe,10253,149.1,1630,1548
Olympiacos,Baskonia,97,76,1.94,2.06,2024-03-20,2020,EuroLeague,Olympiacos,14043,181.7,1559,1549
CSKA Moscow,Anadolu Efes,71,82,2.33,1.75,2024-03-22,2020,EuroLeague,CSKA Moscow,13272,160.7,1630,1679
Maccabi Tel Aviv,Panathinaikos,94,65,1.49,3.03,2024-03-24,2020,EuroLeague,Maccabi Tel Aviv,10764,167.0,1664,1541
Baskonia,Zalgiris Kaunas,81,90,2.76,1.57,2024-03-26,2020,EuroLeague,Baskonia,10158,179.6,1530,1628
Anadolu Efes,Bayern Munich,60,84,3.18,1.46,2024-03-28,2020,EuroLeague,Anadolu Efes,11388,151.2,1545,1680
Panathinaikos,Valencia,60,88,2.7,1.59,2024-03-30,2020,EuroLeague,Panathinaikos,14370,155.4,1522,1614
Zalgiris Kaunas,Milano,81,77,2.28,1.78,2024-04-01,2020,EuroLeague,Zalgiris Kaunas,9798,165.9,1581,1624
Bayern Munich,Partizan,77,75,3.37,1.42,2024-04-03,2020,EuroLeague,Bayern Munich,14240,159.6,1507,1657
Valencia,ASVEL,85,88,2.23,1.81,2024-04-05,2020,EuroLeague,Valencia,10978,181.7,1658,1694
Milano,Real Madrid,82,83,1.72,2.4,2024-04-07,2020,EuroLeague,Milano,11752,173.2,1597,1539
Partizan,Barcelona,69,84,2.27,1.79,2024-04-09,2020,EuroLeague,Partizan,13074,160.7,1553,1595
ASVEL,Fenerbahçe,94,90,1.86,2.16,2024-04-11,2020,EuroLeague,ASVEL,13432,193.2,1604,1578
Real Madrid,Olympiacos,87,68,2.24,1.81,2024-04-13,2020,EuroLeague,Real Madrid,9278,162.8,1504,1541
Barcelona,CSKA Moscow,84,66,2.04,1.96,2024-04-15,2020,EuroLeague,Barcelona,10321,157.5,1606,1613
Fenerbahçe,Maccabi Tel Aviv,91,60,1.46,3.19,2024-04-17,2020,EuroLeague,Fenerbahçe,14075,158.6,1646,1510
Olympiacos,Baskonia,78,71,1.63,2.59,2024-04-19,2020,EuroLeague,Olympiacos,11596,156.5,1653,1572
CSKA Moscow,Anadolu Efes,92,66,1.37,3.69,2024-04-21,2020,EuroLeague,CSKA Moscow,11366,165.9,1691,1519
Maccabi Tel Aviv,Panathinaikos,77,87,2.32,1.76,2024-04-23,2020,EuroLeague,Maccabi Tel Aviv,9773,172.2,1591,1639
Baskonia,Zalgiris Kaunas,99,62,1.7,2.43,2024-04-25,2020,EuroLeague,Baskonia,11543,169.1,1669,1607
Anadolu Efes,Bayern Munich,81,77,1.36,3.77,2024-04-27,2020,EuroLeague,Anadolu Efes,13207,165.9,1690,1513
Panathinaikos,Valencia,106,88,2.68,1.6,2024-04-29,2020,EuroLeague,Panathinaikos,13892,203.7,1505,1595
Zalgiris Kaunas,Milano,86,63,1.8,2.25,2024-05-01,2020,EuroLeague,Zalgiris Kaunas,10138,156.5,1647,1608
Bayern Munich,Partizan,60,67,2.15,1.87,2024-05-03,2020,EuroLeague,Bayern Munich,10832,133.3,1523,1547
Valencia,ASVEL,91,90,2.76,1.57,2024-05-05,2020,EuroLeague,Valencia,11884,190.1,1512,1610
Milano,Real Madrid,90,82,1.82,2.22,2024-05-07,2020,EuroLeague,Milano,12054,180.6,1583,1548
Partizan,Barcelona,64,81,2.73,1.58,2024-05-09,2020,EuroLeague,Partizan,11426,152.2,1580,1675
ASVEL,Fenerbahçe,81,60,2.48,1.68,2024-05-11,2020,EuroLeague,ASVEL,11717,148.1,1620,1688
Real Madrid,Olympiacos,77,74,2.27,1.79,2024-05-13,2020,EuroLeague,Real Madrid,10642,158.6,1620,1662
Barcelona,CSKA Moscow,74,78,1.89,2.13,2024-05-15,2020,EuroLeague,Barcelona,11592,159.6,1577,1556
Fenerbahçe,Maccabi Tel Aviv,100,61,1.37,3.72,2024-05-17,2020,EuroLeague,Fenerbahçe,10055,169.1,1681,1507
Olympiacos,Baskonia,60,84,2.24,1.8,2024-05-19,2020,EuroLeague,Olympiacos,14470,151.2,1653,1691
CSKA Moscow,Anadolu Efes,60,91,3.57,1.39,2024-05-21,2020,EuroLeague,CSKA Moscow,11908,158.6,1524,1688
Maccabi Tel Aviv,Panathinaikos,63,82,1.57,2.77,2024-05-23,2020,EuroLeague,Maccabi Tel Aviv,10074,152.2,1669,1570
Baskonia,Zalgiris Kaunas,74,70,1.37,3.68,2024-05-25,2020,EuroLeague,Baskonia,14245,151.2,1697,1526
Anadolu Efes,Bayern Munich,88,77,1.73,2.37,2024-05-27,2020,EuroLeague,Anadolu Efes,11178,173.2,1689,1634
Panathinaikos,Valencia,74,65,1.65,2.54,2024-05-29,2020,EuroLeague,Panathinaikos,11249,146.0,1657,1582
Zalgiris Kaunas,Milano,83,68,1.5,3.0,2024-05-31,2020,EuroLeague,Zalgiris Kaunas,13974,158.6,1672,1552
Bayern Munich,Partizan,75,104,3.4,1.42,2024-06-02,2020,EuroLeague,Bayern Munich,12066,188.0,1519,1671
Valencia,ASVEL,85,65,1.77,2.3,2024-06-04,2020,EuroLeague,Valencia,14887,157.5,1646,1600
Milano,Real Madrid,71,60,1.74,2.35,2024-06-06,2020,EuroLeague,Milano,14471,137.6,1684,1632
Partizan,Barcelona,96,82,1.87,2.15,2024-06-08,2020,EuroLeague,Partizan,11495,186.9,1620,1596
ASVEL,Fenerbahçe,61,77,2.46,1.68,2024-06-10,2020,EuroLeague,ASVEL,14023,144.9,1543,1609
Real Madrid,Olympiacos,104,96,1.36,3.77,2024-06-12,2020,EuroLeague,Real Madrid,11951,210.0,1696,1519
Barcelona,CSKA Moscow,84,87,2.07,1.94,2024-06-14,2020,EuroLeague,Barcelona,12763,179.6,1585,1596
Fenerbahçe,Maccabi Tel Aviv,77,69,1.49,3.04,2024-06-16,2020,EuroLeague,Fenerbahçe,10111,153.3,1656,1532
Olympiacos,Baskonia,70,76,2.1,1.91,2024-06-18,2020,EuroLeague,Olympiacos,13734,153.3,1546,1562
CSKA Moscow,Anadolu Efes,61,72,2.2,1.84,2024-06-20,2020,EuroLeague,CSKA Moscow,9143,139.7,1632,1663
Maccabi Tel Aviv,Panathinaikos,60,92,3.15,1.47,2024-06-22,2020,EuroLeague,Maccabi Tel Aviv,9493,159.6,1555,1688
Baskonia,Zalgiris Kaunas,60,63,2.18,1.85,2024-06-24,2020,EuroLeague,Baskonia,9872,129.2,1520,1549
Anadolu Efes,Bayern Munich,79,84,1.58,2.73,2024-06-26,2020,EuroLeague,Anadolu Efes,14084,171.2,1699,1604
Panathinaikos,Valencia,71,68,1.67,2.5,2024-06-28,2020,EuroLeague,Panathinaikos,9618,146.0,1573,1503
Zalgiris Kaunas,Milano,71,71,1.52,2.92,2024-06-30,2020,EuroLeague,Zalgiris Kaunas,9316,149.1,1635,1522
Bayern Munich,Partizan,77,87,2.02,1.98,2024-07-02,2020,EuroLeague,Bayern Munich,10189,172.2,1694,1698
Valencia,ASVEL,89,94,1.88,2.14,2024-07-04,2020,EuroLeague,Valencia,14479,192.2,1562,1540
Milano,Real Madrid,74,73,1.91,2.1,2024-07-06,2020,EuroLeague,Milano,12794,154.3,1635,1619
Partizan,Barcelona,74,81,2.05,1.95,2024-07-08,2020,EuroLeague,Partizan,13268,162.8,1582,1590
ASVEL,Fenerbahçe,60,77,1.97,2.03,2024-07-10,2020,EuroLeague,ASVEL,14604,143.8,1659,1654
Real Madrid,Olympiacos,74,67,1.73,2.37,2024-07-12,2020,EuroLeague,Real Madrid,14643,148.1,1669,1614
Barcelona,CSKA Moscow,94,69,1.99,2.01,2024-07-14,2020,EuroLeague,Barcelona,14383,171.2,1532,1531
Fenerbahçe,Maccabi Tel Aviv,84,90,1.82,2.22,2024-07-16,2020,EuroLeague,Fenerbahçe,14080,182.7,1537,1503
Olympiacos,Baskonia,77,62,2.74,1.58,2024-07-18,2020,EuroLeague,Olympiacos,14362,146.0,1556,1652
CSKA Moscow,Anadolu Efes,67,74,2.28,1.78,2024-07-20,2020,EuroLeague,CSKA Moscow,14270,148.1,1612,1655
Maccabi Tel Aviv,Panathinaikos,60,69,2.58,1.63,2024-07-22,2020,EuroLeague,Maccabi Tel Aviv,14366,135.5,1535,1614
Baskonia,Zalgiris Kaunas,70,75,1.62,2.61,2024-07-24,2020,EuroLeague,Baskonia,10829,152.2,1658,1575
Anadolu Efes,Bayern Munich,79,60,1.4,3.48,2024-07-26,2020,EuroLeague,Anadolu Efes,12148,146.0,1683,1525
Panathinaikos,Valencia,77,77,1.83,2.2,2024-07-28,2020,EuroLeague,Panathinaikos,13206,161.7,1571,1539
Zalgiris Kaunas,Milano,88,66,2.48,1.68,2024-07-30,2020,EuroLeague,Zalgiris Kaunas,9975,161.7,1550,1618
Bayern Munich,Partizan,85,66,2.14,1.88,2024-08-01,2020,EuroLeague,Bayern Munich,14258,158.6,1548,1571
Valencia,ASVEL,74,71,1.48,3.1,2024-08-03,2020,EuroLeague,Valencia,9270,152.2,1686,1557
Milano,Real Madrid,79,75,3.3,1.43,2024-08-05,2020,EuroLeague,Milano,10297,161.7,1544,1689
Partizan,Barcelona,75,71,1.95,2.05,2024-08-07,2020,EuroLeague,Partizan,10047,153.3,1576,1567
ASVEL,Fenerbahçe,60,109,2.92,1.52,2024-08-09,2020,EuroLeague,ASVEL,13163,177.5,1566,1679
Real Madrid,Olympiacos,76,70,2.14,1.88,2024-08-11,2020,EuroLeague,Real Madrid,12919,153.3,1636,1658
Barcelona,CSKA Moscow,78,66,3.59,1.39,2024-08-13,2020,EuroLeague,Barcelona,12571,151.2,1514,1679
Fenerbahçe,Maccabi Tel Aviv,96,86,2.14,1.88,2024-08-15,2020,EuroLeague,Fenerbahçe,12679,191.1,1568,1590
Olympiacos,Baskonia,63,63,2.2,1.84,2024-08-17,2020,EuroLeague,Olympiacos,12029,132.3,1634,1665
CSKA Moscow,Anadolu Efes,63,69,3.05,1.49,2024-08-19,2020,EuroLeague,CSKA Moscow,14704,138.6,1531,1656
Maccabi Tel Aviv,Panathinaikos,60,87,2.6,1.62,2024-08-21,2020,EuroLeague,Maccabi Tel Aviv,13942,154.3,1599,1681
Baskonia,Zalgiris Kaunas,76,72,2.96,1.51,2024-08-23,2020,EuroLeague,Baskonia,11772,155.4,1566,1683
Anadolu Efes,Bayern Munich,68,82,2.1,1.91,2024-08-25,2020,EuroLeague,Anadolu Efes,14139,157.5,1653,1669
Panathinaikos,Valencia,95,81,2.89,1.53,2024-08-27,2020,EuroLeague,Panathinaikos,11551,184.8,1588,1699
Zalgiris Kaunas,Milano,70,92,2.08,1.93,2024-08-29,2020,EuroLeague,Zalgiris Kaunas,10880,170.1,1519,1532
Bayern Munich,Partizan,66,83,2.58,1.63,2024-08-31,2020,EuroLeague,Bayern Munich,11268,156.5,1518,1598
Valencia,ASVEL,69,76,1.6,2.68,2024-09-02,2020,EuroLeague,Valencia,13185,152.2,1655,1565
Milano,Real Madrid,90,93,2.16,1.86,2024-09-04,2020,EuroLeague,Milano,11278,192.2,1648,1674
Partizan,Barcelona,77,79,3.14,1.47,2024-09-06,2020,EuroLeague,Partizan,13745,163.8,1543,1675
ASVEL,Fenerbahçe,69,86,1.71,2.4,2024-09-08,2020,EuroLeague,ASVEL,14669,162.8,1671,1612
Real Madrid,Olympiacos,83,91,2.85,1.54,2024-09-10,2020,EuroLeague,Real Madrid,13438,182.7,1573,1680
Barcelona,CSKA Moscow,75,93,1.59,2.69,2024-09-12,2020,EuroLeague,Barcelona,14624,176.4,1665,1574
Fenerbahçe,Maccabi Tel Aviv,65,68,2.08,1.93,2024-09-14,2020,EuroLeague,Fenerbahçe,11322,139.7,1522,1535
Olympiacos,Baskonia,84,74,1.86,2.16,2024-09-16,2020,EuroLeague,Olympiacos,13229,165.9,1646,1620
CSKA Moscow,Anadolu Efes,76,72,1.75,2.33,2024-09-18,2020,EuroLeague,CSKA Moscow,9532,155.4,1673,1624
Maccabi Tel Aviv,Panathinaikos,72,80,1.95,1.95,2024-09-20,2020,EuroLeague,Maccabi Tel Aviv,14649,159.6,1504,1504
Baskonia,Zalgiris Kaunas,88,60,2.92,1.52,2024-09-22,2020,EuroLeague,Baskonia,13556,155.4,1564,1677
Anadolu Efes,Bayern Munich,74,83,1.61,2.65,2024-09-24,2020,EuroLeague,Anadolu Efes,10696,164.8,1638,1551
Panathinaikos,Valencia,76,83,1.92,2.09,2024-09-26,2020,EuroLeague,Panathinaikos,10200,167.0,1565,1550
Zalgiris Kaunas,Milano,74,60,2.1,1.91,2024-09-28,2020,EuroLeague,Zalgiris Kaunas,12131,140.7,1571,1587
Bayern Munich,Partizan,74,81,2.5,1.66,2024-09-30,2020,EuroLeague,Bayern Munich,14847,162.8,1551,1622
Valencia,ASVEL,79,71,1.94,2.07,2024-10-02,2020,EuroLeague,Valencia,14940,157.5,1637,1626
Milano,Real Madrid,65,84,2.46,1.68,2024-10-04,2020,EuroLeague,Milano,12430,156.5,1610,1676
Partizan,Barcelona,76,60,1.44,3.25,2024-10-06,2020,EuroLeague,Partizan,13929,142.8,1654,1513
ASVEL,Fenerbahçe,60,70,1.81,2.24,2024-10-08,2020,EuroLeague,ASVEL,9911,136.5,1673,1636
Real Madrid,Olympiacos,76,90,1.7,2.43,2024-10-10,2020,EuroLeague,Real Madrid,14228,174.3,1570,1508
Barcelona,CSKA Moscow,80,70,1.55,2.82,2024-10-12,2020,EuroLeague,Barcelona,14920,157.5,1619,1515
Fenerbahçe,Maccabi Tel Aviv,77,70,1.81,2.24,2024-10-14,2020,EuroLeague,Fenerbahçe,12897,154.3,1626,1589
Olympiacos,Baskonia,92,74,2.33,1.75,2024-10-16,2020,EuroLeague,Olympiacos,14686,174.3,1514,1564
CSKA Moscow,Anadolu Efes,73,96,2.05,1.95,2024-10-18,2020,EuroLeague,CSKA Moscow,12668,177.5,1568,1576
Maccabi Tel Aviv,Panathinaikos,99,75,2.79,1.56,2024-10-20,2020,EuroLeague,Maccabi Tel Aviv,11054,182.7,1512,1613
Baskonia,Zalgiris Kaunas,60,106,3.23,1.45,2024-10-22,2020,EuroLeague,Baskonia,13677,174.3,1557,1696
Anadolu Efes,Bayern Munich,63,84,3.09,1.48,2024-10-24,2020,EuroLeague,Anadolu Efes,14189,154.3,1538,1666
Panathinaikos,Valencia,98,77,1.92,2.08,2024-10-26,2020,EuroLeague,Panathinaikos,9744,183.8,1680,1666
Zalgiris Kaunas,Milano,70,85,3.47,1.41,2024-10-28,2020,EuroLeague,Zalgiris Kaunas,9831,162.8,1519,1676
Bayern Munich,Partizan,61,73,2.46,1.68,2024-10-30,2020,EuroLeague,Bayern Munich,11624,140.7,1530,1596
Valencia,ASVEL,82,79,1.57,2.77,2024-11-01,2020,EuroLeague,Valencia,14059,169.1,1632,1533
Milano,Real Madrid,61,79,3.44,1.41,2024-11-03,2020,EuroLeague,Milano,14052,147.0,1528,1683
Partizan,Barcelona,106,82,2.37,1.73,2024-11-05,2020,EuroLeague,Partizan,10604,197.4,1588,1643
ASVEL,Fenerbahçe,75,66,1.53,2.87,2024-11-07,2020,EuroLeague,ASVEL,13207,148.1,1679,1570
Real Madrid,Olympiacos,70,85,1.49,3.04,2024-11-09,2020,EuroLeague,Real Madrid,9963,162.8,1690,1566
Barcelona,CSKA Moscow,81,78,2.24,1.8,2024-11-11,2020,EuroLeague,Barcelona,14202,167.0,1505,1543
Fenerbahçe,Maccabi Tel Aviv,82,65,1.72,2.38,2024-11-13,2020,EuroLeague,Fenerbahçe,10018,154.3,1568,1512
Olympiacos,Baskonia,70,71,2.4,1.72,2024-11-15,2020,EuroLeague,Olympiacos,11714,148.1,1619,1677
CSKA Moscow,Anadolu Efes,91,74,1.93,2.08,2024-11-17,2020,EuroLeague,CSKA Moscow,9988,173.2,1621,1608
Maccabi Tel Aviv,Panathinaikos,103,68,2.39,1.72,2024-11-19,2020,EuroLeague,Maccabi Tel Aviv,9619,179.6,1618,1675
Baskonia,Zalgiris Kaunas,92,60,1.7,2.43,2024-11-21,2020,EuroLeague,Baskonia,9993,159.6,1670,1608
Anadolu Efes,Bayern Munich,85,82,2.98,1.5,2024-11-23,2020,EuroLeague,Anadolu Efes,13625,175.3,1513,1632
Panathinaikos,Valencia,70,83,2.21,1.83,2024-11-25,2020,EuroLeague,Panathinaikos,9295,160.7,1657,1690
Zalgiris Kaunas,Milano,80,84,2.01,1.99,2024-11-27,2020,EuroLeague,Zalgiris Kaunas,9143,172.2,1655,1657
Bayern Munich,Partizan,60,86,3.62,1.38,2024-11-29,2020,EuroLeague,Bayern Munich,10596,153.3,1513,1680
Valencia,ASVEL,68,65,1.86,2.17,2024-12-01,2020,EuroLeague,Valencia,10968,139.7,1594,1567
Milano,Real Madrid,72,69,1.48,3.07,2024-12-03,2020,EuroLeague,Milano,12598,148.1,1656,1530
Partizan,Barcelona,78,86,1.57,2.75,2024-12-05,2020,EuroLeague,Partizan,14693,172.2,1631,1534
ASVEL,Fenerbahçe,73,85,1.82,2.22,2024-12-07,2020,EuroLeague,ASVEL,14201,165.9,1638,1604
Real Madrid,Olympiacos,75,84,1.61,2.64,2024-12-09,2020,EuroLeague,Real Madrid,9490,167.0,1609,1523
Barcelona,CSKA Moscow,95,60,1.44,3.29,2024-12-11,2020,EuroLeague,Barcelona,14847,162.8,1677,1533
Fenerbahçe,Maccabi Tel Aviv,91,108,2.11,1.9,2024-12-13,2020,EuroLeague,Fenerbahçe,11419,209.0,1676,1694
Olympiacos,Baskonia,89,60,1.59,2.71,2024-12-15,2020,EuroLeague,Olympiacos,11240,156.5,1620,1527
CSKA Moscow,Anadolu Efes,82,66,2.5,1.66,2024-12-17,2020,EuroLeague,CSKA Moscow,10069,155.4,1577,1648
Maccabi Tel Aviv,Panathinaikos,86,78,1.83,2.21,2024-12-19,2020,EuroLeague,Maccabi Tel Aviv,10537,172.2,1650,1617
Baskonia,Zalgiris Kaunas,77,98,2.85,1.54,2024-12-21,2020,EuroLeague,Baskonia,12834,183.8,1524,1631
Anadolu Efes,Bayern Munich,60,68,2.07,1.94,2024-12-23,2020,EuroLeague,Anadolu Efes,11460,134.4,1594,1605
Panathinaikos,Valencia,62,73,2.31,1.76,2024-12-25,2020,EuroLeague,Panathinaikos,9636,141.8,1602,1649
Zalgiris Kaunas,Milano,90,68,2.49,1.67,2024-12-27,2020,EuroLeague,Zalgiris Kaunas,11848,165.9,1507,1576
Bayern Munich,Partizan,83,68,1.65,2.55,2024-12-29,2020,EuroLeague,Bayern Munich,13238,158.6,1687,1611
Valencia,ASVEL,60,90,1.99,2.01,2024-12-31,2020,EuroLeague,Valencia,13656,157.5,1676,1675
Milano,Real Madrid,60,87,2.96,1.51,2025-01-02,2020,EuroLeague,Milano,11289,154.3,1553,1670
Partizan,Barcelona,100,80,1.88,2.14,2025-01-04,2020,EuroLeague,Partizan,11852,189.0,1672,1650
ASVEL,Fenerbahçe,78,103,3.82,1.35,2025-01-06,2020,EuroLeague,ASVEL,14769,190.1,1506,1686
Real Madrid,Olympiacos,79,84,1.64,2.56,2025-01-08,2020,EuroLeague,Real Madrid,13402,171.2,1638,1561
Barcelona,CSKA Moscow,64,93,2.43,1.7,2025-01-10,2020,EuroLeague,Barcelona,10550,164.8,1621,1683
Fenerbahçe,Maccabi Tel Aviv,75,87,1.92,2.08,2025-01-12,2020,EuroLeague,Fenerbahçe,13169,170.1,1679,1665
Olympiacos,Baskonia,88,60,1.75,2.33,2025-01-14,2020,EuroLeague,Olympiacos,10322,155.4,1584,1534
CSKA Moscow,Anadolu Efes,95,77,2.16,1.86,2025-01-16,2020,EuroLeague,CSKA Moscow,12052,180.6,1673,1699
Maccabi Tel Aviv,Panathinaikos,88,72,1.68,2.47,2025-01-18,2020,EuroLeague,Maccabi Tel Aviv,12402,168.0,1653,1586
Baskonia,Zalgiris Kaunas,91,75,2.04,1.97,2025-01-20,2020,EuroLeague,Baskonia,13355,174.3,1557,1563
Anadolu Efes,Bayern Munich,92,60,1.55,2.82,2025-01-22,2020,EuroLeague,Anadolu Efes,11629,159.6,1687,1583
Panathinaikos,Valencia,76,63,1.88,2.14,2025-01-24,2020,EuroLeague,Panathinaikos,11270,146.0,1639,1617
Zalgiris Kaunas,Milano,87,75,1.6,2.68,2025-01-26,2020,EuroLeague,Zalgiris Kaunas,13914,170.1,1653,1563
Bayern Munich,Partizan,65,85,2.47,1.68,2025-01-28,2020,EuroLeague,Bayern Munich,9118,157.5,1619,1686
Valencia,ASVEL,75,74,2.61,1.62,2025-01-30,2020,EuroLeague,Valencia,13196,156.5,1563,1646
Milano,Real Madrid,87,62,1.59,2.71,2025-02-01,2020,EuroLeague,Milano,9764,156.5,1604,1511
Partizan,Barcelona,94,60,1.68,2.46,2025-02-03,2020,EuroLeague,Partizan,12671,161.7,1610,1544
ASVEL,Fenerbahçe,108,73,1.59,2.7,2025-02-05,2020,EuroLeague,ASVEL,14144,190.1,1641,1549
Real Madrid,Olympiacos,61,68,1.69,2.45,2025-02-07,2020,EuroLeague,Real Madrid,12114,135.5,1645,1580
Barcelona,CSKA Moscow,78,73,2.12,1.89,2025-02-09,2020,EuroLeague,Barcelona,10377,158.6,1614,1634
Fenerbahçe,Maccabi Tel Aviv,60,95,3.79,1.36,2025-02-11,2020,EuroLeague,Fenerbahçe,9965,162.8,1500,1678
Olympiacos,Baskonia,66,74,2.27,1.79,2025-02-13,2020,EuroLeague,Olympiacos,12251,147.0,1605,1647
CSKA Moscow,Anadolu Efes,73,60,1.47,3.14,2025-02-15,2020,EuroLeague,CSKA Moscow,14567,139.7,1671,1539
Maccabi Tel Aviv,Panathinaikos,80,88,2.49,1.67,2025-02-17,2020,EuroLeague,Maccabi Tel Aviv,9728,176.4,1537,1606
Baskonia,Zalgiris Kaunas,112,61,1.47,3.14,2025-02-19,2020,EuroLeague,Baskonia,12427,181.7,1648,1516
Anadolu Efes,Bayern Munich,86,94,1.5,3.0,2025-02-21,2020,EuroLeague,Anadolu Efes,11832,189.0,1646,1526
Panathinaikos,Valencia,75,114,2.29,1.78,2025-02-23,2020,EuroLeague,Panathinaikos,13685,198.5,1625,1669
Zalgiris Kaunas,Milano,81,90,2.46,1.68,2025-02-25,2020,EuroLeague,Zalgiris Kaunas,14441,179.6,1570,1636
Bayern Munich,Partizan,90,60,1.83,2.21,2025-02-27,2020,EuroLeague,Bayern Munich,9510,157.5,1696,1663
Valencia,ASVEL,78,71,1.88,2.14,2025-03-01,2020,EuroLeague,Valencia,12939,156.5,1659,1637
Milano,Real Madrid,80,73,2.31,1.76,2025-03-03,2020,EuroLeague,Milano,12837,160.7,1599,1646
Partizan,Barcelona,91,84,1.86,2.17,2025-03-05,2020,EuroLeague,Partizan,14598,183.8,1647,1620
ASVEL,Fenerbahçe,85,76,1.51,2.96,2025-03-07,2020,EuroLeague,ASVEL,11505,169.1,1695,1578
Real Madrid,Olympiacos,87,68,1.65,2.54,2025-03-09,2020,EuroLeague,Real Madrid,12605,162.8,1641,1566
Barcelona,CSKA Moscow,89,65,1.86,2.16,2025-03-11,2020,EuroLeague,Barcelona,10935,161.7,1688,1662
Fenerbahçe,Maccabi Tel Aviv,60,74,2.25,1.8,2025-03-13,2020,EuroLeague,Fenerbahçe,13197,140.7,1568,1607
Olympiacos,Baskonia,81,62,2.23,1.81,2025-03-15,2020,EuroLeague,Olympiacos,10889,150.2,1637,1673
CSKA Moscow,Anadolu Efes,77,60,2.15,1.87,2025-03-17,2020,EuroLeague,CSKA Moscow,11078,143.8,1647,1672
Maccabi Tel Aviv,Panathinaikos,69,96,1.75,2.33,2025-03-19,2020,EuroLeague,Maccabi Tel Aviv,10637,173.2,1576,1527
Baskonia,Zalgiris Kaunas,88,79,2.13,1.89,2025-03-21,2020,EuroLeague,Baskonia,14862,175.3,1588,1609
Anadolu Efes,Bayern Munich,81,84,1.41,3.43,2025-03-23,2020,EuroLeague,Anadolu Efes,10584,173.2,1677,1523
Panathinaikos,Valencia,70,75,3.15,1.47,2025-03-25,2020,EuroLeague,Panathinaikos,9704,152.2,1516,1649
Zalgiris Kaunas,Milano,85,85,2.75,1.57,2025-03-27,2020,EuroLeague,Zalgiris Kaunas,11497,178.5,1552,1649
Bayern Munich,Partizan,69,62,1.84,2.19,2025-03-29,2020,EuroLeague,Bayern Munich,14428,137.6,1535,1505
Valencia,ASVEL,82,75,2.68,1.6,2025-03-31,2020,EuroLeague,Valencia,11825,164.8,1588,1678
Milano,Real Madrid,68,81,2.15,1.87,2025-04-02,2020,EuroLeague,Milano,11006,156.5,1560,1585
Partizan,Barcelona,86,60,1.94,2.06,2025-04-04,2020,EuroLeague,Partizan,10589,153.3,1657,1647
ASVEL,Fenerbahçe,66,93,2.09,1.92,2025-04-06,2020,EuroLeague,ASVEL,13490,167.0,1674,1689
Real Madrid,Olympiacos,70,81,1.84,2.19,2025-04-08,2020,EuroLeague,Real Madrid,12246,158.6,1561,1531
Barcelona,CSKA Moscow,86,96,1.71,2.41,2025-04-10,2020,EuroLeague,Barcelona,11885,191.1,1597,1537
Fenerbahçe,Maccabi Tel Aviv,76,90,1.89,2.12,2025-04-12,2020,EuroLeague,Fenerbahçe,13005,174.3,1661,1641
Olympiacos,Baskonia,82,87,1.95,1.95,2025-04-14,2020,EuroLeague,Olympiacos,12445,177.5,1668,1668
CSKA Moscow,Anadolu Efes,63,80,1.9,2.11,2025-04-16,2020,EuroLeague,CSKA Moscow,14272,150.2,1663,1645
Maccabi Tel Aviv,Panathinaikos,70,65,1.66,2.51,2025-04-18,2020,EuroLeague,Maccabi Tel Aviv,10308,141.8,1643,1571
Baskonia,Zalgiris Kaunas,87,81,2.2,1.83,2025-04-20,2020,EuroLeague,Baskonia,10002,176.4,1553,1585
Anadolu Efes,Bayern Munich,66,70,1.59,2.7,2025-04-22,2020,EuroLeague,Anadolu Efes,14950,142.8,1699,1607
Panathinaikos,Valencia,93,86,1.77,2.3,2025-04-24,2020,EuroLeague,Panathinaikos,11699,188.0,1552,1507
Zalgiris Kaunas,Milano,97,82,2.92,1.52,2025-04-26,2020,EuroLeague,Zalgiris Kaunas,11661,188.0,1543,1656
Bayern Munich,Partizan,77,103,2.03,1.97,2025-04-28,2020,EuroLeague,Bayern Munich,11695,189.0,1586,1591
Valencia,ASVEL,73,80,2.62,1.62,2025-04-30,2020,EuroLeague,Valencia,10824,160.7,1603,1687
Milano,Real Madrid,88,88,2.4,1.71,2025-05-02,2020,EuroLeague,Milano,9083,184.8,1501,1560
Partizan,Barcelona,70,107,2.55,1.65,2025-05-04,2020,EuroLeague,Partizan,11465,185.8,1555,1631
ASVEL,Fenerbahçe,105,78,1.87,2.15,2025-05-06,2020,EuroLeague,ASVEL,13619,192.2,1558,1534
Real Madrid,Olympiacos,75,98,2.5,1.67,2025-05-08,2020,EuroLeague,Real Madrid,9264,181.7,1534,1604
Barcelona,CSKA Moscow,91,87,2.27,1.79,2025-05-10,2020,EuroLeague,Barcelona,14001,186.9,1534,1576
Fenerbahçe,Maccabi Tel Aviv,68,81,2.95,1.51,2025-05-12,2020,EuroLeague,Fenerbahçe,13234,156.5,1569,1685
Olympiacos,Baskonia,75,60,1.39,3.59,2025-05-14,2020,EuroLeague,Olympiacos,10088,141.8,1687,1522
CSKA Moscow,Anadolu Efes,93,60,1.76,2.32,2025-05-16,2020,EuroLeague,CSKA Moscow,12674,160.7,1662,1614
Maccabi Tel Aviv,Panathinaikos,77,77,2.58,1.63,2025-05-18,2020,EuroLeague,Maccabi Tel Aviv,12385,161.7,1580,1659
Baskonia,Zalgiris Kaunas,60,107,3.19,1.46,2025-05-20,2020,EuroLeague,Baskonia,12079,175.3,1545,1681
Anadolu Efes,Bayern Munich,80,80,1.77,2.3,2025-05-22,2020,EuroLeague,Anadolu Efes,12144,168.0,1613,1567
Panathinaikos,Valencia,71,82,2.01,1.99,2025-05-24,2020,EuroLeague,Panathinaikos,9817,160.7,1602,1603
Zalgiris Kaunas,Milano,60,73,2.03,1.97,2025-05-26,2020,EuroLeague,Zalgiris Kaunas,13495,139.7,1516,1521
Bayern Munich,Partizan,66,69,3.08,1.48,2025-05-28,2020,EuroLeague,Bayern Munich,11309,141.8,1538,1665
Valencia,ASVEL,77,113,2.56,1.64,2025-05-30,2020,EuroLeague,Valencia,9734,199.5,1581,1658
Milano,Real Madrid,76,95,2.33,1.75,2025-06-01,2020,EuroLeague,Milano,14301,179.6,1581,1630
Partizan,Barcelona,60,75,2.05,1.95,2025-06-03,2020,EuroLeague,Partizan,10230,141.8,1648,1656
ASVEL,Fenerbahçe,102,76,1.48,3.07,2025-06-05,2020,EuroLeague,ASVEL,9839,186.9,1670,1544
Real Madrid,Olympiacos,103,80,1.96,2.04,2025-06-07,2020,EuroLeague,Real Madrid,10608,192.2,1579,1572
Barcelona,CSKA Moscow,98,65,1.57,2.75,2025-06-09,2020,EuroLeague,Barcelona,11289,171.2,1690,1593
Fenerbahçe,Maccabi Tel Aviv,84,73,2.66,1.6,2025-06-11,2020,EuroLeague,Fenerbahçe,14192,164.8,1529,1617
Olympiacos,Baskonia,72,72,1.98,2.02,2025-06-13,2020,EuroLeague,Olympiacos,9682,151.2,1550,1546
CSKA Moscow,Anadolu Efes,60,97,3.16,1.46,2025-06-15,2020,EuroLeague,CSKA Moscow,11187,164.8,1519,1653
Maccabi Tel Aviv,Panathinaikos,91,88,1.91,2.1,2025-06-17,2020,EuroLeague,Maccabi Tel Aviv,14960,188.0,1546,1529
Baskonia,Zalgiris Kaunas,82,75,1.84,2.2,2025-06-19,2020,EuroLeague,Baskonia,10936,164.8,1659,1628
Anadolu Efes,Bayern Munich,92,73,1.99,2.01,2025-06-21,2020,EuroLeague,Anadolu Efes,11484,173.2,1639,1638
Panathinaikos,Valencia,78,103,2.25,1.8,2025-06-23,2020,EuroLeague,Panathinaikos,12759,190.1,1549,1588
Zalgiris Kaunas,Milano,69,92,2.17,1.85,2025-06-25,2020,EuroLeague,Zalgiris Kaunas,9725,169.1,1610,1638
Bayern Munich,Partizan,77,66,2.42,1.7,2025-06-27,2020,EuroLeague,Bayern Munich,9423,150.2,1631,1692
Valencia,ASVEL,87,65,1.94,2.07,2025-06-29,2020,EuroLeague,Valencia,14337,159.6,1682,1671
Milano,Real Madrid,88,94,1.8,2.25,2025-07-01,2020,EuroLeague,Milano,13729,191.1,1575,1536
Partizan,Barcelona,74,73,1.82,2.22,2025-07-03,2020,EuroLeague,Partizan,13555,154.3,1685,1651
ASVEL,Fenerbahçe,68,75,1.86,2.16,2025-07-05,2020,EuroLeague,ASVEL,12589,150.2,1548,1522
Real Madrid,Olympiacos,81,86,2.1,1.91,2025-07-07,2020,EuroLeague,Real Madrid,14921,175.3,1562,1579
Barcelona,CSKA Moscow,90,80,1.73,2.37,2025-07-09,2020,EuroLeague,Barcelona,11226,178.5,1587,1532
Fenerbahçe,Maccabi Tel Aviv,68,90,2.82,1.55,2025-07-11,2020,EuroLeague,Fenerbahçe,12689,165.9,1529,1633
Olympiacos,Baskonia,67,88,3.11,1.47,2025-07-13,2020,EuroLeague,Olympiacos,10152,162.8,1526,1656
CSKA Moscow,Anadolu Efes,60,64,3.4,1.42,2025-07-15,2020,EuroLeague,CSKA Moscow,13364,130.2,1522,1674
Maccabi Tel Aviv,Panathinaikos,76,61,2.59,1.63,2025-07-17,2020,EuroLeague,Maccabi Tel Aviv,9630,143.8,1514,1595
Baskonia,Zalgiris Kaunas,65,74,2.22,1.82,2025-07-19,2020,EuroLeague,Baskonia,10979,146.0,1554,1589
Anadolu Efes,Bayern Munich,96,71,1.86,2.17,2025-07-21,2020,EuroLeague,Anadolu Efes,10103,175.3,1618,1591
Panathinaikos,Valencia,97,60,1.45,3.2,2025-07-23,2020,EuroLeague,Panathinaikos,11500,164.8,1697,1560
Zalgiris Kaunas,Milano,64,86,2.09,1.92,2025-07-25,2020,EuroLeague,Zalgiris Kaunas,9909,157.5,1672,1687
Bayern Munich,Partizan,80,60,1.86,2.16,2025-07-27,2020,EuroLeague,Bayern Munich,10137,147.0,1667,1641
Valencia,ASVEL,60,90,2.5,1.67,2025-07-29,2020,EuroLeague,Valencia,9597,157.5,1521,1591
Milano,Real Madrid,87,90,1.6,2.68,2025-07-31,2020,EuroLeague,Milano,11750,185.8,1651,1561
Partizan,Barcelona,89,66,2.35,1.74,2025-08-02,2020,EuroLeague,Partizan,11017,162.8,1634,1686
ASVEL,Fenerbahçe,66,84,1.84,2.19,2025-08-04,2020,EuroLeague,ASVEL,12955,157.5,1541,1511
Real Madrid,Olympiacos,76,72,1.83,2.2,2025-08-06,2020,EuroLeague,Real Madrid,14714,155.4,1595,1563
Barcelona,CSKA Moscow,79,77,1.99,2.01,2025-08-08,2020,EuroLeague,Barcelona,13209,163.8,1620,1619
Fenerbahçe,Maccabi Tel Aviv,78,66,1.5,3.02,2025-08-10,2020,EuroLeague,Fenerbahçe,11182,151.2,1642,1520
Olympiacos,Baskonia,80,60,2.03,1.97,2025-08-12,2020,EuroLeague,Olympiacos,10072,147.0,1556,1561
CSKA Moscow,Anadolu Efes,97,92,1.83,2.2,2025-08-14,2020,EuroLeague,CSKA Moscow,13754,198.5,1635,1603
Maccabi Tel Aviv,Panathinaikos,86,65,1.55,2.82,2025-08-16,2020,EuroLeague,Maccabi Tel Aviv,11097,158.6,1664,1560
Baskonia,Zalgiris Kaunas,79,92,1.7,2.42,2025-08-18,2020,EuroLeague,Baskonia,9978,179.6,1584,1523
Anadolu Efes,Bayern Munich,60,71,2.77,1.57,2025-08-20,2020,EuroLeague,Anadolu Efes,11654,137.6,1550,1649
Panathinaikos,Valencia,82,96,3.19,1.46,2025-08-22,2020,EuroLeague,Panathinaikos,11824,186.9,1545,1681
Zalgiris Kaunas,Milano,79,88,1.88,2.14,2025-08-24,2020,EuroLeague,Zalgiris Kaunas,10895,175.3,1606,1584
Bayern Munich,Partizan,60,79,1.73,2.36,2025-08-26,2020,EuroLeague,Bayern Munich,11635,146.0,1594,1540
Valencia,ASVEL,81,69,3.03,1.49,2025-08-28,2020,EuroLeague,Valencia,11112,157.5,1567,1690
Milano,Real Madrid,75,75,2.72,1.58,2025-08-30,2020,EuroLeague,Milano,12171,157.5,1539,1633
Partizan,Barcelona,100,84,1.75,2.33,2025-09-01,2020,EuroLeague,Partizan,11280,193.2,1629,1579
ASVEL,Fenerbahçe,71,89,2.15,1.87,2025-09-03,2020,EuroLeague,ASVEL,13074,168.0,1657,1681
Real Madrid,Olympiacos,90,80,1.59,2.71,2025-09-05,2020,EuroLeague,Real Madrid,10972,178.5,1660,1567
Barcelona,CSKA Moscow,81,105,2.69,1.59,2025-09-07,2020,EuroLeague,Barcelona,11359,195.3,1509,1600
Fenerbahçe,Maccabi Tel Aviv,96,71,2.08,1.92,2025-09-09,2020,EuroLeague,Fenerbahçe,9050,175.3,1622,1636
Olympiacos,Baskonia,65,71,1.9,2.12,2025-09-11,2020,EuroLeague,Olympiacos,14969,142.8,1572,1553
CSKA Moscow,Anadolu Efes,93,83,1.79,2.27,2025-09-13,2020,EuroLeague,CSKA Moscow,10005,184.8,1609,1568
Maccabi Tel Aviv,Panathinaikos,82,66,1.44,3.26,2025-09-15,2020,EuroLeague,Maccabi Tel Aviv,13744,155.4,1661,1519
Baskonia,Zalgiris Kaunas,74,88,1.87,2.15,2025-09-17,2020,EuroLeague,Baskonia,12161,170.1,1570,1546
Anadolu Efes,Bayern Munich,73,105,1.76,2.32,2025-09-19,2020,EuroLeague,Anadolu Efes,11521,186.9,1636,1588
Panathinaikos,Valencia,93,79,2.02,1.98,2025-09-21,2020,EuroLeague,Panathinaikos,10168,180.6,1665,1669
Zalgiris Kaunas,Milano,87,78,1.52,2.91,2025-09-23,2020,EuroLeague,Zalgiris Kaunas,12656,173.2,1662,1550
Bayern Munich,Partizan,72,70,2.15,1.87,2025-09-25,2020,EuroLeague,Bayern Munich,10897,149.1,1622,1646
Valencia,ASVEL,87,77,1.4,3.48,2025-09-27,2020,EuroLeague,Valencia,10666,172.2,1669,1511
Milano,Real Madrid,83,66,1.53,2.89,2025-09-29,2020,EuroLeague,Milano,10311,156.5,1623,1512
Partizan,Barcelona,76,68,1.85,2.17,2025-10-01,2020,EuroLeague,Partizan,10592,151.2,1629,1601
ASVEL,Fenerbahçe,70,79,2.33,1.75,2025-10-03,2020,EuroLeague,ASVEL,14787,156.5,1637,1686
Real Madrid,Olympiacos,69,71,1.95,2.05,2025-10-05,2020,EuroLeague,Real Madrid,14263,147.0,1575,1566
Barcelona,CSKA Moscow,90,90,2.2,1.84,2025-10-07,2020,EuroLeague,Barcelona,14415,189.0,1663,1694
Fenerbahçe,Maccabi Tel Aviv,90,70,2.4,1.72,2025-10-09,2020,EuroLeague,Fenerbahçe,9379,168.0,1625,1683
Olympiacos,Baskonia,77,76,2.89,1.53,2025-10-11,2020,EuroLeague,Olympiacos,12354,160.7,1552,1663
CSKA Moscow,Anadolu Efes,90,79,1.75,2.33,2025-10-13,2020,EuroLeague,CSKA Moscow,9904,177.5,1629,1579
Maccabi Tel Aviv,Panathinaikos,81,77,2.1,1.91,2025-10-15,2020,EuroLeague,Maccabi Tel Aviv,12265,165.9,1595,1612
Baskonia,Zalgiris Kaunas,70,60,1.57,2.75,2025-10-17,2020,EuroLeague,Baskonia,11821,136.5,1610,1513
Anadolu Efes,Bayern Munich,69,75,3.29,1.44,2025-10-19,2020,EuroLeague,Anadolu Efes,9084,151.2,1550,1694
Panathinaikos,Valencia,78,82,2.07,1.93,2025-10-21,2020,EuroLeague,Panathinaikos,12790,168.0,1522,1534
Zalgiris Kaunas,Milano,70,73,2.22,1.82,2025-10-23,2020,EuroLeague,Zalgiris Kaunas,12595,150.2,1636,1671
Bayern Munich,Partizan,85,96,2.3,1.77,2025-10-25,2020,EuroLeague,Bayern Munich,13301,190.1,1530,1575
Valencia,ASVEL,87,60,1.6,2.66,2025-10-27,2020,EuroLeague,Valencia,11564,154.3,1654,1566
Milano,Real Madrid,63,78,3.41,1.41,2025-10-29,2020,EuroLeague,Milano,14412,148.1,1511,1664
Partizan,Barcelona,83,74,1.75,2.33,2025-10-31,2020,EuroLeague,Partizan,9801,164.8,1550,1500
ASVEL,Fenerbahçe,97,60,1.89,2.13,2025-11-02,2020,EuroLeague,ASVEL,11973,164.8,1692,1671
Real Madrid,Olympiacos,82,102,1.6,2.66,2025-11-04,2020,EuroLeague,Real Madrid,11710,193.2,1615,1527
Barcelona,CSKA Moscow,99,69,2.01,1.99,2025-11-06,2020,EuroLeague,Barcelona,14105,176.4,1506,1508
Fenerbahçe,Maccabi Tel Aviv,108,78,1.83,2.2,2025-11-08,2020,EuroLeague,Fenerbahçe,11981,195.3,1573,1541
Olympiacos,Baskonia,82,60,1.72,2.39,2025-11-10,2020,EuroLeague,Olympiacos,12093,149.1,1588,1531
CSKA Moscow,Anadolu Efes,73,76,2.02,1.98,2025-11-12,2020,EuroLeague,CSKA Moscow,13036,156.5,1512,1515
Maccabi Tel Aviv,Panathinaikos,82,84,2.03,1.97,2025-11-14,2020,EuroLeague,Maccabi Tel Aviv,13260,174.3,1670,1675
Baskonia,Zalgiris Kaunas,78,79,1.52,2.91,2025-11-16,2020,EuroLeague,Baskonia,14824,164.8,1648,1536
Anadolu Efes,Bayern Munich,63,105,2.33,1.75,2025-11-18,2020,EuroLeague,Anadolu Efes,11547,176.4,1593,1643
Panathinaikos,Valencia,92,84,2.02,1.98,2025-11-20,2020,EuroLeague,Panathinaikos,13346,184.8,1531,1534
Zalgiris Kaunas,Milano,112,73,1.41,3.45,2025-11-22,2020,EuroLeague,Zalgiris Kaunas,9657,194.2,1696,1540
Bayern Munich,Partizan,78,93,1.88,2.14,2025-11-24,2020,EuroLeague,Bayern Munich,12313,179.6,1590,1568
Valencia,ASVEL,91,110,1.58,2.73,2025-11-26,2020,EuroLeague,Valencia,12142,211.1,1610,1515
Milano,Real Madrid,60,81,3.88,1.35,2025-11-28,2020,EuroLeague,Milano,12262,148.1,1511,1695
Partizan,Barcelona,88,88,2.41,1.71,2025-11-30,2020,EuroLeague,Partizan,11081,184.8,1517,1577
ASVEL,Fenerbahçe,62,110,2.96,1.51,2025-12-02,2020,EuroLeague,ASVEL,14136,180.6,1550,1667
Real Madrid,Olympiacos,84,81,1.65,2.55,2025-12-04,2020,EuroLeague,Real Madrid,13301,173.2,1672,1596
Barcelona,CSKA Moscow,89,90,2.52,1.66,2025-12-06,2020,EuroLeague,Barcelona,14698,188.0,1508,1581
Fenerbahçe,Maccabi Tel Aviv,103,80,1.48,3.08,2025-12-08,2020,EuroLeague,Fenerbahçe,14993,192.2,1697,1570
Olympiacos,Baskonia,96,79,1.92,2.08,2025-12-10,2020,EuroLeague,Olympiacos,13431,183.8,1633,1619
CSKA Moscow,Anadolu Efes,112,81,1.82,2.22,2025-12-12,2020,EuroLeague,CSKA Moscow,13212,202.7,1626,1591
Maccabi Tel Aviv,Panathinaikos,88,93,1.66,2.51,2025-12-14,2020,EuroLeague,Maccabi Tel Aviv,14741,190.1,1688,1616
Baskonia,Zalgiris Kaunas,70,131,3.03,1.49,2025-12-16,2020,EuroLeague,Baskonia,12618,211.1,1527,1650
Anadolu Efes,Bayern Munich,78,94,2.18,1.85,2025-12-18,2020,EuroLeague,Anadolu Efes,12097,180.6,1542,1571
Panathinaikos,Valencia,94,75,2.76,1.57,2025-12-20,2020,EuroLeague,Panathinaikos,12093,177.5,1577,1675
Zalgiris Kaunas,Milano,66,89,3.2,1.45,2025-12-22,2020,EuroLeague,Zalgiris Kaunas,12740,162.8,1519,1656
Bayern Munich,Partizan,87,91,1.58,2.72,2025-12-24,2020,EuroLeague,Bayern Munich,12409,186.9,1601,1507
Valencia,ASVEL,72,63,1.41,3.44,2025-12-26,2020,EuroLeague,Valencia,10874,141.8,1665,1510
Milano,Real Madrid,75,87,1.88,2.14,2025-12-28,2020,EuroLeague,Milano,13508,170.1,1591,1568
Partizan,Barcelona,93,73,1.7,2.43,2025-12-30,2020,EuroLeague,Partizan,11394,174.3,1608,1546
ASVEL,Fenerbahçe,81,85,3.09,1.48,2026-01-01,2020,EuroLeague,ASVEL,9179,174.3,1531,1659
Real Madrid,Olympiacos,95,92,1.67,2.49,2026-01-03,2020,EuroLeague,Real Madrid,14657,196.3,1574,1505
Barcelona,CSKA Moscow,74,73,2.08,1.92,2026-01-05,2020,EuroLeague,Barcelona,9969,154.3,1623,1637
Fenerbahçe,Maccabi Tel Aviv,100,77,1.43,3.33,2026-01-07,2020,EuroLeague,Fenerbahçe,11888,185.8,1660,1513
Olympiacos,Baskonia,105,64,1.73,2.36,2026-01-09,2020,EuroLeague,Olympiacos,14562,177.5,1625,1571
CSKA Moscow,Anadolu Efes,81,74,2.2,1.83,2026-01-11,2020,EuroLeague,CSKA Moscow,11879,162.8,1648,1680
Maccabi Tel Aviv,Panathinaikos,60,85,3.18,1.46,2026-01-13,2020,EuroLeague,Maccabi Tel Aviv,11711,152.2,1532,1667
Baskonia,Zalgiris Kaunas,82,71,2.23,1.81,2026-01-15,2020,EuroLeague,Baskonia,9907,160.7,1596,1632
Anadolu Efes,Bayern Munich,88,93,1.71,2.4,2026-01-17,2020,EuroLeague,Anadolu Efes,12477,190.1,1596,1537
Panathinaikos,Valencia,75,115,3.56,1.39,2026-01-19,2020,EuroLeague,Panathinaikos,11992,199.5,1533,1696
Zalgiris Kaunas,Milano,70,84,3.87,1.35,2026-01-21,2020,EuroLeague,Zalgiris Kaunas,13789,161.7,1503,1686
Bayern Munich,Partizan,88,78,2.24,1.8,2026-01-23,2020,EuroLeague,Bayern Munich,11830,174.3,1543,1581
Valencia,ASVEL,81,64,1.55,2.82,2026-01-25,2020,EuroLeague,Valencia,10699,152.2,1686,1582
Milano,Real Madrid,74,67,2.12,1.9,2026-01-27,2020,EuroLeague,Milano,14137,148.1,1524,1543
Partizan,Barcelona,88,60,1.57,2.77,2026-01-29,2020,EuroLeague,Partizan,12456,155.4,1658,1559
ASVEL,Fenerbahçe,80,62,2.98,1.5,2026-01-31,2020,EuroLeague,ASVEL,14808,149.1,1533,1652
Real Madrid,Olympiacos,88,64,2.12,1.9,2026-02-02,2020,EuroLeague,Real Madrid,10237,159.6,1589,1608
Barcelona,CSKA Moscow,60,91,2.38,1.72,2026-02-04,2020,EuroLeague,Barcelona,10804,158.6,1632,1688
Fenerbahçe,Maccabi Tel Aviv,73,87,2.57,1.64,2026-02-06,2020,EuroLeague,Fenerbahçe,12521,168.0,1521,1599
Olympiacos,Baskonia,68,85,1.93,2.07,2026-02-08,2020,EuroLeague,Olympiacos,14403,160.7,1524,1512
CSKA Moscow,Anadolu Efes,70,90,2.3,1.77,2026-02-10,2020,EuroLeague,CSKA Moscow,12782,168.0,1511,1557
Maccabi Tel Aviv,Panathinaikos,64,77,1.41,3.44,2026-02-12,2020,EuroLeague,Maccabi Tel Aviv,11755,148.1,1686,1531
Baskonia,Zalgiris Kaunas,75,92,2.89,1.53,2026-02-14,2020,EuroLeague,Baskonia,9610,175.3,1554,1665
Anadolu Efes,Bayern Munich,90,94,1.56,2.79,2026-02-16,2020,EuroLeague,Anadolu Efes,11790,193.2,1670,1569
Panathinaikos,Valencia,79,67,1.68,2.48,2026-02-18,2020,EuroLeague,Panathinaikos,11963,153.3,1568,1500
Zalgiris Kaunas,Milano,69,60,1.6,2.67,2026-02-20,2020,EuroLeague,Zalgiris Kaunas,10880,135.5,1652,1563
Bayern Munich,Partizan,71,79,2.89,1.53,2026-02-22,2020,EuroLeague,Bayern Munich,14115,157.5,1511,1622
Valencia,ASVEL,76,78,1.96,2.04,2026-02-24,2020,EuroLeague,Valencia,10256,161.7,1560,1553
Milano,Real Madrid,71,96,2.63,1.61,2026-02-26,2020,EuroLeague,Milano,11166,175.3,1600,1685
Partizan,Barcelona,96,75,1.6,2.68,2026-02-28,2020,EuroLeague,Partizan,14460,179.6,1690,1600
ASVEL,Fenerbahçe,93,62,1.42,3.39,2026-03-02,2020,EuroLeague,ASVEL,14975,162.8,1664,1513
Real Madrid,Olympiacos,60,97,2.81,1.55,2026-03-04,2020,EuroLeague,Real Madrid,12088,164.8,1500,1603
Barcelona,CSKA Moscow,80,70,1.57,2.76,2026-03-06,2020,EuroLeague,Barcelona,14401,157.5,1618,1520
Fenerbahçe,Maccabi Tel Aviv,94,60,2.18,1.85,2026-03-08,2020,EuroLeague,Fenerbahçe,9240,161.7,1648,1677
Olympiacos,Baskonia,60,103,3.02,1.5,2026-03-10,2020,EuroLeague,Olympiacos,11841,171.2,1524,1646
CSKA Moscow,Anadolu Efes,107,78,2.44,1.7,2026-03-12,2020,EuroLeague,CSKA Moscow,11971,194.2,1588,1651
Maccabi Tel Aviv,Panathinaikos,70,79,2.05,1.95,2026-03-14,2020,EuroLeague,Maccabi Tel Aviv,14957,156.5,1659,1668
Baskonia,Zalgiris Kaunas,96,73,2.45,1.69,2026-03-16,2020,EuroLeague,Baskonia,12807,177.5,1543,1607
Anadolu Efes,Bayern Munich,85,90,2.63,1.61,2026-03-18,2020,EuroLeague,Anadolu Efes,12003,183.8,1504,1589
Panathinaikos,Valencia,99,60,1.48,3.07,2026-03-20,2020,EuroLeague,Panathinaikos,11212,167.0,1667,1541
Zalgiris Kaunas,Milano,80,94,2.31,1.76,2026-03-22,2020,EuroLeague,Zalgiris Kaunas,11638,182.7,1611,1658
Real Madrid,Olympiacos,86,99,1.94,2.07,2021-10-01,2021,EuroLeague,Real Madrid,10040,194.2,1600,1589
Barcelona,CSKA Moscow,92,71,1.95,2.05,2021-10-03,2021,EuroLeague,Barcelona,10941,171.2,1626,1617
Fenerbahçe,Maccabi Tel Aviv,80,84,2.47,1.68,2021-10-05,2021,EuroLeague,Fenerbahçe,9466,172.2,1633,1700
Olympiacos,Baskonia,60,63,2.03,1.97,2021-10-07,2021,EuroLeague,Olympiacos,10748,129.2,1536,1541
CSKA Moscow,Anadolu Efes,72,75,1.66,2.51,2021-10-09,2021,EuroLeague,CSKA Moscow,11123,154.3,1582,1510
Maccabi Tel Aviv,Panathinaikos,84,60,1.44,3.28,2021-10-11,2021,EuroLeague,Maccabi Tel Aviv,9916,151.2,1689,1546
Baskonia,Zalgiris Kaunas,81,71,1.57,2.75,2021-10-13,2021,EuroLeague,Baskonia,12993,159.6,1611,1514
Anadolu Efes,Bayern Munich,105,65,1.44,3.28,2021-10-15,2021,EuroLeague,Anadolu Efes,9244,178.5,1696,1553
Panathinaikos,Valencia,93,63,2.56,1.64,2021-10-17,2021,EuroLeague,Panathinaikos,14905,163.8,1575,1652
Zalgiris Kaunas,Milano,66,87,2.69,1.59,2021-10-19,2021,EuroLeague,Zalgiris Kaunas,14361,160.7,1593,1684
Bayern Munich,Partizan,84,71,1.48,3.1,2021-10-21,2021,EuroLeague,Bayern Munich,9135,162.8,1675,1546
Valencia,ASVEL,72,106,2.83,1.55,2021-10-23,2021,EuroLeague,Valencia,9880,186.9,1573,1678
Milano,Real Madrid,78,84,1.85,2.18,2021-10-25,2021,EuroLeague,Milano,14944,170.1,1566,1537
Partizan,Barcelona,106,85,1.88,2.14,2021-10-27,2021,EuroLeague,Partizan,10510,200.6,1553,1531
ASVEL,Fenerbahçe,64,86,1.68,2.46,2021-10-29,2021,EuroLeague,ASVEL,9324,157.5,1579,1513
Real Madrid,Olympiacos,101,82,2.82,1.55,2021-10-31,2021,EuroLeague,Real Madrid,11209,192.2,1559,1663
Barcelona,CSKA Moscow,66,62,1.91,2.1,2021-11-02,2021,EuroLeague,Barcelona,13251,134.4,1578,1562
Fenerbahçe,Maccabi Tel Aviv,83,89,2.59,1.63,2021-11-04,2021,EuroLeague,Fenerbahçe,11559,180.6,1599,1680
Olympiacos,Baskonia,98,82,1.79,2.26,2021-11-06,2021,EuroLeague,Olympiacos,13306,189.0,1610,1570
CSKA Moscow,Anadolu Efes,60,85,2.41,1.71,2021-11-08,2021,EuroLeague,CSKA Moscow,10951,152.2,1596,1656
Maccabi Tel Aviv,Panathinaikos,66,85,2.55,1.65,2021-11-10,2021,EuroLeague,Maccabi Tel Aviv,14457,158.6,1618,1694
Baskonia,Zalgiris Kaunas,71,92,2.76,1.57,2021-11-12,2021,EuroLeague,Baskonia,10428,171.2,1515,1613
Anadolu Efes,Bayern Munich,80,101,1.5,2.98,2021-11-14,2021,EuroLeague,Anadolu Efes,11127,190.1,1625,1506
Panathinaikos,Valencia,92,67,1.76,2.32,2021-11-16,2021,EuroLeague,Panathinaikos,9757,167.0,1684,1636
Zalgiris Kaunas,Milano,74,87,1.94,2.07,2021-11-18,2021,EuroLeague,Zalgiris Kaunas,11713,169.1,1591,1580
Bayern Munich,Partizan,63,61,1.66,2.52,2021-11-20,2021,EuroLeague,Bayern Munich,13177,130.2,1618,1545
Valencia,ASVEL,79,87,3.05,1.49,2021-11-22,2021,EuroLeague,Valencia,10717,174.3,1516,1641
Milano,Real Madrid,80,76,1.76,2.31,2021-11-24,2021,EuroLeague,Milano,10136,163.8,1697,1650
Partizan,Barcelona,71,60,2.46,1.68,2021-11-26,2021,EuroLeague,Partizan,11665,137.6,1601,1667
ASVEL,Fenerbahçe,90,96,2.53,1.65,2021-11-28,2021,EuroLeague,ASVEL,9638,195.3,1509,1583
Real Madrid,Olympiacos,98,88,1.72,2.38,2021-11-30,2021,EuroLeague,Real Madrid,9644,195.3,1681,1625
Barcelona,CSKA Moscow,62,101,2.22,1.82,2021-12-02,2021,EuroLeague,Barcelona,13979,171.2,1590,1624
Fenerbahçe,Maccabi Tel Aviv,77,78,1.65,2.53,2021-12-04,2021,EuroLeague,Fenerbahçe,10326,162.8,1645,1571
Olympiacos,Baskonia,76,91,1.91,2.1,2021-12-06,2021,EuroLeague,Olympiacos,13517,175.3,1536,1519
CSKA Moscow,Anadolu Efes,75,60,1.57,2.77,2021-12-08,2021,EuroLeague,CSKA Moscow,14704,141.8,1646,1547
Maccabi Tel Aviv,Panathinaikos,86,90,2.43,1.7,2021-12-10,2021,EuroLeague,Maccabi Tel Aviv,14556,184.8,1544,1606
Baskonia,Zalgiris Kaunas,103,92,2.28,1.78,2021-12-12,2021,EuroLeague,Baskonia,12927,204.8,1542,1585
Anadolu Efes,Bayern Munich,86,73,2.37,1.73,2021-12-14,2021,EuroLeague,Anadolu Efes,10367,167.0,1612,1667
Panathinaikos,Valencia,79,99,2.88,1.53,2021-12-16,2021,EuroLeague,Panathinaikos,9173,186.9,1557,1667
Zalgiris Kaunas,Milano,79,73,1.95,2.05,2021-12-18,2021,EuroLeague,Zalgiris Kaunas,11318,159.6,1595,1586
Bayern Munich,Partizan,70,80,2.75,1.57,2021-12-20,2021,EuroLeague,Bayern Munich,14824,157.5,1526,1623
Valencia,ASVEL,95,75,3.08,1.48,2021-12-22,2021,EuroLeague,Valencia,11177,178.5,1511,1638
Milano,Real Madrid,87,82,1.87,2.15,2021-12-24,2021,EuroLeague,Milano,9160,177.5,1536,1512
Partizan,Barcelona,71,60,1.54,2.86,2021-12-26,2021,EuroLeague,Partizan,14906,137.6,1636,1528
ASVEL,Fenerbahçe,71,81,2.17,1.86,2021-12-28,2021,EuroLeague,ASVEL,9391,159.6,1549,1576
Real Madrid,Olympiacos,99,91,1.7,2.43,2021-12-30,2021,EuroLeague,Real Madrid,12831,199.5,1565,1503
Barcelona,CSKA Moscow,82,87,2.21,1.83,2022-01-01,2021,EuroLeague,Barcelona,13591,177.5,1629,1662
Fenerbahçe,Maccabi Tel Aviv,67,69,1.68,2.48,2022-01-03,2021,EuroLeague,Fenerbahçe,11048,142.8,1665,1597
Olympiacos,Baskonia,67,77,1.73,2.37,2022-01-05,2021,EuroLeague,Olympiacos,14810,151.2,1572,1517
CSKA Moscow,Anadolu Efes,64,76,2.09,1.92,2022-01-07,2021,EuroLeague,CSKA Moscow,11595,147.0,1550,1565
Maccabi Tel Aviv,Panathinaikos,76,63,2.06,1.94,2022-01-09,2021,EuroLeague,Maccabi Tel Aviv,9125,146.0,1622,1632
Baskonia,Zalgiris Kaunas,60,89,1.71,2.4,2022-01-11,2021,EuroLeague,Baskonia,13735,156.5,1666,1607
Anadolu Efes,Bayern Munich,77,75,2.38,1.72,2022-01-13,2021,EuroLeague,Anadolu Efes,9634,159.6,1532,1588
Panathinaikos,Valencia,80,94,2.07,1.93,2022-01-15,2021,EuroLeague,Panathinaikos,10461,182.7,1670,1682
Zalgiris Kaunas,Milano,78,83,2.19,1.84,2022-01-17,2021,EuroLeague,Zalgiris Kaunas,12315,169.1,1623,1653
Bayern Munich,Partizan,74,74,1.68,2.48,2022-01-19,2021,EuroLeague,Bayern Munich,14954,155.4,1633,1565
Valencia,ASVEL,74,95,2.47,1.68,2022-01-21,2021,EuroLeague,Valencia,9296,177.5,1558,1625
Milano,Real Madrid,90,93,2.13,1.89,2022-01-23,2021,EuroLeague,Milano,10628,192.2,1515,1536
Partizan,Barcelona,60,69,1.64,2.57,2022-01-25,2021,EuroLeague,Partizan,12127,135.5,1692,1614
ASVEL,Fenerbahçe,83,79,3.15,1.47,2022-01-27,2021,EuroLeague,ASVEL,10123,170.1,1534,1667
Real Madrid,Olympiacos,61,78,2.13,1.89,2022-01-29,2021,EuroLeague,Real Madrid,12969,146.0,1508,1529
Barcelona,CSKA Moscow,101,69,1.63,2.59,2022-01-31,2021,EuroLeague,Barcelona,12261,178.5,1675,1594
Fenerbahçe,Maccabi Tel Aviv,80,88,2.47,1.68,2022-02-02,2021,EuroLeague,Fenerbahçe,9921,176.4,1541,1608
Olympiacos,Baskonia,96,60,1.77,2.3,2022-02-04,2021,EuroLeague,Olympiacos,10578,163.8,1584,1539
CSKA Moscow,Anadolu Efes,84,79,2.01,1.99,2022-02-06,2021,EuroLeague,CSKA Moscow,9025,171.2,1642,1644
Maccabi Tel Aviv,Panathinaikos,91,83,2.08,1.92,2022-02-08,2021,EuroLeague,Maccabi Tel Aviv,9299,182.7,1668,1682
Baskonia,Zalgiris Kaunas,74,68,1.95,1.95,2022-02-10,2021,EuroLeague,Baskonia,9165,149.1,1556,1556
Anadolu Efes,Bayern Munich,63,76,2.61,1.62,2022-02-12,2021,EuroLeague,Anadolu Efes,14119,146.0,1502,1585
Panathinaikos,Valencia,75,100,3.04,1.49,2022-02-14,2021,EuroLeague,Panathinaikos,13545,183.8,1540,1664
Zalgiris Kaunas,Milano,62,82,3.24,1.45,2022-02-16,2021,EuroLeague,Zalgiris Kaunas,12830,151.2,1550,1690
Bayern Munich,Partizan,88,80,1.87,2.15,2022-02-18,2021,EuroLeague,Bayern Munich,13265,176.4,1563,1539
Valencia,ASVEL,75,60,1.98,2.02,2022-02-20,2021,EuroLeague,Valencia,10018,141.8,1511,1508
Milano,Real Madrid,72,83,1.7,2.42,2022-02-22,2021,EuroLeague,Milano,14008,162.8,1686,1625
Partizan,Barcelona,94,73,1.99,2.01,2022-02-24,2021,EuroLeague,Partizan,11585,175.3,1502,1501
ASVEL,Fenerbahçe,68,73,2.31,1.76,2022-02-26,2021,EuroLeague,ASVEL,12318,148.1,1518,1565
Real Madrid,Olympiacos,75,86,1.59,2.7,2022-02-28,2021,EuroLeague,Real Madrid,12885,169.1,1697,1605
Barcelona,CSKA Moscow,82,67,2.51,1.66,2022-03-02,2021,EuroLeague,Barcelona,9589,156.5,1597,1669
Fenerbahçe,Maccabi Tel Aviv,61,92,2.51,1.66,2022-03-04,2021,EuroLeague,Fenerbahçe,14779,160.7,1624,1696
Olympiacos,Baskonia,85,86,2.05,1.95,2022-03-06,2021,EuroLeague,Olympiacos,10577,179.6,1666,1675
CSKA Moscow,Anadolu Efes,74,82,2.33,1.75,2022-03-08,2021,EuroLeague,CSKA Moscow,13467,163.8,1561,1610
Maccabi Tel Aviv,Panathinaikos,80,80,1.7,2.43,2022-03-10,2021,EuroLeague,Maccabi Tel Aviv,10303,168.0,1643,1581
Baskonia,Zalgiris Kaunas,78,66,1.86,2.16,2022-03-12,2021,EuroLeague,Baskonia,12374,151.2,1604,1578
Anadolu Efes,Bayern Munich,87,81,1.78,2.29,2022-03-14,2021,EuroLeague,Anadolu Efes,9378,176.4,1566,1522
Panathinaikos,Valencia,98,91,2.13,1.89,2022-03-16,2021,EuroLeague,Panathinaikos,13491,198.5,1659,1680
Zalgiris Kaunas,Milano,69,60,1.96,2.04,2022-03-18,2021,EuroLeague,Zalgiris Kaunas,14199,135.5,1513,1506
Bayern Munich,Partizan,80,85,1.72,2.39,2022-03-20,2021,EuroLeague,Bayern Munich,14393,173.2,1583,1526
Valencia,ASVEL,100,83,1.52,2.94,2022-03-22,2021,EuroLeague,Valencia,13326,192.2,1638,1523
Milano,Real Madrid,69,64,1.97,2.03,2022-03-24,2021,EuroLeague,Milano,13600,139.7,1598,1593
Partizan,Barcelona,78,86,1.46,3.16,2022-03-26,2021,EuroLeague,Partizan,14134,172.2,1681,1547
ASVEL,Fenerbahçe,77,81,2.44,1.7,2022-03-28,2021,EuroLeague,ASVEL,13107,165.9,1636,1699
Real Madrid,Olympiacos,69,74,2.5,1.66,2022-03-30,2021,EuroLeague,Real Madrid,11840,150.2,1609,1680
Barcelona,CSKA Moscow,63,89,2.15,1.87,2022-04-01,2021,EuroLeague,Barcelona,14318,159.6,1502,1527
Fenerbahçe,Maccabi Tel Aviv,73,60,1.42,3.4,2022-04-03,2021,EuroLeague,Fenerbahçe,14642,139.7,1673,1521
Olympiacos,Baskonia,74,71,2.45,1.69,2022-04-05,2021,EuroLeague,Olympiacos,11656,152.2,1521,1585
CSKA Moscow,Anadolu Efes,75,83,3.68,1.37,2022-04-07,2021,EuroLeague,CSKA Moscow,11165,165.9,1516,1687
Maccabi Tel Aviv,Panathinaikos,89,77,2.03,1.97,2022-04-09,2021,EuroLeague,Maccabi Tel Aviv,9366,174.3,1548,1553
Baskonia,Zalgiris Kaunas,80,61,1.73,2.37,2022-04-11,2021,EuroLeague,Baskonia,9969,148.1,1595,1540
Anadolu Efes,Bayern Munich,77,80,1.82,2.22,2022-04-13,2021,EuroLeague,Anadolu Efes,13794,164.8,1663,1629
Panathinaikos,Valencia,82,90,1.8,2.25,2022-04-15,2021,EuroLeague,Panathinaikos,14033,180.6,1571,1532
Zalgiris Kaunas,Milano,60,84,2.95,1.51,2022-04-17,2021,EuroLeague,Zalgiris Kaunas,10066,151.2,1548,1664
Bayern Munich,Partizan,94,86,2.95,1.51,2022-04-19,2021,EuroLeague,Bayern Munich,11723,189.0,1581,1697
Valencia,ASVEL,83,78,2.87,1.53,2022-04-21,2021,EuroLeague,Valencia,9851,169.1,1584,1693
Milano,Real Madrid,79,60,1.47,3.15,2022-04-23,2021,EuroLeague,Milano,14850,146.0,1633,1500
Partizan,Barcelona,81,66,2.39,1.72,2022-04-25,2021,EuroLeague,Partizan,9849,154.3,1597,1654
ASVEL,Fenerbahçe,87,66,1.48,3.07,2022-04-27,2021,EuroLeague,ASVEL,10816,160.7,1668,1542
Real Madrid,Olympiacos,96,85,1.51,2.95,2022-04-29,2021,EuroLeague,Real Madrid,11161,190.1,1672,1556
Barcelona,CSKA Moscow,85,64,1.44,3.29,2022-05-01,2021,EuroLeague,Barcelona,14582,156.5,1678,1534
Fenerbahçe,Maccabi Tel Aviv,61,76,2.23,1.81,2022-05-03,2021,EuroLeague,Fenerbahçe,10145,143.8,1504,1540
Olympiacos,Baskonia,83,73,1.64,2.56,2022-05-05,2021,EuroLeague,Olympiacos,14717,163.8,1631,1554
CSKA Moscow,Anadolu Efes,62,75,2.16,1.86,2022-05-07,2021,EuroLeague,CSKA Moscow,14943,143.8,1500,1526
Maccabi Tel Aviv,Panathinaikos,81,66,1.85,2.18,2022-05-09,2021,EuroLeague,Maccabi Tel Aviv,14745,154.3,1680,1651
Baskonia,Zalgiris Kaunas,98,86,1.39,3.54,2022-05-11,2021,EuroLeague,Baskonia,10860,193.2,1667,1505
Anadolu Efes,Bayern Munich,83,86,1.89,2.13,2022-05-13,2021,EuroLeague,Anadolu Efes,11649,177.5,1593,1572
Panathinaikos,Valencia,85,95,3.5,1.4,2022-05-15,2021,EuroLeague,Panathinaikos,13094,189.0,1540,1699
Zalgiris Kaunas,Milano,63,85,2.67,1.6,2022-05-17,2021,EuroLeague,Zalgiris Kaunas,10138,155.4,1604,1693
Bayern Munich,Partizan,65,104,3.6,1.38,2022-05-19,2021,EuroLeague,Bayern Munich,10917,177.5,1500,1666
Valencia,ASVEL,87,80,1.62,2.62,2022-05-21,2021,EuroLeague,Valencia,13165,175.3,1643,1559
Milano,Real Madrid,62,97,3.53,1.4,2022-05-23,2021,EuroLeague,Milano,11422,167.0,1501,1662
Partizan,Barcelona,72,73,1.59,2.71,2022-05-25,2021,EuroLeague,Partizan,11930,152.2,1607,1514
ASVEL,Fenerbahçe,78,60,1.7,2.44,2022-05-27,2021,EuroLeague,ASVEL,9907,144.9,1573,1510
Real Madrid,Olympiacos,73,93,3.11,1.47,2022-05-29,2021,EuroLeague,Real Madrid,12920,174.3,1566,1696
Barcelona,CSKA Moscow,60,98,2.14,1.88,2022-05-31,2021,EuroLeague,Barcelona,12453,165.9,1651,1674
Fenerbahçe,Maccabi Tel Aviv,62,84,1.8,2.24,2022-06-02,2021,EuroLeague,Fenerbahçe,12469,153.3,1628,1590
Olympiacos,Baskonia,89,85,1.78,2.29,2022-06-04,2021,EuroLeague,Olympiacos,10890,182.7,1625,1581
CSKA Moscow,Anadolu Efes,90,70,1.59,2.7,2022-06-06,2021,EuroLeague,CSKA Moscow,11881,168.0,1686,1594
Maccabi Tel Aviv,Panathinaikos,60,83,3.85,1.35,2022-06-08,2021,EuroLeague,Maccabi Tel Aviv,11175,150.2,1500,1682
Baskonia,Zalgiris Kaunas,86,87,1.85,2.17,2022-06-10,2021,EuroLeague,Baskonia,11904,181.7,1554,1526
Anadolu Efes,Bayern Munich,108,69,3.23,1.45,2022-06-12,2021,EuroLeague,Anadolu Efes,10899,185.8,1551,1690
Panathinaikos,Valencia,98,89,2.7,1.59,2022-06-14,2021,EuroLeague,Panathinaikos,11439,196.3,1543,1635
Zalgiris Kaunas,Milano,89,77,2.12,1.9,2022-06-16,2021,EuroLeague,Zalgiris Kaunas,12244,174.3,1525,1544
Bayern Munich,Partizan,69,83,1.85,2.17,2022-06-18,2021,EuroLeague,Bayern Munich,10294,159.6,1622,1594
Valencia,ASVEL,93,74,1.95,2.05,2022-06-20,2021,EuroLeague,Valencia,11157,175.3,1571,1563
Milano,Real Madrid,84,103,2.85,1.54,2022-06-22,2021,EuroLeague,Milano,14767,196.3,1525,1632
Partizan,Barcelona,70,99,1.84,2.19,2022-06-24,2021,EuroLeague,Partizan,14356,177.5,1596,1566
ASVEL,Fenerbahçe,76,72,2.17,1.85,2022-06-26,2021,EuroLeague,ASVEL,14019,155.4,1504,1532
Real Madrid,Olympiacos,86,77,1.65,2.53,2022-06-28,2021,EuroLeague,Real Madrid,10711,171.2,1583,1509
Barcelona,CSKA Moscow,63,97,2.64,1.61,2022-06-30,2021,EuroLeague,Barcelona,14187,168.0,1551,1637
Fenerbahçe,Maccabi Tel Aviv,89,60,1.51,2.95,2022-07-02,2021,EuroLeague,Fenerbahçe,11333,156.5,1630,1514
Olympiacos,Baskonia,90,64,2.15,1.87,2022-07-04,2021,EuroLeague,Olympiacos,14184,161.7,1654,1679
CSKA Moscow,Anadolu Efes,85,60,1.5,3.0,2022-07-06,2021,EuroLeague,CSKA Moscow,13143,152.2,1678,1558
Maccabi Tel Aviv,Panathinaikos,69,74,2.1,1.91,2022-07-08,2021,EuroLeague,Maccabi Tel Aviv,9337,150.2,1523,1540
Baskonia,Zalgiris Kaunas,125,82,1.53,2.89,2022-07-10,2021,EuroLeague,Baskonia,9998,217.4,1682,1571
Anadolu Efes,Bayern Munich,86,67,2.17,1.86,2022-07-12,2021,EuroLeague,Anadolu Efes,10842,160.7,1501,1528
Panathinaikos,Valencia,83,90,2.33,1.75,2022-07-14,2021,EuroLeague,Panathinaikos,10296,181.7,1519,1568
Zalgiris Kaunas,Milano,76,86,2.06,1.94,2022-07-16,2021,EuroLeague,Zalgiris Kaunas,11712,170.1,1657,1667
Bayern Munich,Partizan,80,83,1.5,2.98,2022-07-18,2021,EuroLeague,Bayern Munich,11485,171.2,1632,1513
Valencia,ASVEL,104,85,2.85,1.54,2022-07-20,2021,EuroLeague,Valencia,9565,198.5,1549,1656
Milano,Real Madrid,88,89,2.23,1.81,2022-07-22,2021,EuroLeague,Milano,11046,185.8,1658,1694
Partizan,Barcelona,80,75,2.34,1.75,2022-07-24,2021,EuroLeague,Partizan,12784,162.8,1561,1612
ASVEL,Fenerbahçe,97,86,2.08,1.93,2022-07-26,2021,EuroLeague,ASVEL,12849,192.2,1596,1609
Real Madrid,Olympiacos,79,86,2.28,1.78,2022-07-28,2021,EuroLeague,Real Madrid,12450,173.2,1647,1690
Barcelona,CSKA Moscow,75,106,3.5,1.4,2022-07-30,2021,EuroLeague,Barcelona,11693,190.1,1519,1678
Fenerbahçe,Maccabi Tel Aviv,90,70,2.62,1.62,2022-08-01,2021,EuroLeague,Fenerbahçe,12396,168.0,1599,1683
Olympiacos,Baskonia,88,76,1.37,3.74,2022-08-03,2021,EuroLeague,Olympiacos,13275,172.2,1681,1506
CSKA Moscow,Anadolu Efes,73,60,2.05,1.95,2022-08-05,2021,EuroLeague,CSKA Moscow,14428,139.7,1649,1657
Maccabi Tel Aviv,Panathinaikos,82,74,1.5,2.98,2022-08-07,2021,EuroLeague,Maccabi Tel Aviv,11725,163.8,1654,1535
Baskonia,Zalgiris Kaunas,106,78,2.04,1.97,2022-08-09,2021,EuroLeague,Baskonia,14212,193.2,1651,1657
Anadolu Efes,Bayern Munich,69,75,1.44,3.29,2022-08-11,2021,EuroLeague,Anadolu Efes,13192,151.2,1685,1541
Panathinaikos,Valencia,88,79,1.94,2.06,2022-08-13,2021,EuroLeague,Panathinaikos,12561,175.3,1636,1626
Zalgiris Kaunas,Milano,66,92,1.88,2.14,2022-08-15,2021,EuroLeague,Zalgiris Kaunas,12843,165.9,1542,1519
Bayern Munich,Partizan,87,65,1.63,2.59,2022-08-17,2021,EuroLeague,Bayern Munich,9307,159.6,1659,1578
Valencia,ASVEL,87,78,2.15,1.87,2022-08-19,2021,EuroLeague,Valencia,14130,173.2,1607,1632
Milano,Real Madrid,93,68,1.52,2.94,2022-08-21,2021,EuroLeague,Milano,12956,169.1,1647,1532
Partizan,Barcelona,72,71,1.82,2.22,2022-08-23,2021,EuroLeague,Partizan,12666,150.2,1539,1504
ASVEL,Fenerbahçe,86,65,1.61,2.65,2022-08-25,2021,EuroLeague,ASVEL,12990,158.6,1609,1522
Real Madrid,Olympiacos,73,89,2.48,1.68,2022-08-27,2021,EuroLeague,Real Madrid,10930,170.1,1560,1628
Barcelona,CSKA Moscow,85,83,1.56,2.78,2022-08-29,2021,EuroLeague,Barcelona,14974,176.4,1658,1558
Fenerbahçe,Maccabi Tel Aviv,86,81,1.62,2.61,2022-08-31,2021,EuroLeague,Fenerbahçe,13046,175.3,1621,1538
Olympiacos,Baskonia,93,87,1.83,2.2,2022-09-02,2021,EuroLeague,Olympiacos,10446,189.0,1546,1514
CSKA Moscow,Anadolu Efes,102,75,1.68,2.46,2022-09-04,2021,EuroLeague,CSKA Moscow,12853,185.8,1675,1609
Maccabi Tel Aviv,Panathinaikos,80,78,1.68,2.46,2022-09-06,2021,EuroLeague,Maccabi Tel Aviv,13362,165.9,1581,1515
Baskonia,Zalgiris Kaunas,89,97,1.46,3.19,2022-09-08,2021,EuroLeague,Baskonia,12066,195.3,1688,1552
Anadolu Efes,Bayern Munich,69,78,1.98,2.02,2022-09-10,2021,EuroLeague,Anadolu Efes,10488,154.3,1612,1608
Panathinaikos,Valencia,77,69,3.14,1.47,2022-09-12,2021,EuroLeague,Panathinaikos,13746,153.3,1515,1647
Zalgiris Kaunas,Milano,65,70,2.46,1.68,2022-09-14,2021,EuroLeague,Zalgiris Kaunas,12999,141.8,1589,1655
Bayern Munich,Partizan,70,79,2.01,1.99,2022-09-16,2021,EuroLeague,Bayern Munich,12879,156.5,1586,1587
Valencia,ASVEL,78,86,2.35,1.74,2022-09-18,2021,EuroLeague,Valencia,9510,172.2,1614,1666
Milano,Real Madrid,86,66,1.5,3.0,2022-09-20,2021,EuroLeague,Milano,14549,159.6,1654,1534
Partizan,Barcelona,77,88,2.08,1.92,2022-09-22,2021,EuroLeague,Partizan,10677,173.2,1618,1632
ASVEL,Fenerbahçe,83,81,1.64,2.57,2022-09-24,2021,EuroLeague,ASVEL,12649,172.2,1597,1519
Real Madrid,Olympiacos,71,60,2.17,1.85,2022-09-26,2021,EuroLeague,Real Madrid,10853,137.6,1616,1644
Barcelona,CSKA Moscow,102,78,1.59,2.7,2022-09-28,2021,EuroLeague,Barcelona,14203,189.0,1618,1526
Fenerbahçe,Maccabi Tel Aviv,100,97,1.65,2.54,2022-09-30,2021,EuroLeague,Fenerbahçe,14892,206.9,1578,1503
Olympiacos,Baskonia,91,75,1.56,2.8,2022-10-02,2021,EuroLeague,Olympiacos,11266,174.3,1669,1567
CSKA Moscow,Anadolu Efes,71,96,2.23,1.81,2022-10-04,2021,EuroLeague,CSKA Moscow,9294,175.3,1653,1689
Maccabi Tel Aviv,Panathinaikos,76,90,2.81,1.55,2022-10-06,2021,EuroLeague,Maccabi Tel Aviv,12803,174.3,1504,1607
Baskonia,Zalgiris Kaunas,85,79,2.24,1.8,2022-10-08,2021,EuroLeague,Baskonia,12027,172.2,1580,1618
Anadolu Efes,Bayern Munich,81,83,1.8,2.24,2022-10-10,2021,EuroLeague,Anadolu Efes,12509,172.2,1576,1538
Panathinaikos,Valencia,61,94,2.88,1.53,2022-10-12,2021,EuroLeague,Panathinaikos,10669,162.8,1544,1654
Zalgiris Kaunas,Milano,74,71,2.13,1.89,2022-10-14,2021,EuroLeague,Zalgiris Kaunas,14967,152.2,1658,1679
Bayern Munich,Partizan,79,75,2.49,1.67,2022-10-16,2021,EuroLeague,Bayern Munich,14489,161.7,1535,1604
Valencia,ASVEL,89,60,2.27,1.79,2022-10-18,2021,EuroLeague,Valencia,11734,156.5,1612,1653
Milano,Real Madrid,79,77,2.76,1.57,2022-10-20,2021,EuroLeague,Milano,11852,163.8,1584,1682
Partizan,Barcelona,75,81,2.01,1.99,2022-10-22,2021,EuroLeague,Partizan,13942,163.8,1655,1656
ASVEL,Fenerbahçe,90,107,3.34,1.43,2022-10-24,2021,EuroLeague,ASVEL,11782,206.9,1526,1674
Real Madrid,Olympiacos,76,109,2.22,1.82,2022-10-26,2021,EuroLeague,Real Madrid,9831,194.2,1593,1627
Barcelona,CSKA Moscow,82,87,2.17,1.86,2022-10-28,2021,EuroLeague,Barcelona,10004,177.5,1575,1602
Fenerbahçe,Maccabi Tel Aviv,79,119,2.5,1.67,2022-10-30,2021,EuroLeague,Fenerbahçe,9288,207.9,1568,1638
Olympiacos,Baskonia,85,76,1.57,2.75,2022-11-01,2021,EuroLeague,Olympiacos,12667,169.1,1688,1591
CSKA Moscow,Anadolu Efes,81,80,2.66,1.6,2022-11-03,2021,EuroLeague,CSKA Moscow,12041,169.1,1548,1636
Maccabi Tel Aviv,Panathinaikos,74,80,1.82,2.22,2022-11-05,2021,EuroLeague,Maccabi Tel Aviv,9828,161.7,1553,1518
Baskonia,Zalgiris Kaunas,74,71,1.84,2.19,2022-11-07,2021,EuroLeague,Baskonia,14359,152.2,1567,1537
Anadolu Efes,Bayern Munich,89,60,1.59,2.71,2022-11-09,2021,EuroLeague,Anadolu Efes,11744,156.5,1611,1518
Panathinaikos,Valencia,63,80,2.97,1.51,2022-11-11,2021,EuroLeague,Panathinaikos,14731,150.2,1559,1677
Zalgiris Kaunas,Milano,70,69,1.68,2.46,2022-11-13,2021,EuroLeague,Zalgiris Kaunas,14099,146.0,1672,1606
Bayern Munich,Partizan,70,89,4.07,1.33,2022-11-15,2021,EuroLeague,Bayern Munich,14467,167.0,1501,1696
Valencia,ASVEL,65,65,2.09,1.92,2022-11-17,2021,EuroLeague,Valencia,9287,136.5,1654,1669
Milano,Real Madrid,60,60,2.63,1.61,2022-11-19,2021,EuroLeague,Milano,13866,126.0,1576,1661
Partizan,Barcelona,90,61,1.89,2.13,2022-11-21,2021,EuroLeague,Partizan,14122,158.6,1590,1569
ASVEL,Fenerbahçe,66,94,2.71,1.59,2022-11-23,2021,EuroLeague,ASVEL,9362,168.0,1530,1623
Real Madrid,Olympiacos,61,86,3.44,1.41,2022-11-25,2021,EuroLeague,Real Madrid,14826,154.3,1540,1695
Barcelona,CSKA Moscow,60,70,2.37,1.73,2022-11-27,2021,EuroLeague,Barcelona,14565,136.5,1502,1557
Fenerbahçe,Maccabi Tel Aviv,88,71,1.87,2.15,2022-11-29,2021,EuroLeague,Fenerbahçe,9056,167.0,1524,1500
Olympiacos,Baskonia,79,79,1.51,2.96,2022-12-01,2021,EuroLeague,Olympiacos,10105,165.9,1624,1507
CSKA Moscow,Anadolu Efes,70,92,1.64,2.56,2022-12-03,2021,EuroLeague,CSKA Moscow,10292,170.1,1636,1559
Maccabi Tel Aviv,Panathinaikos,91,77,1.95,2.05,2022-12-05,2021,EuroLeague,Maccabi Tel Aviv,10670,176.4,1615,1606
Baskonia,Zalgiris Kaunas,78,70,2.17,1.85,2022-12-07,2021,EuroLeague,Baskonia,14153,155.4,1583,1611
Anadolu Efes,Bayern Munich,83,82,1.75,2.33,2022-12-09,2021,EuroLeague,Anadolu Efes,12551,173.2,1637,1587
Panathinaikos,Valencia,79,85,3.29,1.44,2022-12-11,2021,EuroLeague,Panathinaikos,11827,172.2,1531,1675
Zalgiris Kaunas,Milano,84,72,1.91,2.1,2022-12-13,2021,EuroLeague,Zalgiris Kaunas,9469,163.8,1521,1504
Bayern Munich,Partizan,60,79,2.79,1.56,2022-12-15,2021,EuroLeague,Bayern Munich,10467,146.0,1592,1693
Valencia,ASVEL,91,80,1.56,2.8,2022-12-17,2021,EuroLeague,Valencia,12494,179.6,1619,1517
Milano,Real Madrid,91,65,1.71,2.4,2022-12-19,2021,EuroLeague,Milano,11730,163.8,1593,1534
Partizan,Barcelona,88,67,2.19,1.84,2022-12-21,2021,EuroLeague,Partizan,14909,162.8,1564,1594
ASVEL,Fenerbahçe,84,92,2.81,1.55,2022-12-23,2021,EuroLeague,ASVEL,12684,184.8,1546,1649
Real Madrid,Olympiacos,80,84,1.82,2.22,2022-12-25,2021,EuroLeague,Real Madrid,14023,172.2,1653,1619
Barcelona,CSKA Moscow,107,60,1.33,4.0,2022-12-27,2021,EuroLeague,Barcelona,10571,175.3,1695,1504
Fenerbahçe,Maccabi Tel Aviv,80,78,3.29,1.44,2022-12-29,2021,EuroLeague,Fenerbahçe,13397,165.9,1532,1676
Olympiacos,Baskonia,83,90,2.03,1.97,2022-12-31,2021,EuroLeague,Olympiacos,13768,181.7,1629,1634
CSKA Moscow,Anadolu Efes,98,80,2.07,1.93,2023-01-02,2021,EuroLeague,CSKA Moscow,10691,186.9,1633,1645
Maccabi Tel Aviv,Panathinaikos,70,62,1.6,2.68,2023-01-04,2021,EuroLeague,Maccabi Tel Aviv,10156,138.6,1682,1592
Baskonia,Zalgiris Kaunas,66,82,2.38,1.72,2023-01-06,2021,EuroLeague,Baskonia,10161,155.4,1638,1694
Anadolu Efes,Bayern Munich,78,79,1.89,2.12,2023-01-08,2021,EuroLeague,Anadolu Efes,13240,164.8,1522,1502
Panathinaikos,Valencia,90,73,1.71,2.4,2023-01-10,2021,EuroLeague,Panathinaikos,10088,171.2,1593,1534
Zalgiris Kaunas,Milano,73,82,1.94,2.06,2023-01-12,2021,EuroLeague,Zalgiris Kaunas,12782,162.8,1657,1647
Bayern Munich,Partizan,90,71,1.85,2.18,2023-01-14,2021,EuroLeague,Bayern Munich,9183,169.1,1617,1588
Valencia,ASVEL,79,68,1.6,2.66,2023-01-16,2021,EuroLeague,Valencia,9692,154.3,1667,1579
Milano,Real Madrid,91,68,1.56,2.8,2023-01-18,2021,EuroLeague,Milano,12134,167.0,1634,1532
Partizan,Barcelona,92,81,2.21,1.83,2023-01-20,2021,EuroLeague,Partizan,14823,181.7,1569,1602
ASVEL,Fenerbahçe,98,60,1.41,3.44,2023-01-22,2021,EuroLeague,ASVEL,13847,165.9,1677,1522
Real Madrid,Olympiacos,62,81,2.11,1.9,2023-01-24,2021,EuroLeague,Real Madrid,10680,150.2,1680,1698
Barcelona,CSKA Moscow,99,79,2.57,1.64,2023-01-26,2021,EuroLeague,Barcelona,14475,186.9,1610,1688
Fenerbahçe,Maccabi Tel Aviv,106,60,1.45,3.2,2023-01-28,2021,EuroLeague,Fenerbahçe,14627,174.3,1698,1561
Olympiacos,Baskonia,76,91,2.88,1.53,2023-01-30,2021,EuroLeague,Olympiacos,11003,175.3,1580,1690
CSKA Moscow,Anadolu Efes,86,93,2.12,1.89,2023-02-01,2021,EuroLeague,CSKA Moscow,10963,188.0,1577,1597
Maccabi Tel Aviv,Panathinaikos,68,88,2.5,1.66,2023-02-03,2021,EuroLeague,Maccabi Tel Aviv,12246,163.8,1528,1599
Baskonia,Zalgiris Kaunas,66,78,1.81,2.23,2023-02-05,2021,EuroLeague,Baskonia,12536,151.2,1563,1527
Anadolu Efes,Bayern Munich,66,87,2.63,1.61,2023-02-07,2021,EuroLeague,Anadolu Efes,11687,160.7,1612,1697
Panathinaikos,Valencia,88,84,2.68,1.6,2023-02-09,2021,EuroLeague,Panathinaikos,9778,180.6,1571,1661
Zalgiris Kaunas,Milano,60,98,2.78,1.56,2023-02-11,2021,EuroLeague,Zalgiris Kaunas,12732,165.9,1549,1649
Bayern Munich,Partizan,80,60,2.04,1.96,2023-02-13,2021,EuroLeague,Bayern Munich,14615,147.0,1590,1597
Valencia,ASVEL,71,60,1.46,3.19,2023-02-15,2021,EuroLeague,Valencia,13813,137.6,1662,1526
Milano,Real Madrid,77,89,2.56,1.64,2023-02-17,2021,EuroLeague,Milano,13120,174.3,1588,1665
Partizan,Barcelona,65,91,1.99,2.01,2023-02-19,2021,EuroLeague,Partizan,9208,163.8,1507,1506
ASVEL,Fenerbahçe,89,60,1.44,3.28,2023-02-21,2021,EuroLeague,ASVEL,10293,156.5,1700,1557
Real Madrid,Olympiacos,77,85,2.35,1.74,2023-02-23,2021,EuroLeague,Real Madrid,13556,170.1,1635,1687
Barcelona,CSKA Moscow,88,60,1.67,2.49,2023-02-25,2021,EuroLeague,Barcelona,14167,155.4,1601,1532
Fenerbahçe,Maccabi Tel Aviv,85,96,2.33,1.75,2023-02-27,2021,EuroLeague,Fenerbahçe,13350,190.1,1645,1695
Olympiacos,Baskonia,75,76,2.08,1.93,2023-03-01,2021,EuroLeague,Olympiacos,13230,158.6,1635,1648
CSKA Moscow,Anadolu Efes,85,82,1.8,2.24,2023-03-03,2021,EuroLeague,CSKA Moscow,9095,175.3,1592,1554
Maccabi Tel Aviv,Panathinaikos,69,77,2.22,1.82,2023-03-05,2021,EuroLeague,Maccabi Tel Aviv,12728,153.3,1621,1655
Baskonia,Zalgiris Kaunas,79,104,2.81,1.55,2023-03-07,2021,EuroLeague,Baskonia,9444,192.2,1519,1622
Anadolu Efes,Bayern Munich,80,68,2.84,1.54,2023-03-09,2021,EuroLeague,Anadolu Efes,9919,155.4,1514,1620
Panathinaikos,Valencia,77,70,1.47,3.13,2023-03-11,2021,EuroLeague,Panathinaikos,10264,154.3,1668,1537
Zalgiris Kaunas,Milano,84,67,3.3,1.43,2023-03-13,2021,EuroLeague,Zalgiris Kaunas,9291,158.6,1543,1688
Bayern Munich,Partizan,70,82,2.05,1.95,2023-03-15,2021,EuroLeague,Bayern Munich,14612,159.6,1558,1566
Valencia,ASVEL,79,72,2.16,1.86,2023-03-17,2021,EuroLeague,Valencia,11383,158.6,1506,1532
Milano,Real Madrid,83,77,1.85,2.18,2023-03-19,2021,EuroLeague,Milano,12150,168.0,1561,1532
Partizan,Barcelona,94,60,1.41,3.43,2023-03-21,2021,EuroLeague,Partizan,12775,161.7,1673,1519
ASVEL,Fenerbahçe,76,86,2.29,1.78,2023-03-23,2021,EuroLeague,ASVEL,14686,170.1,1656,1700
Real Madrid,Olympiacos,68,86,2.72,1.58,2023-03-25,2021,EuroLeague,Real Madrid,11476,161.7,1587,1681
Barcelona,CSKA Moscow,75,61,1.44,3.25,2023-03-27,2021,EuroLeague,Barcelona,10123,142.8,1682,1541
Fenerbahçe,Maccabi Tel Aviv,81,86,1.6,2.67,2023-03-29,2021,EuroLeague,Fenerbahçe,14398,175.3,1611,1522
Olympiacos,Baskonia,87,68,2.01,1.99,2023-03-31,2021,EuroLeague,Olympiacos,12117,162.8,1526,1527
CSKA Moscow,Anadolu Efes,76,87,1.95,2.05,2023-04-02,2021,EuroLeague,CSKA Moscow,12558,171.2,1516,1507
Maccabi Tel Aviv,Panathinaikos,91,60,1.54,2.84,2023-04-04,2021,EuroLeague,Maccabi Tel Aviv,11399,158.6,1623,1517
Baskonia,Zalgiris Kaunas,64,66,2.17,1.86,2023-04-06,2021,EuroLeague,Baskonia,14249,136.5,1530,1557
Anadolu Efes,Bayern Munich,60,74,2.67,1.6,2023-04-08,2021,EuroLeague,Anadolu Efes,9677,140.7,1559,1648
Panathinaikos,Valencia,80,82,1.37,3.68,2023-04-10,2021,EuroLeague,Panathinaikos,14763,170.1,1680,1509
Zalgiris Kaunas,Milano,74,60,1.4,3.51,2023-04-12,2021,EuroLeague,Zalgiris Kaunas,14200,140.7,1666,1506
Bayern Munich,Partizan,66,67,1.49,3.03,2023-04-14,2021,EuroLeague,Bayern Munich,10688,139.7,1624,1501
Valencia,ASVEL,74,81,2.45,1.69,2023-04-16,2021,EuroLeague,Valencia,13398,162.8,1600,1664
Milano,Real Madrid,93,65,1.4,3.48,2023-04-18,2021,EuroLeague,Milano,11354,165.9,1680,1522
Partizan,Barcelona,60,71,2.35,1.74,2023-04-20,2021,EuroLeague,Partizan,13471,137.6,1554,1606
ASVEL,Fenerbahçe,62,87,3.43,1.41,2023-04-22,2021,EuroLeague,ASVEL,14036,156.5,1510,1664
Real Madrid,Olympiacos,98,92,2.25,1.8,2023-04-24,2021,EuroLeague,Real Madrid,10368,199.5,1564,1603
Barcelona,CSKA Moscow,68,103,2.61,1.62,2023-04-26,2021,EuroLeague,Barcelona,14468,179.6,1538,1621
Fenerbahçe,Maccabi Tel Aviv,74,83,1.67,2.49,2023-04-28,2021,EuroLeague,Fenerbahçe,9382,164.8,1624,1555
Olympiacos,Baskonia,77,92,2.08,1.93,2023-04-30,2021,EuroLeague,Olympiacos,13391,177.5,1624,1637
CSKA Moscow,Anadolu Efes,82,83,1.48,3.07,2023-05-02,2021,EuroLeague,CSKA Moscow,11625,173.2,1658,1532
Maccabi Tel Aviv,Panathinaikos,85,60,2.86,1.54,2023-05-04,2021,EuroLeague,Maccabi Tel Aviv,13942,152.2,1579,1687
Baskonia,Zalgiris Kaunas,81,73,3.11,1.47,2023-05-06,2021,EuroLeague,Baskonia,9809,161.7,1524,1654
Anadolu Efes,Bayern Munich,80,63,2.18,1.85,2023-05-08,2021,EuroLeague,Anadolu Efes,11307,150.2,1659,1688
Panathinaikos,Valencia,83,79,1.95,2.05,2023-05-10,2021,EuroLeague,Panathinaikos,10303,170.1,1694,1686
Zalgiris Kaunas,Milano,60,72,2.05,1.95,2023-05-12,2021,EuroLeague,Zalgiris Kaunas,10958,138.6,1586,1595
Bayern Munich,Partizan,60,71,1.8,2.24,2023-05-14,2021,EuroLeague,Bayern Munich,13373,137.6,1698,1660
Valencia,ASVEL,76,63,1.82,2.22,2023-05-16,2021,EuroLeague,Valencia,11675,146.0,1653,1619
Milano,Real Madrid,83,66,1.8,2.25,2023-05-18,2021,EuroLeague,Milano,10584,156.5,1557,1518
Partizan,Barcelona,94,97,2.26,1.79,2023-05-20,2021,EuroLeague,Partizan,9392,200.6,1639,1679
ASVEL,Fenerbahçe,81,60,1.66,2.5,2023-05-22,2021,EuroLeague,ASVEL,10034,148.1,1589,1518
Real Madrid,Olympiacos,80,90,2.14,1.88,2023-05-24,2021,EuroLeague,Real Madrid,12673,178.5,1516,1539
Barcelona,CSKA Moscow,78,73,2.3,1.77,2023-05-26,2021,EuroLeague,Barcelona,9686,158.6,1623,1668
Fenerbahçe,Maccabi Tel Aviv,65,80,2.66,1.6,2023-05-28,2021,EuroLeague,Fenerbahçe,13444,152.2,1502,1590
Olympiacos,Baskonia,64,61,1.97,2.03,2023-05-30,2021,EuroLeague,Olympiacos,11090,131.2,1663,1658
CSKA Moscow,Anadolu Efes,67,91,1.94,2.07,2023-06-01,2021,EuroLeague,CSKA Moscow,9705,165.9,1581,1570
Maccabi Tel Aviv,Panathinaikos,68,76,1.63,2.58,2023-06-03,2021,EuroLeague,Maccabi Tel Aviv,13374,151.2,1653,1574
Baskonia,Zalgiris Kaunas,85,61,1.72,2.38,2023-06-05,2021,EuroLeague,Baskonia,13634,153.3,1637,1581
Anadolu Efes,Bayern Munich,101,79,1.68,2.48,2023-06-07,2021,EuroLeague,Anadolu Efes,14321,189.0,1668,1600
Panathinaikos,Valencia,66,75,3.18,1.46,2023-06-09,2021,EuroLeague,Panathinaikos,14413,148.1,1515,1650
Zalgiris Kaunas,Milano,76,74,1.82,2.22,2023-06-11,2021,EuroLeague,Zalgiris Kaunas,12643,157.5,1642,1607
Bayern Munich,Partizan,77,65,1.99,2.01,2023-06-13,2021,EuroLeague,Bayern Munich,12901,149.1,1503,1501
Valencia,ASVEL,75,80,1.94,2.06,2023-06-15,2021,EuroLeague,Valencia,10372,162.8,1594,1584
Milano,Real Madrid,82,66,2.12,1.9,2023-06-17,2021,EuroLeague,Milano,9351,155.4,1516,1535
Partizan,Barcelona,108,70,1.44,3.26,2023-06-19,2021,EuroLeague,Partizan,12508,186.9,1684,1542
ASVEL,Fenerbahçe,76,108,2.27,1.79,2023-06-21,2021,EuroLeague,ASVEL,13547,193.2,1574,1615
Real Madrid,Olympiacos,77,84,2.13,1.89,2023-06-23,2021,EuroLeague,Real Madrid,14194,169.1,1573,1594
Barcelona,CSKA Moscow,81,93,2.27,1.79,2023-06-25,2021,EuroLeague,Barcelona,10750,182.7,1579,1621
Fenerbahçe,Maccabi Tel Aviv,78,64,1.45,3.2,2023-06-27,2021,EuroLeague,Fenerbahçe,13896,149.1,1679,1542
Olympiacos,Baskonia,77,88,2.54,1.65,2023-06-29,2021,EuroLeague,Olympiacos,11502,173.2,1514,1589
CSKA Moscow,Anadolu Efes,80,92,2.3,1.77,2023-07-01,2021,EuroLeague,CSKA Moscow,11505,180.6,1584,1630
Maccabi Tel Aviv,Panathinaikos,82,76,2.26,1.79,2023-07-03,2021,EuroLeague,Maccabi Tel Aviv,11745,165.9,1502,1542
Baskonia,Zalgiris Kaunas,74,67,2.28,1.78,2023-07-05,2021,EuroLeague,Baskonia,13602,148.1,1547,1590
Anadolu Efes,Bayern Munich,71,72,2.35,1.74,2023-07-07,2021,EuroLeague,Anadolu Efes,13048,150.2,1594,1646
Panathinaikos,Valencia,62,78,2.04,1.96,2023-07-09,2021,EuroLeague,Panathinaikos,11133,147.0,1612,1619
Zalgiris Kaunas,Milano,60,73,2.3,1.77,2023-07-11,2021,EuroLeague,Zalgiris Kaunas,12833,139.7,1644,1689
Bayern Munich,Partizan,84,70,1.72,2.39,2023-07-13,2021,EuroLeague,Bayern Munich,11099,161.7,1571,1514
Valencia,ASVEL,82,100,1.85,2.17,2023-07-15,2021,EuroLeague,Valencia,10116,191.1,1532,1504
Milano,Real Madrid,75,73,1.86,2.17,2023-07-17,2021,EuroLeague,Milano,12613,155.4,1553,1526
Partizan,Barcelona,73,84,1.98,2.02,2023-07-19,2021,EuroLeague,Partizan,11833,164.8,1650,1646
ASVEL,Fenerbahçe,60,98,3.69,1.37,2023-07-21,2021,EuroLeague,ASVEL,10910,165.9,1504,1676
Real Madrid,Olympiacos,72,60,1.75,2.33,2023-07-23,2021,EuroLeague,Real Madrid,9195,138.6,1653,1603
Barcelona,CSKA Moscow,60,77,3.11,1.47,2023-07-25,2021,EuroLeague,Barcelona,14393,143.8,1528,1658
Fenerbahçe,Maccabi Tel Aviv,86,81,2.01,1.99,2023-07-27,2021,EuroLeague,Fenerbahçe,13905,175.3,1690,1692
Olympiacos,Baskonia,74,80,1.52,2.92,2023-07-29,2021,EuroLeague,Olympiacos,9544,161.7,1644,1531
CSKA Moscow,Anadolu Efes,77,78,2.8,1.56,2023-07-31,2021,EuroLeague,CSKA Moscow,9307,162.8,1594,1696
Maccabi Tel Aviv,Panathinaikos,107,78,1.48,3.1,2023-08-02,2021,EuroLeague,Maccabi Tel Aviv,10286,194.2,1660,1531
Baskonia,Zalgiris Kaunas,100,60,1.78,2.28,2023-08-04,2021,EuroLeague,Baskonia,10369,168.0,1571,1528
Anadolu Efes,Bayern Munich,74,73,2.35,1.74,2023-08-06,2021,EuroLeague,Anadolu Efes,14779,154.3,1589,1641
Panathinaikos,Valencia,93,89,1.79,2.26,2023-08-08,2021,EuroLeague,Panathinaikos,10867,191.1,1639,1599
Zalgiris Kaunas,Milano,87,95,2.27,1.79,2023-08-10,2021,EuroLeague,Zalgiris Kaunas,12489,191.1,1522,1564
Bayern Munich,Partizan,80,60,2.12,1.89,2023-08-12,2021,EuroLeague,Bayern Munich,9840,147.0,1679,1699
Valencia,ASVEL,80,64,1.92,2.09,2023-08-14,2021,EuroLeague,Valencia,9474,151.2,1597,1582
Milano,Real Madrid,70,60,1.5,3.01,2023-08-16,2021,EuroLeague,Milano,11542,136.5,1663,1542
Partizan,Barcelona,93,79,1.69,2.45,2023-08-18,2021,EuroLeague,Partizan,13970,180.6,1582,1518
ASVEL,Fenerbahçe,91,60,1.68,2.46,2023-08-20,2021,EuroLeague,ASVEL,11315,158.6,1691,1625
Real Madrid,Olympiacos,91,70,1.55,2.83,2023-08-22,2021,EuroLeague,Real Madrid,13412,169.1,1633,1528
Barcelona,CSKA Moscow,83,69,1.38,3.66,2023-08-24,2021,EuroLeague,Barcelona,10326,159.6,1692,1522
Fenerbahçe,Maccabi Tel Aviv,80,102,2.45,1.69,2023-08-26,2021,EuroLeague,Fenerbahçe,12453,191.1,1552,1617
Olympiacos,Baskonia,101,87,1.79,2.27,2023-08-28,2021,EuroLeague,Olympiacos,12961,197.4,1553,1512
CSKA Moscow,Anadolu Efes,90,83,1.7,2.42,2023-08-30,2021,EuroLeague,CSKA Moscow,14285,181.7,1640,1579
Maccabi Tel Aviv,Panathinaikos,94,111,2.24,1.81,2023-09-01,2021,EuroLeague,Maccabi Tel Aviv,12982,215.2,1648,1685
Baskonia,Zalgiris Kaunas,81,82,2.68,1.6,2023-09-03,2021,EuroLeague,Baskonia,12777,171.2,1594,1684
Anadolu Efes,Bayern Munich,77,65,1.73,2.37,2023-09-05,2021,EuroLeague,Anadolu Efes,13969,149.1,1596,1541
Panathinaikos,Valencia,83,94,1.94,2.07,2023-09-07,2021,EuroLeague,Panathinaikos,10896,185.8,1627,1616
Zalgiris Kaunas,Milano,97,81,1.64,2.57,2023-09-09,2021,EuroLeague,Zalgiris Kaunas,9092,186.9,1636,1558
Bayern Munich,Partizan,85,60,2.31,1.76,2023-09-11,2021,EuroLeague,Bayern Munich,9821,152.2,1621,1668
Valencia,ASVEL,66,80,2.59,1.63,2023-09-13,2021,EuroLeague,Valencia,9060,153.3,1550,1631
Milano,Real Madrid,81,79,2.05,1.95,2023-09-15,2021,EuroLeague,Milano,10354,168.0,1686,1695
Partizan,Barcelona,91,94,2.4,1.71,2023-09-17,2021,EuroLeague,Partizan,9566,194.2,1614,1673
ASVEL,Fenerbahçe,72,82,1.47,3.11,2023-09-19,2021,EuroLeague,ASVEL,9821,161.7,1696,1566
Real Madrid,Olympiacos,93,60,2.07,1.93,2023-09-21,2021,EuroLeague,Real Madrid,12935,160.7,1513,1525
Barcelona,CSKA Moscow,79,87,2.49,1.67,2023-09-23,2021,EuroLeague,Barcelona,10153,174.3,1594,1663
Fenerbahçe,Maccabi Tel Aviv,80,60,1.54,2.84,2023-09-25,2021,EuroLeague,Fenerbahçe,10459,147.0,1656,1550
Olympiacos,Baskonia,81,85,2.47,1.68,2023-09-27,2021,EuroLeague,Olympiacos,11165,174.3,1631,1698
CSKA Moscow,Anadolu Efes,60,81,1.64,2.56,2023-09-29,2021,EuroLeague,CSKA Moscow,10629,148.1,1683,1606
Maccabi Tel Aviv,Panathinaikos,83,89,2.2,1.84,2023-10-01,2021,EuroLeague,Maccabi Tel Aviv,12960,180.6,1538,1569
Baskonia,Zalgiris Kaunas,63,108,3.5,1.4,2023-10-03,2021,EuroLeague,Baskonia,13561,179.6,1534,1693
Anadolu Efes,Bayern Munich,75,99,4.09,1.32,2023-10-05,2021,EuroLeague,Anadolu Efes,14572,182.7,1500,1696
Panathinaikos,Valencia,93,85,1.53,2.88,2023-10-07,2021,EuroLeague,Panathinaikos,12525,186.9,1665,1555
Zalgiris Kaunas,Milano,84,92,3.11,1.47,2023-10-09,2021,EuroLeague,Zalgiris Kaunas,13974,184.8,1551,1681
Bayern Munich,Partizan,73,63,2.02,1.98,2023-10-11,2021,EuroLeague,Bayern Munich,11418,142.8,1629,1633
Valencia,ASVEL,60,97,3.3,1.43,2023-10-13,2021,EuroLeague,Valencia,10963,164.8,1509,1654
Milano,Real Madrid,76,88,1.6,2.68,2023-10-15,2021,EuroLeague,Milano,9972,172.2,1622,1532
Partizan,Barcelona,82,69,1.97,2.04,2023-10-17,2021,EuroLeague,Partizan,14876,158.6,1563,1557
ASVEL,Fenerbahçe,86,87,1.83,2.21,2023-10-19,2021,EuroLeague,ASVEL,13170,181.7,1617,1584
Real Madrid,Olympiacos,108,100,1.53,2.88,2023-10-21,2021,EuroLeague,Real Madrid,10509,218.4,1630,1520
Barcelona,CSKA Moscow,61,81,2.25,1.8,2023-10-23,2021,EuroLeague,Barcelona,10513,149.1,1572,1611
Fenerbahçe,Maccabi Tel Aviv,60,80,2.28,1.78,2023-10-25,2021,EuroLeague,Fenerbahçe,11310,147.0,1517,1560
Olympiacos,Baskonia,97,96,2.3,1.77,2023-10-27,2021,EuroLeague,Olympiacos,12466,202.7,1579,1625
CSKA Moscow,Anadolu Efes,92,60,1.7,2.43,2023-10-29,2021,EuroLeague,CSKA Moscow,12611,159.6,1638,1576
Maccabi Tel Aviv,Panathinaikos,85,75,2.14,1.88,2023-10-31,2021,EuroLeague,Maccabi Tel Aviv,9948,168.0,1624,1646
Baskonia,Zalgiris Kaunas,70,72,1.8,2.25,2023-11-02,2021,EuroLeague,Baskonia,12030,149.1,1634,1595
Anadolu Efes,Bayern Munich,70,79,1.9,2.11,2023-11-04,2021,EuroLeague,Anadolu Efes,10697,156.5,1604,1586
Panathinaikos,Valencia,79,95,1.57,2.75,2023-11-06,2021,EuroLeague,Panathinaikos,13976,182.7,1676,1579
Zalgiris Kaunas,Milano,88,81,2.11,1.9,2023-11-08,2021,EuroLeague,Zalgiris Kaunas,14674,177.5,1652,1670
Bayern Munich,Partizan,69,97,1.85,2.18,2023-11-10,2021,EuroLeague,Bayern Munich,13241,174.3,1655,1626
Valencia,ASVEL,74,84,1.91,2.1,2023-11-12,2021,EuroLeague,Valencia,11504,165.9,1700,1683
Milano,Real Madrid,94,77,1.37,3.68,2023-11-14,2021,EuroLeague,Milano,10174,179.6,1671,1500
Partizan,Barcelona,96,76,2.04,1.96,2023-11-16,2021,EuroLeague,Partizan,10455,180.6,1584,1591
ASVEL,Fenerbahçe,72,74,1.97,2.04,2023-11-18,2021,EuroLeague,ASVEL,14187,153.3,1661,1655
Real Madrid,Olympiacos,73,69,2.58,1.63,2023-11-20,2021,EuroLeague,Real Madrid,12434,149.1,1586,1665
Barcelona,CSKA Moscow,84,88,2.74,1.58,2023-11-22,2021,EuroLeague,Barcelona,14151,180.6,1555,1651
Fenerbahçe,Maccabi Tel Aviv,89,92,2.07,1.93,2023-11-24,2021,EuroLeague,Fenerbahçe,11744,190.1,1609,1621
Olympiacos,Baskonia,62,78,2.17,1.86,2023-11-26,2021,EuroLeague,Olympiacos,10909,147.0,1564,1591
CSKA Moscow,Anadolu Efes,77,62,2.69,1.59,2023-11-28,2021,EuroLeague,CSKA Moscow,12121,146.0,1554,1645
Maccabi Tel Aviv,Panathinaikos,65,89,2.03,1.97,2023-11-30,2021,EuroLeague,Maccabi Tel Aviv,12535,161.7,1618,1623
Baskonia,Zalgiris Kaunas,85,60,1.83,2.21,2023-12-02,2021,EuroLeague,Baskonia,14410,152.2,1617,1584
Anadolu Efes,Bayern Munich,60,73,2.76,1.57,2023-12-04,2021,EuroLeague,Anadolu Efes,10860,139.7,1537,1635
Panathinaikos,Valencia,74,68,1.63,2.59,2023-12-06,2021,EuroLeague,Panathinaikos,14072,149.1,1668,1587
Zalgiris Kaunas,Milano,90,81,1.92,2.09,2023-12-08,2021,EuroLeague,Zalgiris Kaunas,12181,179.6,1664,1649
Bayern Munich,Partizan,90,84,2.57,1.64,2023-12-10,2021,EuroLeague,Bayern Munich,11039,182.7,1536,1614
Valencia,ASVEL,95,89,1.63,2.58,2023-12-12,2021,EuroLeague,Valencia,14535,193.2,1607,1528
Milano,Real Madrid,78,88,2.4,1.71,2023-12-14,2021,EuroLeague,Milano,11230,174.3,1614,1673
Partizan,Barcelona,79,62,1.91,2.1,2023-12-16,2021,EuroLeague,Partizan,9893,148.1,1599,1583
ASVEL,Fenerbahçe,81,65,1.78,2.28,2023-12-18,2021,EuroLeague,ASVEL,13872,153.3,1656,1613
Real Madrid,Olympiacos,78,60,1.63,2.59,2023-12-20,2021,EuroLeague,Real Madrid,12028,144.9,1696,1615
Barcelona,CSKA Moscow,92,90,1.68,2.48,2023-12-22,2021,EuroLeague,Barcelona,13134,191.1,1686,1618
Fenerbahçe,Maccabi Tel Aviv,99,87,2.08,1.93,2023-12-24,2021,EuroLeague,Fenerbahçe,14371,195.3,1514,1527
Olympiacos,Baskonia,101,78,1.75,2.34,2023-12-26,2021,EuroLeague,Olympiacos,11300,188.0,1555,1504
CSKA Moscow,Anadolu Efes,80,76,1.5,3.02,2023-12-28,2021,EuroLeague,CSKA Moscow,10857,163.8,1641,1519
Maccabi Tel Aviv,Panathinaikos,72,95,3.4,1.42,2023-12-30,2021,EuroLeague,Maccabi Tel Aviv,10290,175.3,1525,1677
Baskonia,Zalgiris Kaunas,80,63,1.78,2.28,2024-01-01,2021,EuroLeague,Baskonia,12650,150.2,1656,1613
Anadolu Efes,Bayern Munich,95,60,2.22,1.82,2024-01-03,2021,EuroLeague,Anadolu Efes,13481,162.8,1527,1562
Panathinaikos,Valencia,89,88,1.98,2.02,2024-01-05,2021,EuroLeague,Panathinaikos,14324,185.8,1622,1618
Zalgiris Kaunas,Milano,86,63,2.19,1.84,2024-01-07,2021,EuroLeague,Zalgiris Kaunas,11924,156.5,1520,1550
Bayern Munich,Partizan,86,65,2.02,1.98,2024-01-09,2021,EuroLeague,Bayern Munich,9486,158.6,1552,1555
Valencia,ASVEL,60,74,2.61,1.62,2024-01-11,2021,EuroLeague,Valencia,14254,140.7,1589,1672
Milano,Real Madrid,83,83,1.6,2.68,2024-01-13,2021,EuroLeague,Milano,14641,174.3,1656,1566
Partizan,Barcelona,103,76,1.55,2.83,2024-01-15,2021,EuroLeague,Partizan,14259,188.0,1683,1578
ASVEL,Fenerbahçe,75,77,2.81,1.55,2024-01-17,2021,EuroLeague,ASVEL,13610,159.6,1577,1680
Real Madrid,Olympiacos,74,81,2.31,1.76,2024-01-19,2021,EuroLeague,Real Madrid,12124,162.8,1514,1561
Barcelona,CSKA Moscow,78,71,1.6,2.66,2024-01-21,2021,EuroLeague,Barcelona,13840,156.5,1668,1580
Fenerbahçe,Maccabi Tel Aviv,101,72,1.68,2.47,2024-01-23,2021,EuroLeague,Fenerbahçe,12168,181.7,1626,1559
Olympiacos,Baskonia,98,63,1.66,2.51,2024-01-25,2021,EuroLeague,Olympiacos,11893,169.1,1594,1522
CSKA Moscow,Anadolu Efes,77,81,1.54,2.84,2024-01-27,2021,EuroLeague,CSKA Moscow,10144,165.9,1627,1521
Maccabi Tel Aviv,Panathinaikos,65,78,1.97,2.03,2024-01-29,2021,EuroLeague,Maccabi Tel Aviv,11800,150.2,1514,1509
Baskonia,Zalgiris Kaunas,82,81,1.51,2.95,2024-01-31,2021,EuroLeague,Baskonia,13316,171.2,1659,1543
Anadolu Efes,Bayern Munich,108,87,2.4,1.72,2024-02-02,2021,EuroLeague,Anadolu Efes,12602,204.8,1623,1681
Panathinaikos,Valencia,60,70,2.4,1.72,2024-02-04,2021,EuroLeague,Panathinaikos,12133,136.5,1577,1635
Zalgiris Kaunas,Milano,100,77,2.01,1.99,2024-02-06,2021,EuroLeague,Zalgiris Kaunas,13419,185.8,1694,1696
Bayern Munich,Partizan,89,81,1.4,3.51,2024-02-08,2021,EuroLeague,Bayern Munich,12684,178.5,1662,1502
Valencia,ASVEL,70,86,2.44,1.7,2024-02-10,2021,EuroLeague,Valencia,11150,163.8,1608,1671
Milano,Real Madrid,85,69,1.91,2.1,2024-02-12,2021,EuroLeague,Milano,13800,161.7,1538,1521
Partizan,Barcelona,85,72,1.84,2.2,2024-02-14,2021,EuroLeague,Partizan,12041,164.8,1638,1607
ASVEL,Fenerbahçe,71,62,3.53,1.4,2024-02-16,2021,EuroLeague,ASVEL,12821,139.7,1522,1683
Real Madrid,Olympiacos,84,83,2.27,1.79,2024-02-18,2021,EuroLeague,Real Madrid,13715,175.3,1638,1679
Barcelona,CSKA Moscow,60,90,2.3,1.77,2024-02-20,2021,EuroLeague,Barcelona,10096,157.5,1648,1694
Fenerbahçe,Maccabi Tel Aviv,90,67,1.45,3.2,2024-02-22,2021,EuroLeague,Fenerbahçe,9341,164.8,1670,1533
Olympiacos,Baskonia,82,76,2.27,1.79,2024-02-24,2021,EuroLeague,Olympiacos,13587,165.9,1587,1628
CSKA Moscow,Anadolu Efes,70,82,2.14,1.88,2024-02-26,2021,EuroLeague,CSKA Moscow,13023,159.6,1502,1525
Maccabi Tel Aviv,Panathinaikos,84,60,1.74,2.35,2024-02-28,2021,EuroLeague,Maccabi Tel Aviv,9170,151.2,1617,1565
Baskonia,Zalgiris Kaunas,60,109,3.01,1.5,2024-03-01,2021,EuroLeague,Baskonia,9753,177.5,1512,1633
Anadolu Efes,Bayern Munich,81,68,1.66,2.51,2024-03-03,2021,EuroLeague,Anadolu Efes,12103,156.5,1693,1621
Panathinaikos,Valencia,73,70,1.93,2.08,2024-03-05,2021,EuroLeague,Panathinaikos,14433,150.2,1517,1504
Zalgiris Kaunas,Milano,92,76,1.84,2.19,2024-03-07,2021,EuroLeague,Zalgiris Kaunas,13518,176.4,1622,1592
Bayern Munich,Partizan,70,93,2.56,1.64,2024-03-09,2021,EuroLeague,Bayern Munich,12288,171.2,1573,1650
Valencia,ASVEL,92,107,1.76,2.32,2024-03-11,2021,EuroLeague,Valencia,9068,209.0,1577,1529
Milano,Real Madrid,95,96,2.36,1.73,2024-03-13,2021,EuroLeague,Milano,13915,200.6,1607,1661
Partizan,Barcelona,86,91,1.97,2.04,2024-03-15,2021,EuroLeague,Partizan,14754,185.8,1525,1519
ASVEL,Fenerbahçe,64,94,1.5,3.02,2024-03-17,2021,EuroLeague,ASVEL,11883,165.9,1662,1540
Real Madrid,Olympiacos,75,91,1.8,2.25,2024-03-19,2021,EuroLeague,Real Madrid,10525,174.3,1560,1521
Barcelona,CSKA Moscow,65,77,2.58,1.63,2024-03-21,2021,EuroLeague,Barcelona,11965,149.1,1570,1649
Fenerbahçe,Maccabi Tel Aviv,73,93,2.44,1.7,2024-03-23,2021,EuroLeague,Fenerbahçe,11305,174.3,1637,1700
Olympiacos,Baskonia,84,68,1.79,2.27,2024-03-25,2021,EuroLeague,Olympiacos,10300,159.6,1545,1504
CSKA Moscow,Anadolu Efes,82,77,1.62,2.62,2024-03-27,2021,EuroLeague,CSKA Moscow,14871,167.0,1657,1573
Maccabi Tel Aviv,Panathinaikos,61,75,1.72,2.38,2024-03-29,2021,EuroLeague,Maccabi Tel Aviv,10209,142.8,1643,1587
Baskonia,Zalgiris Kaunas,75,72,2.66,1.6,2024-03-31,2021,EuroLeague,Baskonia,14102,154.3,1539,1627
Anadolu Efes,Bayern Munich,103,81,1.89,2.13,2024-04-02,2021,EuroLeague,Anadolu Efes,12384,193.2,1693,1672
Panathinaikos,Valencia,77,73,2.76,1.57,2024-04-04,2021,EuroLeague,Panathinaikos,14625,157.5,1592,1690
Zalgiris Kaunas,Milano,63,90,2.18,1.85,2024-04-06,2021,EuroLeague,Zalgiris Kaunas,9995,160.7,1617,1646
Bayern Munich,Partizan,60,80,2.2,1.83,2024-04-08,2021,EuroLeague,Bayern Munich,9214,147.0,1531,1563
Valencia,ASVEL,85,78,1.5,3.02,2024-04-10,2021,EuroLeague,Valencia,11475,171.2,1683,1561
Milano,Real Madrid,88,88,1.85,2.17,2024-04-12,2021,EuroLeague,Milano,14155,184.8,1601,1573
Partizan,Barcelona,77,86,2.09,1.92,2024-04-14,2021,EuroLeague,Partizan,14724,171.2,1593,1608
ASVEL,Fenerbahçe,72,81,2.2,1.83,2024-04-16,2021,EuroLeague,ASVEL,9217,160.7,1545,1577
Real Madrid,Olympiacos,73,64,2.04,1.96,2024-04-18,2021,EuroLeague,Real Madrid,9536,143.8,1679,1686
Barcelona,CSKA Moscow,94,84,2.58,1.63,2024-04-20,2021,EuroLeague,Barcelona,9812,186.9,1598,1678
Fenerbahçe,Maccabi Tel Aviv,60,75,2.8,1.56,2024-04-22,2021,EuroLeague,Fenerbahçe,10282,141.8,1525,1627
Olympiacos,Baskonia,89,76,1.91,2.1,2024-04-24,2021,EuroLeague,Olympiacos,14926,173.2,1616,1599
CSKA Moscow,Anadolu Efes,74,82,1.81,2.23,2024-04-26,2021,EuroLeague,CSKA Moscow,11472,163.8,1698,1662
Maccabi Tel Aviv,Panathinaikos,87,77,1.85,2.17,2024-04-28,2021,EuroLeague,Maccabi Tel Aviv,12615,172.2,1611,1583
Baskonia,Zalgiris Kaunas,78,72,2.76,1.57,2024-04-30,2021,EuroLeague,Baskonia,12982,157.5,1581,1679
Anadolu Efes,Bayern Munich,75,85,3.09,1.48,2024-05-02,2021,EuroLeague,Anadolu Efes,13259,168.0,1528,1656
Panathinaikos,Valencia,60,91,2.09,1.92,2024-05-04,2021,EuroLeague,Panathinaikos,12911,158.6,1507,1522
Zalgiris Kaunas,Milano,70,81,2.17,1.85,2024-05-06,2021,EuroLeague,Zalgiris Kaunas,13111,158.6,1606,1634
Bayern Munich,Partizan,79,66,1.47,3.15,2024-05-08,2021,EuroLeague,Bayern Munich,14683,152.2,1686,1553
Valencia,ASVEL,93,68,1.99,2.01,2024-05-10,2021,EuroLeague,Valencia,14482,169.1,1652,1651
Milano,Real Madrid,60,98,3.51,1.4,2024-05-12,2021,EuroLeague,Milano,10412,165.9,1518,1678
Partizan,Barcelona,76,82,1.7,2.43,2024-05-14,2021,EuroLeague,Partizan,12998,165.9,1593,1531
ASVEL,Fenerbahçe,70,77,2.64,1.61,2024-05-16,2021,EuroLeague,ASVEL,12290,154.3,1568,1654
Real Madrid,Olympiacos,76,85,2.27,1.79,2024-05-18,2021,EuroLeague,Real Madrid,14714,169.1,1526,1568
Barcelona,CSKA Moscow,74,76,1.85,2.18,2024-05-20,2021,EuroLeague,Barcelona,11174,157.5,1608,1579
Fenerbahçe,Maccabi Tel Aviv,85,88,2.17,1.85,2024-05-22,2021,EuroLeague,Fenerbahçe,12584,181.7,1652,1680
Olympiacos,Baskonia,80,94,2.34,1.75,2024-05-24,2021,EuroLeague,Olympiacos,12018,182.7,1556,1607
CSKA Moscow,Anadolu Efes,88,72,1.48,3.08,2024-05-26,2021,EuroLeague,CSKA Moscow,13558,168.0,1678,1551
Maccabi Tel Aviv,Panathinaikos,86,81,2.07,1.93,2024-05-28,2021,EuroLeague,Maccabi Tel Aviv,13131,175.3,1575,1587
Baskonia,Zalgiris Kaunas,79,94,1.72,2.38,2024-05-30,2021,EuroLeague,Baskonia,14274,181.7,1607,1551
Anadolu Efes,Bayern Munich,60,108,3.44,1.41,2024-06-01,2021,EuroLeague,Anadolu Efes,14746,176.4,1540,1695
Panathinaikos,Valencia,90,74,1.69,2.45,2024-06-03,2021,EuroLeague,Panathinaikos,13156,172.2,1690,1626
Zalgiris Kaunas,Milano,89,89,1.58,2.74,2024-06-05,2021,EuroLeague,Zalgiris Kaunas,14564,186.9,1607,1511
Bayern Munich,Partizan,93,93,3.48,1.4,2024-06-07,2021,EuroLeague,Bayern Munich,10944,195.3,1514,1672
Valencia,ASVEL,62,81,2.22,1.82,2024-06-09,2021,EuroLeague,Valencia,13095,150.2,1536,1570
Milano,Real Madrid,83,60,1.51,2.95,2024-06-11,2021,EuroLeague,Milano,9990,150.2,1688,1572
Partizan,Barcelona,86,80,1.58,2.72,2024-06-13,2021,EuroLeague,Partizan,9242,174.3,1649,1555
ASVEL,Fenerbahçe,79,95,1.67,2.5,2024-06-15,2021,EuroLeague,ASVEL,12423,182.7,1625,1555
Real Madrid,Olympiacos,108,77,1.62,2.6,2024-06-17,2021,EuroLeague,Real Madrid,12912,194.2,1620,1538
Barcelona,CSKA Moscow,83,79,1.76,2.31,2024-06-19,2021,EuroLeague,Barcelona,13529,170.1,1629,1582
Fenerbahçe,Maccabi Tel Aviv,78,76,1.51,2.97,2024-06-21,2021,EuroLeague,Fenerbahçe,14237,161.7,1677,1559
Olympiacos,Baskonia,96,60,1.41,3.43,2024-06-23,2021,EuroLeague,Olympiacos,11182,163.8,1664,1510
CSKA Moscow,Anadolu Efes,60,95,3.25,1.44,2024-06-25,2021,EuroLeague,CSKA Moscow,12494,162.8,1549,1690
Maccabi Tel Aviv,Panathinaikos,60,72,2.22,1.82,2024-06-27,2021,EuroLeague,Maccabi Tel Aviv,9120,138.6,1629,1664
Baskonia,Zalgiris Kaunas,77,64,2.02,1.98,2024-06-29,2021,EuroLeague,Baskonia,13492,148.1,1631,1635
Anadolu Efes,Bayern Munich,69,66,3.01,1.5,2024-07-01,2021,EuroLeague,Anadolu Efes,11205,141.8,1545,1666
Panathinaikos,Valencia,89,84,1.83,2.2,2024-07-03,2021,EuroLeague,Panathinaikos,11968,181.7,1692,1660
Zalgiris Kaunas,Milano,106,60,1.43,3.33,2024-07-05,2021,EuroLeague,Zalgiris Kaunas,11779,174.3,1650,1503
Bayern Munich,Partizan,72,74,2.92,1.52,2024-07-07,2021,EuroLeague,Bayern Munich,12230,153.3,1582,1695
Valencia,ASVEL,76,107,2.45,1.69,2024-07-09,2021,EuroLeague,Valencia,9064,192.2,1595,1659
Milano,Real Madrid,75,65,3.1,1.48,2024-07-11,2021,EuroLeague,Milano,10333,147.0,1531,1660
Partizan,Barcelona,83,69,1.86,2.16,2024-07-13,2021,EuroLeague,Partizan,14229,159.6,1680,1654
ASVEL,Fenerbahçe,96,83,1.63,2.59,2024-07-15,2021,EuroLeague,ASVEL,12227,188.0,1649,1568
Real Madrid,Olympiacos,89,78,2.02,1.98,2024-07-17,2021,EuroLeague,Real Madrid,9522,175.3,1545,1549
Barcelona,CSKA Moscow,90,95,2.63,1.61,2024-07-19,2021,EuroLeague,Barcelona,12429,194.2,1586,1671
Fenerbahçe,Maccabi Tel Aviv,61,87,3.1,1.48,2024-07-21,2021,EuroLeague,Fenerbahçe,11832,155.4,1544,1673
Olympiacos,Baskonia,81,82,2.85,1.54,2024-07-23,2021,EuroLeague,Olympiacos,14940,171.2,1546,1653
CSKA Moscow,Anadolu Efes,103,83,1.95,2.05,2024-07-25,2021,EuroLeague,CSKA Moscow,14414,195.3,1590,1581
Maccabi Tel Aviv,Panathinaikos,79,71,2.13,1.89,2024-07-27,2021,EuroLeague,Maccabi Tel Aviv,9486,157.5,1677,1698
Baskonia,Zalgiris Kaunas,83,74,2.63,1.61,2024-07-29,2021,EuroLeague,Baskonia,12450,164.8,1523,1608
Anadolu Efes,Bayern Munich,86,95,1.87,2.15,2024-07-31,2021,EuroLeague,Anadolu Efes,11611,190.1,1583,1558
Panathinaikos,Valencia,84,86,2.17,1.85,2024-08-02,2021,EuroLeague,Panathinaikos,11439,178.5,1555,1583
Zalgiris Kaunas,Milano,83,85,2.04,1.96,2024-08-04,2021,EuroLeague,Zalgiris Kaunas,13345,176.4,1504,1511
Bayern Munich,Partizan,92,94,2.86,1.54,2024-08-06,2021,EuroLeague,Bayern Munich,9081,195.3,1540,1648
Valencia,ASVEL,86,73,1.83,2.2,2024-08-08,2021,EuroLeague,Valencia,11813,167.0,1553,1521
Milano,Real Madrid,73,67,2.34,1.75,2024-08-10,2021,EuroLeague,Milano,12569,147.0,1640,1691
Partizan,Barcelona,87,91,2.44,1.7,2024-08-12,2021,EuroLeague,Partizan,11453,186.9,1526,1589
ASVEL,Fenerbahçe,96,60,1.53,2.89,2024-08-14,2021,EuroLeague,ASVEL,13379,163.8,1683,1572
Real Madrid,Olympiacos,77,95,2.67,1.6,2024-08-16,2021,EuroLeague,Real Madrid,13146,180.6,1554,1643
Barcelona,CSKA Moscow,72,65,2.38,1.72,2024-08-18,2021,EuroLeague,Barcelona,11783,143.8,1515,1571
Fenerbahçe,Maccabi Tel Aviv,83,60,1.33,3.99,2024-08-20,2021,EuroLeague,Fenerbahçe,12678,150.2,1700,1510
Olympiacos,Baskonia,78,66,2.68,1.6,2024-08-22,2021,EuroLeague,Olympiacos,9678,151.2,1581,1671
CSKA Moscow,Anadolu Efes,87,73,2.24,1.8,2024-08-24,2021,EuroLeague,CSKA Moscow,12349,168.0,1602,1640
Maccabi Tel Aviv,Panathinaikos,95,88,2.53,1.65,2024-08-26,2021,EuroLeague,Maccabi Tel Aviv,9301,192.2,1514,1588
Baskonia,Zalgiris Kaunas,96,60,1.93,2.07,2024-08-28,2021,EuroLeague,Baskonia,10474,163.8,1562,1550
Anadolu Efes,Bayern Munich,84,69,1.93,2.08,2024-08-30,2021,EuroLeague,Anadolu Efes,10256,160.7,1641,1628
Panathinaikos,Valencia,71,78,1.76,2.31,2024-09-01,2021,EuroLeague,Panathinaikos,12845,156.5,1548,1501
Zalgiris Kaunas,Milano,83,63,1.79,2.27,2024-09-03,2021,EuroLeague,Zalgiris Kaunas,9610,153.3,1591,1549
Bayern Munich,Partizan,78,81,1.98,2.02,2024-09-05,2021,EuroLeague,Bayern Munich,9881,167.0,1528,1524
Valencia,ASVEL,88,98,1.97,2.03,2024-09-07,2021,EuroLeague,Valencia,11042,195.3,1550,1545
Milano,Real Madrid,65,63,2.27,1.79,2024-09-09,2021,EuroLeague,Milano,9744,134.4,1520,1562
Partizan,Barcelona,86,76,1.73,2.36,2024-09-11,2021,EuroLeague,Partizan,12116,170.1,1624,1570
ASVEL,Fenerbahçe,77,87,1.69,2.45,2024-09-13,2021,EuroLeague,ASVEL,13685,172.2,1594,1530
Real Madrid,Olympiacos,76,75,1.88,2.14,2024-09-15,2021,EuroLeague,Real Madrid,9686,158.6,1580,1557
Barcelona,CSKA Moscow,74,83,1.61,2.64,2024-09-17,2021,EuroLeague,Barcelona,11839,164.8,1698,1612
Fenerbahçe,Maccabi Tel Aviv,77,70,1.89,2.13,2024-09-19,2021,EuroLeague,Fenerbahçe,12240,154.3,1632,1611
Olympiacos,Baskonia,77,71,3.37,1.42,2024-09-21,2021,EuroLeague,Olympiacos,11726,155.4,1528,1678
CSKA Moscow,Anadolu Efes,77,90,2.91,1.52,2024-09-23,2021,EuroLeague,CSKA Moscow,13028,175.3,1509,1621
Maccabi Tel Aviv,Panathinaikos,60,88,1.75,2.33,2024-09-25,2021,EuroLeague,Maccabi Tel Aviv,14864,155.4,1583,1533
Baskonia,Zalgiris Kaunas,86,74,1.78,2.29,2024-09-27,2021,EuroLeague,Baskonia,11358,168.0,1673,1629
Anadolu Efes,Bayern Munich,67,90,2.04,1.97,2024-09-29,2021,EuroLeague,Anadolu Efes,10185,164.8,1541,1547
Panathinaikos,Valencia,75,85,3.2,1.45,2024-10-01,2021,EuroLeague,Panathinaikos,10305,168.0,1559,1696
Zalgiris Kaunas,Milano,60,93,3.04,1.49,2024-10-03,2021,EuroLeague,Zalgiris Kaunas,10433,160.7,1568,1692
Bayern Munich,Partizan,67,82,3.3,1.43,2024-10-05,2021,EuroLeague,Bayern Munich,13376,156.5,1536,1681
Valencia,ASVEL,75,85,2.8,1.56,2024-10-07,2021,EuroLeague,Valencia,14070,168.0,1524,1626
Milano,Real Madrid,81,77,2.04,1.97,2024-10-09,2021,EuroLeague,Milano,10328,165.9,1595,1601
Partizan,Barcelona,63,101,2.4,1.72,2024-10-11,2021,EuroLeague,Partizan,12417,172.2,1623,1681
ASVEL,Fenerbahçe,96,60,1.51,2.97,2024-10-13,2021,EuroLeague,ASVEL,9194,163.8,1646,1528
Real Madrid,Olympiacos,92,104,2.92,1.52,2024-10-15,2021,EuroLeague,Real Madrid,13995,205.8,1576,1689
Barcelona,CSKA Moscow,73,71,1.97,2.03,2024-10-17,2021,EuroLeague,Barcelona,11722,151.2,1581,1576
Fenerbahçe,Maccabi Tel Aviv,60,60,2.89,1.53,2024-10-19,2021,EuroLeague,Fenerbahçe,9759,126.0,1520,1631
Olympiacos,Baskonia,86,98,2.86,1.54,2024-10-21,2021,EuroLeague,Olympiacos,11974,193.2,1523,1631
CSKA Moscow,Anadolu Efes,84,76,1.68,2.46,2024-10-23,2021,EuroLeague,CSKA Moscow,9826,168.0,1575,1509
Maccabi Tel Aviv,Panathinaikos,60,63,2.42,1.7,2024-10-25,2021,EuroLeague,Maccabi Tel Aviv,13685,129.2,1615,1676
Baskonia,Zalgiris Kaunas,76,93,1.34,3.92,2024-10-27,2021,EuroLeague,Baskonia,14769,177.5,1692,1506
Anadolu Efes,Bayern Munich,76,77,1.41,3.44,2024-10-29,2021,EuroLeague,Anadolu Efes,12842,160.7,1679,1524
Panathinaikos,Valencia,64,86,1.61,2.63,2024-10-31,2021,EuroLeague,Panathinaikos,13017,157.5,1690,1605
Zalgiris Kaunas,Milano,82,90,1.77,2.3,2024-11-02,2021,EuroLeague,Zalgiris Kaunas,11937,180.6,1656,1611
Bayern Munich,Partizan,99,70,1.91,2.1,2024-11-04,2021,EuroLeague,Bayern Munich,12592,177.5,1539,1523
Valencia,ASVEL,60,107,3.15,1.47,2024-11-06,2021,EuroLeague,Valencia,13187,175.3,1541,1674
Milano,Real Madrid,63,74,2.07,1.93,2024-11-08,2021,EuroLeague,Milano,14477,143.8,1596,1608
Partizan,Barcelona,71,96,1.88,2.14,2024-11-10,2021,EuroLeague,Partizan,11166,175.3,1693,1670
ASVEL,Fenerbahçe,88,79,2.09,1.92,2024-11-12,2021,EuroLeague,ASVEL,12576,175.3,1667,1682
Real Madrid,Olympiacos,73,83,2.62,1.62,2024-11-14,2021,EuroLeague,Real Madrid,13300,163.8,1517,1601
Barcelona,CSKA Moscow,60,87,3.14,1.47,2024-11-16,2021,EuroLeague,Barcelona,14363,154.3,1567,1699
Fenerbahçe,Maccabi Tel Aviv,85,75,1.85,2.18,2024-11-18,2021,EuroLeague,Fenerbahçe,9329,168.0,1627,1598
Olympiacos,Baskonia,84,73,2.35,1.74,2024-11-20,2021,EuroLeague,Olympiacos,14971,164.8,1633,1685
CSKA Moscow,Anadolu Efes,71,90,2.05,1.95,2024-11-22,2021,EuroLeague,CSKA Moscow,9163,169.1,1569,1577
Maccabi Tel Aviv,Panathinaikos,83,81,1.95,1.95,2024-11-24,2021,EuroLeague,Maccabi Tel Aviv,12752,172.2,1538,1538
Baskonia,Zalgiris Kaunas,92,105,3.39,1.42,2024-11-26,2021,EuroLeague,Baskonia,14894,206.9,1511,1662
Anadolu Efes,Bayern Munich,62,82,3.0,1.5,2024-11-28,2021,EuroLeague,Anadolu Efes,13908,151.2,1549,1669
Panathinaikos,Valencia,73,60,1.62,2.61,2024-11-30,2021,EuroLeague,Panathinaikos,10412,139.7,1617,1534
Zalgiris Kaunas,Milano,60,87,2.3,1.77,2024-12-02,2021,EuroLeague,Zalgiris Kaunas,11570,154.3,1583,1628
Bayern Munich,Partizan,87,87,1.92,2.08,2024-12-04,2021,EuroLeague,Bayern Munich,14577,182.7,1666,1652
Valencia,ASVEL,63,90,2.3,1.77,2024-12-06,2021,EuroLeague,Valencia,10887,160.7,1577,1622
Milano,Real Madrid,87,71,3.19,1.46,2024-12-08,2021,EuroLeague,Milano,14445,165.9,1513,1649
Partizan,Barcelona,105,71,1.57,2.76,2024-12-10,2021,EuroLeague,Partizan,11509,184.8,1623,1525
ASVEL,Fenerbahçe,60,63,2.18,1.85,2024-12-12,2021,EuroLeague,ASVEL,14710,129.2,1610,1639
Real Madrid,Olympiacos,104,80,1.76,2.32,2024-12-14,2021,EuroLeague,Real Madrid,13762,193.2,1578,1530
Barcelona,CSKA Moscow,76,73,1.5,3.01,2024-12-16,2021,EuroLeague,Barcelona,9803,156.5,1653,1532
Fenerbahçe,Maccabi Tel Aviv,92,76,2.31,1.76,2024-12-18,2021,EuroLeague,Fenerbahçe,11714,176.4,1515,1562
Olympiacos,Baskonia,74,86,1.97,2.03,2024-12-20,2021,EuroLeague,Olympiacos,9665,168.0,1686,1681
CSKA Moscow,Anadolu Efes,66,89,2.01,1.99,2024-12-22,2021,EuroLeague,CSKA Moscow,9771,162.8,1680,1682
Maccabi Tel Aviv,Panathinaikos,61,91,2.43,1.7,2024-12-24,2021,EuroLeague,Maccabi Tel Aviv,9502,159.6,1626,1688
Baskonia,Zalgiris Kaunas,73,79,1.63,2.59,2024-12-26,2021,EuroLeague,Baskonia,9386,159.6,1644,1563
Anadolu Efes,Bayern Munich,92,60,1.53,2.89,2024-12-28,2021,EuroLeague,Anadolu Efes,12170,159.6,1672,1561
Panathinaikos,Valencia,74,104,1.77,2.3,2024-12-30,2021,EuroLeague,Panathinaikos,9147,186.9,1658,1613
Zalgiris Kaunas,Milano,94,84,1.39,3.54,2025-01-01,2021,EuroLeague,Zalgiris Kaunas,9065,186.9,1691,1529
Bayern Munich,Partizan,72,82,2.84,1.54,2025-01-03,2021,EuroLeague,Bayern Munich,12850,161.7,1590,1696
Valencia,ASVEL,79,60,1.93,2.07,2025-01-05,2021,EuroLeague,Valencia,12713,146.0,1686,1674
Milano,Real Madrid,60,81,3.87,1.35,2025-01-07,2021,EuroLeague,Milano,11524,148.1,1500,1683
Partizan,Barcelona,87,65,2.81,1.55,2025-01-09,2021,EuroLeague,Partizan,10404,159.6,1554,1657
ASVEL,Fenerbahçe,91,89,1.72,2.4,2025-01-11,2021,EuroLeague,ASVEL,13886,189.0,1598,1540
Real Madrid,Olympiacos,89,97,2.79,1.56,2025-01-13,2021,EuroLeague,Real Madrid,10614,195.3,1544,1645
Barcelona,CSKA Moscow,94,98,1.48,3.08,2025-01-15,2021,EuroLeague,Barcelona,13516,201.6,1685,1558
Fenerbahçe,Maccabi Tel Aviv,81,65,1.53,2.89,2025-01-17,2021,EuroLeague,Fenerbahçe,10975,153.3,1651,1540
Olympiacos,Baskonia,84,83,2.37,1.73,2025-01-19,2021,EuroLeague,Olympiacos,12583,175.3,1516,1571
CSKA Moscow,Anadolu Efes,79,84,2.81,1.55,2025-01-21,2021,EuroLeague,CSKA Moscow,9905,171.2,1566,1669
Maccabi Tel Aviv,Panathinaikos,60,97,2.66,1.6,2025-01-23,2021,EuroLeague,Maccabi Tel Aviv,13564,164.8,1593,1681
Baskonia,Zalgiris Kaunas,60,67,2.2,1.83,2025-01-25,2021,EuroLeague,Baskonia,11635,133.3,1637,1669
Anadolu Efes,Bayern Munich,85,77,1.75,2.33,2025-01-27,2021,EuroLeague,Anadolu Efes,12736,170.1,1589,1540
Panathinaikos,Valencia,92,87,3.56,1.39,2025-01-29,2021,EuroLeague,Panathinaikos,9188,188.0,1536,1699
Zalgiris Kaunas,Milano,78,87,2.02,1.98,2025-01-31,2021,EuroLeague,Zalgiris Kaunas,13840,173.2,1525,1529
Bayern Munich,Partizan,70,81,2.4,1.72,2025-02-02,2021,EuroLeague,Bayern Munich,9945,158.6,1591,1649
Valencia,ASVEL,80,62,1.57,2.77,2025-02-04,2021,EuroLeague,Valencia,11836,149.1,1695,1596
Milano,Real Madrid,88,85,1.83,2.21,2025-02-06,2021,EuroLeague,Milano,11854,181.7,1625,1592
Partizan,Barcelona,63,87,3.47,1.41,2025-02-08,2021,EuroLeague,Partizan,9534,157.5,1529,1686
ASVEL,Fenerbahçe,71,75,2.28,1.78,2025-02-10,2021,EuroLeague,ASVEL,14569,153.3,1555,1598
Real Madrid,Olympiacos,82,67,1.6,2.68,2025-02-12,2021,EuroLeague,Real Madrid,10239,156.5,1679,1589
Barcelona,CSKA Moscow,92,79,1.68,2.46,2025-02-14,2021,EuroLeague,Barcelona,9685,179.6,1619,1553
Fenerbahçe,Maccabi Tel Aviv,78,78,1.71,2.41,2025-02-16,2021,EuroLeague,Fenerbahçe,13275,163.8,1679,1619
Olympiacos,Baskonia,84,100,1.59,2.69,2025-02-18,2021,EuroLeague,Olympiacos,12338,193.2,1664,1573
CSKA Moscow,Anadolu Efes,98,99,2.89,1.53,2025-02-20,2021,EuroLeague,CSKA Moscow,12230,206.9,1517,1628
Maccabi Tel Aviv,Panathinaikos,92,69,1.76,2.31,2025-02-22,2021,EuroLeague,Maccabi Tel Aviv,13168,169.1,1696,1649
Baskonia,Zalgiris Kaunas,61,62,2.05,1.95,2025-02-24,2021,EuroLeague,Baskonia,12350,129.2,1636,1644
Anadolu Efes,Bayern Munich,81,68,1.54,2.85,2025-02-26,2021,EuroLeague,Anadolu Efes,14264,156.5,1678,1571
Panathinaikos,Valencia,64,87,2.14,1.88,2025-02-28,2021,EuroLeague,Panathinaikos,13293,158.6,1543,1565
Zalgiris Kaunas,Milano,78,95,2.18,1.85,2025-03-02,2021,EuroLeague,Zalgiris Kaunas,10588,181.7,1511,1540
Bayern Munich,Partizan,71,60,1.59,2.71,2025-03-04,2021,EuroLeague,Bayern Munich,12442,137.6,1607,1514
Valencia,ASVEL,60,67,1.9,2.11,2025-03-06,2021,EuroLeague,Valencia,12426,133.3,1616,1598
Milano,Real Madrid,107,66,1.69,2.45,2025-03-08,2021,EuroLeague,Milano,13875,181.7,1622,1558
Partizan,Barcelona,68,98,2.77,1.57,2025-03-10,2021,EuroLeague,Partizan,14435,174.3,1552,1651
ASVEL,Fenerbahçe,60,85,1.89,2.13,2025-03-12,2021,EuroLeague,ASVEL,14216,152.2,1699,1678
Real Madrid,Olympiacos,80,83,2.16,1.86,2025-03-14,2021,EuroLeague,Real Madrid,13317,171.2,1597,1623
Barcelona,CSKA Moscow,96,77,1.73,2.36,2025-03-16,2021,EuroLeague,Barcelona,11314,181.7,1662,1608
Fenerbahçe,Maccabi Tel Aviv,86,78,2.2,1.83,2025-03-18,2021,EuroLeague,Fenerbahçe,11080,172.2,1664,1696
Olympiacos,Baskonia,80,78,2.2,1.84,2025-03-20,2021,EuroLeague,Olympiacos,14295,165.9,1652,1683
CSKA Moscow,Anadolu Efes,78,79,2.7,1.59,2025-03-22,2021,EuroLeague,CSKA Moscow,9819,164.8,1516,1608
Maccabi Tel Aviv,Panathinaikos,78,66,2.61,1.62,2025-03-24,2021,EuroLeague,Maccabi Tel Aviv,12403,151.2,1612,1695
Baskonia,Zalgiris Kaunas,82,93,2.67,1.6,2025-03-26,2021,EuroLeague,Baskonia,9481,183.8,1540,1629
Anadolu Efes,Bayern Munich,82,95,2.66,1.6,2025-03-28,2021,EuroLeague,Anadolu Efes,10054,185.8,1513,1601
Panathinaikos,Valencia,82,91,1.88,2.14,2025-03-30,2021,EuroLeague,Panathinaikos,9732,181.7,1537,1514
Zalgiris Kaunas,Milano,60,67,2.1,1.91,2025-04-01,2021,EuroLeague,Zalgiris Kaunas,9332,133.3,1607,1623
Bayern Munich,Partizan,94,95,2.87,1.53,2025-04-03,2021,EuroLeague,Bayern Munich,13755,198.5,1580,1689
Valencia,ASVEL,77,75,1.65,2.55,2025-04-05,2021,EuroLeague,Valencia,12335,159.6,1637,1561
Milano,Real Madrid,91,63,1.47,3.13,2025-04-07,2021,EuroLeague,Milano,9698,161.7,1655,1524
Partizan,Barcelona,76,74,1.43,3.32,2025-04-09,2021,EuroLeague,Partizan,11396,157.5,1659,1513
ASVEL,Fenerbahçe,110,72,1.38,3.63,2025-04-11,2021,EuroLeague,ASVEL,11977,191.1,1689,1521
Real Madrid,Olympiacos,81,72,2.51,1.66,2025-04-13,2021,EuroLeague,Real Madrid,13110,160.7,1627,1699
Barcelona,CSKA Moscow,97,97,3.33,1.43,2025-04-15,2021,EuroLeague,Barcelona,11129,203.7,1552,1699
Fenerbahçe,Maccabi Tel Aviv,72,90,2.15,1.87,2025-04-17,2021,EuroLeague,Fenerbahçe,9707,170.1,1649,1673
Olympiacos,Baskonia,110,82,1.56,2.8,2025-04-19,2021,EuroLeague,Olympiacos,11629,201.6,1700,1598
CSKA Moscow,Anadolu Efes,90,60,1.97,2.03,2025-04-21,2021,EuroLeague,CSKA Moscow,9397,157.5,1511,1506
Maccabi Tel Aviv,Panathinaikos,76,60,1.52,2.93,2025-04-23,2021,EuroLeague,Maccabi Tel Aviv,11793,142.8,1651,1537
Baskonia,Zalgiris Kaunas,65,86,3.39,1.42,2025-04-25,2021,EuroLeague,Baskonia,12671,158.6,1504,1655
Anadolu Efes,Bayern Munich,88,73,1.57,2.77,2025-04-27,2021,EuroLeague,Anadolu Efes,14478,169.1,1696,1597
Panathinaikos,Valencia,82,60,2.66,1.6,2025-04-29,2021,EuroLeague,Panathinaikos,13559,149.1,1581,1669
Zalgiris Kaunas,Milano,66,94,1.61,2.63,2025-05-01,2021,EuroLeague,Zalgiris Kaunas,9463,168.0,1686,1601
Bayern Munich,Partizan,61,81,2.33,1.75,2025-05-03,2021,EuroLeague,Bayern Munich,13018,149.1,1542,1591
Valencia,ASVEL,107,70,2.35,1.74,2025-05-05,2021,EuroLeague,Valencia,12637,185.8,1513,1565
Milano,Real Madrid,71,91,2.86,1.54,2025-05-07,2021,EuroLeague,Milano,9941,170.1,1566,1674
Partizan,Barcelona,91,75,1.49,3.05,2025-05-09,2021,EuroLeague,Partizan,13127,174.3,1661,1536
ASVEL,Fenerbahçe,66,79,2.26,1.79,2025-05-11,2021,EuroLeague,ASVEL,14991,152.2,1651,1691
Real Madrid,Olympiacos,70,75,1.99,2.01,2025-05-13,2021,EuroLeague,Real Madrid,11831,152.2,1667,1665
Barcelona,CSKA Moscow,79,60,2.4,1.72,2025-05-15,2021,EuroLeague,Barcelona,9646,146.0,1584,1642
Fenerbahçe,Maccabi Tel Aviv,69,94,2.74,1.58,2025-05-17,2021,EuroLeague,Fenerbahçe,12776,171.2,1508,1604
Olympiacos,Baskonia,62,73,2.76,1.57,2025-05-19,2021,EuroLeague,Olympiacos,10255,141.8,1563,1661
CSKA Moscow,Anadolu Efes,72,70,2.61,1.62,2025-05-21,2021,EuroLeague,CSKA Moscow,13736,149.1,1555,1638
Maccabi Tel Aviv,Panathinaikos,77,76,1.77,2.3,2025-05-23,2021,EuroLeague,Maccabi Tel Aviv,10382,160.7,1597,1551
Baskonia,Zalgiris Kaunas,81,81,2.94,1.52,2025-05-25,2021,EuroLeague,Baskonia,13976,170.1,1508,1623
Anadolu Efes,Bayern Munich,67,66,2.52,1.66,2025-05-27,2021,EuroLeague,Anadolu Efes,9839,139.7,1538,1611
Panathinaikos,Valencia,87,60,2.14,1.88,2025-05-29,2021,EuroLeague,Panathinaikos,11684,154.3,1502,1524
Zalgiris Kaunas,Milano,78,99,2.28,1.78,2025-05-31,2021,EuroLeague,Zalgiris Kaunas,13916,185.8,1541,1584
Bayern Munich,Partizan,74,93,1.6,2.66,2025-06-02,2021,EuroLeague,Bayern Munich,11540,175.3,1599,1511
Valencia,ASVEL,84,97,1.8,2.25,2025-06-04,2021,EuroLeague,Valencia,9409,190.1,1597,1558
Milano,Real Madrid,117,87,2.36,1.73,2025-06-06,2021,EuroLeague,Milano,13330,214.2,1603,1657
Partizan,Barcelona,86,73,1.51,2.95,2025-06-08,2021,EuroLeague,Partizan,10241,167.0,1672,1556
ASVEL,Fenerbahçe,71,88,1.84,2.19,2025-06-10,2021,EuroLeague,ASVEL,9370,167.0,1642,1612
Real Madrid,Olympiacos,93,67,2.04,1.96,2025-06-12,2021,EuroLeague,Real Madrid,9682,168.0,1639,1646
Barcelona,CSKA Moscow,95,73,1.85,2.17,2025-06-14,2021,EuroLeague,Barcelona,13069,176.4,1640,1612
Fenerbahçe,Maccabi Tel Aviv,100,75,2.14,1.88,2025-06-16,2021,EuroLeague,Fenerbahçe,9583,183.8,1616,1638
Olympiacos,Baskonia,80,72,1.67,2.5,2025-06-18,2021,EuroLeague,Olympiacos,9426,159.6,1694,1624
CSKA Moscow,Anadolu Efes,60,97,2.03,1.97,2025-06-20,2021,EuroLeague,CSKA Moscow,10715,164.8,1687,1692
Maccabi Tel Aviv,Panathinaikos,61,72,2.56,1.64,2025-06-22,2021,EuroLeague,Maccabi Tel Aviv,11782,139.7,1604,1681
Baskonia,Zalgiris Kaunas,77,94,1.94,2.07,2025-06-24,2021,EuroLeague,Baskonia,13621,179.6,1667,1656
Anadolu Efes,Bayern Munich,78,100,2.06,1.94,2025-06-26,2021,EuroLeague,Anadolu Efes,13518,186.9,1574,1584
Panathinaikos,Valencia,86,86,1.77,2.3,2025-06-28,2021,EuroLeague,Panathinaikos,11007,180.6,1647,1602
Zalgiris Kaunas,Milano,69,78,1.78,2.29,2025-06-30,2021,EuroLeague,Zalgiris Kaunas,9657,154.3,1584,1540
Bayern Munich,Partizan,85,60,1.56,2.78,2025-07-02,2021,EuroLeague,Bayern Munich,12630,152.2,1641,1541
Valencia,ASVEL,94,87,1.63,2.58,2025-07-04,2021,EuroLeague,Valencia,10941,190.1,1671,1591
Milano,Real Madrid,84,77,2.14,1.88,2025-07-06,2021,EuroLeague,Milano,14114,169.1,1504,1527
Partizan,Barcelona,87,60,2.21,1.83,2025-07-08,2021,EuroLeague,Partizan,11952,154.3,1512,1545
ASVEL,Fenerbahçe,79,86,1.87,2.15,2025-07-10,2021,EuroLeague,ASVEL,9688,173.2,1572,1547
Real Madrid,Olympiacos,69,68,2.68,1.6,2025-07-12,2021,EuroLeague,Real Madrid,13991,143.8,1547,1637
Barcelona,CSKA Moscow,94,84,1.9,2.11,2025-07-14,2021,EuroLeague,Barcelona,11873,186.9,1649,1631
Fenerbahçe,Maccabi Tel Aviv,74,88,1.71,2.41,2025-07-16,2021,EuroLeague,Fenerbahçe,10124,170.1,1667,1607
Olympiacos,Baskonia,70,77,1.89,2.13,2025-07-18,2021,EuroLeague,Olympiacos,11671,154.3,1614,1593
CSKA Moscow,Anadolu Efes,85,84,2.8,1.56,2025-07-20,2021,EuroLeague,CSKA Moscow,12966,177.5,1569,1671
Maccabi Tel Aviv,Panathinaikos,94,103,1.92,2.09,2025-07-22,2021,EuroLeague,Maccabi Tel Aviv,10697,206.9,1629,1614
Baskonia,Zalgiris Kaunas,85,87,2.35,1.74,2025-07-24,2021,EuroLeague,Baskonia,11700,180.6,1531,1583
Anadolu Efes,Bayern Munich,66,110,2.75,1.57,2025-07-26,2021,EuroLeague,Anadolu Efes,14463,184.8,1590,1687
Panathinaikos,Valencia,60,87,2.24,1.8,2025-07-28,2021,EuroLeague,Panathinaikos,9396,154.3,1567,1605
Zalgiris Kaunas,Milano,77,60,2.04,1.96,2025-07-30,2021,EuroLeague,Zalgiris Kaunas,10906,143.8,1669,1676
Bayern Munich,Partizan,72,69,1.92,2.09,2025-08-01,2021,EuroLeague,Bayern Munich,11128,148.1,1644,1629
Valencia,ASVEL,79,82,1.97,2.03,2025-08-03,2021,EuroLeague,Valencia,10020,169.1,1613,1608
Milano,Real Madrid,81,64,2.5,1.66,2025-08-05,2021,EuroLeague,Milano,10960,152.2,1527,1598
Partizan,Barcelona,94,66,1.68,2.46,2025-08-07,2021,EuroLeague,Partizan,11048,168.0,1620,1554
ASVEL,Fenerbahçe,82,67,2.53,1.65,2025-08-09,2021,EuroLeague,ASVEL,11031,156.5,1502,1576
Real Madrid,Olympiacos,94,80,1.86,2.16,2025-08-11,2021,EuroLeague,Real Madrid,13979,182.7,1656,1630
Barcelona,CSKA Moscow,86,67,1.63,2.59,2025-08-13,2021,EuroLeague,Barcelona,13568,160.7,1593,1512
Fenerbahçe,Maccabi Tel Aviv,62,90,4.02,1.33,2025-08-15,2021,EuroLeague,Fenerbahçe,13527,159.6,1505,1697
Olympiacos,Baskonia,105,80,2.04,1.97,2025-08-17,2021,EuroLeague,Olympiacos,9628,194.2,1650,1656
CSKA Moscow,Anadolu Efes,77,100,2.44,1.7,2025-08-19,2021,EuroLeague,CSKA Moscow,12537,185.8,1568,1631
Maccabi Tel Aviv,Panathinaikos,69,68,1.61,2.65,2025-08-21,2021,EuroLeague,Maccabi Tel Aviv,12140,143.8,1629,1542
Baskonia,Zalgiris Kaunas,91,68,2.24,1.81,2025-08-23,2021,EuroLeague,Baskonia,12034,167.0,1611,1648
Anadolu Efes,Bayern Munich,90,83,2.24,1.8,2025-08-25,2021,EuroLeague,Anadolu Efes,14288,181.7,1614,1652
Panathinaikos,Valencia,97,63,3.25,1.44,2025-08-27,2021,EuroLeague,Panathinaikos,13878,168.0,1519,1660
Zalgiris Kaunas,Milano,66,60,1.63,2.58,2025-08-29,2021,EuroLeague,Zalgiris Kaunas,11442,132.3,1629,1550
Bayern Munich,Partizan,81,80,1.42,3.36,2025-08-31,2021,EuroLeague,Bayern Munich,12469,169.1,1653,1504
Valencia,ASVEL,94,101,2.04,1.97,2025-09-02,2021,EuroLeague,Valencia,9836,204.8,1665,1671
Milano,Real Madrid,107,88,1.44,3.25,2025-09-04,2021,EuroLeague,Milano,14432,204.8,1665,1524
Partizan,Barcelona,101,69,2.13,1.89,2025-09-06,2021,EuroLeague,Partizan,11805,178.5,1560,1581
ASVEL,Fenerbahçe,78,78,1.66,2.5,2025-09-08,2021,EuroLeague,ASVEL,13964,163.8,1592,1521
Real Madrid,Olympiacos,109,68,1.53,2.87,2025-09-10,2021,EuroLeague,Real Madrid,12631,185.8,1650,1541
Barcelona,CSKA Moscow,82,63,1.59,2.69,2025-09-12,2021,EuroLeague,Barcelona,10832,152.2,1632,1541
Fenerbahçe,Maccabi Tel Aviv,89,79,1.84,2.2,2025-09-14,2021,EuroLeague,Fenerbahçe,9832,176.4,1669,1638
Olympiacos,Baskonia,62,96,2.81,1.55,2025-09-16,2021,EuroLeague,Olympiacos,13166,165.9,1576,1679
CSKA Moscow,Anadolu Efes,71,100,2.16,1.86,2025-09-18,2021,EuroLeague,CSKA Moscow,14564,179.6,1631,1657
Maccabi Tel Aviv,Panathinaikos,73,79,2.1,1.91,2025-09-20,2021,EuroLeague,Maccabi Tel Aviv,12433,159.6,1584,1601
Baskonia,Zalgiris Kaunas,86,91,2.06,1.94,2025-09-22,2021,EuroLeague,Baskonia,9359,185.8,1569,1579
Anadolu Efes,Bayern Munich,71,78,1.51,2.96,2025-09-24,2021,EuroLeague,Anadolu Efes,13249,156.5,1632,1515
Panathinaikos,Valencia,94,71,1.62,2.62,2025-09-26,2021,EuroLeague,Panathinaikos,12526,173.2,1589,1505
Zalgiris Kaunas,Milano,64,67,2.36,1.74,2025-09-28,2021,EuroLeague,Zalgiris Kaunas,13147,137.6,1616,1669
Bayern Munich,Partizan,86,78,1.93,2.08,2025-09-30,2021,EuroLeague,Bayern Munich,14047,172.2,1620,1607
Valencia,ASVEL,60,65,1.45,3.24,2025-10-02,2021,EuroLeague,Valencia,14316,131.2,1693,1553
Milano,Real Madrid,73,76,2.45,1.69,2025-10-04,2021,EuroLeague,Milano,9298,156.5,1629,1693
Partizan,Barcelona,86,82,1.68,2.47,2025-10-06,2021,EuroLeague,Partizan,12899,176.4,1622,1555
ASVEL,Fenerbahçe,103,77,1.45,3.23,2025-10-08,2021,EuroLeague,ASVEL,9642,189.0,1683,1544
Real Madrid,Olympiacos,83,75,2.36,1.74,2025-10-10,2021,EuroLeague,Real Madrid,13339,165.9,1608,1661
Barcelona,CSKA Moscow,94,89,1.67,2.5,2025-10-12,2021,EuroLeague,Barcelona,10997,192.2,1627,1557
Fenerbahçe,Maccabi Tel Aviv,100,82,1.59,2.69,2025-10-14,2021,EuroLeague,Fenerbahçe,14127,191.1,1657,1566
Olympiacos,Baskonia,84,75,1.73,2.37,2025-10-16,2021,EuroLeague,Olympiacos,9981,167.0,1576,1521
CSKA Moscow,Anadolu Efes,88,60,1.47,3.11,2025-10-18,2021,EuroLeague,CSKA Moscow,11676,155.4,1647,1517
Maccabi Tel Aviv,Panathinaikos,88,60,2.04,1.97,2025-10-20,2021,EuroLeague,Maccabi Tel Aviv,11619,155.4,1616,1622
Baskonia,Zalgiris Kaunas,73,82,1.93,2.08,2025-10-22,2021,EuroLeague,Baskonia,10769,162.8,1617,1604
Anadolu Efes,Bayern Munich,80,69,2.07,1.94,2025-10-24,2021,EuroLeague,Anadolu Efes,11894,156.5,1544,1555
Panathinaikos,Valencia,93,86,2.22,1.82,2025-10-26,2021,EuroLeague,Panathinaikos,9681,188.0,1658,1693
Zalgiris Kaunas,Milano,75,100,1.68,2.47,2025-10-28,2021,EuroLeague,Zalgiris Kaunas,14507,183.8,1680,1613
Bayern Munich,Partizan,97,62,2.23,1.81,2025-10-30,2021,EuroLeague,Bayern Munich,11082,167.0,1565,1601
Valencia,ASVEL,76,115,2.52,1.66,2025-11-01,2021,EuroLeague,Valencia,9916,200.6,1501,1574
Milano,Real Madrid,112,87,1.4,3.53,2025-11-03,2021,EuroLeague,Milano,9146,209.0,1671,1510
Partizan,Barcelona,72,80,1.48,3.08,2025-11-05,2021,EuroLeague,Partizan,14552,159.6,1692,1565
ASVEL,Fenerbahçe,72,103,1.72,2.38,2025-11-07,2021,EuroLeague,ASVEL,14929,183.8,1688,1632
Real Madrid,Olympiacos,66,68,2.57,1.64,2025-11-09,2021,EuroLeague,Real Madrid,14225,140.7,1514,1592
Barcelona,CSKA Moscow,74,66,2.07,1.93,2025-11-11,2021,EuroLeague,Barcelona,9908,147.0,1526,1538
Fenerbahçe,Maccabi Tel Aviv,91,60,1.34,3.92,2025-11-13,2021,EuroLeague,Fenerbahçe,10004,158.6,1686,1500
Olympiacos,Baskonia,82,79,2.01,1.99,2025-11-15,2021,EuroLeague,Olympiacos,10540,169.1,1631,1632
CSKA Moscow,Anadolu Efes,96,64,2.38,1.72,2025-11-17,2021,EuroLeague,CSKA Moscow,9153,168.0,1576,1632
Maccabi Tel Aviv,Panathinaikos,83,105,1.78,2.28,2025-11-19,2021,EuroLeague,Maccabi Tel Aviv,14627,197.4,1616,1573
Baskonia,Zalgiris Kaunas,83,88,1.78,2.28,2025-11-21,2021,EuroLeague,Baskonia,11964,179.6,1668,1625
Anadolu Efes,Bayern Munich,80,65,1.65,2.54,2025-11-23,2021,EuroLeague,Anadolu Efes,13768,152.2,1685,1610
Panathinaikos,Valencia,71,80,1.97,2.03,2025-11-25,2021,EuroLeague,Panathinaikos,14539,158.6,1524,1519
Zalgiris Kaunas,Milano,72,103,1.78,2.28,2025-11-27,2021,EuroLeague,Zalgiris Kaunas,14961,183.8,1611,1568
Bayern Munich,Partizan,70,60,2.5,1.67,2025-11-29,2021,EuroLeague,Bayern Munich,10495,136.5,1514,1584
Valencia,ASVEL,67,91,1.89,2.12,2025-12-01,2021,EuroLeague,Valencia,13514,165.9,1576,1556
Milano,Real Madrid,80,67,2.15,1.87,2025-12-03,2021,EuroLeague,Milano,9773,154.3,1617,1641
Partizan,Barcelona,70,65,3.07,1.48,2025-12-05,2021,EuroLeague,Partizan,11038,141.8,1564,1690
ASVEL,Fenerbahçe,84,92,2.11,1.9,2025-12-07,2021,EuroLeague,ASVEL,13225,184.8,1613,1631
Real Madrid,Olympiacos,79,98,2.52,1.66,2025-12-09,2021,EuroLeague,Real Madrid,14504,185.8,1517,1590
Barcelona,CSKA Moscow,74,77,3.19,1.46,2025-12-11,2021,EuroLeague,Barcelona,13968,158.6,1521,1657
Fenerbahçe,Maccabi Tel Aviv,60,85,2.46,1.68,2025-12-13,2021,EuroLeague,Fenerbahçe,9421,152.2,1569,1635
Olympiacos,Baskonia,70,79,1.99,2.01,2025-12-15,2021,EuroLeague,Olympiacos,14114,156.5,1603,1602
CSKA Moscow,Anadolu Efes,93,68,2.06,1.94,2025-12-17,2021,EuroLeague,CSKA Moscow,13501,169.1,1667,1677
Maccabi Tel Aviv,Panathinaikos,81,68,1.4,3.48,2025-12-19,2021,EuroLeague,Maccabi Tel Aviv,14811,156.5,1690,1532
Baskonia,Zalgiris Kaunas,85,73,2.18,1.85,2025-12-21,2021,EuroLeague,Baskonia,10781,165.9,1548,1577
Anadolu Efes,Bayern Munich,88,98,1.83,2.21,2025-12-23,2021,EuroLeague,Anadolu Efes,13191,195.3,1580,1547
Panathinaikos,Valencia,66,76,2.33,1.75,2025-12-25,2021,EuroLeague,Panathinaikos,12583,149.1,1587,1637
Zalgiris Kaunas,Milano,91,60,1.53,2.87,2025-12-27,2021,EuroLeague,Zalgiris Kaunas,12385,158.6,1609,1500
Bayern Munich,Partizan,73,95,3.75,1.36,2025-12-29,2021,EuroLeague,Bayern Munich,14396,176.4,1509,1685
Valencia,ASVEL,74,60,2.08,1.93,2025-12-31,2021,EuroLeague,Valencia,13447,140.7,1626,1639
Milano,Real Madrid,112,66,1.77,2.3,2026-01-02,2021,EuroLeague,Milano,9481,186.9,1548,1503
Partizan,Barcelona,64,78,2.03,1.97,2026-01-04,2021,EuroLeague,Partizan,11363,149.1,1532,1537
ASVEL,Fenerbahçe,90,82,2.52,1.66,2026-01-06,2021,EuroLeague,ASVEL,13087,180.6,1539,1612
Real Madrid,Olympiacos,76,81,2.52,1.66,2026-01-08,2021,EuroLeague,Real Madrid,14853,164.8,1617,1690
Barcelona,CSKA Moscow,91,64,2.31,1.76,2026-01-10,2021,EuroLeague,Barcelona,11318,162.8,1575,1622
Fenerbahçe,Maccabi Tel Aviv,64,63,1.9,2.11,2026-01-12,2021,EuroLeague,Fenerbahçe,10342,133.3,1600,1582
Olympiacos,Baskonia,105,86,1.55,2.81,2026-01-14,2021,EuroLeague,Olympiacos,14626,200.6,1621,1518
CSKA Moscow,Anadolu Efes,74,87,2.05,1.95,2026-01-16,2021,EuroLeague,CSKA Moscow,9914,169.1,1666,1675
Maccabi Tel Aviv,Panathinaikos,61,88,2.05,1.95,2026-01-18,2021,EuroLeague,Maccabi Tel Aviv,9656,156.5,1565,1573
Baskonia,Zalgiris Kaunas,95,77,1.9,2.12,2026-01-20,2021,EuroLeague,Baskonia,9535,180.6,1564,1545
Anadolu Efes,Bayern Munich,77,61,2.04,1.96,2026-01-22,2021,EuroLeague,Anadolu Efes,12213,144.9,1650,1657
Panathinaikos,Valencia,66,94,1.76,2.32,2026-01-24,2021,EuroLeague,Panathinaikos,11106,168.0,1684,1636
Zalgiris Kaunas,Milano,70,68,1.79,2.27,2026-01-26,2021,EuroLeague,Zalgiris Kaunas,9954,144.9,1582,1541
Bayern Munich,Partizan,66,75,1.51,2.96,2026-01-28,2021,EuroLeague,Bayern Munich,9956,148.1,1700,1583
Valencia,ASVEL,83,60,1.87,2.15,2026-01-30,2021,EuroLeague,Valencia,10144,150.2,1660,1636
Milano,Real Madrid,83,79,1.62,2.6,2026-02-01,2021,EuroLeague,Milano,13420,170.1,1625,1543
Partizan,Barcelona,82,60,1.58,2.73,2026-02-03,2021,EuroLeague,Partizan,11195,149.1,1676,1581
ASVEL,Fenerbahçe,91,86,1.79,2.27,2026-02-05,2021,EuroLeague,ASVEL,12565,185.8,1656,1615
Real Madrid,Olympiacos,88,75,3.15,1.47,2026-02-07,2021,EuroLeague,Real Madrid,11016,171.2,1540,1673
Barcelona,CSKA Moscow,74,72,1.67,2.49,2026-02-09,2021,EuroLeague,Barcelona,14905,153.3,1601,1532
Fenerbahçe,Maccabi Tel Aviv,69,108,2.44,1.7,2026-02-11,2021,EuroLeague,Fenerbahçe,11291,185.8,1554,1617
Olympiacos,Baskonia,76,92,3.3,1.43,2026-02-13,2021,EuroLeague,Olympiacos,13647,176.4,1542,1687
CSKA Moscow,Anadolu Efes,85,92,1.91,2.1,2026-02-15,2021,EuroLeague,CSKA Moscow,11089,185.8,1616,1600
Maccabi Tel Aviv,Panathinaikos,100,77,1.8,2.25,2026-02-17,2021,EuroLeague,Maccabi Tel Aviv,11484,185.8,1552,1513
Baskonia,Zalgiris Kaunas,68,84,1.72,2.38,2026-02-19,2021,EuroLeague,Baskonia,13709,159.6,1561,1505
Anadolu Efes,Bayern Munich,69,61,1.49,3.05,2026-02-21,2021,EuroLeague,Anadolu Efes,9087,136.5,1697,1572
Panathinaikos,Valencia,93,100,1.7,2.44,2026-02-23,2021,EuroLeague,Panathinaikos,13637,202.7,1661,1598
Zalgiris Kaunas,Milano,103,79,2.55,1.65,2026-02-25,2021,EuroLeague,Zalgiris Kaunas,11633,191.1,1589,1665
Bayern Munich,Partizan,87,84,1.92,2.08,2026-02-27,2021,EuroLeague,Bayern Munich,9282,179.6,1537,1523
Valencia,ASVEL,60,109,3.6,1.38,2026-03-01,2021,EuroLeague,Valencia,10073,177.5,1518,1684
Milano,Real Madrid,99,84,1.91,2.1,2026-03-03,2021,EuroLeague,Milano,12927,192.2,1577,1560
Partizan,Barcelona,68,80,1.76,2.31,2026-03-05,2021,EuroLeague,Partizan,10354,155.4,1694,1647
ASVEL,Fenerbahçe,88,83,2.08,1.92,2026-03-07,2021,EuroLeague,ASVEL,11008,179.6,1559,1573
Real Madrid,Olympiacos,75,84,3.14,1.47,2026-03-09,2021,EuroLeague,Real Madrid,13789,167.0,1530,1662
Barcelona,CSKA Moscow,75,92,1.83,2.21,2026-03-11,2021,EuroLeague,Barcelona,11576,175.3,1662,1629
Fenerbahçe,Maccabi Tel Aviv,71,69,1.61,2.64,2026-03-13,2021,EuroLeague,Fenerbahçe,9692,147.0,1673,1587
Olympiacos,Baskonia,62,62,3.11,1.47,2026-03-15,2021,EuroLeague,Olympiacos,9120,130.2,1569,1699
CSKA Moscow,Anadolu Efes,83,62,1.63,2.58,2026-03-17,2021,EuroLeague,CSKA Moscow,10020,152.2,1604,1524
Maccabi Tel Aviv,Panathinaikos,74,60,3.03,1.49,2026-03-19,2021,EuroLeague,Maccabi Tel Aviv,9167,140.7,1509,1632
Baskonia,Zalgiris Kaunas,82,89,3.05,1.49,2026-03-21,2021,EuroLeague,Baskonia,12847,179.6,1570,1695
Anadolu Efes,Bayern Munich,65,85,2.15,1.87,2026-03-23,2021,EuroLeague,Anadolu Efes,14541,157.5,1621,1645
Panathinaikos,Valencia,84,60,1.87,2.15,2026-03-25,2021,EuroLeague,Panathinaikos,10717,151.2,1562,1537
Zalgiris Kaunas,Milano,92,72,1.61,2.64,2026-03-27,2021,EuroLeague,Zalgiris Kaunas,12265,172.2,1693,1607
Bayern Munich,Partizan,99,86,1.9,2.12,2026-03-29,2021,EuroLeague,Bayern Munich,14901,194.2,1680,1661
Valencia,ASVEL,103,80,1.57,2.75,2026-03-31,2021,EuroLeague,Valencia,10631,192.2,1612,1515
Milano,Real Madrid,88,96,2.14,1.88,2026-04-02,2021,EuroLeague,Milano,10635,193.2,1676,1699
Partizan,Barcelona,98,89,3.08,1.48,2026-04-04,2021,EuroLeague,Partizan,9353,196.3,1517,1644
ASVEL,Fenerbahçe,86,76,2.31,1.76,2026-04-06,2021,EuroLeague,ASVEL,13524,170.1,1511,1558
Real Madrid,Olympiacos,77,80,3.19,1.46,2026-04-08,2021,EuroLeague,Real Madrid,12526,164.8,1528,1664
Barcelona,CSKA Moscow,84,84,1.71,2.4,2026-04-10,2021,EuroLeague,Barcelona,13221,176.4,1697,1638
Fenerbahçe,Maccabi Tel Aviv,60,103,3.37,1.42,2026-04-12,2021,EuroLeague,Fenerbahçe,13149,171.2,1543,1693
Olympiacos,Baskonia,87,78,2.33,1.75,2026-04-14,2021,EuroLeague,Olympiacos,14409,173.2,1614,1664
CSKA Moscow,Anadolu Efes,64,84,2.23,1.81,2026-04-16,2021,EuroLeague,CSKA Moscow,14292,155.4,1632,1668
Maccabi Tel Aviv,Panathinaikos,83,89,1.61,2.63,2026-04-18,2021,EuroLeague,Maccabi Tel Aviv,12544,180.6,1634,1549
Baskonia,Zalgiris Kaunas,93,93,1.7,2.42,2026-04-20,2021,EuroLeague,Baskonia,14350,195.3,1623,1562
Anadolu Efes,Bayern Munich,60,63,2.05,1.95,2026-04-22,2021,EuroLeague,Anadolu Efes,10584,129.2,1616,1625
Panathinaikos,Valencia,64,94,2.32,1.76,2026-04-24,2021,EuroLeague,Panathinaikos,14124,165.9,1564,1612
Zalgiris Kaunas,Milano,81,81,2.08,1.93,2026-04-26,2021,EuroLeague,Zalgiris Kaunas,9368,170.1,1625,1638
Bayern Munich,Partizan,81,79,1.81,2.23,2026-04-28,2021,EuroLeague,Bayern Munich,11505,168.0,1576,1540
Valencia,ASVEL,87,81,2.36,1.73,2026-04-30,2021,EuroLeague,Valencia,11748,176.4,1516,1570
Milano,Real Madrid,60,104,3.66,1.38,2026-05-02,2021,EuroLeague,Milano,12767,172.2,1507,1677
Partizan,Barcelona,75,98,1.8,2.25,2026-05-04,2021,EuroLeague,Partizan,9096,181.7,1634,1595
ASVEL,Fenerbahçe,65,72,2.4,1.72,2026-05-06,2021,EuroLeague,ASVEL,9009,143.8,1633,1691
Real Madrid,Olympiacos,66,73,2.22,1.82,2026-05-08,2021,EuroLeague,Real Madrid,12584,146.0,1536,1570
Barcelona,CSKA Moscow,85,81,1.79,2.27,2026-05-10,2021,EuroLeague,Barcelona,13263,174.3,1692,1650
Fenerbahçe,Maccabi Tel Aviv,77,83,2.4,1.71,2026-05-12,2021,EuroLeague,Fenerbahçe,11266,168.0,1618,1677
Olympiacos,Baskonia,88,69,1.63,2.58,2026-05-14,2021,EuroLeague,Olympiacos,12433,164.8,1594,1514
CSKA Moscow,Anadolu Efes,101,65,1.32,4.09,2026-05-16,2021,EuroLeague,CSKA Moscow,14279,174.3,1696,1500
Maccabi Tel Aviv,Panathinaikos,62,79,1.64,2.57,2026-05-18,2021,EuroLeague,Maccabi Tel Aviv,10780,148.1,1690,1612
Baskonia,Zalgiris Kaunas,82,70,2.38,1.72,2026-05-20,2021,EuroLeague,Baskonia,14606,159.6,1640,1696
Anadolu Efes,Bayern Munich,88,71,1.5,2.98,2026-05-22,2021,EuroLeague,Anadolu Efes,10310,167.0,1673,1554
Panathinaikos,Valencia,75,64,1.59,2.71,2026-05-24,2021,EuroLeague,Panathinaikos,14335,146.0,1696,1603
Zalgiris Kaunas,Milano,65,74,2.37,1.73,2026-05-26,2021,EuroLeague,Zalgiris Kaunas,11670,146.0,1611,1666
Bayern Munich,Partizan,79,82,1.61,2.64,2026-05-28,2021,EuroLeague,Bayern Munich,9826,169.1,1634,1548
Valencia,ASVEL,84,80,2.1,1.91,2026-05-30,2021,EuroLeague,Valencia,9152,172.2,1666,1683
Milano,Real Madrid,82,74,1.4,3.5,2026-06-01,2021,EuroLeague,Milano,12630,163.8,1676,1517
Partizan,Barcelona,84,65,2.24,1.81,2026-06-03,2021,EuroLeague,Partizan,11834,156.5,1585,1622
ASVEL,Fenerbahçe,82,70,1.61,2.63,2026-06-05,2021,EuroLeague,ASVEL,13336,159.6,1635,1550
Real Madrid,Olympiacos,65,88,1.74,2.36,2026-06-07,2021,EuroLeague,Real Madrid,11494,160.7,1691,1638
Barcelona,CSKA Moscow,73,75,1.79,2.26,2026-06-09,2021,EuroLeague,Barcelona,9205,155.4,1546,1506
Fenerbahçe,Maccabi Tel Aviv,90,76,1.43,3.33,2026-06-11,2021,EuroLeague,Fenerbahçe,13925,174.3,1668,1521
Olympiacos,Baskonia,73,71,3.45,1.41,2026-06-13,2021,EuroLeague,Olympiacos,10830,151.2,1529,1685
CSKA Moscow,Anadolu Efes,84,67,1.71,2.41,2026-06-15,2021,EuroLeague,CSKA Moscow,9109,158.6,1691,1631
Maccabi Tel Aviv,Panathinaikos,78,85,2.2,1.84,2026-06-17,2021,EuroLeague,Maccabi Tel Aviv,12465,171.2,1651,1682
Baskonia,Zalgiris Kaunas,82,69,2.12,1.9,2026-06-19,2021,EuroLeague,Baskonia,9907,158.6,1613,1632
Anadolu Efes,Bayern Munich,71,94,2.29,1.78,2026-06-21,2021,EuroLeague,Anadolu Efes,14752,173.2,1540,1584
Panathinaikos,Valencia,76,69,1.55,2.81,2026-06-23,2021,EuroLeague,Panathinaikos,10713,152.2,1606,1503
Zalgiris Kaunas,Milano,98,105,1.99,2.01,2026-06-25,2021,EuroLeague,Zalgiris Kaunas,13268,213.2,1662,1660
Bayern Munich,Partizan,60,95,3.48,1.4,2026-06-27,2021,EuroLeague,Bayern Munich,11973,162.8,1519,1677
Valencia,ASVEL,81,79,2.93,1.52,2026-06-29,2021,EuroLeague,Valencia,10992,168.0,1528,1642
Milano,Real Madrid,68,81,2.73,1.58,2026-07-01,2021,EuroLeague,Milano,11895,156.5,1562,1657
Partizan,Barcelona,84,61,2.36,1.73,2026-07-03,2021,EuroLeague,Partizan,13314,152.2,1607,1661
ASVEL,Fenerbahçe,62,60,1.81,2.23,2026-07-05,2021,EuroLeague,ASVEL,11163,128.1,1651,1615
Real Madrid,Olympiacos,88,66,1.54,2.85,2026-07-07,2021,EuroLeague,Real Madrid,12266,161.7,1607,1500
Barcelona,CSKA Moscow,97,77,1.75,2.33,2026-07-09,2021,EuroLeague,Barcelona,14774,182.7,1595,1546
Fenerbahçe,Maccabi Tel Aviv,94,83,2.25,1.8,2026-07-11,2021,EuroLeague,Fenerbahçe,14186,185.8,1512,1551
Olympiacos,Baskonia,105,60,1.56,2.79,2026-07-13,2021,EuroLeague,Olympiacos,12519,173.2,1699,1598
CSKA Moscow,Anadolu Efes,90,92,1.56,2.8,2026-07-15,2021,EuroLeague,CSKA Moscow,9429,191.1,1651,1549
Maccabi Tel Aviv,Panathinaikos,79,91,2.68,1.6,2026-07-17,2021,EuroLeague,Maccabi Tel Aviv,14365,178.5,1537,1627
Baskonia,Zalgiris Kaunas,95,74,1.51,2.97,2026-07-19,2021,EuroLeague,Baskonia,13915,177.5,1685,1567
Anadolu Efes,Bayern Munich,78,70,1.58,2.73,2026-07-21,2021,EuroLeague,Anadolu Efes,12845,155.4,1664,1569
Panathinaikos,Valencia,74,105,1.99,2.01,2026-07-23,2021,EuroLeague,Panathinaikos,14536,188.0,1620,1619
Zalgiris Kaunas,Milano,82,60,1.75,2.33,2026-07-25,2021,EuroLeague,Zalgiris Kaunas,12550,149.1,1557,1507
Bayern Munich,Partizan,104,87,1.6,2.67,2026-07-27,2021,EuroLeague,Bayern Munich,13792,200.6,1666,1577
Valencia,ASVEL,76,67,2.5,1.67,2026-07-29,2021,EuroLeague,Valencia,13044,150.2,1529,1599
Milano,Real Madrid,73,66,2.69,1.59,2026-07-31,2021,EuroLeague,Milano,10579,146.0,1569,1660
Partizan,Barcelona,69,70,1.62,2.62,2026-08-02,2021,EuroLeague,Partizan,14817,146.0,1611,1527
ASVEL,Fenerbahçe,73,78,2.68,1.6,2026-08-04,2021,EuroLeague,ASVEL,14222,158.6,1566,1656
Real Madrid,Olympiacos,75,86,2.21,1.83,2026-08-06,2021,EuroLeague,Real Madrid,14311,169.1,1667,1700
Barcelona,CSKA Moscow,92,76,1.45,3.2,2026-08-08,2021,EuroLeague,Barcelona,12950,176.4,1681,1544
Fenerbahçe,Maccabi Tel Aviv,90,96,1.59,2.71,2026-08-10,2021,EuroLeague,Fenerbahçe,11965,195.3,1658,1565
Olympiacos,Baskonia,76,79,3.09,1.48,2026-08-12,2021,EuroLeague,Olympiacos,11306,162.8,1517,1645
CSKA Moscow,Anadolu Efes,89,63,2.02,1.98,2026-08-14,2021,EuroLeague,CSKA Moscow,13447,159.6,1511,1514
Maccabi Tel Aviv,Panathinaikos,97,77,1.5,3.0,2026-08-16,2021,EuroLeague,Maccabi Tel Aviv,11927,182.7,1634,1514
Baskonia,Zalgiris Kaunas,105,73,1.49,3.05,2026-08-18,2021,EuroLeague,Baskonia,9260,186.9,1683,1558
Anadolu Efes,Bayern Munich,86,95,2.39,1.72,2026-08-20,2021,EuroLeague,Anadolu Efes,12877,190.1,1552,1609
Panathinaikos,Valencia,88,60,1.68,2.48,2026-08-22,2021,EuroLeague,Panathinaikos,13160,155.4,1653,1585
Zalgiris Kaunas,Milano,108,79,1.9,2.12,2026-08-24,2021,EuroLeague,Zalgiris Kaunas,9930,196.3,1604,1585
Bayern Munich,Partizan,72,84,2.07,1.94,2026-08-26,2021,EuroLeague,Bayern Munich,10954,163.8,1532,1543
Valencia,ASVEL,87,74,2.71,1.59,2026-08-28,2021,EuroLeague,Valencia,12368,169.1,1533,1626
Milano,Real Madrid,66,73,3.72,1.37,2026-08-30,2021,EuroLeague,Milano,9722,146.0,1516,1690
Partizan,Barcelona,78,75,1.76,2.31,2026-09-01,2021,EuroLeague,Partizan,13885,160.7,1592,1545
ASVEL,Fenerbahçe,79,68,1.48,3.07,2026-09-03,2021,EuroLeague,ASVEL,11789,154.3,1630,1504
Real Madrid,Olympiacos,98,79,1.48,3.08,2026-09-05,2021,EuroLeague,Real Madrid,12703,185.8,1636,1509
Barcelona,CSKA Moscow,76,99,2.42,1.7,2026-09-07,2021,EuroLeague,Barcelona,13045,183.8,1514,1575
Fenerbahçe,Maccabi Tel Aviv,86,92,1.54,2.84,2026-09-09,2021,EuroLeague,Fenerbahçe,14229,186.9,1633,1527
Olympiacos,Baskonia,78,82,2.6,1.62,2026-09-11,2021,EuroLeague,Olympiacos,13939,168.0,1559,1641
CSKA Moscow,Anadolu Efes,82,105,2.15,1.87,2026-09-13,2021,EuroLeague,CSKA Moscow,14997,196.3,1593,1617
Maccabi Tel Aviv,Panathinaikos,75,65,2.15,1.87,2026-09-15,2021,EuroLeague,Maccabi Tel Aviv,13888,147.0,1585,1609
Baskonia,Zalgiris Kaunas,104,74,1.45,3.2,2026-09-17,2021,EuroLeague,Baskonia,9190,186.9,1666,1529
Anadolu Efes,Bayern Munich,69,74,2.53,1.65,2026-09-19,2021,EuroLeague,Anadolu Efes,9524,150.2,1533,1607
Panathinaikos,Valencia,60,64,2.38,1.72,2026-09-21,2021,EuroLeague,Panathinaikos,14029,130.2,1540,1596
Zalgiris Kaunas,Milano,79,77,1.71,2.4,2026-09-23,2021,EuroLeague,Zalgiris Kaunas,10067,163.8,1560,1501
Bayern Munich,Partizan,73,69,1.6,2.68,2026-09-25,2021,EuroLeague,Bayern Munich,12894,149.1,1648,1558
Valencia,ASVEL,79,71,1.91,2.1,2026-09-27,2021,EuroLeague,Valencia,13834,157.5,1604,1588
Milano,Real Madrid,60,105,2.49,1.67,2026-09-29,2021,EuroLeague,Milano,13214,173.2,1524,1593
Partizan,Barcelona,85,74,1.89,2.13,2026-10-01,2021,EuroLeague,Partizan,11934,167.0,1688,1667
ASVEL,Fenerbahçe,81,72,2.5,1.67,2026-10-03,2021,EuroLeague,ASVEL,12694,160.7,1582,1652
Real Madrid,Olympiacos,67,77,2.51,1.66,2026-10-05,2021,EuroLeague,Real Madrid,14899,151.2,1628,1700
Barcelona,CSKA Moscow,74,60,1.81,2.23,2026-10-07,2021,EuroLeague,Barcelona,12115,140.7,1682,1646
Fenerbahçe,Maccabi Tel Aviv,86,94,2.57,1.64,2026-10-09,2021,EuroLeague,Fenerbahçe,13308,189.0,1536,1614
Olympiacos,Baskonia,80,71,2.36,1.73,2026-10-11,2021,EuroLeague,Olympiacos,10171,158.6,1557,1611
CSKA Moscow,Anadolu Efes,88,78,1.9,2.12,2026-10-13,2021,EuroLeague,CSKA Moscow,14716,174.3,1665,1646
Maccabi Tel Aviv,Panathinaikos,72,73,3.51,1.4,2026-10-15,2021,EuroLeague,Maccabi Tel Aviv,9173,152.2,1523,1683
Baskonia,Zalgiris Kaunas,109,93,1.94,2.07,2026-10-17,2021,EuroLeague,Baskonia,10090,212.1,1592,1581
Anadolu Efes,Bayern Munich,73,67,2.36,1.74,2026-10-19,2021,EuroLeague,Anadolu Efes,12092,147.0,1584,1637
Panathinaikos,Valencia,97,76,1.52,2.92,2026-10-21,2021,EuroLeague,Panathinaikos,12176,181.7,1671,1558
Zalgiris Kaunas,Milano,87,82,2.1,1.91,2026-10-23,2021,EuroLeague,Zalgiris Kaunas,11360,177.5,1549,1565
Bayern Munich,Partizan,63,65,2.41,1.71,2026-10-25,2021,EuroLeague,Bayern Munich,10428,134.4,1544,1604
Valencia,ASVEL,86,90,2.44,1.7,2026-10-27,2021,EuroLeague,Valencia,13278,184.8,1501,1564
Milano,Real Madrid,84,82,2.55,1.65,2026-10-29,2021,EuroLeague,Milano,9510,174.3,1501,1577
Partizan,Barcelona,70,106,2.5,1.66,2026-10-31,2021,EuroLeague,Partizan,9863,184.8,1585,1656
ASVEL,Fenerbahçe,69,69,2.04,1.97,2026-11-02,2021,EuroLeague,ASVEL,12439,144.9,1567,1573
Real Madrid,Olympiacos,93,60,1.85,2.17,2026-11-04,2021,EuroLeague,Real Madrid,9276,160.7,1696,1668
Barcelona,CSKA Moscow,86,76,1.95,1.95,2026-11-06,2021,EuroLeague,Barcelona,13936,170.1,1647,1647
Fenerbahçe,Maccabi Tel Aviv,80,86,1.99,2.01,2026-11-08,2021,EuroLeague,Fenerbahçe,11778,174.3,1568,1567
Olympiacos,Baskonia,67,68,1.87,2.15,2026-11-10,2021,EuroLeague,Olympiacos,10079,141.8,1606,1581
CSKA Moscow,Anadolu Efes,110,60,2.09,1.92,2026-11-12,2021,EuroLeague,CSKA Moscow,14531,178.5,1650,1665
Maccabi Tel Aviv,Panathinaikos,85,64,1.5,3.01,2026-11-14,2021,EuroLeague,Maccabi Tel Aviv,13494,156.5,1658,1537
Baskonia,Zalgiris Kaunas,60,91,2.43,1.7,2026-11-16,2021,EuroLeague,Baskonia,12164,158.6,1598,1660
Anadolu Efes,Bayern Munich,89,70,2.19,1.84,2026-11-18,2021,EuroLeague,Anadolu Efes,9320,167.0,1552,1582
Panathinaikos,Valencia,92,66,1.4,3.48,2026-11-20,2021,EuroLeague,Panathinaikos,14538,165.9,1666,1508
Zalgiris Kaunas,Milano,94,75,2.42,1.7,2026-11-22,2021,EuroLeague,Zalgiris Kaunas,9912,177.5,1572,1633
Bayern Munich,Partizan,73,66,2.13,1.89,2026-11-24,2021,EuroLeague,Bayern Munich,9956,146.0,1614,1635
Valencia,ASVEL,66,91,3.48,1.4,2026-11-26,2021,EuroLeague,Valencia,14486,164.8,1542,1700
Milano,Real Madrid,89,72,1.78,2.28,2026-11-28,2021,EuroLeague,Milano,12064,169.1,1637,1594
Partizan,Barcelona,87,99,2.63,1.61,2026-11-30,2021,EuroLeague,Partizan,14775,195.3,1561,1646
ASVEL,Fenerbahçe,81,60,1.71,2.4,2026-12-02,2021,EuroLeague,ASVEL,14077,148.1,1581,1522
Real Madrid,Olympiacos,77,75,2.17,1.86,2026-12-04,2021,EuroLeague,Real Madrid,14424,159.6,1536,1563
Barcelona,CSKA Moscow,81,103,2.56,1.64,2026-12-06,2021,EuroLeague,Barcelona,9170,193.2,1551,1628
Fenerbahçe,Maccabi Tel Aviv,60,75,2.14,1.88,2026-12-08,2021,EuroLeague,Fenerbahçe,11325,141.8,1609,1632
Olympiacos,Baskonia,99,71,1.66,2.51,2026-12-10,2021,EuroLeague,Olympiacos,12240,178.5,1618,1546
CSKA Moscow,Anadolu Efes,79,76,2.13,1.89,2026-12-12,2021,EuroLeague,CSKA Moscow,13010,162.8,1531,1552
Maccabi Tel Aviv,Panathinaikos,60,105,2.91,1.52,2026-12-14,2021,EuroLeague,Maccabi Tel Aviv,14580,173.2,1517,1629
Baskonia,Zalgiris Kaunas,66,74,1.8,2.24,2026-12-16,2021,EuroLeague,Baskonia,11509,147.0,1652,1614
Anadolu Efes,Bayern Munich,76,107,1.78,2.28,2026-12-18,2021,EuroLeague,Anadolu Efes,14845,192.2,1698,1655
Panathinaikos,Valencia,78,89,2.31,1.76,2026-12-20,2021,EuroLeague,Panathinaikos,11095,175.3,1601,1648
Zalgiris Kaunas,Milano,78,73,1.74,2.35,2026-12-22,2021,EuroLeague,Zalgiris Kaunas,13120,158.6,1634,1582
Bayern Munich,Partizan,65,79,2.36,1.73,2026-12-24,2021,EuroLeague,Bayern Munich,13197,151.2,1611,1665
Valencia,ASVEL,87,69,1.43,3.33,2026-12-26,2021,EuroLeague,Valencia,9497,163.8,1695,1548
Milano,Real Madrid,68,92,2.34,1.75,2026-12-28,2021,EuroLeague,Milano,11898,168.0,1526,1577
Partizan,Barcelona,95,76,1.64,2.57,2026-12-30,2021,EuroLeague,Partizan,11504,179.6,1591,1513
ASVEL,Fenerbahçe,72,80,2.31,1.76,2027-01-01,2021,EuroLeague,ASVEL,11371,159.6,1619,1666
Real Madrid,Olympiacos,60,99,1.63,2.59,2027-01-03,2021,EuroLeague,Real Madrid,14103,167.0,1685,1604
Barcelona,CSKA Moscow,76,95,2.05,1.95,2027-01-05,2021,EuroLeague,Barcelona,11350,179.6,1524,1533
Fenerbahçe,Maccabi Tel Aviv,66,86,2.88,1.53,2027-01-07,2021,EuroLeague,Fenerbahçe,9944,159.6,1578,1688
Olympiacos,Baskonia,89,63,2.64,1.61,2027-01-09,2021,EuroLeague,Olympiacos,12971,159.6,1572,1658
CSKA Moscow,Anadolu Efes,96,85,2.01,1.99,2027-01-11,2021,EuroLeague,CSKA Moscow,11335,190.1,1596,1597
Maccabi Tel Aviv,Panathinaikos,73,89,3.48,1.4,2027-01-13,2021,EuroLeague,Maccabi Tel Aviv,14512,170.1,1520,1678
Baskonia,Zalgiris Kaunas,60,98,2.5,1.66,2027-01-15,2021,EuroLeague,Baskonia,9983,165.9,1528,1599
Anadolu Efes,Bayern Munich,77,60,1.67,2.5,2027-01-17,2021,EuroLeague,Anadolu Efes,11365,143.8,1586,1516
Panathinaikos,Valencia,67,92,2.05,1.95,2027-01-19,2021,EuroLeague,Panathinaikos,13470,167.0,1573,1581
Zalgiris Kaunas,Milano,73,80,1.75,2.34,2027-01-21,2021,EuroLeague,Zalgiris Kaunas,13948,160.7,1605,1554
Bayern Munich,Partizan,67,86,2.21,1.83,2027-01-23,2021,EuroLeague,Bayern Munich,11586,160.7,1582,1615
Valencia,ASVEL,84,87,1.83,2.2,2027-01-25,2021,EuroLeague,Valencia,9705,179.6,1609,1577
Milano,Real Madrid,70,60,2.06,1.94,2027-01-27,2021,EuroLeague,Milano,11492,136.5,1632,1642
Partizan,Barcelona,87,81,1.87,2.15,2027-01-29,2021,EuroLeague,Partizan,14530,176.4,1620,1596
ASVEL,Fenerbahçe,83,87,1.76,2.31,2027-01-31,2021,EuroLeague,ASVEL,13039,178.5,1675,1628
Real Madrid,Olympiacos,81,60,2.27,1.79,2027-02-02,2021,EuroLeague,Real Madrid,9144,148.1,1544,1586
Barcelona,CSKA Moscow,82,84,1.92,2.09,2027-02-04,2021,EuroLeague,Barcelona,12505,174.3,1533,1518
Fenerbahçe,Maccabi Tel Aviv,91,74,1.59,2.69,2027-02-06,2021,EuroLeague,Fenerbahçe,12733,173.2,1601,1510
Olympiacos,Baskonia,60,84,2.01,1.99,2027-02-08,2021,EuroLeague,Olympiacos,11648,151.2,1657,1658
CSKA Moscow,Anadolu Efes,77,65,3.02,1.5,2027-02-10,2021,EuroLeague,CSKA Moscow,9087,149.1,1519,1641
Maccabi Tel Aviv,Panathinaikos,69,94,3.29,1.44,2027-02-12,2021,EuroLeague,Maccabi Tel Aviv,9683,171.2,1516,1660
Baskonia,Zalgiris Kaunas,60,95,1.46,3.16,2027-02-14,2021,EuroLeague,Baskonia,9151,162.8,1657,1523
Anadolu Efes,Bayern Munich,83,71,1.36,3.75,2027-02-16,2021,EuroLeague,Anadolu Efes,13646,161.7,1678,1502
Panathinaikos,Valencia,67,69,2.15,1.87,2027-02-18,2021,EuroLeague,Panathinaikos,9761,142.8,1575,1600
Zalgiris Kaunas,Milano,68,60,2.14,1.88,2027-02-20,2021,EuroLeague,Zalgiris Kaunas,14822,134.4,1586,1609
Bayern Munich,Partizan,79,91,2.85,1.54,2027-02-22,2021,EuroLeague,Bayern Munich,12623,178.5,1513,1620
Valencia,ASVEL,88,84,1.4,3.5,2027-02-24,2021,EuroLeague,Valencia,13732,180.6,1679,1520
Milano,Real Madrid,78,60,1.63,2.58,2027-02-26,2021,EuroLeague,Milano,10630,144.9,1665,1586
Partizan,Barcelona,85,70,3.57,1.39,2027-02-28,2021,EuroLeague,Partizan,11444,162.8,1507,1671
ASVEL,Fenerbahçe,78,94,2.46,1.68,2027-03-02,2021,EuroLeague,ASVEL,9843,180.6,1604,1670
Real Madrid,Olympiacos,80,83,1.74,2.36,2027-03-04,2021,EuroLeague,Real Madrid,12818,171.2,1656,1603
Barcelona,CSKA Moscow,112,75,1.73,2.37,2027-03-06,2021,EuroLeague,Barcelona,10059,196.3,1569,1514
Fenerbahçe,Maccabi Tel Aviv,81,65,1.87,2.15,2027-03-08,2021,EuroLeague,Fenerbahçe,12529,153.3,1665,1641
Olympiacos,Baskonia,84,77,2.08,1.92,2027-03-10,2021,EuroLeague,Olympiacos,14256,169.1,1556,1570
CSKA Moscow,Anadolu Efes,82,78,1.38,3.65,2027-03-12,2021,EuroLeague,CSKA Moscow,11872,168.0,1681,1512
Maccabi Tel Aviv,Panathinaikos,60,79,2.95,1.51,2027-03-14,2021,EuroLeague,Maccabi Tel Aviv,10254,146.0,1582,1698
Baskonia,Zalgiris Kaunas,85,93,3.4,1.42,2027-03-16,2021,EuroLeague,Baskonia,11140,186.9,1501,1653
Anadolu Efes,Bayern Munich,79,85,1.46,3.18,2027-03-18,2021,EuroLeague,Anadolu Efes,13409,172.2,1672,1537
Panathinaikos,Valencia,92,74,1.75,2.33,2027-03-20,2021,EuroLeague,Panathinaikos,12032,174.3,1630,1580
Zalgiris Kaunas,Milano,70,93,1.76,2.31,2027-03-22,2021,EuroLeague,Zalgiris Kaunas,10927,171.2,1605,1558
Real Madrid,Olympiacos,70,74,2.22,1.82,2022-10-01,2022,EuroLeague,Real Madrid,14668,151.2,1650,1684
Barcelona,CSKA Moscow,77,72,1.52,2.91,2022-10-03,2022,EuroLeague,Barcelona,14318,156.5,1650,1538
Fenerbahçe,Maccabi Tel Aviv,107,85,1.39,3.54,2022-10-05,2022,EuroLeague,Fenerbahçe,9080,201.6,1675,1513
Olympiacos,Baskonia,87,71,1.98,2.02,2022-10-07,2022,EuroLeague,Olympiacos,12245,165.9,1615,1612
CSKA Moscow,Anadolu Efes,95,60,1.51,2.96,2022-10-09,2022,EuroLeague,CSKA Moscow,10560,162.8,1658,1541
Maccabi Tel Aviv,Panathinaikos,78,73,2.05,1.95,2022-10-11,2022,EuroLeague,Maccabi Tel Aviv,10737,158.6,1531,1540
Baskonia,Zalgiris Kaunas,78,60,2.3,1.77,2022-10-13,2022,EuroLeague,Baskonia,9240,144.9,1588,1634
Anadolu Efes,Bayern Munich,106,81,2.45,1.69,2022-10-15,2022,EuroLeague,Anadolu Efes,14308,196.3,1622,1687
Panathinaikos,Valencia,60,90,2.1,1.91,2022-10-17,2022,EuroLeague,Panathinaikos,14716,157.5,1610,1626
Zalgiris Kaunas,Milano,91,100,4.05,1.33,2022-10-19,2022,EuroLeague,Zalgiris Kaunas,11835,200.6,1506,1700
Bayern Munich,Partizan,77,60,1.46,3.18,2022-10-21,2022,EuroLeague,Bayern Munich,14095,143.8,1660,1525
Valencia,ASVEL,80,66,1.63,2.59,2022-10-23,2022,EuroLeague,Valencia,14600,153.3,1597,1516
Milano,Real Madrid,83,85,1.44,3.26,2022-10-25,2022,EuroLeague,Milano,9098,176.4,1677,1535
Partizan,Barcelona,76,88,2.04,1.96,2022-10-27,2022,EuroLeague,Partizan,9593,172.2,1502,1509
ASVEL,Fenerbahçe,79,76,3.32,1.43,2022-10-29,2022,EuroLeague,ASVEL,13609,162.8,1529,1675
Real Madrid,Olympiacos,83,92,2.42,1.7,2022-10-31,2022,EuroLeague,Real Madrid,10421,183.8,1578,1639
Barcelona,CSKA Moscow,61,82,2.22,1.82,2022-11-02,2022,EuroLeague,Barcelona,14062,150.2,1607,1641
Fenerbahçe,Maccabi Tel Aviv,67,92,2.44,1.7,2022-11-04,2022,EuroLeague,Fenerbahçe,10931,167.0,1601,1664
Olympiacos,Baskonia,85,78,1.98,2.02,2022-11-06,2022,EuroLeague,Olympiacos,11296,171.2,1559,1555
CSKA Moscow,Anadolu Efes,75,87,1.92,2.08,2022-11-08,2022,EuroLeague,CSKA Moscow,10381,170.1,1631,1617
Maccabi Tel Aviv,Panathinaikos,83,71,1.67,2.5,2022-11-10,2022,EuroLeague,Maccabi Tel Aviv,9021,161.7,1579,1509
Baskonia,Zalgiris Kaunas,77,81,1.55,2.82,2022-11-12,2022,EuroLeague,Baskonia,13368,165.9,1641,1537
Anadolu Efes,Bayern Munich,67,91,2.07,1.93,2022-11-14,2022,EuroLeague,Anadolu Efes,12440,165.9,1585,1597
Panathinaikos,Valencia,90,78,2.14,1.88,2022-11-16,2022,EuroLeague,Panathinaikos,9474,176.4,1634,1657
Zalgiris Kaunas,Milano,70,76,1.84,2.2,2022-11-18,2022,EuroLeague,Zalgiris Kaunas,12368,153.3,1556,1525
Bayern Munich,Partizan,60,89,1.83,2.2,2022-11-20,2022,EuroLeague,Bayern Munich,10922,156.5,1687,1655
Valencia,ASVEL,79,74,1.71,2.4,2022-11-22,2022,EuroLeague,Valencia,11141,160.7,1607,1548
Milano,Real Madrid,104,66,1.48,3.07,2022-11-24,2022,EuroLeague,Milano,14591,178.5,1686,1560
Partizan,Barcelona,81,85,2.45,1.69,2022-11-26,2022,EuroLeague,Partizan,11672,174.3,1555,1619
ASVEL,Fenerbahçe,94,66,1.64,2.57,2022-11-28,2022,EuroLeague,ASVEL,9608,168.0,1653,1575
Real Madrid,Olympiacos,75,80,1.84,2.19,2022-11-30,2022,EuroLeague,Real Madrid,9737,162.8,1565,1535
Barcelona,CSKA Moscow,68,60,1.42,3.39,2022-12-02,2022,EuroLeague,Barcelona,11159,134.4,1694,1543
Fenerbahçe,Maccabi Tel Aviv,80,67,1.63,2.59,2022-12-04,2022,EuroLeague,Fenerbahçe,9950,154.3,1690,1609
Olympiacos,Baskonia,86,97,2.45,1.69,2022-12-06,2022,EuroLeague,Olympiacos,13748,192.2,1587,1651
CSKA Moscow,Anadolu Efes,77,62,2.15,1.87,2022-12-08,2022,EuroLeague,CSKA Moscow,10306,146.0,1596,1620
Maccabi Tel Aviv,Panathinaikos,74,82,2.02,1.98,2022-12-10,2022,EuroLeague,Maccabi Tel Aviv,13134,163.8,1584,1587
Baskonia,Zalgiris Kaunas,71,81,3.36,1.42,2022-12-12,2022,EuroLeague,Baskonia,12648,159.6,1539,1688
Anadolu Efes,Bayern Munich,83,90,2.16,1.86,2022-12-14,2022,EuroLeague,Anadolu Efes,11763,181.7,1562,1588
Panathinaikos,Valencia,80,87,1.42,3.36,2022-12-16,2022,EuroLeague,Panathinaikos,14978,175.3,1671,1522
Zalgiris Kaunas,Milano,92,86,1.69,2.45,2022-12-18,2022,EuroLeague,Zalgiris Kaunas,11300,186.9,1597,1532
Bayern Munich,Partizan,85,73,1.62,2.62,2022-12-20,2022,EuroLeague,Bayern Munich,11848,165.9,1640,1556
Valencia,ASVEL,77,60,1.43,3.33,2022-12-22,2022,EuroLeague,Valencia,11597,143.8,1673,1526
Milano,Real Madrid,87,69,2.51,1.66,2022-12-24,2022,EuroLeague,Milano,14801,163.8,1587,1659
Partizan,Barcelona,75,83,2.13,1.89,2022-12-26,2022,EuroLeague,Partizan,9254,165.9,1596,1617
ASVEL,Fenerbahçe,66,93,3.16,1.46,2022-12-28,2022,EuroLeague,ASVEL,10170,167.0,1504,1638
Real Madrid,Olympiacos,60,85,1.51,2.97,2022-12-30,2022,EuroLeague,Real Madrid,10723,152.2,1660,1542
Barcelona,CSKA Moscow,78,70,1.95,2.05,2023-01-01,2022,EuroLeague,Barcelona,10151,155.4,1511,1502
Fenerbahçe,Maccabi Tel Aviv,77,92,2.27,1.79,2023-01-03,2022,EuroLeague,Fenerbahçe,10370,177.5,1659,1700
Olympiacos,Baskonia,90,71,1.37,3.69,2023-01-05,2022,EuroLeague,Olympiacos,13832,169.1,1699,1527
CSKA Moscow,Anadolu Efes,87,79,2.02,1.98,2023-01-07,2022,EuroLeague,CSKA Moscow,9787,174.3,1584,1587
Maccabi Tel Aviv,Panathinaikos,91,61,1.85,2.17,2023-01-09,2022,EuroLeague,Maccabi Tel Aviv,13502,159.6,1581,1553
Baskonia,Zalgiris Kaunas,70,81,1.8,2.25,2023-01-11,2022,EuroLeague,Baskonia,10412,158.6,1682,1643
Anadolu Efes,Bayern Munich,84,98,2.22,1.82,2023-01-13,2022,EuroLeague,Anadolu Efes,11862,191.1,1561,1595
Panathinaikos,Valencia,64,75,2.5,1.67,2023-01-15,2022,EuroLeague,Panathinaikos,13180,146.0,1610,1680
Zalgiris Kaunas,Milano,82,76,2.04,1.97,2023-01-17,2022,EuroLeague,Zalgiris Kaunas,9159,165.9,1679,1685
Bayern Munich,Partizan,79,81,2.45,1.69,2023-01-19,2022,EuroLeague,Bayern Munich,13122,168.0,1591,1656
Valencia,ASVEL,106,85,1.5,3.02,2023-01-21,2022,EuroLeague,Valencia,9682,200.6,1682,1560
Milano,Real Madrid,75,77,1.44,3.26,2023-01-23,2022,EuroLeague,Milano,11207,159.6,1648,1506
Partizan,Barcelona,79,97,2.24,1.81,2023-01-25,2022,EuroLeague,Partizan,14639,184.8,1662,1699
ASVEL,Fenerbahçe,92,68,1.95,2.05,2023-01-27,2022,EuroLeague,ASVEL,14577,168.0,1529,1520
Real Madrid,Olympiacos,83,75,2.11,1.9,2023-01-29,2022,EuroLeague,Real Madrid,14765,165.9,1560,1578
Barcelona,CSKA Moscow,70,91,3.0,1.5,2023-01-31,2022,EuroLeague,Barcelona,12910,169.1,1519,1639
Fenerbahçe,Maccabi Tel Aviv,74,73,2.52,1.66,2023-02-02,2022,EuroLeague,Fenerbahçe,12098,154.3,1624,1697
Olympiacos,Baskonia,70,91,1.82,2.22,2023-02-04,2022,EuroLeague,Olympiacos,10398,169.1,1627,1592
CSKA Moscow,Anadolu Efes,72,60,1.72,2.38,2023-02-06,2022,EuroLeague,CSKA Moscow,12781,138.6,1652,1596
Maccabi Tel Aviv,Panathinaikos,60,60,3.11,1.47,2023-02-08,2022,EuroLeague,Maccabi Tel Aviv,14597,126.0,1546,1676
Baskonia,Zalgiris Kaunas,60,78,3.36,1.42,2023-02-10,2022,EuroLeague,Baskonia,14696,144.9,1533,1682
Anadolu Efes,Bayern Munich,64,65,1.69,2.45,2023-02-12,2022,EuroLeague,Anadolu Efes,14769,135.5,1666,1601
Panathinaikos,Valencia,64,85,1.58,2.74,2023-02-14,2022,EuroLeague,Panathinaikos,13189,156.5,1611,1515
Zalgiris Kaunas,Milano,77,81,1.39,3.54,2023-02-16,2022,EuroLeague,Zalgiris Kaunas,13374,165.9,1664,1502
Bayern Munich,Partizan,75,106,3.95,1.34,2023-02-18,2022,EuroLeague,Bayern Munich,10607,190.1,1506,1694
Valencia,ASVEL,100,66,1.51,2.96,2023-02-20,2022,EuroLeague,Valencia,12296,174.3,1637,1520
Milano,Real Madrid,71,69,2.76,1.57,2023-02-22,2022,EuroLeague,Milano,9167,147.0,1579,1677
Partizan,Barcelona,72,77,1.94,2.07,2023-02-24,2022,EuroLeague,Partizan,11305,156.5,1521,1510
ASVEL,Fenerbahçe,66,76,1.68,2.48,2023-02-26,2022,EuroLeague,ASVEL,9270,149.1,1611,1543
Real Madrid,Olympiacos,81,75,2.88,1.53,2023-02-28,2022,EuroLeague,Real Madrid,9986,163.8,1566,1676
Barcelona,CSKA Moscow,71,95,2.1,1.91,2023-03-02,2022,EuroLeague,Barcelona,13356,174.3,1656,1672
Fenerbahçe,Maccabi Tel Aviv,85,105,3.47,1.41,2023-03-04,2022,EuroLeague,Fenerbahçe,14810,199.5,1540,1697
Olympiacos,Baskonia,98,65,2.02,1.98,2023-03-06,2022,EuroLeague,Olympiacos,13487,171.2,1591,1594
CSKA Moscow,Anadolu Efes,76,83,2.83,1.55,2023-03-08,2022,EuroLeague,CSKA Moscow,13388,167.0,1548,1653
Maccabi Tel Aviv,Panathinaikos,76,60,2.38,1.72,2023-03-10,2022,EuroLeague,Maccabi Tel Aviv,10622,142.8,1540,1596
Baskonia,Zalgiris Kaunas,96,64,2.15,1.87,2023-03-12,2022,EuroLeague,Baskonia,9635,168.0,1612,1636
Anadolu Efes,Bayern Munich,73,83,3.74,1.37,2023-03-14,2022,EuroLeague,Anadolu Efes,13958,163.8,1522,1697
Panathinaikos,Valencia,86,94,1.65,2.54,2023-03-16,2022,EuroLeague,Panathinaikos,14532,189.0,1647,1572
Zalgiris Kaunas,Milano,84,69,1.94,2.06,2023-03-18,2022,EuroLeague,Zalgiris Kaunas,13971,160.7,1609,1599
Bayern Munich,Partizan,97,89,1.85,2.17,2023-03-20,2022,EuroLeague,Bayern Munich,9153,195.3,1595,1567
Valencia,ASVEL,70,69,1.44,3.25,2023-03-22,2022,EuroLeague,Valencia,10487,146.0,1666,1525
Milano,Real Madrid,83,81,2.45,1.69,2023-03-24,2022,EuroLeague,Milano,14036,172.2,1562,1627
Partizan,Barcelona,73,85,2.37,1.73,2023-03-26,2022,EuroLeague,Partizan,10748,165.9,1627,1682
ASVEL,Fenerbahçe,78,63,1.72,2.4,2023-03-28,2022,EuroLeague,ASVEL,9630,148.1,1685,1627
Real Madrid,Olympiacos,81,96,1.95,1.95,2023-03-30,2022,EuroLeague,Real Madrid,13814,185.8,1535,1535
Barcelona,CSKA Moscow,88,83,1.96,2.04,2023-04-01,2022,EuroLeague,Barcelona,11011,179.6,1608,1601
Fenerbahçe,Maccabi Tel Aviv,63,67,2.78,1.56,2023-04-03,2022,EuroLeague,Fenerbahçe,11740,136.5,1527,1627
Olympiacos,Baskonia,85,62,2.14,1.88,2023-04-05,2022,EuroLeague,Olympiacos,9064,154.3,1609,1632
CSKA Moscow,Anadolu Efes,80,82,1.49,3.03,2023-04-07,2022,EuroLeague,CSKA Moscow,10679,170.1,1626,1503
Maccabi Tel Aviv,Panathinaikos,88,79,3.07,1.48,2023-04-09,2022,EuroLeague,Maccabi Tel Aviv,12495,175.3,1526,1652
Baskonia,Zalgiris Kaunas,98,67,1.61,2.63,2023-04-11,2022,EuroLeague,Baskonia,11161,173.2,1609,1524
Anadolu Efes,Bayern Munich,105,62,2.48,1.68,2023-04-13,2022,EuroLeague,Anadolu Efes,13662,175.3,1565,1633
Panathinaikos,Valencia,83,80,3.0,1.5,2023-04-15,2022,EuroLeague,Panathinaikos,9293,171.2,1561,1681
Zalgiris Kaunas,Milano,93,60,2.42,1.7,2023-04-17,2022,EuroLeague,Zalgiris Kaunas,11445,160.7,1632,1693
Bayern Munich,Partizan,94,100,1.54,2.85,2023-04-19,2022,EuroLeague,Bayern Munich,11117,203.7,1611,1504
Valencia,ASVEL,62,67,2.43,1.7,2023-04-21,2022,EuroLeague,Valencia,9328,135.5,1559,1621
Milano,Real Madrid,76,61,2.23,1.81,2023-04-23,2022,EuroLeague,Milano,9811,143.8,1648,1684
Partizan,Barcelona,103,60,1.78,2.28,2023-04-25,2022,EuroLeague,Partizan,9382,171.2,1570,1527
ASVEL,Fenerbahçe,67,61,2.71,1.59,2023-04-27,2022,EuroLeague,ASVEL,9230,134.4,1566,1659
Real Madrid,Olympiacos,73,65,1.9,2.12,2023-04-29,2022,EuroLeague,Real Madrid,11813,144.9,1623,1604
Barcelona,CSKA Moscow,60,86,3.3,1.43,2023-05-01,2022,EuroLeague,Barcelona,9069,153.3,1519,1664
Fenerbahçe,Maccabi Tel Aviv,78,77,1.67,2.49,2023-05-03,2022,EuroLeague,Fenerbahçe,12694,162.8,1697,1628
Olympiacos,Baskonia,60,83,2.27,1.79,2023-05-05,2022,EuroLeague,Olympiacos,13208,150.2,1500,1541
CSKA Moscow,Anadolu Efes,73,83,1.91,2.1,2023-05-07,2022,EuroLeague,CSKA Moscow,10427,163.8,1658,1642
Maccabi Tel Aviv,Panathinaikos,65,61,1.74,2.35,2023-05-09,2022,EuroLeague,Maccabi Tel Aviv,14052,132.3,1561,1509
Baskonia,Zalgiris Kaunas,75,93,1.88,2.14,2023-05-11,2022,EuroLeague,Baskonia,14331,176.4,1643,1620
Anadolu Efes,Bayern Munich,80,76,2.24,1.81,2023-05-13,2022,EuroLeague,Anadolu Efes,10083,163.8,1595,1632
Panathinaikos,Valencia,76,75,2.32,1.76,2023-05-15,2022,EuroLeague,Panathinaikos,12594,158.6,1590,1638
Zalgiris Kaunas,Milano,81,72,2.19,1.84,2023-05-17,2022,EuroLeague,Zalgiris Kaunas,14309,160.7,1503,1533
Bayern Munich,Partizan,60,101,2.34,1.75,2023-05-19,2022,EuroLeague,Bayern Munich,9734,169.1,1612,1663
Valencia,ASVEL,80,89,2.24,1.81,2023-05-21,2022,EuroLeague,Valencia,9112,177.5,1507,1544
Milano,Real Madrid,64,99,1.86,2.17,2023-05-23,2022,EuroLeague,Milano,14472,171.2,1689,1662
Partizan,Barcelona,61,85,2.5,1.66,2023-05-25,2022,EuroLeague,Partizan,12140,153.3,1585,1656
ASVEL,Fenerbahçe,71,73,1.76,2.32,2023-05-27,2022,EuroLeague,ASVEL,9736,151.2,1694,1646
Real Madrid,Olympiacos,63,67,1.7,2.44,2023-05-29,2022,EuroLeague,Real Madrid,13296,136.5,1657,1594
Barcelona,CSKA Moscow,71,90,1.69,2.45,2023-05-31,2022,EuroLeague,Barcelona,10763,169.1,1580,1515
Fenerbahçe,Maccabi Tel Aviv,64,95,2.98,1.5,2023-06-02,2022,EuroLeague,Fenerbahçe,9592,167.0,1545,1664
Olympiacos,Baskonia,69,83,1.64,2.56,2023-06-04,2022,EuroLeague,Olympiacos,9644,159.6,1686,1609
CSKA Moscow,Anadolu Efes,83,96,1.87,2.15,2023-06-06,2022,EuroLeague,CSKA Moscow,9610,188.0,1569,1544
Maccabi Tel Aviv,Panathinaikos,93,81,1.33,3.99,2023-06-08,2022,EuroLeague,Maccabi Tel Aviv,11606,182.7,1699,1509
Baskonia,Zalgiris Kaunas,89,88,1.79,2.27,2023-06-10,2022,EuroLeague,Baskonia,12764,185.8,1655,1614
Anadolu Efes,Bayern Munich,101,83,1.79,2.27,2023-06-12,2022,EuroLeague,Anadolu Efes,9208,193.2,1643,1602
Panathinaikos,Valencia,90,60,2.27,1.79,2023-06-14,2022,EuroLeague,Panathinaikos,10047,157.5,1531,1573
Zalgiris Kaunas,Milano,90,79,2.58,1.63,2023-06-16,2022,EuroLeague,Zalgiris Kaunas,11708,177.5,1531,1611
Bayern Munich,Partizan,101,67,1.9,2.11,2023-06-18,2022,EuroLeague,Bayern Munich,13691,176.4,1531,1513
Valencia,ASVEL,69,113,2.12,1.9,2023-06-20,2022,EuroLeague,Valencia,10784,191.1,1532,1551
Milano,Real Madrid,93,78,1.69,2.45,2023-06-22,2022,EuroLeague,Milano,14549,179.6,1700,1635
Partizan,Barcelona,87,75,1.36,3.79,2023-06-24,2022,EuroLeague,Partizan,11210,170.1,1680,1502
ASVEL,Fenerbahçe,90,92,2.22,1.82,2023-06-26,2022,EuroLeague,ASVEL,12799,191.1,1666,1700
Real Madrid,Olympiacos,99,83,2.12,1.89,2023-06-28,2022,EuroLeague,Real Madrid,10473,191.1,1548,1568
Barcelona,CSKA Moscow,101,86,1.58,2.74,2023-06-30,2022,EuroLeague,Barcelona,9040,196.3,1616,1520
Fenerbahçe,Maccabi Tel Aviv,69,95,1.94,2.07,2023-07-02,2022,EuroLeague,Fenerbahçe,9978,172.2,1525,1514
Olympiacos,Baskonia,87,74,2.74,1.58,2023-07-04,2022,EuroLeague,Olympiacos,13089,169.1,1571,1667
CSKA Moscow,Anadolu Efes,81,88,2.4,1.72,2023-07-06,2022,EuroLeague,CSKA Moscow,9525,177.5,1581,1639
Maccabi Tel Aviv,Panathinaikos,84,66,1.94,2.07,2023-07-08,2022,EuroLeague,Maccabi Tel Aviv,9059,157.5,1513,1502
Baskonia,Zalgiris Kaunas,92,60,1.86,2.16,2023-07-10,2022,EuroLeague,Baskonia,14198,159.6,1653,1627
Anadolu Efes,Bayern Munich,86,69,1.68,2.46,2023-07-12,2022,EuroLeague,Anadolu Efes,10930,162.8,1579,1513
Panathinaikos,Valencia,80,90,1.93,2.07,2023-07-14,2022,EuroLeague,Panathinaikos,14199,178.5,1616,1604
Zalgiris Kaunas,Milano,78,71,1.88,2.14,2023-07-16,2022,EuroLeague,Zalgiris Kaunas,13989,156.5,1606,1584
Bayern Munich,Partizan,70,85,2.24,1.81,2023-07-18,2022,EuroLeague,Bayern Munich,12982,162.8,1511,1548
Valencia,ASVEL,90,90,1.97,2.04,2023-07-20,2022,EuroLeague,Valencia,10864,189.0,1674,1668
Milano,Real Madrid,78,71,1.68,2.46,2023-07-22,2022,EuroLeague,Milano,9816,156.5,1685,1619
Partizan,Barcelona,74,84,2.61,1.62,2023-07-24,2022,EuroLeague,Partizan,12354,165.9,1583,1666
ASVEL,Fenerbahçe,74,69,1.97,2.03,2023-07-26,2022,EuroLeague,ASVEL,10726,150.2,1607,1602
Real Madrid,Olympiacos,68,81,1.83,2.21,2023-07-28,2022,EuroLeague,Real Madrid,11924,156.5,1592,1559
Barcelona,CSKA Moscow,90,72,1.81,2.24,2023-07-30,2022,EuroLeague,Barcelona,11638,170.1,1692,1655
Fenerbahçe,Maccabi Tel Aviv,78,65,1.65,2.54,2023-08-01,2022,EuroLeague,Fenerbahçe,13097,150.2,1592,1517
Olympiacos,Baskonia,76,78,1.69,2.45,2023-08-03,2022,EuroLeague,Olympiacos,13833,161.7,1615,1551
CSKA Moscow,Anadolu Efes,64,77,2.46,1.68,2023-08-05,2022,EuroLeague,CSKA Moscow,10123,148.1,1557,1623
Maccabi Tel Aviv,Panathinaikos,72,97,2.53,1.65,2023-08-07,2022,EuroLeague,Maccabi Tel Aviv,12249,177.5,1612,1686
Baskonia,Zalgiris Kaunas,86,75,2.15,1.87,2023-08-09,2022,EuroLeague,Baskonia,14755,169.1,1510,1535
Anadolu Efes,Bayern Munich,76,77,2.28,1.78,2023-08-11,2022,EuroLeague,Anadolu Efes,14741,160.7,1519,1562
Panathinaikos,Valencia,82,74,1.86,2.16,2023-08-13,2022,EuroLeague,Panathinaikos,12753,163.8,1667,1641
Zalgiris Kaunas,Milano,94,71,2.6,1.62,2023-08-15,2022,EuroLeague,Zalgiris Kaunas,12692,173.2,1521,1603
Bayern Munich,Partizan,89,75,1.99,2.01,2023-08-17,2022,EuroLeague,Bayern Munich,9665,172.2,1623,1621
Valencia,ASVEL,75,74,1.9,2.11,2023-08-19,2022,EuroLeague,Valencia,10336,156.5,1553,1535
Milano,Real Madrid,70,99,2.34,1.75,2023-08-21,2022,EuroLeague,Milano,11514,177.5,1508,1559
Partizan,Barcelona,88,60,1.54,2.85,2023-08-23,2022,EuroLeague,Partizan,10523,155.4,1617,1510
ASVEL,Fenerbahçe,86,81,2.83,1.55,2023-08-25,2022,EuroLeague,ASVEL,10534,175.3,1549,1654
Real Madrid,Olympiacos,82,88,2.38,1.72,2023-08-27,2022,EuroLeague,Real Madrid,13594,178.5,1517,1573
Barcelona,CSKA Moscow,75,93,2.33,1.75,2023-08-29,2022,EuroLeague,Barcelona,11869,176.4,1558,1608
Fenerbahçe,Maccabi Tel Aviv,95,93,2.04,1.96,2023-08-31,2022,EuroLeague,Fenerbahçe,14342,197.4,1561,1568
Olympiacos,Baskonia,83,81,2.17,1.86,2023-09-02,2022,EuroLeague,Olympiacos,13730,172.2,1531,1558
CSKA Moscow,Anadolu Efes,76,99,3.36,1.42,2023-09-04,2022,EuroLeague,CSKA Moscow,13430,183.8,1523,1672
Maccabi Tel Aviv,Panathinaikos,85,60,3.23,1.45,2023-09-06,2022,EuroLeague,Maccabi Tel Aviv,12871,152.2,1533,1672
Baskonia,Zalgiris Kaunas,82,69,1.76,2.31,2023-09-08,2022,EuroLeague,Baskonia,10548,158.6,1657,1610
Anadolu Efes,Bayern Munich,74,68,2.4,1.71,2023-09-10,2022,EuroLeague,Anadolu Efes,10184,149.1,1622,1681
Panathinaikos,Valencia,96,104,2.25,1.8,2023-09-12,2022,EuroLeague,Panathinaikos,9217,210.0,1621,1660
Zalgiris Kaunas,Milano,92,70,1.43,3.3,2023-09-14,2022,EuroLeague,Zalgiris Kaunas,10665,170.1,1668,1523
Bayern Munich,Partizan,60,89,2.19,1.84,2023-09-16,2022,EuroLeague,Bayern Munich,10691,156.5,1595,1625
Valencia,ASVEL,84,60,1.44,3.26,2023-09-18,2022,EuroLeague,Valencia,13423,151.2,1684,1542
Milano,Real Madrid,78,73,2.31,1.76,2023-09-20,2022,EuroLeague,Milano,9488,158.6,1641,1688
Partizan,Barcelona,82,92,3.47,1.41,2023-09-22,2022,EuroLeague,Partizan,12634,182.7,1521,1678
ASVEL,Fenerbahçe,68,95,2.18,1.85,2023-09-24,2022,EuroLeague,ASVEL,9975,171.2,1661,1690
Real Madrid,Olympiacos,74,82,2.02,1.98,2023-09-26,2022,EuroLeague,Real Madrid,13973,163.8,1683,1687
Barcelona,CSKA Moscow,79,80,2.03,1.97,2023-09-28,2022,EuroLeague,Barcelona,14707,167.0,1545,1550
Fenerbahçe,Maccabi Tel Aviv,66,94,2.8,1.56,2023-09-30,2022,EuroLeague,Fenerbahçe,12687,168.0,1512,1614
Olympiacos,Baskonia,88,72,1.61,2.64,2023-10-02,2022,EuroLeague,Olympiacos,14149,168.0,1661,1575
CSKA Moscow,Anadolu Efes,91,96,1.91,2.1,2023-10-04,2022,EuroLeague,CSKA Moscow,9291,196.3,1677,1660
Maccabi Tel Aviv,Panathinaikos,84,60,1.79,2.27,2023-10-06,2022,EuroLeague,Maccabi Tel Aviv,10493,151.2,1613,1571
Baskonia,Zalgiris Kaunas,82,67,1.51,2.97,2023-10-08,2022,EuroLeague,Baskonia,12287,156.5,1691,1573
Anadolu Efes,Bayern Munich,84,111,3.53,1.4,2023-10-10,2022,EuroLeague,Anadolu Efes,14768,204.8,1514,1675
Panathinaikos,Valencia,97,66,2.05,1.95,2023-10-12,2022,EuroLeague,Panathinaikos,10530,171.2,1528,1536
Zalgiris Kaunas,Milano,92,68,1.58,2.72,2023-10-14,2022,EuroLeague,Zalgiris Kaunas,11515,168.0,1688,1594
Bayern Munich,Partizan,66,91,2.06,1.94,2023-10-16,2022,EuroLeague,Bayern Munich,13627,164.8,1580,1590
Valencia,ASVEL,65,75,2.05,1.95,2023-10-18,2022,EuroLeague,Valencia,14809,147.0,1615,1624
Milano,Real Madrid,80,68,2.01,1.99,2023-10-20,2022,EuroLeague,Milano,14907,155.4,1690,1691
Partizan,Barcelona,77,60,1.97,2.04,2023-10-22,2022,EuroLeague,Partizan,13164,143.8,1643,1637
ASVEL,Fenerbahçe,79,91,1.95,2.05,2023-10-24,2022,EuroLeague,ASVEL,13852,178.5,1570,1561
Real Madrid,Olympiacos,91,66,1.41,3.43,2023-10-26,2022,EuroLeague,Real Madrid,13979,164.8,1654,1500
Barcelona,CSKA Moscow,60,77,2.28,1.78,2023-10-28,2022,EuroLeague,Barcelona,12811,143.8,1514,1557
Fenerbahçe,Maccabi Tel Aviv,88,67,2.27,1.79,2023-10-30,2022,EuroLeague,Fenerbahçe,9100,162.8,1581,1622
Olympiacos,Baskonia,87,80,1.79,2.27,2023-11-01,2022,EuroLeague,Olympiacos,14724,175.3,1591,1549
CSKA Moscow,Anadolu Efes,60,92,3.16,1.46,2023-11-03,2022,EuroLeague,CSKA Moscow,12622,159.6,1510,1644
Maccabi Tel Aviv,Panathinaikos,73,81,2.08,1.92,2023-11-05,2022,EuroLeague,Maccabi Tel Aviv,12884,161.7,1678,1692
Baskonia,Zalgiris Kaunas,60,73,2.38,1.72,2023-11-07,2022,EuroLeague,Baskonia,14072,139.7,1570,1626
Anadolu Efes,Bayern Munich,97,68,1.9,2.11,2023-11-09,2022,EuroLeague,Anadolu Efes,10576,173.2,1593,1575
Panathinaikos,Valencia,60,94,2.49,1.67,2023-11-11,2022,EuroLeague,Panathinaikos,10343,161.7,1505,1574
Zalgiris Kaunas,Milano,79,81,3.09,1.48,2023-11-13,2022,EuroLeague,Zalgiris Kaunas,11356,168.0,1532,1660
Bayern Munich,Partizan,60,73,3.41,1.41,2023-11-15,2022,EuroLeague,Bayern Munich,10206,139.7,1503,1656
Valencia,ASVEL,68,73,2.28,1.78,2023-11-17,2022,EuroLeague,Valencia,9585,148.1,1563,1606
Milano,Real Madrid,79,86,1.93,2.08,2023-11-19,2022,EuroLeague,Milano,14790,173.2,1669,1656
Partizan,Barcelona,79,71,1.46,3.16,2023-11-21,2022,EuroLeague,Partizan,11583,157.5,1647,1513
ASVEL,Fenerbahçe,78,62,1.6,2.66,2023-11-23,2022,EuroLeague,ASVEL,11386,147.0,1691,1603
Real Madrid,Olympiacos,79,87,1.91,2.1,2023-11-25,2022,EuroLeague,Real Madrid,10714,174.3,1659,1642
Barcelona,CSKA Moscow,82,106,3.24,1.45,2023-11-27,2022,EuroLeague,Barcelona,10047,197.4,1507,1647
Fenerbahçe,Maccabi Tel Aviv,71,111,2.5,1.67,2023-11-29,2022,EuroLeague,Fenerbahçe,11938,191.1,1554,1624
Olympiacos,Baskonia,86,64,1.67,2.5,2023-12-01,2022,EuroLeague,Olympiacos,9619,157.5,1620,1550
CSKA Moscow,Anadolu Efes,74,102,2.22,1.82,2023-12-03,2022,EuroLeague,CSKA Moscow,13841,184.8,1621,1655
Maccabi Tel Aviv,Panathinaikos,82,84,2.41,1.71,2023-12-05,2022,EuroLeague,Maccabi Tel Aviv,14371,174.3,1568,1628
Baskonia,Zalgiris Kaunas,68,66,2.34,1.75,2023-12-07,2022,EuroLeague,Baskonia,9871,140.7,1552,1603
Anadolu Efes,Bayern Munich,89,75,1.84,2.19,2023-12-09,2022,EuroLeague,Anadolu Efes,12173,172.2,1554,1524
Panathinaikos,Valencia,75,87,3.14,1.47,2023-12-11,2022,EuroLeague,Panathinaikos,12643,170.1,1519,1651
Zalgiris Kaunas,Milano,75,80,2.83,1.55,2023-12-13,2022,EuroLeague,Zalgiris Kaunas,13067,162.8,1509,1614
Bayern Munich,Partizan,84,60,2.5,1.66,2023-12-15,2022,EuroLeague,Bayern Munich,9965,151.2,1579,1650
Valencia,ASVEL,88,60,1.78,2.29,2023-12-17,2022,EuroLeague,Valencia,9044,155.4,1587,1543
Milano,Real Madrid,84,71,3.83,1.35,2023-12-19,2022,EuroLeague,Milano,11225,162.8,1505,1686
Partizan,Barcelona,87,92,1.75,2.33,2023-12-21,2022,EuroLeague,Partizan,10418,188.0,1611,1561
ASVEL,Fenerbahçe,63,65,2.04,1.96,2023-12-23,2022,EuroLeague,ASVEL,12852,134.4,1537,1544
Real Madrid,Olympiacos,68,106,3.25,1.44,2023-12-25,2022,EuroLeague,Real Madrid,10262,182.7,1500,1641
Barcelona,CSKA Moscow,87,69,2.15,1.87,2023-12-27,2022,EuroLeague,Barcelona,10828,163.8,1647,1672
Fenerbahçe,Maccabi Tel Aviv,60,78,2.38,1.72,2023-12-29,2022,EuroLeague,Fenerbahçe,10470,144.9,1607,1663
Olympiacos,Baskonia,89,67,1.67,2.5,2023-12-31,2022,EuroLeague,Olympiacos,12349,163.8,1586,1516
CSKA Moscow,Anadolu Efes,99,79,1.58,2.72,2024-01-02,2022,EuroLeague,CSKA Moscow,12550,186.9,1658,1564
Maccabi Tel Aviv,Panathinaikos,98,81,2.02,1.98,2024-01-04,2022,EuroLeague,Maccabi Tel Aviv,12598,188.0,1552,1555
Baskonia,Zalgiris Kaunas,81,77,1.76,2.32,2024-01-06,2022,EuroLeague,Baskonia,10797,165.9,1643,1595
Anadolu Efes,Bayern Munich,81,82,2.1,1.91,2024-01-08,2022,EuroLeague,Anadolu Efes,10610,171.2,1522,1539
Panathinaikos,Valencia,76,94,1.6,2.67,2024-01-10,2022,EuroLeague,Panathinaikos,13686,178.5,1618,1529
Zalgiris Kaunas,Milano,63,60,1.84,2.19,2024-01-12,2022,EuroLeague,Zalgiris Kaunas,9969,129.2,1639,1609
Bayern Munich,Partizan,87,91,2.58,1.63,2024-01-14,2022,EuroLeague,Bayern Munich,14728,186.9,1553,1632
Valencia,ASVEL,62,76,2.75,1.57,2024-01-16,2022,EuroLeague,Valencia,9164,144.9,1509,1606
Milano,Real Madrid,71,76,2.21,1.83,2024-01-18,2022,EuroLeague,Milano,14219,154.3,1559,1592
Partizan,Barcelona,72,62,1.92,2.08,2024-01-20,2022,EuroLeague,Partizan,10502,140.7,1623,1609
ASVEL,Fenerbahçe,80,69,2.3,1.77,2024-01-22,2022,EuroLeague,ASVEL,10923,156.5,1589,1634
Real Madrid,Olympiacos,89,87,1.5,3.02,2024-01-24,2022,EuroLeague,Real Madrid,13503,184.8,1637,1515
Barcelona,CSKA Moscow,60,80,2.14,1.88,2024-01-26,2022,EuroLeague,Barcelona,11718,147.0,1577,1599
Fenerbahçe,Maccabi Tel Aviv,73,63,1.82,2.22,2024-01-28,2022,EuroLeague,Fenerbahçe,9382,142.8,1618,1584
Olympiacos,Baskonia,99,78,2.68,1.6,2024-01-30,2022,EuroLeague,Olympiacos,13661,185.8,1566,1656
CSKA Moscow,Anadolu Efes,90,96,2.1,1.91,2024-02-01,2022,EuroLeague,CSKA Moscow,12022,195.3,1504,1520
Maccabi Tel Aviv,Panathinaikos,88,82,1.62,2.62,2024-02-03,2022,EuroLeague,Maccabi Tel Aviv,9153,178.5,1600,1516
Baskonia,Zalgiris Kaunas,66,91,1.79,2.27,2024-02-05,2022,EuroLeague,Baskonia,12250,164.8,1595,1554
Anadolu Efes,Bayern Munich,78,74,1.88,2.14,2024-02-07,2022,EuroLeague,Anadolu Efes,11670,159.6,1664,1642
Panathinaikos,Valencia,78,84,2.17,1.86,2024-02-09,2022,EuroLeague,Panathinaikos,12434,170.1,1672,1699
Zalgiris Kaunas,Milano,100,72,2.17,1.86,2024-02-11,2022,EuroLeague,Zalgiris Kaunas,11832,180.6,1567,1594
Bayern Munich,Partizan,64,94,2.94,1.52,2024-02-13,2022,EuroLeague,Bayern Munich,14675,165.9,1534,1649
Valencia,ASVEL,70,92,2.38,1.72,2024-02-15,2022,EuroLeague,Valencia,13405,170.1,1593,1649
Milano,Real Madrid,79,65,1.6,2.66,2024-02-17,2022,EuroLeague,Milano,14688,151.2,1601,1513
Partizan,Barcelona,74,87,1.76,2.32,2024-02-19,2022,EuroLeague,Partizan,9353,169.1,1654,1606
ASVEL,Fenerbahçe,85,84,1.85,2.18,2024-02-21,2022,EuroLeague,ASVEL,14980,177.5,1620,1591
Real Madrid,Olympiacos,80,97,1.75,2.33,2024-02-23,2022,EuroLeague,Real Madrid,13085,185.8,1578,1528
Barcelona,CSKA Moscow,73,72,1.67,2.5,2024-02-25,2022,EuroLeague,Barcelona,10656,152.2,1647,1577
Fenerbahçe,Maccabi Tel Aviv,98,68,1.86,2.16,2024-02-27,2022,EuroLeague,Fenerbahçe,11895,174.3,1625,1599
Olympiacos,Baskonia,60,73,2.65,1.61,2024-02-29,2022,EuroLeague,Olympiacos,13978,139.7,1613,1700
CSKA Moscow,Anadolu Efes,71,99,2.11,1.9,2024-03-02,2022,EuroLeague,CSKA Moscow,9342,178.5,1656,1674
Maccabi Tel Aviv,Panathinaikos,60,92,2.45,1.69,2024-03-04,2022,EuroLeague,Maccabi Tel Aviv,14708,159.6,1535,1599
Baskonia,Zalgiris Kaunas,60,88,1.58,2.73,2024-03-06,2022,EuroLeague,Baskonia,10686,155.4,1604,1509
Anadolu Efes,Bayern Munich,79,60,2.21,1.83,2024-03-08,2022,EuroLeague,Anadolu Efes,13704,146.0,1526,1559
Panathinaikos,Valencia,76,76,2.58,1.63,2024-03-10,2022,EuroLeague,Panathinaikos,10382,159.6,1529,1608
Zalgiris Kaunas,Milano,92,76,2.08,1.93,2024-03-12,2022,EuroLeague,Zalgiris Kaunas,10737,176.4,1502,1515
Bayern Munich,Partizan,83,78,1.81,2.23,2024-03-14,2022,EuroLeague,Bayern Munich,13329,169.1,1546,1510
Valencia,ASVEL,67,107,2.24,1.81,2024-03-16,2022,EuroLeague,Valencia,11799,182.7,1507,1544
Milano,Real Madrid,73,85,3.47,1.41,2024-03-18,2022,EuroLeague,Milano,10042,165.9,1520,1677
Partizan,Barcelona,106,69,1.63,2.59,2024-03-20,2022,EuroLeague,Partizan,9917,183.8,1691,1610
ASVEL,Fenerbahçe,77,78,1.47,3.13,2024-03-22,2022,EuroLeague,ASVEL,9175,162.8,1690,1559
Real Madrid,Olympiacos,81,84,2.01,1.99,2024-03-24,2022,EuroLeague,Real Madrid,10849,173.2,1601,1602
Barcelona,CSKA Moscow,87,62,1.53,2.89,2024-03-26,2022,EuroLeague,Barcelona,10557,156.5,1686,1575
Fenerbahçe,Maccabi Tel Aviv,83,67,3.6,1.38,2024-03-28,2022,EuroLeague,Fenerbahçe,14564,157.5,1524,1690
Olympiacos,Baskonia,81,68,1.82,2.22,2024-03-30,2022,EuroLeague,Olympiacos,10448,156.5,1696,1661
CSKA Moscow,Anadolu Efes,92,86,2.02,1.98,2024-04-01,2022,EuroLeague,CSKA Moscow,13865,186.9,1500,1503
Maccabi Tel Aviv,Panathinaikos,78,91,3.77,1.36,2024-04-03,2022,EuroLeague,Maccabi Tel Aviv,11355,177.5,1510,1687
Baskonia,Zalgiris Kaunas,84,84,2.52,1.66,2024-04-05,2022,EuroLeague,Baskonia,13726,176.4,1543,1616
Anadolu Efes,Bayern Munich,91,68,1.39,3.57,2024-04-07,2022,EuroLeague,Anadolu Efes,10867,167.0,1682,1518
Panathinaikos,Valencia,71,73,2.97,1.51,2024-04-09,2022,EuroLeague,Panathinaikos,11404,151.2,1553,1671
Zalgiris Kaunas,Milano,104,60,1.49,3.05,2024-04-11,2022,EuroLeague,Zalgiris Kaunas,12375,172.2,1639,1514
Bayern Munich,Partizan,88,79,1.95,2.05,2024-04-13,2022,EuroLeague,Bayern Munich,12894,175.3,1588,1579
Valencia,ASVEL,76,72,2.02,1.98,2024-04-15,2022,EuroLeague,Valencia,14310,155.4,1646,1650
Milano,Real Madrid,110,89,1.81,2.24,2024-04-17,2022,EuroLeague,Milano,10962,209.0,1642,1605
Partizan,Barcelona,77,91,2.8,1.56,2024-04-19,2022,EuroLeague,Partizan,12513,176.4,1574,1676
ASVEL,Fenerbahçe,70,76,2.33,1.75,2024-04-21,2022,EuroLeague,ASVEL,13955,153.3,1584,1634
Real Madrid,Olympiacos,87,102,1.73,2.37,2024-04-23,2022,EuroLeague,Real Madrid,11940,198.5,1594,1539
Barcelona,CSKA Moscow,83,88,2.61,1.62,2024-04-25,2022,EuroLeague,Barcelona,10874,179.6,1568,1651
Fenerbahçe,Maccabi Tel Aviv,93,77,1.68,2.46,2024-04-27,2022,EuroLeague,Fenerbahçe,9491,178.5,1682,1616
Olympiacos,Baskonia,87,76,1.86,2.17,2024-04-29,2022,EuroLeague,Olympiacos,11516,171.2,1571,1544
CSKA Moscow,Anadolu Efes,74,60,1.48,3.09,2024-05-01,2022,EuroLeague,CSKA Moscow,9911,140.7,1664,1536
Maccabi Tel Aviv,Panathinaikos,70,77,1.62,2.62,2024-05-03,2022,EuroLeague,Maccabi Tel Aviv,13593,154.3,1695,1611
Baskonia,Zalgiris Kaunas,64,78,2.1,1.91,2024-05-05,2022,EuroLeague,Baskonia,12326,149.1,1586,1602
Anadolu Efes,Bayern Munich,63,81,2.43,1.7,2024-05-07,2022,EuroLeague,Anadolu Efes,13475,151.2,1612,1674
Panathinaikos,Valencia,78,60,1.8,2.24,2024-05-09,2022,EuroLeague,Panathinaikos,11306,144.9,1573,1535
Zalgiris Kaunas,Milano,81,94,3.41,1.41,2024-05-11,2022,EuroLeague,Zalgiris Kaunas,9470,183.8,1537,1690
Bayern Munich,Partizan,95,68,2.81,1.55,2024-05-13,2022,EuroLeague,Bayern Munich,9495,171.2,1563,1666
Valencia,ASVEL,78,95,2.31,1.76,2024-05-15,2022,EuroLeague,Valencia,14891,181.7,1638,1685
Milano,Real Madrid,109,78,1.66,2.52,2024-05-17,2022,EuroLeague,Milano,10158,196.3,1696,1623
Partizan,Barcelona,71,82,1.81,2.23,2024-05-19,2022,EuroLeague,Partizan,11805,160.7,1663,1627
ASVEL,Fenerbahçe,67,66,2.51,1.66,2024-05-21,2022,EuroLeague,ASVEL,12758,139.7,1596,1668
Real Madrid,Olympiacos,83,84,1.85,2.17,2024-05-23,2022,EuroLeague,Real Madrid,12533,175.3,1565,1537
Barcelona,CSKA Moscow,77,71,1.85,2.18,2024-05-25,2022,EuroLeague,Barcelona,11576,155.4,1571,1542
Fenerbahçe,Maccabi Tel Aviv,88,76,1.93,2.07,2024-05-27,2022,EuroLeague,Fenerbahçe,11258,172.2,1625,1613
Olympiacos,Baskonia,86,84,1.46,3.19,2024-05-29,2022,EuroLeague,Olympiacos,13893,178.5,1646,1510
CSKA Moscow,Anadolu Efes,79,69,2.37,1.73,2024-05-31,2022,EuroLeague,CSKA Moscow,9291,155.4,1633,1688
Maccabi Tel Aviv,Panathinaikos,85,60,1.34,3.9,2024-06-02,2022,EuroLeague,Maccabi Tel Aviv,10575,152.2,1695,1510
Baskonia,Zalgiris Kaunas,70,83,2.1,1.91,2024-06-04,2022,EuroLeague,Baskonia,9340,160.7,1684,1700
Anadolu Efes,Bayern Munich,96,70,1.62,2.61,2024-06-06,2022,EuroLeague,Anadolu Efes,12288,174.3,1621,1538
Panathinaikos,Valencia,76,60,2.57,1.64,2024-06-08,2022,EuroLeague,Panathinaikos,12013,142.8,1561,1639
Zalgiris Kaunas,Milano,76,62,1.71,2.4,2024-06-10,2022,EuroLeague,Zalgiris Kaunas,9375,144.9,1681,1622
Bayern Munich,Partizan,91,68,1.78,2.28,2024-06-12,2022,EuroLeague,Bayern Munich,9794,167.0,1690,1647
Valencia,ASVEL,75,69,2.76,1.57,2024-06-14,2022,EuroLeague,Valencia,13848,151.2,1532,1630
Milano,Real Madrid,78,90,2.37,1.73,2024-06-16,2022,EuroLeague,Milano,13399,176.4,1563,1618
Partizan,Barcelona,63,81,2.01,1.99,2024-06-18,2022,EuroLeague,Partizan,14032,151.2,1582,1583
ASVEL,Fenerbahçe,79,72,1.79,2.27,2024-06-20,2022,EuroLeague,ASVEL,14007,158.6,1560,1518
Real Madrid,Olympiacos,98,69,1.81,2.24,2024-06-22,2022,EuroLeague,Real Madrid,9055,175.3,1580,1543
Barcelona,CSKA Moscow,86,60,1.95,2.05,2024-06-24,2022,EuroLeague,Barcelona,12775,153.3,1541,1533
Fenerbahçe,Maccabi Tel Aviv,79,87,1.43,3.3,2024-06-26,2022,EuroLeague,Fenerbahçe,9620,174.3,1691,1546
Olympiacos,Baskonia,80,60,1.68,2.47,2024-06-28,2022,EuroLeague,Olympiacos,11586,147.0,1594,1527
CSKA Moscow,Anadolu Efes,81,67,1.72,2.4,2024-06-30,2022,EuroLeague,CSKA Moscow,13478,155.4,1668,1610
Maccabi Tel Aviv,Panathinaikos,91,98,2.15,1.87,2024-07-02,2022,EuroLeague,Maccabi Tel Aviv,12397,198.5,1626,1650
Baskonia,Zalgiris Kaunas,63,109,3.66,1.38,2024-07-04,2022,EuroLeague,Baskonia,11300,180.6,1503,1673
Anadolu Efes,Bayern Munich,81,86,2.86,1.54,2024-07-06,2022,EuroLeague,Anadolu Efes,12120,175.3,1550,1658
Panathinaikos,Valencia,88,80,2.3,1.77,2024-07-08,2022,EuroLeague,Panathinaikos,10825,176.4,1568,1614
Zalgiris Kaunas,Milano,96,79,1.37,3.72,2024-07-10,2022,EuroLeague,Zalgiris Kaunas,10382,183.8,1684,1510
Bayern Munich,Partizan,79,63,1.79,2.27,2024-07-12,2022,EuroLeague,Bayern Munich,12542,149.1,1574,1532
Valencia,ASVEL,101,89,1.79,2.27,2024-07-14,2022,EuroLeague,Valencia,10589,199.5,1653,1612
Milano,Real Madrid,78,90,1.86,2.16,2024-07-16,2022,EuroLeague,Milano,9472,176.4,1674,1648
Partizan,Barcelona,78,60,1.64,2.56,2024-07-18,2022,EuroLeague,Partizan,12248,144.9,1632,1555
ASVEL,Fenerbahçe,76,81,2.15,1.87,2024-07-20,2022,EuroLeague,ASVEL,9394,164.8,1533,1557
Real Madrid,Olympiacos,60,70,3.48,1.4,2024-07-22,2022,EuroLeague,Real Madrid,12816,136.5,1514,1672
Barcelona,CSKA Moscow,88,89,2.21,1.83,2024-07-24,2022,EuroLeague,Barcelona,10810,185.8,1525,1558
Fenerbahçe,Maccabi Tel Aviv,69,85,1.93,2.07,2024-07-26,2022,EuroLeague,Fenerbahçe,10101,161.7,1594,1582
Olympiacos,Baskonia,81,76,2.22,1.82,2024-07-28,2022,EuroLeague,Olympiacos,10603,164.8,1666,1700
CSKA Moscow,Anadolu Efes,84,63,1.58,2.74,2024-07-30,2022,EuroLeague,CSKA Moscow,9566,154.3,1655,1559
Maccabi Tel Aviv,Panathinaikos,81,73,1.76,2.32,2024-08-01,2022,EuroLeague,Maccabi Tel Aviv,10161,161.7,1549,1501
Baskonia,Zalgiris Kaunas,94,60,1.56,2.78,2024-08-03,2022,EuroLeague,Baskonia,11139,161.7,1619,1519
Anadolu Efes,Bayern Munich,84,88,2.45,1.69,2024-08-05,2022,EuroLeague,Anadolu Efes,11821,180.6,1569,1634
Panathinaikos,Valencia,75,82,2.66,1.6,2024-08-07,2022,EuroLeague,Panathinaikos,13418,164.8,1599,1687
Zalgiris Kaunas,Milano,70,61,1.83,2.2,2024-08-09,2022,EuroLeague,Zalgiris Kaunas,11185,137.6,1639,1607
Bayern Munich,Partizan,65,71,1.71,2.41,2024-08-11,2022,EuroLeague,Bayern Munich,10723,142.8,1689,1629
Valencia,ASVEL,84,99,2.06,1.94,2024-08-13,2022,EuroLeague,Valencia,14402,192.2,1681,1691
Milano,Real Madrid,86,62,1.82,2.22,2024-08-15,2022,EuroLeague,Milano,11031,155.4,1693,1659
Partizan,Barcelona,88,91,1.74,2.36,2024-08-17,2022,EuroLeague,Partizan,13990,188.0,1659,1606
ASVEL,Fenerbahçe,60,60,2.54,1.65,2024-08-19,2022,EuroLeague,ASVEL,10706,126.0,1598,1673
Real Madrid,Olympiacos,99,60,1.59,2.71,2024-08-21,2022,EuroLeague,Real Madrid,13743,167.0,1631,1538
Barcelona,CSKA Moscow,95,60,1.48,3.1,2024-08-23,2022,EuroLeague,Barcelona,9018,162.8,1692,1563
Fenerbahçe,Maccabi Tel Aviv,90,84,1.53,2.88,2024-08-25,2022,EuroLeague,Fenerbahçe,13519,182.7,1627,1517
Olympiacos,Baskonia,72,81,2.71,1.59,2024-08-27,2022,EuroLeague,Olympiacos,11071,160.7,1569,1662
CSKA Moscow,Anadolu Efes,88,73,1.46,3.19,2024-08-29,2022,EuroLeague,CSKA Moscow,10979,169.1,1700,1564
Maccabi Tel Aviv,Panathinaikos,87,83,2.31,1.76,2024-08-31,2022,EuroLeague,Maccabi Tel Aviv,14778,178.5,1648,1695
Baskonia,Zalgiris Kaunas,88,61,1.5,3.02,2024-09-02,2022,EuroLeague,Baskonia,13110,156.5,1673,1551
Anadolu Efes,Bayern Munich,106,95,2.12,1.89,2024-09-04,2022,EuroLeague,Anadolu Efes,10366,211.1,1571,1591
Panathinaikos,Valencia,60,84,1.9,2.11,2024-09-06,2022,EuroLeague,Panathinaikos,13603,151.2,1575,1557
Zalgiris Kaunas,Milano,99,84,2.45,1.69,2024-09-08,2022,EuroLeague,Zalgiris Kaunas,13571,192.2,1592,1657
Bayern Munich,Partizan,71,71,1.9,2.12,2024-09-10,2022,EuroLeague,Bayern Munich,9266,149.1,1610,1591
Valencia,ASVEL,83,77,1.77,2.3,2024-09-12,2022,EuroLeague,Valencia,10792,168.0,1679,1633
Milano,Real Madrid,67,94,3.4,1.42,2024-09-14,2022,EuroLeague,Milano,10333,169.1,1545,1697
Partizan,Barcelona,80,85,1.97,2.03,2024-09-16,2022,EuroLeague,Partizan,12022,173.2,1530,1525
ASVEL,Fenerbahçe,95,85,3.97,1.34,2024-09-18,2022,EuroLeague,ASVEL,9089,189.0,1504,1693
Real Madrid,Olympiacos,76,60,2.16,1.86,2024-09-20,2022,EuroLeague,Real Madrid,10258,142.8,1521,1547
Barcelona,CSKA Moscow,64,71,2.27,1.79,2024-09-22,2022,EuroLeague,Barcelona,12341,141.8,1573,1614
Fenerbahçe,Maccabi Tel Aviv,84,92,2.41,1.71,2024-09-24,2022,EuroLeague,Fenerbahçe,11329,184.8,1505,1565
Olympiacos,Baskonia,84,68,1.96,2.04,2024-09-26,2022,EuroLeague,Olympiacos,13214,159.6,1535,1528
CSKA Moscow,Anadolu Efes,83,72,1.56,2.78,2024-09-28,2022,EuroLeague,CSKA Moscow,14295,162.8,1669,1569
Maccabi Tel Aviv,Panathinaikos,67,63,1.78,2.28,2024-09-30,2022,EuroLeague,Maccabi Tel Aviv,11315,136.5,1569,1526
Baskonia,Zalgiris Kaunas,79,64,1.66,2.52,2024-10-02,2022,EuroLeague,Baskonia,13300,150.2,1613,1540
Anadolu Efes,Bayern Munich,76,66,2.36,1.73,2024-10-04,2022,EuroLeague,Anadolu Efes,14585,149.1,1564,1618
Panathinaikos,Valencia,86,88,2.05,1.95,2024-10-06,2022,EuroLeague,Panathinaikos,14702,182.7,1561,1569
Zalgiris Kaunas,Milano,106,84,1.35,3.85,2024-10-08,2022,EuroLeague,Zalgiris Kaunas,12877,199.5,1683,1501
Bayern Munich,Partizan,79,67,2.32,1.76,2024-10-10,2022,EuroLeague,Bayern Munich,11818,153.3,1557,1605
Valencia,ASVEL,87,101,2.05,1.95,2024-10-12,2022,EuroLeague,Valencia,14687,197.4,1681,1689
Milano,Real Madrid,60,73,2.8,1.56,2024-10-14,2022,EuroLeague,Milano,12547,139.7,1540,1642
Partizan,Barcelona,65,82,1.73,2.37,2024-10-16,2022,EuroLeague,Partizan,9672,154.3,1663,1608
ASVEL,Fenerbahçe,87,65,1.41,3.47,2024-10-18,2022,EuroLeague,ASVEL,10549,159.6,1673,1516
Real Madrid,Olympiacos,76,60,3.45,1.41,2024-10-20,2022,EuroLeague,Real Madrid,14838,142.8,1532,1688
Barcelona,CSKA Moscow,81,95,2.51,1.66,2024-10-22,2022,EuroLeague,Barcelona,10182,184.8,1522,1594
Fenerbahçe,Maccabi Tel Aviv,60,78,2.52,1.66,2024-10-24,2022,EuroLeague,Fenerbahçe,14019,144.9,1617,1690
Olympiacos,Baskonia,80,90,2.58,1.63,2024-10-26,2022,EuroLeague,Olympiacos,12024,178.5,1527,1607
CSKA Moscow,Anadolu Efes,97,86,1.8,2.25,2024-10-28,2022,EuroLeague,CSKA Moscow,13397,192.2,1693,1654
Maccabi Tel Aviv,Panathinaikos,87,60,1.49,3.04,2024-10-30,2022,EuroLeague,Maccabi Tel Aviv,11424,154.3,1669,1545
Baskonia,Zalgiris Kaunas,83,62,1.8,2.24,2024-11-01,2022,EuroLeague,Baskonia,9493,152.2,1678,1640
Anadolu Efes,Bayern Munich,80,66,1.78,2.28,2024-11-03,2022,EuroLeague,Anadolu Efes,9899,153.3,1697,1654
Panathinaikos,Valencia,91,60,1.46,3.19,2024-11-05,2022,EuroLeague,Panathinaikos,9546,158.6,1698,1562
Zalgiris Kaunas,Milano,79,74,1.63,2.58,2024-11-07,2022,EuroLeague,Zalgiris Kaunas,9049,160.7,1695,1615
Bayern Munich,Partizan,82,83,1.83,2.21,2024-11-09,2022,EuroLeague,Bayern Munich,11036,173.2,1563,1530
Valencia,ASVEL,66,69,1.61,2.64,2024-11-11,2022,EuroLeague,Valencia,12649,141.8,1675,1589
Milano,Real Madrid,89,63,2.13,1.89,2024-11-13,2022,EuroLeague,Milano,13656,159.6,1671,1692
Partizan,Barcelona,77,71,2.6,1.62,2024-11-15,2022,EuroLeague,Partizan,13291,155.4,1568,1650
ASVEL,Fenerbahçe,87,87,2.27,1.79,2024-11-17,2022,EuroLeague,ASVEL,11917,182.7,1557,1598
Real Madrid,Olympiacos,69,68,1.45,3.2,2024-11-19,2022,EuroLeague,Real Madrid,11476,143.8,1641,1504
Barcelona,CSKA Moscow,80,87,2.62,1.62,2024-11-21,2022,EuroLeague,Barcelona,14083,175.3,1588,1672
Fenerbahçe,Maccabi Tel Aviv,82,72,1.8,2.25,2024-11-23,2022,EuroLeague,Fenerbahçe,12064,161.7,1657,1618
Olympiacos,Baskonia,96,60,2.52,1.66,2024-11-25,2022,EuroLeague,Olympiacos,12273,163.8,1529,1602
CSKA Moscow,Anadolu Efes,90,79,3.2,1.45,2024-11-27,2022,EuroLeague,CSKA Moscow,12558,177.5,1518,1655
Maccabi Tel Aviv,Panathinaikos,87,65,1.89,2.13,2024-11-29,2022,EuroLeague,Maccabi Tel Aviv,13734,159.6,1614,1593
Baskonia,Zalgiris Kaunas,76,66,1.68,2.47,2024-12-01,2022,EuroLeague,Baskonia,9384,149.1,1651,1584
Anadolu Efes,Bayern Munich,106,91,1.66,2.5,2024-12-03,2022,EuroLeague,Anadolu Efes,12692,206.9,1602,1531
Panathinaikos,Valencia,87,98,3.04,1.49,2024-12-05,2022,EuroLeague,Panathinaikos,10552,194.2,1573,1697
Zalgiris Kaunas,Milano,66,105,2.58,1.63,2024-12-07,2022,EuroLeague,Zalgiris Kaunas,13684,179.6,1598,1678
Bayern Munich,Partizan,60,92,1.81,2.23,2024-12-09,2022,EuroLeague,Bayern Munich,12360,159.6,1626,1590
Valencia,ASVEL,72,89,1.97,2.03,2024-12-11,2022,EuroLeague,Valencia,12706,169.1,1693,1688
Milano,Real Madrid,97,77,1.49,3.03,2024-12-13,2022,EuroLeague,Milano,13753,182.7,1657,1534
Partizan,Barcelona,86,87,2.15,1.87,2024-12-15,2022,EuroLeague,Partizan,14558,181.7,1568,1593
ASVEL,Fenerbahçe,84,73,1.84,2.2,2024-12-17,2022,EuroLeague,ASVEL,13963,164.8,1656,1625
Real Madrid,Olympiacos,81,97,2.97,1.51,2024-12-19,2022,EuroLeague,Real Madrid,14320,186.9,1517,1635
Barcelona,CSKA Moscow,65,83,3.19,1.46,2024-12-21,2022,EuroLeague,Barcelona,13352,155.4,1562,1698
Fenerbahçe,Maccabi Tel Aviv,98,60,1.56,2.79,2024-12-23,2022,EuroLeague,Fenerbahçe,14221,165.9,1655,1554
Olympiacos,Baskonia,65,80,1.77,2.3,2024-12-25,2022,EuroLeague,Olympiacos,14454,152.2,1604,1558
CSKA Moscow,Anadolu Efes,88,60,1.68,2.46,2024-12-27,2022,EuroLeague,CSKA Moscow,11276,155.4,1617,1551
Maccabi Tel Aviv,Panathinaikos,83,69,3.03,1.49,2024-12-29,2022,EuroLeague,Maccabi Tel Aviv,13316,159.6,1533,1656
Baskonia,Zalgiris Kaunas,84,73,1.85,2.18,2024-12-31,2022,EuroLeague,Baskonia,11394,164.8,1529,1500
Anadolu Efes,Bayern Munich,66,60,2.01,1.99,2025-01-02,2022,EuroLeague,Anadolu Efes,14305,132.3,1685,1687
Panathinaikos,Valencia,77,72,1.93,2.08,2025-01-04,2022,EuroLeague,Panathinaikos,14585,156.5,1613,1600
Zalgiris Kaunas,Milano,87,91,1.57,2.77,2025-01-06,2022,EuroLeague,Zalgiris Kaunas,14292,186.9,1665,1566
Bayern Munich,Partizan,89,70,1.58,2.73,2025-01-08,2022,EuroLeague,Bayern Munich,11653,167.0,1669,1574
Valencia,ASVEL,79,85,2.01,1.99,2025-01-10,2022,EuroLeague,Valencia,11922,172.2,1549,1551
Milano,Real Madrid,95,109,3.01,1.5,2025-01-12,2022,EuroLeague,Milano,9591,214.2,1517,1638
Partizan,Barcelona,67,90,2.5,1.66,2025-01-14,2022,EuroLeague,Partizan,14607,164.8,1599,1670
ASVEL,Fenerbahçe,85,95,2.22,1.82,2025-01-16,2022,EuroLeague,ASVEL,12354,189.0,1506,1541
Real Madrid,Olympiacos,88,75,1.83,2.21,2025-01-18,2022,EuroLeague,Real Madrid,10707,171.2,1570,1537
Barcelona,CSKA Moscow,84,86,1.89,2.12,2025-01-20,2022,EuroLeague,Barcelona,14991,178.5,1574,1554
Fenerbahçe,Maccabi Tel Aviv,65,96,2.4,1.72,2025-01-22,2022,EuroLeague,Fenerbahçe,11908,169.1,1593,1651
Olympiacos,Baskonia,60,80,3.4,1.42,2025-01-24,2022,EuroLeague,Olympiacos,13830,147.0,1522,1674
CSKA Moscow,Anadolu Efes,69,79,1.54,2.84,2025-01-26,2022,EuroLeague,CSKA Moscow,12091,155.4,1617,1511
Maccabi Tel Aviv,Panathinaikos,73,75,2.15,1.87,2025-01-28,2022,EuroLeague,Maccabi Tel Aviv,14363,155.4,1669,1694
Baskonia,Zalgiris Kaunas,86,72,2.12,1.9,2025-01-30,2022,EuroLeague,Baskonia,9735,165.9,1670,1689
Anadolu Efes,Bayern Munich,60,66,2.67,1.6,2025-02-01,2022,EuroLeague,Anadolu Efes,13109,132.3,1561,1650
Panathinaikos,Valencia,89,75,1.5,3.02,2025-02-03,2022,EuroLeague,Panathinaikos,9393,172.2,1700,1578
Zalgiris Kaunas,Milano,81,77,1.57,2.75,2025-02-05,2022,EuroLeague,Zalgiris Kaunas,10901,165.9,1613,1516
Bayern Munich,Partizan,60,76,2.04,1.97,2025-02-07,2022,EuroLeague,Bayern Munich,14667,142.8,1550,1556
Valencia,ASVEL,60,63,2.12,1.9,2025-02-09,2022,EuroLeague,Valencia,9024,129.2,1557,1576
Milano,Real Madrid,80,84,2.25,1.8,2025-02-11,2022,EuroLeague,Milano,14608,172.2,1502,1541
Partizan,Barcelona,72,68,1.88,2.14,2025-02-13,2022,EuroLeague,Partizan,13125,147.0,1537,1515
ASVEL,Fenerbahçe,81,87,1.68,2.48,2025-02-15,2022,EuroLeague,ASVEL,9148,176.4,1652,1584
Real Madrid,Olympiacos,77,94,1.63,2.58,2025-02-17,2022,EuroLeague,Real Madrid,11869,179.6,1601,1522
Barcelona,CSKA Moscow,82,69,1.39,3.56,2025-02-19,2022,EuroLeague,Barcelona,9606,158.6,1678,1515
Fenerbahçe,Maccabi Tel Aviv,86,83,2.48,1.68,2025-02-21,2022,EuroLeague,Fenerbahçe,13885,177.5,1521,1589
Olympiacos,Baskonia,77,93,2.65,1.61,2025-02-23,2022,EuroLeague,Olympiacos,11917,178.5,1506,1593
CSKA Moscow,Anadolu Efes,82,100,3.85,1.35,2025-02-25,2022,EuroLeague,CSKA Moscow,13748,191.1,1510,1692
Maccabi Tel Aviv,Panathinaikos,76,100,1.65,2.53,2025-02-27,2022,EuroLeague,Maccabi Tel Aviv,10333,184.8,1644,1570
Baskonia,Zalgiris Kaunas,98,71,1.83,2.2,2025-03-01,2022,EuroLeague,Baskonia,13235,177.5,1630,1598
Anadolu Efes,Bayern Munich,76,93,2.82,1.55,2025-03-03,2022,EuroLeague,Anadolu Efes,14203,177.5,1510,1614
Panathinaikos,Valencia,94,86,2.32,1.76,2025-03-05,2022,EuroLeague,Panathinaikos,12250,189.0,1588,1636
Zalgiris Kaunas,Milano,74,92,2.11,1.9,2025-03-07,2022,EuroLeague,Zalgiris Kaunas,14500,174.3,1509,1527
Bayern Munich,Partizan,111,68,1.74,2.36,2025-03-09,2022,EuroLeague,Bayern Munich,14665,188.0,1608,1555
Valencia,ASVEL,73,68,1.88,2.14,2025-03-11,2022,EuroLeague,Valencia,11954,148.1,1683,1661
Milano,Real Madrid,65,76,2.36,1.74,2025-03-13,2022,EuroLeague,Milano,12060,148.1,1629,1682
Partizan,Barcelona,85,77,2.26,1.79,2025-03-15,2022,EuroLeague,Partizan,14552,170.1,1532,1572
ASVEL,Fenerbahçe,98,72,1.5,3.01,2025-03-17,2022,EuroLeague,ASVEL,14484,178.5,1660,1539
Real Madrid,Olympiacos,87,60,2.12,1.89,2025-03-19,2022,EuroLeague,Real Madrid,14032,154.3,1652,1672
Barcelona,CSKA Moscow,79,67,1.59,2.71,2025-03-21,2022,EuroLeague,Barcelona,12632,153.3,1681,1588
Fenerbahçe,Maccabi Tel Aviv,94,66,1.55,2.81,2025-03-23,2022,EuroLeague,Fenerbahçe,11630,168.0,1642,1539
Olympiacos,Baskonia,97,83,1.34,3.9,2025-03-25,2022,EuroLeague,Olympiacos,12686,189.0,1691,1506
CSKA Moscow,Anadolu Efes,77,83,2.08,1.92,2025-03-27,2022,EuroLeague,CSKA Moscow,12280,168.0,1572,1586
Maccabi Tel Aviv,Panathinaikos,63,61,1.42,3.4,2025-03-29,2022,EuroLeague,Maccabi Tel Aviv,12016,130.2,1654,1502
Baskonia,Zalgiris Kaunas,89,106,2.8,1.56,2025-03-31,2022,EuroLeague,Baskonia,9438,204.8,1544,1646
Anadolu Efes,Bayern Munich,105,60,1.4,3.5,2025-04-02,2022,EuroLeague,Anadolu Efes,14786,173.2,1684,1525
Panathinaikos,Valencia,77,76,2.45,1.69,2025-04-04,2022,EuroLeague,Panathinaikos,14838,160.7,1520,1585
Zalgiris Kaunas,Milano,73,78,1.69,2.45,2025-04-06,2022,EuroLeague,Zalgiris Kaunas,13235,158.6,1568,1503
Bayern Munich,Partizan,97,95,2.09,1.92,2025-04-08,2022,EuroLeague,Bayern Munich,11250,201.6,1606,1621
Valencia,ASVEL,90,87,1.76,2.32,2025-04-10,2022,EuroLeague,Valencia,13145,185.8,1685,1637
Milano,Real Madrid,62,70,1.66,2.52,2025-04-12,2022,EuroLeague,Milano,13096,138.6,1622,1549
Partizan,Barcelona,99,81,2.45,1.69,2025-04-14,2022,EuroLeague,Partizan,10709,189.0,1603,1667
ASVEL,Fenerbahçe,95,66,1.74,2.35,2025-04-16,2022,EuroLeague,ASVEL,9678,169.1,1647,1595
Real Madrid,Olympiacos,82,76,3.69,1.37,2025-04-18,2022,EuroLeague,Real Madrid,11254,165.9,1527,1699
Barcelona,CSKA Moscow,72,87,2.52,1.66,2025-04-20,2022,EuroLeague,Barcelona,14641,167.0,1604,1677
Fenerbahçe,Maccabi Tel Aviv,101,60,1.63,2.58,2025-04-22,2022,EuroLeague,Fenerbahçe,12335,169.1,1586,1506
Olympiacos,Baskonia,75,75,2.61,1.62,2025-04-24,2022,EuroLeague,Olympiacos,14917,157.5,1502,1585
CSKA Moscow,Anadolu Efes,100,71,1.85,2.18,2025-04-26,2022,EuroLeague,CSKA Moscow,13410,179.6,1575,1546
Maccabi Tel Aviv,Panathinaikos,82,73,2.83,1.55,2025-04-28,2022,EuroLeague,Maccabi Tel Aviv,10576,162.8,1570,1675
Baskonia,Zalgiris Kaunas,75,111,2.26,1.79,2025-04-30,2022,EuroLeague,Baskonia,14416,195.3,1619,1659
Anadolu Efes,Bayern Munich,79,77,2.45,1.69,2025-05-02,2022,EuroLeague,Anadolu Efes,13146,163.8,1616,1680
Panathinaikos,Valencia,60,99,1.6,2.66,2025-05-04,2022,EuroLeague,Panathinaikos,14447,167.0,1607,1519
Zalgiris Kaunas,Milano,82,95,2.12,1.89,2025-05-06,2022,EuroLeague,Zalgiris Kaunas,10163,185.8,1623,1643
Bayern Munich,Partizan,60,99,2.01,1.99,2025-05-08,2022,EuroLeague,Bayern Munich,9215,167.0,1520,1521
Valencia,ASVEL,93,84,2.28,1.78,2025-05-10,2022,EuroLeague,Valencia,12520,185.8,1640,1683
Milano,Real Madrid,83,70,2.12,1.9,2025-05-12,2022,EuroLeague,Milano,14257,160.7,1601,1620
Partizan,Barcelona,79,78,2.01,1.99,2025-05-14,2022,EuroLeague,Partizan,10165,164.8,1601,1602
ASVEL,Fenerbahçe,81,98,1.84,2.19,2025-05-16,2022,EuroLeague,ASVEL,13308,188.0,1547,1517
Real Madrid,Olympiacos,90,75,1.83,2.2,2025-05-18,2022,EuroLeague,Real Madrid,10735,173.2,1657,1625
Barcelona,CSKA Moscow,82,60,1.84,2.2,2025-05-20,2022,EuroLeague,Barcelona,9161,149.1,1626,1595
Fenerbahçe,Maccabi Tel Aviv,67,63,2.44,1.7,2025-05-22,2022,EuroLeague,Fenerbahçe,11694,136.5,1545,1608
Olympiacos,Baskonia,89,72,2.47,1.68,2025-05-24,2022,EuroLeague,Olympiacos,13306,169.1,1623,1690
CSKA Moscow,Anadolu Efes,75,90,2.62,1.62,2025-05-26,2022,EuroLeague,CSKA Moscow,13706,173.2,1517,1601
Maccabi Tel Aviv,Panathinaikos,60,66,1.55,2.81,2025-05-28,2022,EuroLeague,Maccabi Tel Aviv,10429,132.3,1634,1531
Baskonia,Zalgiris Kaunas,81,66,2.14,1.88,2025-05-30,2022,EuroLeague,Baskonia,13557,154.3,1504,1526
Anadolu Efes,Bayern Munich,61,82,3.11,1.47,2025-06-01,2022,EuroLeague,Anadolu Efes,12356,150.2,1537,1667
Panathinaikos,Valencia,77,80,3.21,1.45,2025-06-03,2022,EuroLeague,Panathinaikos,11883,164.8,1554,1692
Zalgiris Kaunas,Milano,83,83,2.74,1.58,2025-06-05,2022,EuroLeague,Zalgiris Kaunas,10652,174.3,1602,1698
Bayern Munich,Partizan,73,96,2.03,1.97,2025-06-07,2022,EuroLeague,Bayern Munich,10928,177.5,1695,1700
Valencia,ASVEL,69,84,1.53,2.89,2025-06-09,2022,EuroLeague,Valencia,10099,160.7,1657,1546
Milano,Real Madrid,88,60,1.48,3.07,2025-06-11,2022,EuroLeague,Milano,11644,155.4,1697,1571
Partizan,Barcelona,79,76,2.15,1.87,2025-06-13,2022,EuroLeague,Partizan,10901,162.8,1540,1564
ASVEL,Fenerbahçe,85,73,2.22,1.82,2025-06-15,2022,EuroLeague,ASVEL,9458,165.9,1606,1641
Real Madrid,Olympiacos,95,86,1.61,2.63,2025-06-17,2022,EuroLeague,Real Madrid,11310,190.1,1628,1543
Barcelona,CSKA Moscow,70,63,1.95,2.05,2025-06-19,2022,EuroLeague,Barcelona,10466,139.7,1511,1502
Fenerbahçe,Maccabi Tel Aviv,70,72,2.21,1.83,2025-06-21,2022,EuroLeague,Fenerbahçe,11513,149.1,1501,1534
Olympiacos,Baskonia,81,84,3.2,1.45,2025-06-23,2022,EuroLeague,Olympiacos,10404,173.2,1534,1671
CSKA Moscow,Anadolu Efes,96,85,1.73,2.37,2025-06-25,2022,EuroLeague,CSKA Moscow,9470,190.1,1641,1586
Maccabi Tel Aviv,Panathinaikos,60,70,2.78,1.56,2025-06-27,2022,EuroLeague,Maccabi Tel Aviv,9341,136.5,1518,1618
Baskonia,Zalgiris Kaunas,79,89,2.48,1.68,2025-06-29,2022,EuroLeague,Baskonia,14822,176.4,1594,1662
Anadolu Efes,Bayern Munich,75,109,2.61,1.62,2025-07-01,2022,EuroLeague,Anadolu Efes,10530,193.2,1566,1649
Panathinaikos,Valencia,82,100,1.86,2.16,2025-07-03,2022,EuroLeague,Panathinaikos,11419,191.1,1579,1553
Zalgiris Kaunas,Milano,88,60,1.99,2.01,2025-07-05,2022,EuroLeague,Zalgiris Kaunas,13038,155.4,1656,1654
Bayern Munich,Partizan,60,76,2.72,1.58,2025-07-07,2022,EuroLeague,Bayern Munich,14930,142.8,1543,1637
Valencia,ASVEL,69,77,1.78,2.29,2025-07-09,2022,EuroLeague,Valencia,13706,153.3,1700,1656
Milano,Real Madrid,63,88,2.8,1.56,2025-07-11,2022,EuroLeague,Milano,9201,158.6,1576,1678
Partizan,Barcelona,75,86,1.87,2.15,2025-07-13,2022,EuroLeague,Partizan,9427,169.1,1543,1518
ASVEL,Fenerbahçe,92,99,4.09,1.32,2025-07-15,2022,EuroLeague,ASVEL,9439,200.6,1500,1696
Real Madrid,Olympiacos,82,91,1.68,2.46,2025-07-17,2022,EuroLeague,Real Madrid,12445,181.7,1656,1590
Barcelona,CSKA Moscow,65,86,2.79,1.56,2025-07-19,2022,EuroLeague,Barcelona,9555,158.6,1598,1699
Fenerbahçe,Maccabi Tel Aviv,60,83,1.79,2.27,2025-07-21,2022,EuroLeague,Fenerbahçe,10142,150.2,1636,1595
Olympiacos,Baskonia,93,71,1.85,2.18,2025-07-23,2022,EuroLeague,Olympiacos,13828,172.2,1665,1636
CSKA Moscow,Anadolu Efes,60,79,2.29,1.78,2025-07-25,2022,EuroLeague,CSKA Moscow,14056,146.0,1609,1653
Maccabi Tel Aviv,Panathinaikos,102,67,1.46,3.19,2025-07-27,2022,EuroLeague,Maccabi Tel Aviv,14024,177.5,1666,1530
Baskonia,Zalgiris Kaunas,60,63,2.51,1.66,2025-07-29,2022,EuroLeague,Baskonia,14177,129.2,1516,1588
Anadolu Efes,Bayern Munich,89,87,2.15,1.87,2025-07-31,2022,EuroLeague,Anadolu Efes,14798,184.8,1587,1612
Panathinaikos,Valencia,70,73,1.75,2.33,2025-08-02,2022,EuroLeague,Panathinaikos,14115,150.2,1695,1646
Zalgiris Kaunas,Milano,62,91,2.89,1.53,2025-08-04,2022,EuroLeague,Zalgiris Kaunas,13608,160.7,1503,1614
Bayern Munich,Partizan,95,77,1.54,2.86,2025-08-06,2022,EuroLeague,Bayern Munich,14581,180.6,1684,1576
Valencia,ASVEL,84,82,1.81,2.24,2025-08-08,2022,EuroLeague,Valencia,11860,174.3,1678,1641
Milano,Real Madrid,89,70,3.15,1.47,2025-08-10,2022,EuroLeague,Milano,13712,167.0,1526,1659
Partizan,Barcelona,69,66,1.6,2.68,2025-08-12,2022,EuroLeague,Partizan,12492,141.8,1648,1558
ASVEL,Fenerbahçe,73,108,3.99,1.33,2025-08-14,2022,EuroLeague,ASVEL,12802,190.1,1500,1690
Real Madrid,Olympiacos,73,76,1.9,2.12,2025-08-16,2022,EuroLeague,Real Madrid,11272,156.5,1519,1500
Barcelona,CSKA Moscow,70,75,2.83,1.55,2025-08-18,2022,EuroLeague,Barcelona,11747,152.2,1537,1642
Fenerbahçe,Maccabi Tel Aviv,69,105,3.0,1.5,2025-08-20,2022,EuroLeague,Fenerbahçe,10466,182.7,1505,1625
Olympiacos,Baskonia,84,70,2.56,1.64,2025-08-22,2022,EuroLeague,Olympiacos,11154,161.7,1503,1580
CSKA Moscow,Anadolu Efes,63,88,2.4,1.71,2025-08-24,2022,EuroLeague,CSKA Moscow,9514,158.6,1542,1601
Maccabi Tel Aviv,Panathinaikos,90,71,2.34,1.75,2025-08-26,2022,EuroLeague,Maccabi Tel Aviv,10423,169.1,1585,1636
Baskonia,Zalgiris Kaunas,83,64,2.09,1.92,2025-08-28,2022,EuroLeague,Baskonia,11308,154.3,1538,1553
Anadolu Efes,Bayern Munich,71,82,3.5,1.4,2025-08-30,2022,EuroLeague,Anadolu Efes,10899,160.7,1519,1678
Panathinaikos,Valencia,96,80,2.59,1.63,2025-09-01,2022,EuroLeague,Panathinaikos,14793,184.8,1518,1599
Zalgiris Kaunas,Milano,91,93,1.35,3.85,2025-09-03,2022,EuroLeague,Zalgiris Kaunas,10889,193.2,1687,1505
Bayern Munich,Partizan,82,97,1.72,2.38,2025-09-05,2022,EuroLeague,Bayern Munich,9527,188.0,1613,1557
Valencia,ASVEL,69,103,2.49,1.67,2025-09-07,2022,EuroLeague,Valencia,11094,180.6,1601,1670
Milano,Real Madrid,81,72,2.09,1.92,2025-09-09,2022,EuroLeague,Milano,13096,160.7,1614,1629
Partizan,Barcelona,63,88,1.56,2.8,2025-09-11,2022,EuroLeague,Partizan,9677,158.6,1625,1523
ASVEL,Fenerbahçe,77,82,2.14,1.88,2025-09-13,2022,EuroLeague,ASVEL,13673,167.0,1657,1680
Real Madrid,Olympiacos,60,83,1.93,2.07,2025-09-15,2022,EuroLeague,Real Madrid,14714,150.2,1634,1622
Barcelona,CSKA Moscow,65,81,3.23,1.45,2025-09-17,2022,EuroLeague,Barcelona,10336,153.3,1507,1646
Fenerbahçe,Maccabi Tel Aviv,105,60,1.59,2.69,2025-09-19,2022,EuroLeague,Fenerbahçe,11127,173.2,1634,1543
Olympiacos,Baskonia,70,82,3.48,1.4,2025-09-21,2022,EuroLeague,Olympiacos,9402,159.6,1528,1686
CSKA Moscow,Anadolu Efes,92,102,1.52,2.94,2025-09-23,2022,EuroLeague,CSKA Moscow,13030,203.7,1690,1575
Maccabi Tel Aviv,Panathinaikos,85,69,1.4,3.51,2025-09-25,2022,EuroLeague,Maccabi Tel Aviv,11685,161.7,1666,1506
Baskonia,Zalgiris Kaunas,60,78,2.11,1.9,2025-09-27,2022,EuroLeague,Baskonia,10640,144.9,1641,1659
Anadolu Efes,Bayern Munich,65,73,2.45,1.69,2025-09-29,2022,EuroLeague,Anadolu Efes,9316,144.9,1601,1666
Panathinaikos,Valencia,85,82,2.08,1.92,2025-10-01,2022,EuroLeague,Panathinaikos,10891,175.3,1580,1594
Zalgiris Kaunas,Milano,94,94,3.0,1.5,2025-10-03,2022,EuroLeague,Zalgiris Kaunas,14930,197.4,1509,1629
Bayern Munich,Partizan,64,96,2.58,1.63,2025-10-05,2022,EuroLeague,Bayern Munich,9454,168.0,1572,1652
Valencia,ASVEL,82,69,2.1,1.91,2025-10-07,2022,EuroLeague,Valencia,11661,158.6,1501,1517
Milano,Real Madrid,80,60,3.04,1.49,2025-10-09,2022,EuroLeague,Milano,9789,147.0,1520,1644
Partizan,Barcelona,91,60,1.72,2.4,2025-10-11,2022,EuroLeague,Partizan,10205,158.6,1684,1626
ASVEL,Fenerbahçe,78,85,1.96,2.04,2025-10-13,2022,EuroLeague,ASVEL,14980,171.2,1524,1517
Real Madrid,Olympiacos,76,70,1.44,3.29,2025-10-15,2022,EuroLeague,Real Madrid,14537,153.3,1688,1544
Barcelona,CSKA Moscow,80,86,1.99,2.01,2025-10-17,2022,EuroLeague,Barcelona,10250,174.3,1509,1507
Fenerbahçe,Maccabi Tel Aviv,84,75,1.61,2.64,2025-10-19,2022,EuroLeague,Fenerbahçe,14348,167.0,1657,1571
Olympiacos,Baskonia,60,84,2.34,1.75,2025-10-21,2022,EuroLeague,Olympiacos,14236,151.2,1583,1634
CSKA Moscow,Anadolu Efes,70,84,3.13,1.47,2025-10-23,2022,EuroLeague,CSKA Moscow,11912,161.7,1552,1683
Maccabi Tel Aviv,Panathinaikos,84,60,1.52,2.92,2025-10-25,2022,EuroLeague,Maccabi Tel Aviv,11796,151.2,1692,1579
Baskonia,Zalgiris Kaunas,93,87,1.41,3.43,2025-10-27,2022,EuroLeague,Baskonia,11637,189.0,1662,1508
Anadolu Efes,Bayern Munich,85,69,1.79,2.27,2025-10-29,2022,EuroLeague,Anadolu Efes,13267,161.7,1631,1589
Panathinaikos,Valencia,87,78,1.46,3.19,2025-10-31,2022,EuroLeague,Panathinaikos,11621,173.2,1693,1557
Zalgiris Kaunas,Milano,86,83,2.15,1.87,2025-11-02,2022,EuroLeague,Zalgiris Kaunas,10299,177.5,1643,1667
Bayern Munich,Partizan,65,84,2.05,1.95,2025-11-04,2022,EuroLeague,Bayern Munich,9160,156.5,1515,1524
Valencia,ASVEL,80,66,1.44,3.26,2025-11-06,2022,EuroLeague,Valencia,11583,153.3,1670,1528
Milano,Real Madrid,76,78,1.86,2.16,2025-11-08,2022,EuroLeague,Milano,14508,161.7,1538,1512
Partizan,Barcelona,66,76,2.77,1.57,2025-11-10,2022,EuroLeague,Partizan,14175,149.1,1601,1700
ASVEL,Fenerbahçe,73,82,1.91,2.1,2025-11-12,2022,EuroLeague,ASVEL,13157,162.8,1581,1565
Real Madrid,Olympiacos,60,107,3.6,1.38,2025-11-14,2022,EuroLeague,Real Madrid,14873,175.3,1523,1689
Barcelona,CSKA Moscow,76,68,2.94,1.52,2025-11-16,2022,EuroLeague,Barcelona,14982,151.2,1575,1690
Fenerbahçe,Maccabi Tel Aviv,70,79,2.35,1.74,2025-11-18,2022,EuroLeague,Fenerbahçe,12445,156.5,1572,1624
Olympiacos,Baskonia,88,85,2.77,1.57,2025-11-20,2022,EuroLeague,Olympiacos,11370,181.7,1506,1605
CSKA Moscow,Anadolu Efes,81,60,2.06,1.94,2025-11-22,2022,EuroLeague,CSKA Moscow,13619,148.1,1554,1564
Maccabi Tel Aviv,Panathinaikos,60,84,2.41,1.71,2025-11-24,2022,EuroLeague,Maccabi Tel Aviv,11621,151.2,1500,1560
Baskonia,Zalgiris Kaunas,73,76,2.62,1.62,2025-11-26,2022,EuroLeague,Baskonia,13506,156.5,1527,1611
Anadolu Efes,Bayern Munich,60,71,3.1,1.48,2025-11-28,2022,EuroLeague,Anadolu Efes,14412,137.6,1502,1631
Panathinaikos,Valencia,102,81,1.78,2.29,2025-11-30,2022,EuroLeague,Panathinaikos,11126,192.2,1694,1650
Zalgiris Kaunas,Milano,60,80,1.72,2.38,2025-12-02,2022,EuroLeague,Zalgiris Kaunas,10146,147.0,1668,1612
Bayern Munich,Partizan,104,65,1.72,2.39,2025-12-04,2022,EuroLeague,Bayern Munich,9468,177.5,1624,1567
Valencia,ASVEL,81,98,3.2,1.45,2025-12-06,2022,EuroLeague,Valencia,9293,188.0,1506,1643
Milano,Real Madrid,82,67,2.06,1.94,2025-12-08,2022,EuroLeague,Milano,9893,156.5,1656,1666
Partizan,Barcelona,79,71,1.97,2.04,2025-12-10,2022,EuroLeague,Partizan,12877,157.5,1549,1543
ASVEL,Fenerbahçe,105,60,1.37,3.72,2025-12-12,2022,EuroLeague,ASVEL,11297,173.2,1681,1507
Real Madrid,Olympiacos,92,80,2.01,1.99,2025-12-14,2022,EuroLeague,Real Madrid,14391,180.6,1541,1542
Barcelona,CSKA Moscow,77,95,1.82,2.22,2025-12-16,2022,EuroLeague,Barcelona,9557,180.6,1681,1647
Fenerbahçe,Maccabi Tel Aviv,82,62,1.74,2.36,2025-12-18,2022,EuroLeague,Fenerbahçe,11650,151.2,1636,1583
Olympiacos,Baskonia,85,89,1.93,2.08,2025-12-20,2022,EuroLeague,Olympiacos,14146,182.7,1646,1633
CSKA Moscow,Anadolu Efes,65,64,1.47,3.14,2025-12-22,2022,EuroLeague,CSKA Moscow,10540,135.5,1671,1539
Maccabi Tel Aviv,Panathinaikos,76,81,1.98,2.02,2025-12-24,2022,EuroLeague,Maccabi Tel Aviv,11900,164.8,1698,1695
Baskonia,Zalgiris Kaunas,94,66,1.62,2.61,2025-12-26,2022,EuroLeague,Baskonia,10033,168.0,1629,1546
Anadolu Efes,Bayern Munich,72,84,1.95,2.05,2025-12-28,2022,EuroLeague,Anadolu Efes,10124,163.8,1542,1534
Panathinaikos,Valencia,69,60,1.79,2.27,2025-12-30,2022,EuroLeague,Panathinaikos,14316,135.5,1670,1628
Zalgiris Kaunas,Milano,89,83,1.67,2.5,2026-01-01,2022,EuroLeague,Zalgiris Kaunas,13328,180.6,1593,1523
Bayern Munich,Partizan,92,72,1.65,2.55,2026-01-03,2022,EuroLeague,Bayern Munich,10639,172.2,1602,1526
Valencia,ASVEL,69,97,2.57,1.64,2026-01-05,2022,EuroLeague,Valencia,11050,174.3,1567,1645
Milano,Real Madrid,82,79,2.05,1.95,2026-01-07,2022,EuroLeague,Milano,9192,169.1,1647,1656
Partizan,Barcelona,98,88,1.66,2.52,2026-01-09,2022,EuroLeague,Partizan,12785,195.3,1619,1546
ASVEL,Fenerbahçe,80,63,1.52,2.94,2026-01-11,2022,EuroLeague,ASVEL,12796,150.2,1657,1542
Real Madrid,Olympiacos,82,83,1.76,2.32,2026-01-13,2022,EuroLeague,Real Madrid,14857,173.2,1556,1508
Barcelona,CSKA Moscow,81,79,2.2,1.84,2026-01-15,2022,EuroLeague,Barcelona,11792,168.0,1662,1693
Fenerbahçe,Maccabi Tel Aviv,74,88,1.51,2.96,2026-01-17,2022,EuroLeague,Fenerbahçe,9420,170.1,1688,1571
Olympiacos,Baskonia,95,72,2.17,1.86,2026-01-19,2022,EuroLeague,Olympiacos,11446,175.3,1500,1527
CSKA Moscow,Anadolu Efes,60,68,2.15,1.87,2026-01-21,2022,EuroLeague,CSKA Moscow,10250,134.4,1502,1527
Maccabi Tel Aviv,Panathinaikos,88,60,1.65,2.54,2026-01-23,2022,EuroLeague,Maccabi Tel Aviv,12868,155.4,1623,1548
Baskonia,Zalgiris Kaunas,76,60,1.37,3.68,2026-01-25,2022,EuroLeague,Baskonia,13637,142.8,1681,1510
Anadolu Efes,Bayern Munich,69,86,1.52,2.93,2026-01-27,2022,EuroLeague,Anadolu Efes,13518,162.8,1673,1559
Panathinaikos,Valencia,88,86,1.48,3.1,2026-01-29,2022,EuroLeague,Panathinaikos,10579,182.7,1638,1509
Zalgiris Kaunas,Milano,94,65,2.5,1.66,2026-01-31,2022,EuroLeague,Zalgiris Kaunas,10661,167.0,1549,1620
Bayern Munich,Partizan,82,72,1.6,2.68,2026-02-02,2022,EuroLeague,Bayern Munich,11534,161.7,1623,1533
Valencia,ASVEL,63,73,1.58,2.72,2026-02-04,2022,EuroLeague,Valencia,10886,142.8,1686,1592
Milano,Real Madrid,60,86,2.69,1.59,2026-02-06,2022,EuroLeague,Milano,11014,153.3,1545,1636
Partizan,Barcelona,112,71,1.66,2.52,2026-02-08,2022,EuroLeague,Partizan,12544,192.2,1671,1598
ASVEL,Fenerbahçe,91,80,2.44,1.7,2026-02-10,2022,EuroLeague,ASVEL,13504,179.6,1543,1606
Real Madrid,Olympiacos,75,72,1.7,2.43,2026-02-12,2022,EuroLeague,Real Madrid,11749,154.3,1665,1603
Barcelona,CSKA Moscow,65,78,2.4,1.72,2026-02-14,2022,EuroLeague,Barcelona,11059,150.2,1527,1585
Fenerbahçe,Maccabi Tel Aviv,84,69,2.86,1.54,2026-02-16,2022,EuroLeague,Fenerbahçe,14451,160.7,1558,1666
Olympiacos,Baskonia,68,86,1.75,2.33,2026-02-18,2022,EuroLeague,Olympiacos,14498,161.7,1658,1609
CSKA Moscow,Anadolu Efes,88,79,1.44,3.25,2026-02-20,2022,EuroLeague,CSKA Moscow,12892,175.3,1663,1522
Maccabi Tel Aviv,Panathinaikos,60,85,1.74,2.35,2026-02-22,2022,EuroLeague,Maccabi Tel Aviv,11842,152.2,1586,1534
Baskonia,Zalgiris Kaunas,90,81,1.46,3.18,2026-02-24,2022,EuroLeague,Baskonia,13185,179.6,1664,1529
Anadolu Efes,Bayern Munich,60,84,1.73,2.36,2026-02-26,2022,EuroLeague,Anadolu Efes,13700,151.2,1671,1617
Panathinaikos,Valencia,99,84,1.86,2.17,2026-02-28,2022,EuroLeague,Panathinaikos,10661,192.2,1693,1666
Zalgiris Kaunas,Milano,97,84,2.19,1.84,2026-03-02,2022,EuroLeague,Zalgiris Kaunas,12760,190.1,1614,1644
Bayern Munich,Partizan,76,62,2.57,1.64,2026-03-04,2022,EuroLeague,Bayern Munich,14810,144.9,1500,1578
Valencia,ASVEL,70,78,1.51,2.95,2026-03-06,2022,EuroLeague,Valencia,11819,155.4,1686,1570
Milano,Real Madrid,97,60,1.48,3.08,2026-03-08,2022,EuroLeague,Milano,14190,164.8,1693,1566
Partizan,Barcelona,65,61,1.7,2.44,2026-03-10,2022,EuroLeague,Partizan,10668,132.3,1600,1537
ASVEL,Fenerbahçe,74,73,2.01,1.99,2026-03-12,2022,EuroLeague,ASVEL,12086,154.3,1627,1628
Real Madrid,Olympiacos,74,72,2.44,1.7,2026-03-14,2022,EuroLeague,Real Madrid,14840,153.3,1615,1678
Barcelona,CSKA Moscow,84,66,1.52,2.93,2026-03-16,2022,EuroLeague,Barcelona,13236,157.5,1648,1534
Fenerbahçe,Maccabi Tel Aviv,75,86,3.45,1.41,2026-03-18,2022,EuroLeague,Fenerbahçe,13820,169.1,1504,1660
Olympiacos,Baskonia,86,107,1.68,2.48,2026-03-20,2022,EuroLeague,Olympiacos,12362,202.7,1625,1557
CSKA Moscow,Anadolu Efes,74,73,1.84,2.2,2026-03-22,2022,EuroLeague,CSKA Moscow,11893,154.3,1688,1657
Maccabi Tel Aviv,Panathinaikos,81,89,2.29,1.78,2026-03-24,2022,EuroLeague,Maccabi Tel Aviv,10325,178.5,1629,1673
Baskonia,Zalgiris Kaunas,60,89,2.77,1.57,2026-03-26,2022,EuroLeague,Baskonia,13155,156.5,1584,1683
Anadolu Efes,Bayern Munich,84,69,1.81,2.24,2026-03-28,2022,EuroLeague,Anadolu Efes,11940,160.7,1676,1639
Panathinaikos,Valencia,90,66,1.63,2.58,2026-03-30,2022,EuroLeague,Panathinaikos,13717,163.8,1670,1590
Zalgiris Kaunas,Milano,72,75,1.82,2.22,2026-04-01,2022,EuroLeague,Zalgiris Kaunas,12473,154.3,1668,1634
Bayern Munich,Partizan,100,60,1.45,3.21,2026-04-03,2022,EuroLeague,Bayern Munich,10057,168.0,1667,1529
Valencia,ASVEL,60,98,2.45,1.69,2026-04-05,2022,EuroLeague,Valencia,11576,165.9,1634,1699
Milano,Real Madrid,95,86,2.09,1.92,2026-04-07,2022,EuroLeague,Milano,12856,190.1,1565,1580
Partizan,Barcelona,76,88,2.37,1.73,2026-04-09,2022,EuroLeague,Partizan,13507,172.2,1588,1643
ASVEL,Fenerbahçe,65,113,2.28,1.78,2026-04-11,2022,EuroLeague,ASVEL,11350,186.9,1505,1548
Real Madrid,Olympiacos,84,91,1.87,2.15,2026-04-13,2022,EuroLeague,Real Madrid,10883,183.8,1678,1653
Barcelona,CSKA Moscow,83,78,1.57,2.76,2026-04-15,2022,EuroLeague,Barcelona,10555,169.1,1678,1580
Fenerbahçe,Maccabi Tel Aviv,93,81,2.22,1.82,2026-04-17,2022,EuroLeague,Fenerbahçe,10629,182.7,1656,1691
Olympiacos,Baskonia,65,86,2.91,1.52,2026-04-19,2022,EuroLeague,Olympiacos,12991,158.6,1539,1651
CSKA Moscow,Anadolu Efes,96,109,2.33,1.75,2026-04-21,2022,EuroLeague,CSKA Moscow,9453,215.2,1592,1642
Maccabi Tel Aviv,Panathinaikos,77,87,2.29,1.78,2026-04-23,2022,EuroLeague,Maccabi Tel Aviv,10134,172.2,1535,1579
Baskonia,Zalgiris Kaunas,81,72,2.18,1.85,2026-04-25,2022,EuroLeague,Baskonia,13699,160.7,1541,1570
Anadolu Efes,Bayern Munich,60,102,2.83,1.55,2026-04-27,2022,EuroLeague,Anadolu Efes,14823,170.1,1554,1659
Panathinaikos,Valencia,70,67,2.36,1.73,2026-04-29,2022,EuroLeague,Panathinaikos,14789,143.8,1501,1555
Zalgiris Kaunas,Milano,79,87,1.88,2.14,2026-05-01,2022,EuroLeague,Zalgiris Kaunas,14032,174.3,1617,1594
Bayern Munich,Partizan,88,80,1.55,2.81,2026-05-03,2022,EuroLeague,Bayern Munich,10570,176.4,1673,1570
Valencia,ASVEL,105,68,1.44,3.28,2026-05-05,2022,EuroLeague,Valencia,12316,181.7,1668,1525
Milano,Real Madrid,97,78,2.08,1.92,2026-05-07,2022,EuroLeague,Milano,11048,183.8,1513,1527
Partizan,Barcelona,71,84,2.91,1.52,2026-05-09,2022,EuroLeague,Partizan,12528,162.8,1587,1699
ASVEL,Fenerbahçe,60,89,2.52,1.66,2026-05-11,2022,EuroLeague,ASVEL,13589,156.5,1625,1698
Real Madrid,Olympiacos,100,71,1.57,2.76,2026-05-13,2022,EuroLeague,Real Madrid,12458,179.6,1618,1520
Barcelona,CSKA Moscow,60,78,1.82,2.22,2026-05-15,2022,EuroLeague,Barcelona,10843,144.9,1551,1516
Fenerbahçe,Maccabi Tel Aviv,75,60,1.71,2.4,2026-05-17,2022,EuroLeague,Fenerbahçe,13406,141.8,1620,1561
Olympiacos,Baskonia,85,68,1.99,2.01,2026-05-19,2022,EuroLeague,Olympiacos,13704,160.7,1670,1668
CSKA Moscow,Anadolu Efes,82,105,2.87,1.53,2026-05-21,2022,EuroLeague,CSKA Moscow,10587,196.3,1510,1619
Maccabi Tel Aviv,Panathinaikos,84,89,1.73,2.37,2026-05-23,2022,EuroLeague,Maccabi Tel Aviv,12572,181.7,1659,1604
Baskonia,Zalgiris Kaunas,79,111,2.09,1.92,2026-05-25,2022,EuroLeague,Baskonia,13562,199.5,1630,1645
Anadolu Efes,Bayern Munich,91,76,1.86,2.17,2026-05-27,2022,EuroLeague,Anadolu Efes,11254,175.3,1557,1530
Panathinaikos,Valencia,69,82,2.11,1.9,2026-05-29,2022,EuroLeague,Panathinaikos,14916,158.6,1664,1682
Zalgiris Kaunas,Milano,79,83,3.32,1.43,2026-05-31,2022,EuroLeague,Zalgiris Kaunas,13457,170.1,1504,1650
Bayern Munich,Partizan,73,60,1.4,3.53,2026-06-02,2022,EuroLeague,Bayern Munich,9255,139.7,1699,1538
Valencia,ASVEL,60,80,2.79,1.56,2026-06-04,2022,EuroLeague,Valencia,12107,147.0,1559,1660
Milano,Real Madrid,98,78,1.92,2.09,2026-06-06,2022,EuroLeague,Milano,9192,184.8,1639,1624
Partizan,Barcelona,74,100,1.75,2.33,2026-06-08,2022,EuroLeague,Partizan,14765,182.7,1601,1552
ASVEL,Fenerbahçe,60,101,2.76,1.57,2026-06-10,2022,EuroLeague,ASVEL,13771,169.1,1594,1692
Real Madrid,Olympiacos,86,79,1.72,2.39,2026-06-12,2022,EuroLeague,Real Madrid,11796,173.2,1598,1541
Barcelona,CSKA Moscow,87,86,2.52,1.66,2026-06-14,2022,EuroLeague,Barcelona,14039,181.7,1535,1608
Fenerbahçe,Maccabi Tel Aviv,92,82,2.3,1.77,2026-06-16,2022,EuroLeague,Fenerbahçe,10166,182.7,1530,1575
Olympiacos,Baskonia,62,75,1.88,2.14,2026-06-18,2022,EuroLeague,Olympiacos,14068,143.8,1641,1619
CSKA Moscow,Anadolu Efes,86,69,1.83,2.21,2026-06-20,2022,EuroLeague,CSKA Moscow,10301,162.8,1609,1576
Maccabi Tel Aviv,Panathinaikos,76,78,1.86,2.16,2026-06-22,2022,EuroLeague,Maccabi Tel Aviv,9188,161.7,1629,1603
Baskonia,Zalgiris Kaunas,70,62,1.4,3.53,2026-06-24,2022,EuroLeague,Baskonia,10111,138.6,1670,1509
Anadolu Efes,Bayern Munich,60,71,1.8,2.25,2026-06-26,2022,EuroLeague,Anadolu Efes,12242,137.6,1542,1503
Panathinaikos,Valencia,87,60,1.95,1.95,2026-06-28,2022,EuroLeague,Panathinaikos,11765,154.3,1592,1592
Zalgiris Kaunas,Milano,69,81,2.08,1.92,2026-06-30,2022,EuroLeague,Zalgiris Kaunas,10865,157.5,1643,1657
Bayern Munich,Partizan,86,86,3.83,1.35,2026-07-02,2022,EuroLeague,Bayern Munich,9182,180.6,1507,1688
Valencia,ASVEL,78,71,1.67,2.49,2026-07-04,2022,EuroLeague,Valencia,10535,156.5,1575,1506
Milano,Real Madrid,79,108,1.94,2.06,2026-07-06,2022,EuroLeague,Milano,9424,196.3,1663,1653
Partizan,Barcelona,60,82,3.15,1.47,2026-07-08,2022,EuroLeague,Partizan,12614,149.1,1511,1644
ASVEL,Fenerbahçe,88,86,3.08,1.48,2026-07-10,2022,EuroLeague,ASVEL,13838,182.7,1519,1646
Real Madrid,Olympiacos,92,60,1.52,2.92,2026-07-12,2022,EuroLeague,Real Madrid,12295,159.6,1682,1569
Barcelona,CSKA Moscow,94,83,1.52,2.92,2026-07-14,2022,EuroLeague,Barcelona,10468,185.8,1637,1524
Fenerbahçe,Maccabi Tel Aviv,73,78,1.61,2.63,2026-07-16,2022,EuroLeague,Fenerbahçe,14528,158.6,1610,1525
Olympiacos,Baskonia,76,71,2.34,1.75,2026-07-18,2022,EuroLeague,Olympiacos,11442,154.3,1513,1564
CSKA Moscow,Anadolu Efes,60,60,1.7,2.44,2026-07-20,2022,EuroLeague,CSKA Moscow,11244,126.0,1643,1580
Maccabi Tel Aviv,Panathinaikos,70,73,1.7,2.43,2026-07-22,2022,EuroLeague,Maccabi Tel Aviv,9593,150.2,1680,1618
Baskonia,Zalgiris Kaunas,90,75,1.96,2.04,2026-07-24,2022,EuroLeague,Baskonia,10474,173.2,1666,1659
Anadolu Efes,Bayern Munich,85,75,1.55,2.81,2026-07-26,2022,EuroLeague,Anadolu Efes,10505,168.0,1699,1596
Panathinaikos,Valencia,64,77,2.45,1.69,2026-07-28,2022,EuroLeague,Panathinaikos,11515,148.1,1507,1572
Zalgiris Kaunas,Milano,96,86,2.12,1.89,2026-07-30,2022,EuroLeague,Zalgiris Kaunas,12215,191.1,1642,1662
Bayern Munich,Partizan,87,76,1.69,2.45,2026-08-01,2022,EuroLeague,Bayern Munich,14131,171.2,1648,1583
Valencia,ASVEL,91,72,1.92,2.09,2026-08-03,2022,EuroLeague,Valencia,9251,171.2,1617,1602
Milano,Real Madrid,77,76,2.4,1.72,2026-08-05,2022,EuroLeague,Milano,13947,160.7,1619,1677
Partizan,Barcelona,86,78,1.47,3.15,2026-08-07,2022,EuroLeague,Partizan,11861,172.2,1699,1566
ASVEL,Fenerbahçe,89,73,1.89,2.13,2026-08-09,2022,EuroLeague,ASVEL,13040,170.1,1676,1655
Real Madrid,Olympiacos,86,75,2.15,1.87,2026-08-11,2022,EuroLeague,Real Madrid,12725,169.1,1570,1594
Barcelona,CSKA Moscow,63,83,1.53,2.88,2026-08-13,2022,EuroLeague,Barcelona,14954,153.3,1631,1521
Fenerbahçe,Maccabi Tel Aviv,74,71,1.93,2.08,2026-08-15,2022,EuroLeague,Fenerbahçe,11134,152.2,1516,1503
Olympiacos,Baskonia,69,74,1.63,2.58,2026-08-17,2022,EuroLeague,Olympiacos,9174,150.2,1636,1557
CSKA Moscow,Anadolu Efes,81,83,1.86,2.17,2026-08-19,2022,EuroLeague,CSKA Moscow,13881,172.2,1651,1624
Maccabi Tel Aviv,Panathinaikos,62,99,1.52,2.92,2026-08-21,2022,EuroLeague,Maccabi Tel Aviv,14021,169.1,1643,1530
Baskonia,Zalgiris Kaunas,100,75,1.8,2.25,2026-08-23,2022,EuroLeague,Baskonia,11631,183.8,1688,1649
Anadolu Efes,Bayern Munich,70,60,2.25,1.8,2026-08-25,2022,EuroLeague,Anadolu Efes,13544,136.5,1504,1543
Panathinaikos,Valencia,75,67,2.07,1.93,2026-08-27,2022,EuroLeague,Panathinaikos,13180,149.1,1663,1675
Zalgiris Kaunas,Milano,79,81,2.12,1.9,2026-08-29,2022,EuroLeague,Zalgiris Kaunas,11621,168.0,1616,1635
Bayern Munich,Partizan,73,73,1.43,3.3,2026-08-31,2022,EuroLeague,Bayern Munich,14559,153.3,1683,1538
Valencia,ASVEL,82,75,1.63,2.59,2026-09-02,2022,EuroLeague,Valencia,9891,164.8,1698,1617
Milano,Real Madrid,89,96,1.72,2.38,2026-09-04,2022,EuroLeague,Milano,9336,194.2,1631,1575
Partizan,Barcelona,80,60,1.7,2.43,2026-09-06,2022,EuroLeague,Partizan,11009,147.0,1630,1568
ASVEL,Fenerbahçe,92,63,1.58,2.74,2026-09-08,2022,EuroLeague,ASVEL,13618,162.8,1680,1584
Real Madrid,Olympiacos,70,91,2.23,1.81,2026-09-10,2022,EuroLeague,Real Madrid,11491,169.1,1620,1656
Barcelona,CSKA Moscow,73,79,1.99,2.01,2026-09-12,2022,EuroLeague,Barcelona,9781,159.6,1663,1661
Fenerbahçe,Maccabi Tel Aviv,82,60,1.62,2.62,2026-09-14,2022,EuroLeague,Fenerbahçe,10243,149.1,1592,1508
Olympiacos,Baskonia,94,60,2.15,1.87,2026-09-16,2022,EuroLeague,Olympiacos,10576,161.7,1641,1665
CSKA Moscow,Anadolu Efes,86,76,1.78,2.29,2026-09-18,2022,EuroLeague,CSKA Moscow,14068,170.1,1687,1643
Maccabi Tel Aviv,Panathinaikos,83,82,2.77,1.57,2026-09-20,2022,EuroLeague,Maccabi Tel Aviv,12470,173.2,1554,1653
Baskonia,Zalgiris Kaunas,64,68,2.05,1.95,2026-09-22,2022,EuroLeague,Baskonia,11215,138.6,1529,1537
Anadolu Efes,Bayern Munich,88,79,2.32,1.76,2026-09-24,2022,EuroLeague,Anadolu Efes,12764,175.3,1552,1600
Panathinaikos,Valencia,74,72,1.97,2.04,2026-09-26,2022,EuroLeague,Panathinaikos,9982,153.3,1601,1595
Zalgiris Kaunas,Milano,85,80,2.76,1.57,2026-09-28,2022,EuroLeague,Zalgiris Kaunas,10109,173.2,1511,1609
Bayern Munich,Partizan,73,60,1.56,2.78,2026-09-30,2022,EuroLeague,Bayern Munich,10472,139.7,1626,1526
Valencia,ASVEL,82,72,1.51,2.95,2026-10-02,2022,EuroLeague,Valencia,10455,161.7,1645,1529
Milano,Real Madrid,79,116,3.53,1.4,2026-10-04,2022,EuroLeague,Milano,12342,204.8,1502,1663
Partizan,Barcelona,100,88,1.91,2.1,2026-10-06,2022,EuroLeague,Partizan,11084,197.4,1633,1617
ASVEL,Fenerbahçe,109,69,2.02,1.98,2026-10-08,2022,EuroLeague,ASVEL,13750,186.9,1638,1642
Real Madrid,Olympiacos,60,69,1.5,2.98,2026-10-10,2022,EuroLeague,Real Madrid,14469,135.5,1625,1506
Barcelona,CSKA Moscow,80,67,2.12,1.9,2026-10-12,2022,EuroLeague,Barcelona,9571,154.3,1643,1662
Fenerbahçe,Maccabi Tel Aviv,90,64,2.24,1.81,2026-10-14,2022,EuroLeague,Fenerbahçe,14543,161.7,1516,1553
Olympiacos,Baskonia,87,118,2.21,1.83,2026-10-16,2022,EuroLeague,Olympiacos,11232,215.2,1545,1578
CSKA Moscow,Anadolu Efes,72,78,1.59,2.71,2026-10-18,2022,EuroLeague,CSKA Moscow,11618,157.5,1597,1504
Maccabi Tel Aviv,Panathinaikos,76,60,1.61,2.65,2026-10-20,2022,EuroLeague,Maccabi Tel Aviv,14709,142.8,1604,1517
Baskonia,Zalgiris Kaunas,68,79,2.07,1.93,2026-10-22,2022,EuroLeague,Baskonia,14370,154.3,1619,1631
Anadolu Efes,Bayern Munich,81,77,1.53,2.89,2026-10-24,2022,EuroLeague,Anadolu Efes,10146,165.9,1648,1537
Panathinaikos,Valencia,75,96,2.24,1.81,2026-10-26,2022,EuroLeague,Panathinaikos,10917,179.6,1592,1629
Zalgiris Kaunas,Milano,63,98,1.81,2.24,2026-10-28,2022,EuroLeague,Zalgiris Kaunas,14854,169.1,1574,1537
Bayern Munich,Partizan,64,90,1.49,3.03,2026-10-30,2022,EuroLeague,Bayern Munich,11017,161.7,1661,1538
Valencia,ASVEL,114,78,1.9,2.12,2026-11-01,2022,EuroLeague,Valencia,9184,201.6,1542,1523
Milano,Real Madrid,88,76,2.12,1.9,2026-11-03,2022,EuroLeague,Milano,14049,172.2,1648,1667
Partizan,Barcelona,85,67,3.03,1.49,2026-11-05,2022,EuroLeague,Partizan,10146,159.6,1552,1675
ASVEL,Fenerbahçe,88,100,2.24,1.81,2026-11-07,2022,EuroLeague,ASVEL,9688,197.4,1593,1630
Real Madrid,Olympiacos,101,63,1.5,3.01,2026-11-09,2022,EuroLeague,Real Madrid,12523,172.2,1629,1508
Barcelona,CSKA Moscow,84,60,2.05,1.95,2026-11-11,2022,EuroLeague,Barcelona,13641,151.2,1608,1616
Fenerbahçe,Maccabi Tel Aviv,82,69,1.8,2.24,2026-11-13,2022,EuroLeague,Fenerbahçe,9435,158.6,1600,1562
Olympiacos,Baskonia,82,71,1.72,2.38,2026-11-15,2022,EuroLeague,Olympiacos,12708,160.7,1617,1561
CSKA Moscow,Anadolu Efes,71,72,3.63,1.38,2026-11-17,2022,EuroLeague,CSKA Moscow,12199,150.2,1502,1670
Maccabi Tel Aviv,Panathinaikos,69,79,3.11,1.47,2026-11-19,2022,EuroLeague,Maccabi Tel Aviv,13354,155.4,1568,1698
Baskonia,Zalgiris Kaunas,71,93,2.22,1.82,2026-11-21,2022,EuroLeague,Baskonia,9925,172.2,1641,1675
Anadolu Efes,Bayern Munich,84,79,2.67,1.6,2026-11-23,2022,EuroLeague,Anadolu Efes,9692,171.2,1536,1625
Panathinaikos,Valencia,73,64,1.58,2.72,2026-11-25,2022,EuroLeague,Panathinaikos,11788,143.8,1601,1507
Zalgiris Kaunas,Milano,89,61,2.62,1.62,2026-11-27,2022,EuroLeague,Zalgiris Kaunas,13922,157.5,1562,1646
Bayern Munich,Partizan,85,80,2.2,1.83,2026-11-29,2022,EuroLeague,Bayern Munich,9912,173.2,1619,1651
Valencia,ASVEL,80,65,1.5,3.02,2026-12-01,2022,EuroLeague,Valencia,14707,152.2,1642,1520
Milano,Real Madrid,68,68,1.97,2.04,2026-12-03,2022,EuroLeague,Milano,9432,142.8,1573,1567
Partizan,Barcelona,73,60,2.12,1.9,2026-12-05,2022,EuroLeague,Partizan,9357,139.7,1554,1573
ASVEL,Fenerbahçe,71,65,2.46,1.68,2026-12-07,2022,EuroLeague,ASVEL,14945,142.8,1626,1692
Real Madrid,Olympiacos,60,92,2.3,1.77,2026-12-09,2022,EuroLeague,Real Madrid,9077,159.6,1521,1566
Barcelona,CSKA Moscow,72,70,1.94,2.06,2026-12-11,2022,EuroLeague,Barcelona,11299,149.1,1633,1623
Fenerbahçe,Maccabi Tel Aviv,87,74,1.91,2.1,2026-12-13,2022,EuroLeague,Fenerbahçe,9352,169.1,1637,1620
Olympiacos,Baskonia,60,80,3.88,1.35,2026-12-15,2022,EuroLeague,Olympiacos,10220,147.0,1510,1694
CSKA Moscow,Anadolu Efes,60,88,1.42,3.36,2026-12-17,2022,EuroLeague,CSKA Moscow,13184,155.4,1686,1537
Maccabi Tel Aviv,Panathinaikos,60,89,2.52,1.66,2026-12-19,2022,EuroLeague,Maccabi Tel Aviv,10299,156.5,1504,1577
Baskonia,Zalgiris Kaunas,105,89,1.35,3.83,2026-12-21,2022,EuroLeague,Baskonia,12621,203.7,1693,1512
Anadolu Efes,Bayern Munich,94,76,2.12,1.89,2026-12-23,2022,EuroLeague,Anadolu Efes,12384,178.5,1538,1558
Panathinaikos,Valencia,60,83,2.47,1.68,2026-12-25,2022,EuroLeague,Panathinaikos,9857,150.2,1503,1570
Zalgiris Kaunas,Milano,91,99,2.24,1.8,2026-12-27,2022,EuroLeague,Zalgiris Kaunas,12408,199.5,1539,1577
Bayern Munich,Partizan,60,83,1.8,2.24,2026-12-29,2022,EuroLeague,Bayern Munich,11022,150.2,1560,1522
Valencia,ASVEL,88,86,2.35,1.74,2026-12-31,2022,EuroLeague,Valencia,9260,182.7,1514,1566
Milano,Real Madrid,72,65,2.32,1.76,2027-01-02,2022,EuroLeague,Milano,11866,143.8,1649,1697
Partizan,Barcelona,75,77,2.07,1.93,2027-01-04,2022,EuroLeague,Partizan,13854,159.6,1676,1688
ASVEL,Fenerbahçe,76,85,2.61,1.62,2027-01-06,2022,EuroLeague,ASVEL,12912,169.1,1563,1646
Real Madrid,Olympiacos,109,84,2.5,1.66,2027-01-08,2022,EuroLeague,Real Madrid,10157,202.7,1579,1650
Barcelona,CSKA Moscow,60,99,2.44,1.7,2027-01-10,2022,EuroLeague,Barcelona,10166,167.0,1508,1571
Fenerbahçe,Maccabi Tel Aviv,71,60,1.95,2.05,2027-01-12,2022,EuroLeague,Fenerbahçe,13586,137.6,1626,1618
Olympiacos,Baskonia,113,89,3.09,1.48,2027-01-14,2022,EuroLeague,Olympiacos,13855,212.1,1513,1641
CSKA Moscow,Anadolu Efes,97,61,2.35,1.74,2027-01-16,2022,EuroLeague,CSKA Moscow,10784,165.9,1648,1700
Maccabi Tel Aviv,Panathinaikos,107,76,1.57,2.77,2027-01-18,2022,EuroLeague,Maccabi Tel Aviv,9797,192.2,1685,1586
Baskonia,Zalgiris Kaunas,76,76,1.82,2.22,2027-01-20,2022,EuroLeague,Baskonia,9730,159.6,1570,1536
Anadolu Efes,Bayern Munich,63,83,1.61,2.63,2027-01-22,2022,EuroLeague,Anadolu Efes,9934,153.3,1636,1551
Panathinaikos,Valencia,100,76,1.36,3.79,2027-01-24,2022,EuroLeague,Panathinaikos,11010,184.8,1700,1522
Zalgiris Kaunas,Milano,91,84,1.83,2.2,2027-01-26,2022,EuroLeague,Zalgiris Kaunas,12286,183.8,1609,1577
Bayern Munich,Partizan,72,82,1.5,3.01,2027-01-28,2022,EuroLeague,Bayern Munich,9026,161.7,1640,1519
Valencia,ASVEL,70,82,2.12,1.89,2027-01-30,2022,EuroLeague,Valencia,13933,159.6,1599,1619
Milano,Real Madrid,81,88,1.57,2.76,2027-02-01,2022,EuroLeague,Milano,9490,177.5,1615,1517
Partizan,Barcelona,64,71,2.39,1.72,2027-02-03,2022,EuroLeague,Partizan,9893,141.8,1612,1669
ASVEL,Fenerbahçe,77,64,2.07,1.94,2027-02-05,2022,EuroLeague,ASVEL,12402,148.1,1637,1648
Real Madrid,Olympiacos,82,86,3.33,1.43,2027-02-07,2022,EuroLeague,Real Madrid,10021,176.4,1545,1692
Barcelona,CSKA Moscow,60,73,2.67,1.6,2027-02-09,2022,EuroLeague,Barcelona,9224,139.7,1550,1639
Fenerbahçe,Maccabi Tel Aviv,75,60,2.16,1.86,2027-02-11,2022,EuroLeague,Fenerbahçe,9463,141.8,1502,1528
Olympiacos,Baskonia,60,76,4.09,1.32,2027-02-13,2022,EuroLeague,Olympiacos,10061,142.8,1504,1700
CSKA Moscow,Anadolu Efes,88,90,2.42,1.7,2027-02-15,2022,EuroLeague,CSKA Moscow,12476,186.9,1585,1646
Maccabi Tel Aviv,Panathinaikos,76,78,2.76,1.57,2027-02-17,2022,EuroLeague,Maccabi Tel Aviv,12695,161.7,1545,1643
Baskonia,Zalgiris Kaunas,104,78,1.33,3.99,2027-02-19,2022,EuroLeague,Baskonia,9433,191.1,1693,1503
Anadolu Efes,Bayern Munich,73,84,2.19,1.84,2027-02-21,2022,EuroLeague,Anadolu Efes,11195,164.8,1590,1620
Panathinaikos,Valencia,89,80,1.85,2.17,2027-02-23,2022,EuroLeague,Panathinaikos,13678,177.5,1673,1645
Zalgiris Kaunas,Milano,82,82,1.92,2.09,2027-02-25,2022,EuroLeague,Zalgiris Kaunas,10638,172.2,1571,1556
Bayern Munich,Partizan,101,66,1.71,2.41,2027-02-27,2022,EuroLeague,Bayern Munich,14502,175.3,1638,1578
Valencia,ASVEL,118,60,1.33,4.07,2027-03-01,2022,EuroLeague,Valencia,14632,186.9,1700,1505
Milano,Real Madrid,89,84,2.09,1.92,2027-03-03,2022,EuroLeague,Milano,13581,181.7,1523,1538
Partizan,Barcelona,98,68,1.48,3.1,2027-03-05,2022,EuroLeague,Partizan,14657,174.3,1664,1535
ASVEL,Fenerbahçe,74,71,1.75,2.33,2027-03-07,2022,EuroLeague,ASVEL,10041,152.2,1644,1594
Real Madrid,Olympiacos,77,97,3.4,1.42,2027-03-09,2022,EuroLeague,Real Madrid,14001,182.7,1538,1690
Barcelona,CSKA Moscow,72,72,2.12,1.89,2027-03-11,2022,EuroLeague,Barcelona,11886,151.2,1650,1670
Fenerbahçe,Maccabi Tel Aviv,82,86,2.5,1.66,2027-03-13,2022,EuroLeague,Fenerbahçe,10105,176.4,1608,1679
Olympiacos,Baskonia,93,75,1.76,2.32,2027-03-15,2022,EuroLeague,Olympiacos,12570,176.4,1622,1574
CSKA Moscow,Anadolu Efes,77,67,1.41,3.45,2027-03-17,2022,EuroLeague,CSKA Moscow,9398,151.2,1663,1507
Maccabi Tel Aviv,Panathinaikos,62,73,2.89,1.53,2027-03-19,2022,EuroLeague,Maccabi Tel Aviv,13866,141.8,1509,1620
Baskonia,Zalgiris Kaunas,85,64,1.82,2.22,2027-03-21,2022,EuroLeague,Baskonia,11748,156.5,1571,1537
Anadolu Efes,Bayern Munich,62,76,2.2,1.83,2027-03-23,2022,EuroLeague,Anadolu Efes,11050,144.9,1563,1595
Panathinaikos,Valencia,60,78,2.56,1.64,2027-03-25,2022,EuroLeague,Panathinaikos,11085,144.9,1557,1634
Zalgiris Kaunas,Milano,76,79,2.45,1.69,2027-03-27,2022,EuroLeague,Zalgiris Kaunas,14817,162.8,1605,1669
Bayern Munich,Partizan,104,67,2.33,1.75,2027-03-29,2022,EuroLeague,Bayern Munich,12547,179.6,1609,1658
Valencia,ASVEL,81,84,1.89,2.12,2027-03-31,2022,EuroLeague,Valencia,14007,173.2,1680,1660
Milano,Real Madrid,62,77,2.25,1.8,2027-04-02,2022,EuroLeague,Milano,14473,146.0,1510,1549
Partizan,Barcelona,81,78,1.44,3.25,2027-04-04,2022,EuroLeague,Partizan,10201,167.0,1679,1538
ASVEL,Fenerbahçe,65,93,2.33,1.75,2027-04-06,2022,EuroLeague,ASVEL,10568,165.9,1614,1664
Real Madrid,Olympiacos,82,90,1.65,2.54,2027-04-08,2022,EuroLeague,Real Madrid,11253,180.6,1578,1503
Barcelona,CSKA Moscow,93,77,1.95,2.05,2027-04-10,2022,EuroLeague,Barcelona,9745,178.5,1581,1573
Fenerbahçe,Maccabi Tel Aviv,89,77,1.89,2.13,2027-04-12,2022,EuroLeague,Fenerbahçe,13107,174.3,1529,1508
Olympiacos,Baskonia,64,90,1.82,2.22,2027-04-14,2022,EuroLeague,Olympiacos,13003,161.7,1637,1603
CSKA Moscow,Anadolu Efes,72,62,2.02,1.98,2027-04-16,2022,EuroLeague,CSKA Moscow,13911,140.7,1585,1589
Maccabi Tel Aviv,Panathinaikos,69,72,2.11,1.9,2027-04-18,2022,EuroLeague,Maccabi Tel Aviv,13034,148.1,1652,1670
Baskonia,Zalgiris Kaunas,106,83,1.38,3.6,2027-04-20,2022,EuroLeague,Baskonia,14527,198.5,1670,1504
Anadolu Efes,Bayern Munich,60,85,1.74,2.36,2027-04-22,2022,EuroLeague,Anadolu Efes,14320,152.2,1613,1560
Panathinaikos,Valencia,64,77,1.67,2.49,2027-04-24,2022,EuroLeague,Panathinaikos,11962,148.1,1572,1503
Zalgiris Kaunas,Milano,93,60,1.53,2.87,2027-04-26,2022,EuroLeague,Zalgiris Kaunas,12629,160.7,1688,1579
Bayern Munich,Partizan,68,84,3.34,1.43,2027-04-28,2022,EuroLeague,Bayern Munich,14259,159.6,1503,1651
Valencia,ASVEL,82,88,2.8,1.56,2027-04-30,2022,EuroLeague,Valencia,14415,178.5,1516,1618
Milano,Real Madrid,103,80,1.48,3.09,2027-05-02,2022,EuroLeague,Milano,10988,192.2,1632,1504
Partizan,Barcelona,109,78,1.35,3.85,2027-05-04,2022,EuroLeague,Partizan,12055,196.3,1689,1507
ASVEL,Fenerbahçe,93,96,2.51,1.66,2027-05-06,2022,EuroLeague,ASVEL,10991,198.5,1579,1651
Real Madrid,Olympiacos,82,81,2.19,1.84,2027-05-08,2022,EuroLeague,Real Madrid,10349,171.2,1568,1598
Barcelona,CSKA Moscow,103,87,2.22,1.82,2027-05-10,2022,EuroLeague,Barcelona,11841,199.5,1514,1549
Fenerbahçe,Maccabi Tel Aviv,70,91,2.49,1.67,2027-05-12,2022,EuroLeague,Fenerbahçe,14070,169.1,1502,1571
Olympiacos,Baskonia,60,61,2.43,1.7,2027-05-14,2022,EuroLeague,Olympiacos,14515,127.1,1582,1644
CSKA Moscow,Anadolu Efes,88,60,2.01,1.99,2027-05-16,2022,EuroLeague,CSKA Moscow,12906,155.4,1520,1522
Maccabi Tel Aviv,Panathinaikos,99,71,1.47,3.11,2027-05-18,2022,EuroLeague,Maccabi Tel Aviv,12548,178.5,1699,1569
Baskonia,Zalgiris Kaunas,80,94,1.76,2.31,2027-05-20,2022,EuroLeague,Baskonia,11549,182.7,1643,1596
Anadolu Efes,Bayern Munich,76,99,1.64,2.56,2027-05-22,2022,EuroLeague,Anadolu Efes,9547,183.8,1658,1581
Panathinaikos,Valencia,60,63,1.78,2.29,2027-05-24,2022,EuroLeague,Panathinaikos,14425,129.2,1696,1652
Zalgiris Kaunas,Milano,88,65,1.65,2.53,2027-05-26,2022,EuroLeague,Zalgiris Kaunas,10616,160.7,1659,1585
Bayern Munich,Partizan,93,73,1.48,3.07,2027-05-28,2022,EuroLeague,Bayern Munich,13875,174.3,1667,1541
Valencia,ASVEL,82,95,2.84,1.54,2027-05-30,2022,EuroLeague,Valencia,11170,185.8,1566,1672
Milano,Real Madrid,72,60,2.33,1.75,2027-06-01,2022,EuroLeague,Milano,11858,138.6,1649,1698
Partizan,Barcelona,64,76,2.26,1.79,2027-06-03,2022,EuroLeague,Partizan,14196,147.0,1605,1645
ASVEL,Fenerbahçe,86,77,2.2,1.83,2027-06-05,2022,EuroLeague,ASVEL,14499,171.2,1607,1639
Real Madrid,Olympiacos,80,87,1.64,2.57,2027-06-07,2022,EuroLeague,Real Madrid,9548,175.3,1696,1618
Barcelona,CSKA Moscow,75,67,1.75,2.33,2027-06-09,2022,EuroLeague,Barcelona,13167,149.1,1566,1517
Fenerbahçe,Maccabi Tel Aviv,82,77,1.52,2.93,2027-06-11,2022,EuroLeague,Fenerbahçe,13355,167.0,1628,1514
Olympiacos,Baskonia,76,99,2.41,1.71,2027-06-13,2022,EuroLeague,Olympiacos,13886,183.8,1608,1668
CSKA Moscow,Anadolu Efes,90,85,3.04,1.49,2027-06-15,2022,EuroLeague,CSKA Moscow,13229,183.8,1511,1635
Maccabi Tel Aviv,Panathinaikos,84,89,2.5,1.67,2027-06-17,2022,EuroLeague,Maccabi Tel Aviv,14763,181.7,1541,1611
Baskonia,Zalgiris Kaunas,86,64,1.99,2.01,2027-06-19,2022,EuroLeague,Baskonia,11180,157.5,1504,1502
Anadolu Efes,Bayern Munich,95,63,1.57,2.76,2027-06-21,2022,EuroLeague,Anadolu Efes,10112,165.9,1639,1541
Panathinaikos,Valencia,60,71,2.17,1.85,2027-06-23,2022,EuroLeague,Panathinaikos,13433,137.6,1635,1663
Zalgiris Kaunas,Milano,75,69,2.11,1.9,2027-06-25,2022,EuroLeague,Zalgiris Kaunas,9782,151.2,1658,1676
Bayern Munich,Partizan,71,66,1.91,2.1,2027-06-27,2022,EuroLeague,Bayern Munich,13891,143.8,1700,1684
Valencia,ASVEL,100,70,2.45,1.69,2027-06-29,2022,EuroLeague,Valencia,14276,178.5,1516,1581
Milano,Real Madrid,85,74,2.52,1.66,2027-07-01,2022,EuroLeague,Milano,14042,167.0,1569,1642
Partizan,Barcelona,87,60,2.11,1.9,2027-07-03,2022,EuroLeague,Partizan,10822,154.3,1505,1523
ASVEL,Fenerbahçe,78,77,2.6,1.62,2027-07-05,2022,EuroLeague,ASVEL,10757,162.8,1563,1645
Real Madrid,Olympiacos,71,77,1.4,3.5,2027-07-07,2022,EuroLeague,Real Madrid,9423,155.4,1659,1500
Barcelona,CSKA Moscow,69,96,1.79,2.27,2027-07-09,2022,EuroLeague,Barcelona,13751,173.2,1640,1598
Fenerbahçe,Maccabi Tel Aviv,81,89,1.98,2.02,2027-07-11,2022,EuroLeague,Fenerbahçe,11351,178.5,1535,1532
Olympiacos,Baskonia,90,74,1.66,2.52,2027-07-13,2022,EuroLeague,Olympiacos,10290,172.2,1599,1526
CSKA Moscow,Anadolu Efes,60,76,3.5,1.4,2027-07-15,2022,EuroLeague,CSKA Moscow,14057,142.8,1501,1660
Maccabi Tel Aviv,Panathinaikos,71,89,2.66,1.6,2027-07-17,2022,EuroLeague,Maccabi Tel Aviv,10017,168.0,1606,1694
Baskonia,Zalgiris Kaunas,77,76,2.16,1.86,2027-07-19,2022,EuroLeague,Baskonia,11804,160.7,1671,1697
Anadolu Efes,Bayern Munich,86,79,2.34,1.75,2027-07-21,2022,EuroLeague,Anadolu Efes,11501,173.2,1615,1666
Panathinaikos,Valencia,77,65,3.1,1.48,2027-07-23,2022,EuroLeague,Panathinaikos,11567,149.1,1510,1639
Zalgiris Kaunas,Milano,66,60,2.14,1.88,2027-07-25,2022,EuroLeague,Zalgiris Kaunas,10670,132.3,1550,1572
Bayern Munich,Partizan,83,75,1.52,2.91,2027-07-27,2022,EuroLeague,Bayern Munich,13805,165.9,1658,1546
Valencia,ASVEL,94,85,2.43,1.7,2027-07-29,2022,EuroLeague,Valencia,13269,188.0,1529,1591
Milano,Real Madrid,61,87,3.05,1.49,2027-07-31,2022,EuroLeague,Milano,10748,155.4,1523,1648
Partizan,Barcelona,65,97,2.81,1.55,2027-08-02,2022,EuroLeague,Partizan,9612,170.1,1542,1645
ASVEL,Fenerbahçe,77,81,3.87,1.35,2027-08-04,2022,EuroLeague,ASVEL,11078,165.9,1505,1688
Real Madrid,Olympiacos,94,77,1.7,2.44,2027-08-06,2022,EuroLeague,Real Madrid,10733,179.6,1652,1589
Barcelona,CSKA Moscow,97,69,1.72,2.39,2027-08-08,2022,EuroLeague,Barcelona,14658,174.3,1592,1535
Fenerbahçe,Maccabi Tel Aviv,86,92,1.55,2.83,2027-08-10,2022,EuroLeague,Fenerbahçe,11338,186.9,1700,1595
Olympiacos,Baskonia,60,74,1.98,2.02,2027-08-12,2022,EuroLeague,Olympiacos,13710,140.7,1543,1540
CSKA Moscow,Anadolu Efes,90,60,1.99,2.01,2027-08-14,2022,EuroLeague,CSKA Moscow,13850,157.5,1657,1656
Maccabi Tel Aviv,Panathinaikos,71,102,2.82,1.55,2027-08-16,2022,EuroLeague,Maccabi Tel Aviv,10234,181.7,1544,1648
Baskonia,Zalgiris Kaunas,89,78,1.52,2.93,2027-08-18,2022,EuroLeague,Baskonia,11590,175.3,1662,1548
Anadolu Efes,Bayern Munich,100,60,1.52,2.93,2027-08-20,2022,EuroLeague,Anadolu Efes,14238,168.0,1636,1522
Panathinaikos,Valencia,96,77,1.49,3.04,2027-08-22,2022,EuroLeague,Panathinaikos,14257,181.7,1649,1525
Zalgiris Kaunas,Milano,77,82,1.45,3.23,2027-08-24,2022,EuroLeague,Zalgiris Kaunas,10478,167.0,1690,1551
Bayern Munich,Partizan,97,61,1.57,2.77,2027-08-26,2022,EuroLeague,Bayern Munich,10553,165.9,1643,1544
Valencia,ASVEL,68,98,2.68,1.6,2027-08-28,2022,EuroLeague,Valencia,11707,174.3,1506,1596
Milano,Real Madrid,80,60,1.65,2.53,2027-08-30,2022,EuroLeague,Milano,14681,147.0,1623,1549
Partizan,Barcelona,94,67,1.75,2.33,2027-09-01,2022,EuroLeague,Partizan,12448,169.1,1595,1546
ASVEL,Fenerbahçe,95,87,2.07,1.94,2027-09-03,2022,EuroLeague,ASVEL,10148,191.1,1642,1653
Real Madrid,Olympiacos,111,88,1.71,2.41,2027-09-05,2022,EuroLeague,Real Madrid,13783,209.0,1650,1590
Barcelona,CSKA Moscow,76,87,1.88,2.14,2027-09-07,2022,EuroLeague,Barcelona,11409,171.2,1583,1560
Fenerbahçe,Maccabi Tel Aviv,89,82,2.66,1.6,2027-09-09,2022,EuroLeague,Fenerbahçe,14544,179.6,1525,1613
Olympiacos,Baskonia,86,76,2.28,1.78,2027-09-11,2022,EuroLeague,Olympiacos,9417,170.1,1623,1666
CSKA Moscow,Anadolu Efes,78,78,2.96,1.51,2027-09-13,2022,EuroLeague,CSKA Moscow,9993,163.8,1539,1656
Maccabi Tel Aviv,Panathinaikos,61,79,1.97,2.03,2027-09-15,2022,EuroLeague,Maccabi Tel Aviv,14232,147.0,1654,1649
Baskonia,Zalgiris Kaunas,81,70,1.85,2.17,2027-09-17,2022,EuroLeague,Baskonia,14323,158.6,1666,1638
Anadolu Efes,Bayern Munich,94,92,2.4,1.72,2027-09-19,2022,EuroLeague,Anadolu Efes,11290,195.3,1535,1593
Panathinaikos,Valencia,84,69,1.87,2.15,2027-09-21,2022,EuroLeague,Panathinaikos,14598,160.7,1568,1544
Zalgiris Kaunas,Milano,67,74,2.85,1.54,2027-09-23,2022,EuroLeague,Zalgiris Kaunas,10319,148.1,1567,1674
Bayern Munich,Partizan,81,96,1.71,2.41,2027-09-25,2022,EuroLeague,Bayern Munich,13038,185.8,1608,1548
Valencia,ASVEL,65,72,2.28,1.78,2027-09-27,2022,EuroLeague,Valencia,12384,143.8,1632,1675
Milano,Real Madrid,96,71,1.61,2.63,2027-09-29,2022,EuroLeague,Milano,11190,175.3,1668,1583
Partizan,Barcelona,60,73,1.98,2.02,2027-10-01,2022,EuroLeague,Partizan,13886,139.7,1561,1557
ASVEL,Fenerbahçe,60,96,2.97,1.51,2027-10-03,2022,EuroLeague,ASVEL,12710,163.8,1557,1675
Real Madrid,Olympiacos,76,76,2.43,1.7,2027-10-05,2022,EuroLeague,Real Madrid,11040,159.6,1570,1632
Barcelona,CSKA Moscow,68,88,1.59,2.69,2027-10-07,2022,EuroLeague,Barcelona,9903,163.8,1622,1531
Fenerbahçe,Maccabi Tel Aviv,68,90,2.32,1.76,2027-10-09,2022,EuroLeague,Fenerbahçe,11509,165.9,1644,1692
Olympiacos,Baskonia,72,79,1.47,3.13,2027-10-11,2022,EuroLeague,Olympiacos,11482,158.6,1676,1545
CSKA Moscow,Anadolu Efes,86,90,2.51,1.66,2027-10-13,2022,EuroLeague,CSKA Moscow,12462,184.8,1599,1671
Maccabi Tel Aviv,Panathinaikos,101,75,2.98,1.5,2027-10-15,2022,EuroLeague,Maccabi Tel Aviv,12542,184.8,1520,1639
Baskonia,Zalgiris Kaunas,78,67,1.91,2.1,2027-10-17,2022,EuroLeague,Baskonia,9952,152.2,1605,1589
Anadolu Efes,Bayern Munich,77,91,2.13,1.89,2027-10-19,2022,EuroLeague,Anadolu Efes,13392,176.4,1628,1649
Panathinaikos,Valencia,74,84,1.9,2.12,2027-10-21,2022,EuroLeague,Panathinaikos,10528,165.9,1677,1658
Zalgiris Kaunas,Milano,70,92,1.71,2.41,2027-10-23,2022,EuroLeague,Zalgiris Kaunas,13206,170.1,1583,1523
Bayern Munich,Partizan,69,77,1.63,2.59,2027-10-25,2022,EuroLeague,Bayern Munich,13643,153.3,1669,1588
Valencia,ASVEL,66,80,1.91,2.1,2027-10-27,2022,EuroLeague,Valencia,10539,153.3,1556,1539
Milano,Real Madrid,90,64,1.7,2.44,2027-10-29,2022,EuroLeague,Milano,11387,161.7,1593,1530
Partizan,Barcelona,72,83,2.81,1.55,2027-10-31,2022,EuroLeague,Partizan,10751,162.8,1533,1636
ASVEL,Fenerbahçe,68,81,1.75,2.34,2027-11-02,2022,EuroLeague,ASVEL,11124,156.5,1679,1628
Real Madrid,Olympiacos,69,96,3.53,1.4,2027-11-04,2022,EuroLeague,Real Madrid,13513,173.2,1509,1670
Barcelona,CSKA Moscow,82,77,1.53,2.87,2027-11-06,2022,EuroLeague,Barcelona,9654,167.0,1618,1509
Fenerbahçe,Maccabi Tel Aviv,89,85,1.87,2.15,2027-11-08,2022,EuroLeague,Fenerbahçe,12102,182.7,1672,1648
Olympiacos,Baskonia,88,97,2.01,1.99,2027-11-10,2022,EuroLeague,Olympiacos,12145,194.2,1594,1596
CSKA Moscow,Anadolu Efes,101,86,1.84,2.19,2027-11-12,2022,EuroLeague,CSKA Moscow,9387,196.3,1606,1576
Maccabi Tel Aviv,Panathinaikos,86,69,2.16,1.86,2027-11-14,2022,EuroLeague,Maccabi Tel Aviv,9708,162.8,1559,1585
Baskonia,Zalgiris Kaunas,77,69,1.99,2.01,2027-11-16,2022,EuroLeague,Baskonia,11502,153.3,1631,1630
Anadolu Efes,Bayern Munich,102,60,1.52,2.94,2027-11-18,2022,EuroLeague,Anadolu Efes,10284,170.1,1663,1548
Panathinaikos,Valencia,87,78,2.1,1.91,2027-11-20,2022,EuroLeague,Panathinaikos,14065,173.2,1537,1553
Zalgiris Kaunas,Milano,73,91,2.07,1.93,2027-11-22,2022,EuroLeague,Zalgiris Kaunas,11737,172.2,1513,1525
Bayern Munich,Partizan,77,86,2.12,1.89,2027-11-24,2022,EuroLeague,Bayern Munich,14714,171.2,1574,1594
Valencia,ASVEL,115,60,1.33,4.04,2027-11-26,2022,EuroLeague,Valencia,14031,183.8,1697,1504
Milano,Real Madrid,76,84,1.94,2.07,2027-11-28,2022,EuroLeague,Milano,11790,168.0,1654,1643
Partizan,Barcelona,66,69,2.63,1.61,2027-11-30,2022,EuroLeague,Partizan,11554,141.8,1611,1696
ASVEL,Fenerbahçe,70,84,1.95,2.05,2027-12-02,2022,EuroLeague,ASVEL,11068,161.7,1666,1657
Real Madrid,Olympiacos,82,65,1.68,2.47,2027-12-04,2022,EuroLeague,Real Madrid,11788,154.3,1692,1625
Barcelona,CSKA Moscow,91,78,2.77,1.57,2027-12-06,2022,EuroLeague,Barcelona,14056,177.5,1562,1661
Fenerbahçe,Maccabi Tel Aviv,73,87,2.01,1.99,2027-12-08,2022,EuroLeague,Fenerbahçe,12333,168.0,1554,1556
Olympiacos,Baskonia,66,72,2.24,1.8,2027-12-10,2022,EuroLeague,Olympiacos,11224,144.9,1629,1667
CSKA Moscow,Anadolu Efes,77,78,1.88,2.14,2027-12-12,2022,EuroLeague,CSKA Moscow,10036,162.8,1665,1643
Maccabi Tel Aviv,Panathinaikos,90,99,2.59,1.63,2027-12-14,2022,EuroLeague,Maccabi Tel Aviv,12810,198.5,1619,1700
Baskonia,Zalgiris Kaunas,90,76,1.99,2.01,2027-12-16,2022,EuroLeague,Baskonia,10371,174.3,1633,1631
Anadolu Efes,Bayern Munich,78,86,3.01,1.5,2027-12-18,2022,EuroLeague,Anadolu Efes,12577,172.2,1558,1679
Panathinaikos,Valencia,71,74,2.02,1.98,2027-12-20,2022,EuroLeague,Panathinaikos,14700,152.2,1694,1697
Zalgiris Kaunas,Milano,94,67,2.59,1.63,2027-12-22,2022,EuroLeague,Zalgiris Kaunas,13432,169.1,1502,1583
Bayern Munich,Partizan,84,94,2.31,1.76,2027-12-24,2022,EuroLeague,Bayern Munich,11662,186.9,1600,1647
Valencia,ASVEL,67,86,3.45,1.41,2027-12-26,2022,EuroLeague,Valencia,14148,160.7,1508,1664
Milano,Real Madrid,71,89,2.85,1.54,2027-12-28,2022,EuroLeague,Milano,14761,168.0,1545,1652
Partizan,Barcelona,69,78,2.27,1.79,2027-12-30,2022,EuroLeague,Partizan,10606,154.3,1570,1611
ASVEL,Fenerbahçe,82,82,1.9,2.11,2028-01-01,2022,EuroLeague,ASVEL,9410,172.2,1519,1501
Real Madrid,Olympiacos,88,63,1.5,3.0,2028-01-03,2022,EuroLeague,Real Madrid,10080,158.6,1628,1508
Barcelona,CSKA Moscow,70,66,2.36,1.73,2028-01-05,2022,EuroLeague,Barcelona,14080,142.8,1506,1560
Fenerbahçe,Maccabi Tel Aviv,91,71,1.72,2.38,2028-01-07,2022,EuroLeague,Fenerbahçe,10740,170.1,1626,1570
Olympiacos,Baskonia,86,66,1.87,2.15,2028-01-09,2022,EuroLeague,Olympiacos,10883,159.6,1527,1502
CSKA Moscow,Anadolu Efes,65,73,2.49,1.67,2028-01-11,2022,EuroLeague,CSKA Moscow,12336,144.9,1545,1614
Maccabi Tel Aviv,Panathinaikos,60,77,2.05,1.95,2028-01-13,2022,EuroLeague,Maccabi Tel Aviv,14623,143.8,1645,1654
Baskonia,Zalgiris Kaunas,60,60,3.54,1.39,2028-01-15,2022,EuroLeague,Baskonia,14269,126.0,1505,1667
Anadolu Efes,Bayern Munich,65,70,1.77,2.3,2028-01-17,2022,EuroLeague,Anadolu Efes,13230,141.8,1612,1566
Panathinaikos,Valencia,99,66,1.42,3.37,2028-01-19,2022,EuroLeague,Panathinaikos,12923,173.2,1652,1502
Zalgiris Kaunas,Milano,65,89,2.27,1.79,2028-01-21,2022,EuroLeague,Zalgiris Kaunas,13652,161.7,1651,1693
Bayern Munich,Partizan,82,91,2.81,1.55,2028-01-23,2022,EuroLeague,Bayern Munich,10747,181.7,1570,1673
Valencia,ASVEL,104,72,1.47,3.11,2028-01-25,2022,EuroLeague,Valencia,11790,184.8,1651,1521
Milano,Real Madrid,105,86,1.66,2.5,2028-01-27,2022,EuroLeague,Milano,13664,200.6,1611,1540
Partizan,Barcelona,85,85,1.75,2.33,2028-01-29,2022,EuroLeague,Partizan,14149,178.5,1680,1630
ASVEL,Fenerbahçe,60,75,2.45,1.69,2028-01-31,2022,EuroLeague,ASVEL,11333,141.8,1623,1688
Real Madrid,Olympiacos,89,75,1.63,2.59,2028-02-02,2022,EuroLeague,Real Madrid,14580,172.2,1692,1611
Barcelona,CSKA Moscow,76,68,1.65,2.55,2028-02-04,2022,EuroLeague,Barcelona,12798,151.2,1696,1620
Fenerbahçe,Maccabi Tel Aviv,88,79,1.94,2.06,2028-02-06,2022,EuroLeague,Fenerbahçe,13048,175.3,1658,1648
Olympiacos,Baskonia,60,69,2.14,1.88,2028-02-08,2022,EuroLeague,Olympiacos,11515,135.5,1675,1698
CSKA Moscow,Anadolu Efes,81,99,1.61,2.63,2028-02-10,2022,EuroLeague,CSKA Moscow,9383,189.0,1606,1521
Maccabi Tel Aviv,Panathinaikos,84,63,1.53,2.87,2028-02-12,2022,EuroLeague,Maccabi Tel Aviv,10153,154.3,1677,1568
Baskonia,Zalgiris Kaunas,90,71,1.65,2.54,2028-02-14,2022,EuroLeague,Baskonia,14547,169.1,1639,1564
Anadolu Efes,Bayern Munich,83,67,1.83,2.2,2028-02-16,2022,EuroLeague,Anadolu Efes,13509,157.5,1633,1601
Panathinaikos,Valencia,89,87,1.62,2.61,2028-02-18,2022,EuroLeague,Panathinaikos,11098,184.8,1625,1542
Zalgiris Kaunas,Milano,62,67,1.82,2.22,2028-02-20,2022,EuroLeague,Zalgiris Kaunas,14692,135.5,1544,1509
Bayern Munich,Partizan,66,96,3.65,1.38,2028-02-22,2022,EuroLeague,Bayern Munich,10161,170.1,1522,1691
Valencia,ASVEL,67,74,1.72,2.38,2028-02-24,2022,EuroLeague,Valencia,13801,148.1,1698,1642
Milano,Real Madrid,91,92,2.22,1.82,2028-02-26,2022,EuroLeague,Milano,9026,192.2,1542,1577
Partizan,Barcelona,100,60,1.4,3.51,2028-02-28,2022,EuroLeague,Partizan,14402,168.0,1678,1518
ASVEL,Fenerbahçe,106,98,1.96,2.04,2028-03-01,2022,EuroLeague,ASVEL,11151,214.2,1645,1638
Real Madrid,Olympiacos,61,95,3.82,1.35,2028-03-03,2022,EuroLeague,Real Madrid,13950,163.8,1514,1694
Barcelona,CSKA Moscow,72,71,1.82,2.22,2028-03-05,2022,EuroLeague,Barcelona,11806,150.2,1543,1509
Fenerbahçe,Maccabi Tel Aviv,91,90,1.9,2.12,2028-03-07,2022,EuroLeague,Fenerbahçe,14850,190.1,1581,1562
Olympiacos,Baskonia,76,60,2.73,1.58,2028-03-09,2022,EuroLeague,Olympiacos,12135,142.8,1517,1612
CSKA Moscow,Anadolu Efes,67,62,2.52,1.66,2028-03-11,2022,EuroLeague,CSKA Moscow,11948,135.5,1596,1669
Maccabi Tel Aviv,Panathinaikos,98,60,1.6,2.66,2028-03-13,2022,EuroLeague,Maccabi Tel Aviv,12601,165.9,1650,1562
Baskonia,Zalgiris Kaunas,79,62,1.6,2.67,2028-03-15,2022,EuroLeague,Baskonia,13020,148.1,1599,1510
Anadolu Efes,Bayern Munich,66,71,1.82,2.22,2028-03-17,2022,EuroLeague,Anadolu Efes,11848,143.8,1628,1594
Panathinaikos,Valencia,71,75,2.38,1.72,2028-03-19,2022,EuroLeague,Panathinaikos,12410,153.3,1611,1667
Zalgiris Kaunas,Milano,85,68,2.2,1.84,2028-03-21,2022,EuroLeague,Zalgiris Kaunas,9340,160.7,1522,1553
Real Madrid,Olympiacos,75,88,2.31,1.76,2023-10-01,2023,EuroLeague,Real Madrid,13364,171.2,1577,1624
Barcelona,CSKA Moscow,77,84,1.64,2.56,2023-10-03,2023,EuroLeague,Barcelona,11890,169.1,1622,1545
Fenerbahçe,Maccabi Tel Aviv,67,101,3.02,1.5,2023-10-05,2023,EuroLeague,Fenerbahçe,12657,176.4,1519,1641
Olympiacos,Baskonia,69,75,1.93,2.08,2023-10-07,2023,EuroLeague,Olympiacos,13643,151.2,1598,1585
CSKA Moscow,Anadolu Efes,85,62,1.86,2.16,2023-10-09,2023,EuroLeague,CSKA Moscow,10569,154.3,1613,1587
Maccabi Tel Aviv,Panathinaikos,95,64,1.77,2.3,2023-10-11,2023,EuroLeague,Maccabi Tel Aviv,11338,167.0,1642,1596
Baskonia,Zalgiris Kaunas,85,77,1.89,2.12,2023-10-13,2023,EuroLeague,Baskonia,10267,170.1,1555,1535
Anadolu Efes,Bayern Munich,104,65,2.24,1.81,2023-10-15,2023,EuroLeague,Anadolu Efes,10651,177.5,1639,1676
Panathinaikos,Valencia,82,79,2.11,1.9,2023-10-17,2023,EuroLeague,Panathinaikos,12798,169.1,1545,1563
Zalgiris Kaunas,Milano,63,73,1.98,2.02,2023-10-19,2023,EuroLeague,Zalgiris Kaunas,14885,142.8,1541,1538
Bayern Munich,Partizan,61,62,1.97,2.03,2023-10-21,2023,EuroLeague,Bayern Munich,11150,129.2,1539,1534
Valencia,ASVEL,73,74,1.95,2.05,2023-10-23,2023,EuroLeague,Valencia,11003,154.3,1520,1511
Milano,Real Madrid,75,83,2.61,1.62,2023-10-25,2023,EuroLeague,Milano,11025,165.9,1597,1680
Partizan,Barcelona,64,63,1.57,2.75,2023-10-27,2023,EuroLeague,Partizan,9382,133.3,1687,1590
ASVEL,Fenerbahçe,66,68,1.69,2.45,2023-10-29,2023,EuroLeague,ASVEL,9866,140.7,1655,1591
Real Madrid,Olympiacos,95,86,1.55,2.83,2023-10-31,2023,EuroLeague,Real Madrid,11195,190.1,1652,1547
Barcelona,CSKA Moscow,85,62,2.34,1.75,2023-11-02,2023,EuroLeague,Barcelona,13665,154.3,1588,1639
Fenerbahçe,Maccabi Tel Aviv,62,84,2.86,1.54,2023-11-04,2023,EuroLeague,Fenerbahçe,14617,153.3,1512,1620
Olympiacos,Baskonia,92,72,2.72,1.58,2023-11-06,2023,EuroLeague,Olympiacos,14936,172.2,1563,1657
CSKA Moscow,Anadolu Efes,77,78,1.67,2.49,2023-11-08,2023,EuroLeague,CSKA Moscow,11310,162.8,1693,1624
Maccabi Tel Aviv,Panathinaikos,66,76,1.95,1.95,2023-11-10,2023,EuroLeague,Maccabi Tel Aviv,14279,149.1,1572,1572
Baskonia,Zalgiris Kaunas,68,79,1.85,2.18,2023-11-12,2023,EuroLeague,Baskonia,13539,154.3,1546,1517
Anadolu Efes,Bayern Munich,80,96,2.1,1.91,2023-11-14,2023,EuroLeague,Anadolu Efes,14878,184.8,1644,1660
Panathinaikos,Valencia,107,83,1.75,2.34,2023-11-16,2023,EuroLeague,Panathinaikos,11664,199.5,1558,1507
Zalgiris Kaunas,Milano,60,82,2.56,1.64,2023-11-18,2023,EuroLeague,Zalgiris Kaunas,13463,149.1,1564,1641
Bayern Munich,Partizan,69,87,2.36,1.73,2023-11-20,2023,EuroLeague,Bayern Munich,10037,163.8,1569,1623
Valencia,ASVEL,89,85,1.87,2.15,2023-11-22,2023,EuroLeague,Valencia,10935,182.7,1555,1531
Milano,Real Madrid,77,83,2.06,1.94,2023-11-24,2023,EuroLeague,Milano,13195,168.0,1643,1653
Partizan,Barcelona,102,61,1.69,2.45,2023-11-26,2023,EuroLeague,Partizan,12390,171.2,1617,1553
ASVEL,Fenerbahçe,77,86,1.66,2.5,2023-11-28,2023,EuroLeague,ASVEL,9369,171.2,1589,1518
Real Madrid,Olympiacos,87,86,1.58,2.72,2023-11-30,2023,EuroLeague,Real Madrid,11200,181.7,1628,1534
Barcelona,CSKA Moscow,86,75,1.4,3.5,2023-12-02,2023,EuroLeague,Barcelona,11375,169.1,1661,1502
Fenerbahçe,Maccabi Tel Aviv,63,62,2.08,1.93,2023-12-04,2023,EuroLeague,Fenerbahçe,9862,131.2,1577,1590
Olympiacos,Baskonia,88,82,1.72,2.38,2023-12-06,2023,EuroLeague,Olympiacos,11210,178.5,1611,1555
CSKA Moscow,Anadolu Efes,73,80,2.4,1.71,2023-12-08,2023,EuroLeague,CSKA Moscow,12936,160.7,1577,1636
Maccabi Tel Aviv,Panathinaikos,92,60,1.65,2.54,2023-12-10,2023,EuroLeague,Maccabi Tel Aviv,11656,159.6,1693,1618
Baskonia,Zalgiris Kaunas,61,96,2.46,1.68,2023-12-12,2023,EuroLeague,Baskonia,13365,164.8,1561,1627
Anadolu Efes,Bayern Munich,66,81,2.15,1.87,2023-12-14,2023,EuroLeague,Anadolu Efes,9118,154.3,1579,1604
Panathinaikos,Valencia,81,91,2.07,1.93,2023-12-16,2023,EuroLeague,Panathinaikos,9058,180.6,1565,1577
Zalgiris Kaunas,Milano,76,97,3.41,1.41,2023-12-18,2023,EuroLeague,Zalgiris Kaunas,9721,181.7,1516,1669
Bayern Munich,Partizan,70,81,1.83,2.21,2023-12-20,2023,EuroLeague,Bayern Munich,14477,158.6,1692,1659
Valencia,ASVEL,85,62,1.71,2.4,2023-12-22,2023,EuroLeague,Valencia,10632,154.3,1691,1632
Milano,Real Madrid,77,74,1.44,3.26,2023-12-24,2023,EuroLeague,Milano,13073,158.6,1677,1535
Partizan,Barcelona,97,82,2.11,1.9,2023-12-26,2023,EuroLeague,Partizan,10724,188.0,1679,1697
ASVEL,Fenerbahçe,84,71,2.71,1.59,2023-12-28,2023,EuroLeague,ASVEL,9379,162.8,1504,1597
Real Madrid,Olympiacos,85,82,2.28,1.78,2023-12-30,2023,EuroLeague,Real Madrid,10675,175.3,1512,1555
Barcelona,CSKA Moscow,66,60,1.47,3.13,2024-01-01,2023,EuroLeague,Barcelona,11395,132.3,1682,1551
Fenerbahçe,Maccabi Tel Aviv,71,65,2.24,1.81,2024-01-03,2023,EuroLeague,Fenerbahçe,14248,142.8,1649,1686
Olympiacos,Baskonia,77,80,2.13,1.89,2024-01-05,2023,EuroLeague,Olympiacos,10552,164.8,1666,1687
CSKA Moscow,Anadolu Efes,60,77,2.45,1.69,2024-01-07,2023,EuroLeague,CSKA Moscow,10035,143.8,1634,1698
Maccabi Tel Aviv,Panathinaikos,93,84,1.89,2.13,2024-01-09,2023,EuroLeague,Maccabi Tel Aviv,11525,185.8,1638,1617
Baskonia,Zalgiris Kaunas,75,73,2.31,1.76,2024-01-11,2023,EuroLeague,Baskonia,14315,155.4,1562,1609
Anadolu Efes,Bayern Munich,64,69,1.92,2.08,2024-01-13,2023,EuroLeague,Anadolu Efes,12737,139.7,1576,1562
Panathinaikos,Valencia,95,74,1.97,2.03,2024-01-15,2023,EuroLeague,Panathinaikos,14530,177.5,1607,1602
Zalgiris Kaunas,Milano,78,91,1.95,2.05,2024-01-17,2023,EuroLeague,Zalgiris Kaunas,14592,177.5,1646,1637
Bayern Munich,Partizan,83,86,1.83,2.2,2024-01-19,2023,EuroLeague,Bayern Munich,9613,177.5,1693,1661
Valencia,ASVEL,84,73,1.84,2.19,2024-01-21,2023,EuroLeague,Valencia,13625,164.8,1573,1543
Milano,Real Madrid,75,65,1.53,2.88,2024-01-23,2023,EuroLeague,Milano,9923,147.0,1672,1562
Partizan,Barcelona,76,82,3.28,1.44,2024-01-25,2023,EuroLeague,Partizan,13066,165.9,1536,1679
ASVEL,Fenerbahçe,66,70,2.37,1.73,2024-01-27,2023,EuroLeague,ASVEL,14678,142.8,1631,1686
Real Madrid,Olympiacos,72,83,1.82,2.22,2024-01-29,2023,EuroLeague,Real Madrid,12744,162.8,1599,1565
Barcelona,CSKA Moscow,60,60,3.08,1.48,2024-01-31,2023,EuroLeague,Barcelona,11549,126.0,1520,1647
Fenerbahçe,Maccabi Tel Aviv,77,71,2.05,1.95,2024-02-02,2023,EuroLeague,Fenerbahçe,12307,155.4,1608,1617
Olympiacos,Baskonia,80,74,1.88,2.14,2024-02-04,2023,EuroLeague,Olympiacos,9610,161.7,1605,1583
CSKA Moscow,Anadolu Efes,91,60,2.08,1.92,2024-02-06,2023,EuroLeague,CSKA Moscow,14197,158.6,1675,1689
Maccabi Tel Aviv,Panathinaikos,60,67,1.75,2.34,2024-02-08,2023,EuroLeague,Maccabi Tel Aviv,12729,133.3,1647,1596
Baskonia,Zalgiris Kaunas,82,81,2.08,1.93,2024-02-10,2023,EuroLeague,Baskonia,14561,171.2,1615,1628
Anadolu Efes,Bayern Munich,82,73,2.29,1.78,2024-02-12,2023,EuroLeague,Anadolu Efes,13714,162.8,1579,1623
Panathinaikos,Valencia,60,82,2.08,1.92,2024-02-14,2023,EuroLeague,Panathinaikos,9024,149.1,1638,1652
Zalgiris Kaunas,Milano,72,97,1.95,2.05,2024-02-16,2023,EuroLeague,Zalgiris Kaunas,10348,177.5,1697,1689
Bayern Munich,Partizan,81,72,1.61,2.64,2024-02-18,2023,EuroLeague,Bayern Munich,12318,160.7,1637,1551
Valencia,ASVEL,70,92,1.79,2.26,2024-02-20,2023,EuroLeague,Valencia,9643,170.1,1556,1516
Milano,Real Madrid,89,68,1.91,2.1,2024-02-22,2023,EuroLeague,Milano,14218,164.8,1534,1517
Partizan,Barcelona,70,73,1.58,2.74,2024-02-24,2023,EuroLeague,Partizan,9167,150.2,1638,1542
ASVEL,Fenerbahçe,95,81,1.5,3.0,2024-02-26,2023,EuroLeague,ASVEL,14413,184.8,1693,1573
Real Madrid,Olympiacos,76,66,1.8,2.24,2024-02-28,2023,EuroLeague,Real Madrid,10138,149.1,1593,1555
Barcelona,CSKA Moscow,89,83,2.57,1.64,2024-03-01,2023,EuroLeague,Barcelona,12352,180.6,1574,1652
Fenerbahçe,Maccabi Tel Aviv,62,92,2.19,1.84,2024-03-03,2023,EuroLeague,Fenerbahçe,10575,161.7,1565,1595
Olympiacos,Baskonia,89,68,1.51,2.96,2024-03-05,2023,EuroLeague,Olympiacos,13541,164.8,1682,1565
CSKA Moscow,Anadolu Efes,69,60,1.6,2.66,2024-03-07,2023,EuroLeague,CSKA Moscow,9057,135.5,1593,1505
Maccabi Tel Aviv,Panathinaikos,60,79,2.64,1.61,2024-03-09,2023,EuroLeague,Maccabi Tel Aviv,12872,146.0,1546,1632
Baskonia,Zalgiris Kaunas,69,84,2.42,1.7,2024-03-11,2023,EuroLeague,Baskonia,12125,160.7,1590,1651
Anadolu Efes,Bayern Munich,88,60,1.84,2.2,2024-03-13,2023,EuroLeague,Anadolu Efes,13081,155.4,1622,1591
Panathinaikos,Valencia,60,75,3.15,1.47,2024-03-15,2023,EuroLeague,Panathinaikos,14523,141.8,1515,1648
Zalgiris Kaunas,Milano,84,80,1.49,3.04,2024-03-17,2023,EuroLeague,Zalgiris Kaunas,10753,172.2,1625,1501
Bayern Munich,Partizan,79,78,2.16,1.86,2024-03-19,2023,EuroLeague,Bayern Munich,14533,164.8,1549,1575
Valencia,ASVEL,73,82,1.81,2.24,2024-03-21,2023,EuroLeague,Valencia,11644,162.8,1553,1516
Milano,Real Madrid,77,78,1.61,2.63,2024-03-23,2023,EuroLeague,Milano,9606,162.8,1642,1557
Partizan,Barcelona,88,71,2.43,1.7,2024-03-25,2023,EuroLeague,Partizan,13992,167.0,1631,1693
ASVEL,Fenerbahçe,68,99,2.1,1.91,2024-03-27,2023,EuroLeague,ASVEL,11179,175.3,1587,1603
Real Madrid,Olympiacos,91,76,1.72,2.39,2024-03-29,2023,EuroLeague,Real Madrid,14749,175.3,1646,1589
Barcelona,CSKA Moscow,91,85,2.4,1.72,2024-03-31,2023,EuroLeague,Barcelona,13138,184.8,1584,1642
Fenerbahçe,Maccabi Tel Aviv,90,97,1.95,2.05,2024-04-02,2023,EuroLeague,Fenerbahçe,14019,196.3,1652,1643
Olympiacos,Baskonia,102,70,1.5,3.01,2024-04-04,2023,EuroLeague,Olympiacos,14426,180.6,1639,1518
CSKA Moscow,Anadolu Efes,64,70,1.97,2.03,2024-04-06,2023,EuroLeague,CSKA Moscow,14399,140.7,1536,1531
Maccabi Tel Aviv,Panathinaikos,95,65,2.44,1.7,2024-04-08,2023,EuroLeague,Maccabi Tel Aviv,14042,168.0,1570,1633
Baskonia,Zalgiris Kaunas,95,71,1.96,2.04,2024-04-10,2023,EuroLeague,Baskonia,14028,174.3,1618,1611
Anadolu Efes,Bayern Munich,73,67,3.48,1.4,2024-04-12,2023,EuroLeague,Anadolu Efes,14868,147.0,1526,1684
Panathinaikos,Valencia,68,81,2.27,1.79,2024-04-14,2023,EuroLeague,Panathinaikos,10576,156.5,1613,1654
Zalgiris Kaunas,Milano,92,63,1.45,3.21,2024-04-16,2023,EuroLeague,Zalgiris Kaunas,14256,162.8,1692,1554
Bayern Munich,Partizan,106,71,1.72,2.4,2024-04-18,2023,EuroLeague,Bayern Munich,13030,185.8,1656,1598
Valencia,ASVEL,87,65,1.53,2.87,2024-04-20,2023,EuroLeague,Valencia,12259,159.6,1691,1582
Milano,Real Madrid,81,75,1.88,2.14,2024-04-22,2023,EuroLeague,Milano,12790,163.8,1689,1667
Partizan,Barcelona,88,68,1.39,3.59,2024-04-24,2023,EuroLeague,Partizan,9933,163.8,1669,1504
ASVEL,Fenerbahçe,83,80,2.68,1.6,2024-04-26,2023,EuroLeague,ASVEL,9100,171.2,1531,1621
Real Madrid,Olympiacos,110,68,2.11,1.9,2024-04-28,2023,EuroLeague,Real Madrid,14309,186.9,1582,1600
Barcelona,CSKA Moscow,72,86,1.87,2.15,2024-04-30,2023,EuroLeague,Barcelona,14120,165.9,1626,1602
Fenerbahçe,Maccabi Tel Aviv,63,93,1.95,2.05,2024-05-02,2023,EuroLeague,Fenerbahçe,13870,163.8,1520,1511
Olympiacos,Baskonia,60,64,1.83,2.2,2024-05-04,2023,EuroLeague,Olympiacos,9754,130.2,1592,1560
CSKA Moscow,Anadolu Efes,60,76,2.43,1.7,2024-05-06,2023,EuroLeague,CSKA Moscow,9102,142.8,1513,1575
Maccabi Tel Aviv,Panathinaikos,91,68,1.9,2.12,2024-05-08,2023,EuroLeague,Maccabi Tel Aviv,11128,167.0,1549,1530
Baskonia,Zalgiris Kaunas,78,76,1.99,2.01,2024-05-10,2023,EuroLeague,Baskonia,9531,161.7,1644,1643
Anadolu Efes,Bayern Munich,86,81,2.37,1.73,2024-05-12,2023,EuroLeague,Anadolu Efes,11053,175.3,1634,1689
Panathinaikos,Valencia,65,74,2.24,1.8,2024-05-14,2023,EuroLeague,Panathinaikos,12874,146.0,1552,1590
Zalgiris Kaunas,Milano,65,78,2.24,1.81,2024-05-16,2023,EuroLeague,Zalgiris Kaunas,13020,150.2,1570,1607
Bayern Munich,Partizan,72,79,1.81,2.24,2024-05-18,2023,EuroLeague,Bayern Munich,10257,158.6,1581,1544
Valencia,ASVEL,93,81,1.89,2.12,2024-05-20,2023,EuroLeague,Valencia,13452,182.7,1572,1552
Milano,Real Madrid,80,61,1.77,2.3,2024-05-22,2023,EuroLeague,Milano,13038,148.1,1565,1520
Partizan,Barcelona,84,60,2.38,1.72,2024-05-24,2023,EuroLeague,Partizan,14413,151.2,1521,1577
ASVEL,Fenerbahçe,100,68,1.87,2.15,2024-05-26,2023,EuroLeague,ASVEL,14879,176.4,1567,1542
Real Madrid,Olympiacos,60,84,1.75,2.34,2024-05-28,2023,EuroLeague,Real Madrid,11644,151.2,1552,1501
Barcelona,CSKA Moscow,60,70,2.73,1.58,2024-05-30,2023,EuroLeague,Barcelona,10615,136.5,1527,1622
Fenerbahçe,Maccabi Tel Aviv,70,82,2.49,1.67,2024-06-01,2023,EuroLeague,Fenerbahçe,11024,159.6,1597,1666
Olympiacos,Baskonia,85,64,1.79,2.26,2024-06-03,2023,EuroLeague,Olympiacos,14391,156.5,1566,1526
CSKA Moscow,Anadolu Efes,72,60,1.7,2.43,2024-06-05,2023,EuroLeague,CSKA Moscow,12326,138.6,1658,1596
Maccabi Tel Aviv,Panathinaikos,83,99,2.7,1.59,2024-06-07,2023,EuroLeague,Maccabi Tel Aviv,13510,191.1,1554,1646
Baskonia,Zalgiris Kaunas,88,75,2.03,1.97,2024-06-09,2023,EuroLeague,Baskonia,14848,171.2,1559,1564
Anadolu Efes,Bayern Munich,75,93,1.83,2.2,2024-06-11,2023,EuroLeague,Anadolu Efes,11539,176.4,1650,1618
Panathinaikos,Valencia,81,60,1.41,3.47,2024-06-13,2023,EuroLeague,Panathinaikos,14003,148.1,1666,1509
Zalgiris Kaunas,Milano,91,75,3.04,1.49,2024-06-15,2023,EuroLeague,Zalgiris Kaunas,9135,174.3,1517,1641
Bayern Munich,Partizan,60,60,2.08,1.92,2024-06-17,2023,EuroLeague,Bayern Munich,10291,126.0,1531,1545
Valencia,ASVEL,77,60,1.41,3.41,2024-06-19,2023,EuroLeague,Valencia,9974,143.8,1669,1516
Milano,Real Madrid,78,82,1.82,2.22,2024-06-21,2023,EuroLeague,Milano,13726,168.0,1689,1655
Partizan,Barcelona,73,80,2.01,1.99,2024-06-23,2023,EuroLeague,Partizan,11472,160.7,1520,1522
ASVEL,Fenerbahçe,68,74,2.04,1.97,2024-06-25,2023,EuroLeague,ASVEL,13068,149.1,1673,1679
Real Madrid,Olympiacos,71,60,1.63,2.59,2024-06-27,2023,EuroLeague,Real Madrid,9216,137.6,1585,1504
Barcelona,CSKA Moscow,87,83,1.65,2.55,2024-06-29,2023,EuroLeague,Barcelona,10492,178.5,1628,1552
Fenerbahçe,Maccabi Tel Aviv,75,64,3.2,1.45,2024-07-01,2023,EuroLeague,Fenerbahçe,9069,146.0,1512,1649
Olympiacos,Baskonia,93,103,3.1,1.48,2024-07-03,2023,EuroLeague,Olympiacos,10171,205.8,1542,1671
CSKA Moscow,Anadolu Efes,79,86,2.07,1.94,2024-07-05,2023,EuroLeague,CSKA Moscow,13172,173.2,1536,1547
Maccabi Tel Aviv,Panathinaikos,64,106,2.63,1.61,2024-07-07,2023,EuroLeague,Maccabi Tel Aviv,10327,178.5,1592,1677
Baskonia,Zalgiris Kaunas,60,79,1.5,3.02,2024-07-09,2023,EuroLeague,Baskonia,14635,146.0,1695,1573
Anadolu Efes,Bayern Munich,77,67,2.85,1.54,2024-07-11,2023,EuroLeague,Anadolu Efes,11063,151.2,1581,1688
Panathinaikos,Valencia,66,77,2.11,1.9,2024-07-13,2023,EuroLeague,Panathinaikos,14024,150.2,1503,1521
Zalgiris Kaunas,Milano,80,83,1.84,2.19,2024-07-15,2023,EuroLeague,Zalgiris Kaunas,11514,171.2,1661,1631
Bayern Munich,Partizan,96,65,1.57,2.76,2024-07-17,2023,EuroLeague,Bayern Munich,14908,169.1,1669,1571
Valencia,ASVEL,83,69,1.85,2.18,2024-07-19,2023,EuroLeague,Valencia,9894,159.6,1668,1639
Milano,Real Madrid,77,73,1.98,2.02,2024-07-21,2023,EuroLeague,Milano,9300,157.5,1524,1520
Partizan,Barcelona,81,93,2.33,1.75,2024-07-23,2023,EuroLeague,Partizan,13888,182.7,1542,1591
ASVEL,Fenerbahçe,82,85,2.02,1.98,2024-07-25,2023,EuroLeague,ASVEL,11553,175.3,1513,1517
Real Madrid,Olympiacos,94,63,1.45,3.21,2024-07-27,2023,EuroLeague,Real Madrid,12176,164.8,1662,1524
Barcelona,CSKA Moscow,81,73,2.94,1.52,2024-07-29,2023,EuroLeague,Barcelona,14575,161.7,1583,1698
Fenerbahçe,Maccabi Tel Aviv,86,60,2.05,1.95,2024-07-31,2023,EuroLeague,Fenerbahçe,12987,153.3,1626,1634
Olympiacos,Baskonia,83,89,1.47,3.14,2024-08-02,2023,EuroLeague,Olympiacos,11155,180.6,1685,1553
CSKA Moscow,Anadolu Efes,67,75,1.98,2.02,2024-08-04,2023,EuroLeague,CSKA Moscow,13417,149.1,1616,1613
Maccabi Tel Aviv,Panathinaikos,96,60,1.43,3.32,2024-08-06,2023,EuroLeague,Maccabi Tel Aviv,10122,163.8,1677,1531
Baskonia,Zalgiris Kaunas,86,69,2.11,1.9,2024-08-08,2023,EuroLeague,Baskonia,14539,162.8,1543,1561
Anadolu Efes,Bayern Munich,72,100,2.5,1.66,2024-08-10,2023,EuroLeague,Anadolu Efes,10892,180.6,1548,1619
Panathinaikos,Valencia,67,88,1.43,3.34,2024-08-12,2023,EuroLeague,Panathinaikos,10803,162.8,1672,1524
Zalgiris Kaunas,Milano,60,90,2.64,1.61,2024-08-14,2023,EuroLeague,Zalgiris Kaunas,11906,157.5,1588,1674
Bayern Munich,Partizan,60,87,1.51,2.97,2024-08-16,2023,EuroLeague,Bayern Munich,14288,154.3,1655,1537
Valencia,ASVEL,96,74,1.72,2.38,2024-08-18,2023,EuroLeague,Valencia,14171,178.5,1670,1614
Milano,Real Madrid,102,79,2.49,1.67,2024-08-20,2023,EuroLeague,Milano,13786,190.1,1522,1591
Partizan,Barcelona,69,83,1.84,2.2,2024-08-22,2023,EuroLeague,Partizan,14350,159.6,1659,1628
ASVEL,Fenerbahçe,83,63,2.48,1.68,2024-08-24,2023,EuroLeague,ASVEL,10969,153.3,1546,1614
Real Madrid,Olympiacos,80,81,2.22,1.82,2024-08-26,2023,EuroLeague,Real Madrid,10245,169.1,1544,1579
Barcelona,CSKA Moscow,85,93,1.84,2.2,2024-08-28,2023,EuroLeague,Barcelona,9220,186.9,1579,1548
Fenerbahçe,Maccabi Tel Aviv,83,60,1.54,2.86,2024-08-30,2023,EuroLeague,Fenerbahçe,14093,150.2,1620,1512
Olympiacos,Baskonia,71,92,3.79,1.36,2024-09-01,2023,EuroLeague,Olympiacos,9378,171.2,1502,1680
CSKA Moscow,Anadolu Efes,70,76,1.82,2.22,2024-09-03,2023,EuroLeague,CSKA Moscow,12571,153.3,1665,1630
Maccabi Tel Aviv,Panathinaikos,88,87,2.05,1.95,2024-09-05,2023,EuroLeague,Maccabi Tel Aviv,14152,183.8,1646,1655
Baskonia,Zalgiris Kaunas,78,60,2.12,1.89,2024-09-07,2023,EuroLeague,Baskonia,11200,144.9,1575,1595
Anadolu Efes,Bayern Munich,62,65,3.79,1.36,2024-09-09,2023,EuroLeague,Anadolu Efes,12165,133.3,1511,1689
Panathinaikos,Valencia,104,65,1.62,2.61,2024-09-11,2023,EuroLeague,Panathinaikos,13199,177.5,1589,1506
Zalgiris Kaunas,Milano,97,73,1.79,2.27,2024-09-13,2023,EuroLeague,Zalgiris Kaunas,12341,178.5,1543,1501
Bayern Munich,Partizan,87,95,1.86,2.16,2024-09-15,2023,EuroLeague,Bayern Munich,11768,191.1,1633,1607
Valencia,ASVEL,79,89,2.72,1.58,2024-09-17,2023,EuroLeague,Valencia,14409,176.4,1571,1665
Milano,Real Madrid,63,91,2.8,1.56,2024-09-19,2023,EuroLeague,Milano,14194,161.7,1515,1617
Partizan,Barcelona,75,85,1.7,2.44,2024-09-21,2023,EuroLeague,Partizan,12993,168.0,1621,1558
ASVEL,Fenerbahçe,86,74,1.5,3.0,2024-09-23,2023,EuroLeague,ASVEL,9327,168.0,1657,1537
Real Madrid,Olympiacos,95,83,2.07,1.93,2024-09-25,2023,EuroLeague,Real Madrid,12785,186.9,1520,1532
Barcelona,CSKA Moscow,90,68,2.23,1.81,2024-09-27,2023,EuroLeague,Barcelona,11839,165.9,1567,1603
Fenerbahçe,Maccabi Tel Aviv,89,69,3.07,1.48,2024-09-29,2023,EuroLeague,Fenerbahçe,11607,165.9,1548,1674
Olympiacos,Baskonia,92,70,1.89,2.13,2024-10-01,2023,EuroLeague,Olympiacos,11466,170.1,1585,1564
CSKA Moscow,Anadolu Efes,99,60,1.41,3.41,2024-10-03,2023,EuroLeague,CSKA Moscow,9659,167.0,1672,1519
Maccabi Tel Aviv,Panathinaikos,90,77,2.02,1.98,2024-10-05,2023,EuroLeague,Maccabi Tel Aviv,10506,175.3,1528,1531
Baskonia,Zalgiris Kaunas,69,83,1.97,2.04,2024-10-07,2023,EuroLeague,Baskonia,13665,159.6,1513,1507
Anadolu Efes,Bayern Munich,74,87,1.66,2.51,2024-10-09,2023,EuroLeague,Anadolu Efes,14482,169.1,1584,1512
Panathinaikos,Valencia,95,84,1.68,2.46,2024-10-11,2023,EuroLeague,Panathinaikos,11700,188.0,1601,1535
Zalgiris Kaunas,Milano,67,93,3.56,1.39,2024-10-13,2023,EuroLeague,Zalgiris Kaunas,14338,168.0,1523,1686
Bayern Munich,Partizan,60,81,1.79,2.27,2024-10-15,2023,EuroLeague,Bayern Munich,11609,148.1,1567,1525
Valencia,ASVEL,94,90,1.46,3.19,2024-10-17,2023,EuroLeague,Valencia,10902,193.2,1662,1526
Milano,Real Madrid,73,100,3.11,1.47,2024-10-19,2023,EuroLeague,Milano,14032,181.7,1503,1633
Partizan,Barcelona,82,70,1.63,2.59,2024-10-21,2023,EuroLeague,Partizan,10027,159.6,1671,1590
ASVEL,Fenerbahçe,66,79,1.74,2.35,2024-10-23,2023,EuroLeague,ASVEL,12757,152.2,1561,1509
Real Madrid,Olympiacos,72,60,1.53,2.87,2024-10-25,2023,EuroLeague,Real Madrid,11186,138.6,1650,1541
Barcelona,CSKA Moscow,87,77,1.68,2.47,2024-10-27,2023,EuroLeague,Barcelona,12385,172.2,1594,1527
Fenerbahçe,Maccabi Tel Aviv,92,102,1.81,2.23,2024-10-29,2023,EuroLeague,Fenerbahçe,11072,203.7,1612,1576
Olympiacos,Baskonia,94,60,1.93,2.07,2024-10-31,2023,EuroLeague,Olympiacos,10742,161.7,1617,1605
CSKA Moscow,Anadolu Efes,87,60,1.78,2.29,2024-11-02,2023,EuroLeague,CSKA Moscow,11232,154.3,1678,1634
Maccabi Tel Aviv,Panathinaikos,81,63,1.68,2.47,2024-11-04,2023,EuroLeague,Maccabi Tel Aviv,11453,151.2,1593,1526
Baskonia,Zalgiris Kaunas,60,90,2.25,1.8,2024-11-06,2023,EuroLeague,Baskonia,14769,157.5,1533,1572
Anadolu Efes,Bayern Munich,72,79,2.5,1.66,2024-11-08,2023,EuroLeague,Anadolu Efes,10799,158.6,1567,1638
Panathinaikos,Valencia,79,73,2.36,1.74,2024-11-10,2023,EuroLeague,Panathinaikos,13234,159.6,1593,1646
Zalgiris Kaunas,Milano,60,70,1.61,2.64,2024-11-12,2023,EuroLeague,Zalgiris Kaunas,10959,136.5,1678,1592
Bayern Munich,Partizan,99,60,1.5,3.0,2024-11-14,2023,EuroLeague,Bayern Munich,10986,167.0,1657,1537
Valencia,ASVEL,78,81,1.88,2.14,2024-11-16,2023,EuroLeague,Valencia,12321,167.0,1613,1590
Milano,Real Madrid,81,98,1.79,2.26,2024-11-18,2023,EuroLeague,Milano,9040,188.0,1588,1548
Partizan,Barcelona,81,67,2.89,1.53,2024-11-20,2023,EuroLeague,Partizan,11576,155.4,1589,1700
ASVEL,Fenerbahçe,62,72,2.04,1.96,2024-11-22,2023,EuroLeague,ASVEL,12516,140.7,1595,1602
Real Madrid,Olympiacos,83,81,2.08,1.93,2024-11-24,2023,EuroLeague,Real Madrid,11536,172.2,1602,1615
Barcelona,CSKA Moscow,60,91,2.45,1.69,2024-11-26,2023,EuroLeague,Barcelona,14044,158.6,1574,1639
Fenerbahçe,Maccabi Tel Aviv,101,68,1.83,2.2,2024-11-28,2023,EuroLeague,Fenerbahçe,11476,177.5,1572,1540
Olympiacos,Baskonia,81,81,2.43,1.7,2024-11-30,2023,EuroLeague,Olympiacos,9889,170.1,1520,1582
CSKA Moscow,Anadolu Efes,80,90,2.36,1.73,2024-12-02,2023,EuroLeague,CSKA Moscow,9436,178.5,1501,1555
Maccabi Tel Aviv,Panathinaikos,75,73,2.72,1.58,2024-12-04,2023,EuroLeague,Maccabi Tel Aviv,9656,155.4,1563,1657
Baskonia,Zalgiris Kaunas,83,66,2.1,1.91,2024-12-06,2023,EuroLeague,Baskonia,14941,156.5,1617,1633
Anadolu Efes,Bayern Munich,68,70,2.29,1.78,2024-12-08,2023,EuroLeague,Anadolu Efes,9196,144.9,1592,1636
Panathinaikos,Valencia,78,90,3.23,1.45,2024-12-10,2023,EuroLeague,Panathinaikos,11620,176.4,1501,1640
Zalgiris Kaunas,Milano,84,71,1.53,2.87,2024-12-12,2023,EuroLeague,Zalgiris Kaunas,10333,162.8,1657,1548
Bayern Munich,Partizan,81,70,2.28,1.78,2024-12-14,2023,EuroLeague,Bayern Munich,13778,158.6,1639,1682
Valencia,ASVEL,78,60,1.34,3.92,2024-12-16,2023,EuroLeague,Valencia,11888,144.9,1688,1502
Milano,Real Madrid,93,66,1.98,2.02,2024-12-18,2023,EuroLeague,Milano,14533,167.0,1563,1560
Partizan,Barcelona,86,75,2.01,1.99,2024-12-20,2023,EuroLeague,Partizan,10357,169.1,1534,1535
ASVEL,Fenerbahçe,108,61,1.66,2.5,2024-12-22,2023,EuroLeague,ASVEL,12789,177.5,1629,1558
Real Madrid,Olympiacos,77,69,1.8,2.25,2024-12-24,2023,EuroLeague,Real Madrid,13444,153.3,1584,1545
Barcelona,CSKA Moscow,104,72,2.03,1.97,2024-12-26,2023,EuroLeague,Barcelona,10197,184.8,1652,1657
Fenerbahçe,Maccabi Tel Aviv,60,79,2.5,1.67,2024-12-28,2023,EuroLeague,Fenerbahçe,14915,146.0,1544,1614
Olympiacos,Baskonia,88,88,1.54,2.86,2024-12-30,2023,EuroLeague,Olympiacos,10840,184.8,1689,1581
CSKA Moscow,Anadolu Efes,83,87,2.27,1.79,2025-01-01,2023,EuroLeague,CSKA Moscow,9785,178.5,1601,1643
Maccabi Tel Aviv,Panathinaikos,74,80,1.79,2.27,2025-01-03,2023,EuroLeague,Maccabi Tel Aviv,13766,161.7,1659,1617
Baskonia,Zalgiris Kaunas,84,84,1.7,2.43,2025-01-05,2023,EuroLeague,Baskonia,9446,176.4,1685,1623
Anadolu Efes,Bayern Munich,74,72,2.46,1.68,2025-01-07,2023,EuroLeague,Anadolu Efes,9602,153.3,1505,1571
Panathinaikos,Valencia,73,62,2.86,1.54,2025-01-09,2023,EuroLeague,Panathinaikos,13571,141.8,1523,1631
Zalgiris Kaunas,Milano,86,64,1.41,3.44,2025-01-11,2023,EuroLeague,Zalgiris Kaunas,11574,157.5,1685,1530
Bayern Munich,Partizan,66,85,1.52,2.94,2025-01-13,2023,EuroLeague,Bayern Munich,11942,158.6,1628,1513
Valencia,ASVEL,60,79,1.78,2.28,2025-01-15,2023,EuroLeague,Valencia,13445,146.0,1564,1521
Milano,Real Madrid,85,69,1.51,2.95,2025-01-17,2023,EuroLeague,Milano,12413,161.7,1690,1574
Partizan,Barcelona,74,78,1.98,2.02,2025-01-19,2023,EuroLeague,Partizan,11586,159.6,1632,1629
ASVEL,Fenerbahçe,75,79,1.65,2.55,2025-01-21,2023,EuroLeague,ASVEL,11003,161.7,1682,1606
Real Madrid,Olympiacos,60,80,2.01,1.99,2025-01-23,2023,EuroLeague,Real Madrid,14022,147.0,1573,1575
Barcelona,CSKA Moscow,78,70,2.3,1.77,2025-01-25,2023,EuroLeague,Barcelona,13044,155.4,1526,1572
Fenerbahçe,Maccabi Tel Aviv,60,60,1.72,2.4,2025-01-27,2023,EuroLeague,Fenerbahçe,14941,126.0,1634,1576
Olympiacos,Baskonia,97,96,1.88,2.14,2025-01-29,2023,EuroLeague,Olympiacos,9868,202.7,1698,1675
CSKA Moscow,Anadolu Efes,85,72,2.2,1.83,2025-01-31,2023,EuroLeague,CSKA Moscow,9162,164.8,1612,1644
Maccabi Tel Aviv,Panathinaikos,71,98,2.72,1.58,2025-02-02,2023,EuroLeague,Maccabi Tel Aviv,14299,177.5,1508,1602
Baskonia,Zalgiris Kaunas,60,68,2.22,1.82,2025-02-04,2023,EuroLeague,Baskonia,10775,134.4,1658,1692
Anadolu Efes,Bayern Munich,84,85,1.45,3.2,2025-02-06,2023,EuroLeague,Anadolu Efes,14340,177.5,1680,1543
Panathinaikos,Valencia,77,91,1.81,2.23,2025-02-08,2023,EuroLeague,Panathinaikos,12954,176.4,1697,1661
Zalgiris Kaunas,Milano,76,113,2.71,1.59,2025-02-10,2023,EuroLeague,Zalgiris Kaunas,12106,198.5,1520,1613
Bayern Munich,Partizan,67,67,1.86,2.17,2025-02-12,2023,EuroLeague,Bayern Munich,12848,140.7,1548,1521
Valencia,ASVEL,73,74,2.07,1.93,2025-02-14,2023,EuroLeague,Valencia,13888,154.3,1524,1536
Milano,Real Madrid,60,78,2.02,1.98,2025-02-16,2023,EuroLeague,Milano,12181,144.9,1589,1593
Partizan,Barcelona,85,60,1.52,2.91,2025-02-18,2023,EuroLeague,Partizan,9281,152.2,1661,1549
ASVEL,Fenerbahçe,80,60,1.73,2.37,2025-02-20,2023,EuroLeague,ASVEL,13706,147.0,1631,1576
Real Madrid,Olympiacos,90,86,1.69,2.45,2025-02-22,2023,EuroLeague,Real Madrid,9522,184.8,1688,1623
Barcelona,CSKA Moscow,87,69,1.57,2.77,2025-02-24,2023,EuroLeague,Barcelona,10931,163.8,1600,1501
Fenerbahçe,Maccabi Tel Aviv,85,60,1.48,3.08,2025-02-26,2023,EuroLeague,Fenerbahçe,12579,152.2,1685,1558
Olympiacos,Baskonia,71,63,2.09,1.92,2025-02-28,2023,EuroLeague,Olympiacos,14026,140.7,1632,1647
CSKA Moscow,Anadolu Efes,71,63,2.07,1.93,2025-03-02,2023,EuroLeague,CSKA Moscow,11299,140.7,1527,1539
Maccabi Tel Aviv,Panathinaikos,75,90,2.55,1.65,2025-03-04,2023,EuroLeague,Maccabi Tel Aviv,13953,173.2,1603,1679
Baskonia,Zalgiris Kaunas,71,72,1.47,3.11,2025-03-06,2023,EuroLeague,Baskonia,14167,150.2,1647,1517
Anadolu Efes,Bayern Munich,101,81,2.66,1.6,2025-03-08,2023,EuroLeague,Anadolu Efes,11691,191.1,1544,1632
Panathinaikos,Valencia,87,65,3.54,1.39,2025-03-10,2023,EuroLeague,Panathinaikos,14421,159.6,1532,1694
Zalgiris Kaunas,Milano,81,79,3.6,1.38,2025-03-12,2023,EuroLeague,Zalgiris Kaunas,10578,168.0,1527,1693
Bayern Munich,Partizan,81,79,2.25,1.8,2025-03-14,2023,EuroLeague,Bayern Munich,9264,168.0,1570,1609
Valencia,ASVEL,102,82,1.47,3.11,2025-03-16,2023,EuroLeague,Valencia,13925,193.2,1692,1562
Milano,Real Madrid,87,60,1.52,2.93,2025-03-18,2023,EuroLeague,Milano,9254,154.3,1684,1570
Partizan,Barcelona,60,95,2.46,1.68,2025-03-20,2023,EuroLeague,Partizan,11398,162.8,1506,1572
ASVEL,Fenerbahçe,76,80,2.55,1.65,2025-03-22,2023,EuroLeague,ASVEL,9058,163.8,1608,1684
Real Madrid,Olympiacos,93,96,1.76,2.32,2025-03-24,2023,EuroLeague,Real Madrid,10165,198.5,1596,1548
Barcelona,CSKA Moscow,82,69,3.08,1.48,2025-03-26,2023,EuroLeague,Barcelona,12108,158.6,1548,1675
Fenerbahçe,Maccabi Tel Aviv,80,76,2.42,1.7,2025-03-28,2023,EuroLeague,Fenerbahçe,11087,163.8,1527,1588
Olympiacos,Baskonia,66,83,2.12,1.9,2025-03-30,2023,EuroLeague,Olympiacos,9861,156.5,1533,1552
CSKA Moscow,Anadolu Efes,66,64,1.93,2.07,2025-04-01,2023,EuroLeague,CSKA Moscow,13647,136.5,1661,1649
Maccabi Tel Aviv,Panathinaikos,79,80,1.56,2.78,2025-04-03,2023,EuroLeague,Maccabi Tel Aviv,12178,167.0,1618,1518
Baskonia,Zalgiris Kaunas,79,75,1.66,2.5,2025-04-05,2023,EuroLeague,Baskonia,10263,161.7,1690,1619
Anadolu Efes,Bayern Munich,84,81,2.85,1.54,2025-04-07,2023,EuroLeague,Anadolu Efes,14202,173.2,1570,1677
Panathinaikos,Valencia,73,91,3.39,1.42,2025-04-09,2023,EuroLeague,Panathinaikos,10643,172.2,1535,1686
Zalgiris Kaunas,Milano,94,87,1.44,3.29,2025-04-11,2023,EuroLeague,Zalgiris Kaunas,13124,190.1,1695,1551
Bayern Munich,Partizan,61,64,3.07,1.48,2025-04-13,2023,EuroLeague,Bayern Munich,13789,131.2,1547,1673
Valencia,ASVEL,73,102,2.07,1.93,2025-04-15,2023,EuroLeague,Valencia,12847,183.8,1633,1645
Milano,Real Madrid,65,83,1.88,2.14,2025-04-17,2023,EuroLeague,Milano,10064,155.4,1647,1625
Partizan,Barcelona,70,73,2.33,1.75,2025-04-19,2023,EuroLeague,Partizan,11388,150.2,1546,1596
ASVEL,Fenerbahçe,65,74,1.58,2.73,2025-04-21,2023,EuroLeague,ASVEL,14659,146.0,1644,1549
Real Madrid,Olympiacos,123,61,1.75,2.34,2025-04-23,2023,EuroLeague,Real Madrid,14324,193.2,1681,1630
Barcelona,CSKA Moscow,89,68,1.61,2.65,2025-04-25,2023,EuroLeague,Barcelona,9477,164.8,1699,1612
Fenerbahçe,Maccabi Tel Aviv,74,81,2.01,1.99,2025-04-27,2023,EuroLeague,Fenerbahçe,14253,162.8,1521,1522
Olympiacos,Baskonia,75,81,1.37,3.68,2025-04-29,2023,EuroLeague,Olympiacos,9554,163.8,1683,1512
CSKA Moscow,Anadolu Efes,86,112,3.68,1.37,2025-05-01,2023,EuroLeague,CSKA Moscow,11578,207.9,1514,1685
Maccabi Tel Aviv,Panathinaikos,72,89,2.45,1.69,2025-05-03,2023,EuroLeague,Maccabi Tel Aviv,13362,169.1,1595,1659
Baskonia,Zalgiris Kaunas,60,97,2.87,1.53,2025-05-05,2023,EuroLeague,Baskonia,13277,164.8,1581,1690
Anadolu Efes,Bayern Munich,62,87,1.83,2.2,2025-05-07,2023,EuroLeague,Anadolu Efes,13814,156.5,1574,1542
Panathinaikos,Valencia,90,70,1.88,2.14,2025-05-09,2023,EuroLeague,Panathinaikos,9256,168.0,1666,1643
Zalgiris Kaunas,Milano,69,100,2.26,1.79,2025-05-11,2023,EuroLeague,Zalgiris Kaunas,9614,177.5,1561,1601
Bayern Munich,Partizan,91,89,1.91,2.1,2025-05-13,2023,EuroLeague,Bayern Munich,12731,189.0,1588,1571
Valencia,ASVEL,73,79,2.73,1.58,2025-05-15,2023,EuroLeague,Valencia,10582,159.6,1561,1656
Milano,Real Madrid,88,89,1.57,2.75,2025-05-17,2023,EuroLeague,Milano,11855,185.8,1615,1518
Partizan,Barcelona,60,82,1.98,2.02,2025-05-19,2023,EuroLeague,Partizan,14752,149.1,1686,1682
ASVEL,Fenerbahçe,82,70,2.2,1.83,2025-05-21,2023,EuroLeague,ASVEL,12611,159.6,1586,1618
Real Madrid,Olympiacos,76,86,2.98,1.5,2025-05-23,2023,EuroLeague,Real Madrid,9198,170.1,1541,1660
Barcelona,CSKA Moscow,82,86,2.13,1.89,2025-05-25,2023,EuroLeague,Barcelona,14849,176.4,1546,1567
Fenerbahçe,Maccabi Tel Aviv,106,83,1.79,2.27,2025-05-27,2023,EuroLeague,Fenerbahçe,14291,198.5,1678,1636
Olympiacos,Baskonia,60,78,1.92,2.08,2025-05-29,2023,EuroLeague,Olympiacos,10857,144.9,1523,1509
CSKA Moscow,Anadolu Efes,90,68,2.1,1.91,2025-05-31,2023,EuroLeague,CSKA Moscow,14628,165.9,1622,1638
Maccabi Tel Aviv,Panathinaikos,76,73,2.47,1.68,2025-06-02,2023,EuroLeague,Maccabi Tel Aviv,10550,156.5,1536,1603
Baskonia,Zalgiris Kaunas,104,100,2.08,1.93,2025-06-04,2023,EuroLeague,Baskonia,12861,214.2,1619,1632
Anadolu Efes,Bayern Munich,60,80,2.71,1.59,2025-06-06,2023,EuroLeague,Anadolu Efes,12010,147.0,1578,1671
Panathinaikos,Valencia,89,62,1.9,2.11,2025-06-08,2023,EuroLeague,Panathinaikos,11885,158.6,1560,1542
Zalgiris Kaunas,Milano,62,93,3.15,1.47,2025-06-10,2023,EuroLeague,Zalgiris Kaunas,12967,162.8,1536,1669
Bayern Munich,Partizan,70,84,2.62,1.62,2025-06-12,2023,EuroLeague,Bayern Munich,10361,161.7,1519,1603
Valencia,ASVEL,78,71,2.02,1.98,2025-06-14,2023,EuroLeague,Valencia,10007,156.5,1563,1566
Milano,Real Madrid,85,60,1.54,2.86,2025-06-16,2023,EuroLeague,Milano,13011,152.2,1678,1570
Partizan,Barcelona,94,93,2.14,1.88,2025-06-18,2023,EuroLeague,Partizan,10201,196.3,1522,1544
ASVEL,Fenerbahçe,97,75,1.43,3.33,2025-06-20,2023,EuroLeague,ASVEL,9376,180.6,1685,1538
Real Madrid,Olympiacos,84,60,1.95,1.95,2025-06-22,2023,EuroLeague,Real Madrid,9057,151.2,1650,1650
Barcelona,CSKA Moscow,60,95,3.08,1.48,2025-06-24,2023,EuroLeague,Barcelona,12975,162.8,1518,1645
Fenerbahçe,Maccabi Tel Aviv,79,86,1.87,2.15,2025-06-26,2023,EuroLeague,Fenerbahçe,10127,173.2,1574,1549
Olympiacos,Baskonia,81,75,2.49,1.67,2025-06-28,2023,EuroLeague,Olympiacos,9919,163.8,1534,1603
CSKA Moscow,Anadolu Efes,93,79,2.08,1.92,2025-06-30,2023,EuroLeague,CSKA Moscow,10574,180.6,1655,1669
Maccabi Tel Aviv,Panathinaikos,82,60,1.56,2.79,2025-07-02,2023,EuroLeague,Maccabi Tel Aviv,9215,149.1,1685,1584
Baskonia,Zalgiris Kaunas,60,70,1.89,2.12,2025-07-04,2023,EuroLeague,Baskonia,9741,136.5,1684,1664
Anadolu Efes,Bayern Munich,105,72,2.42,1.7,2025-07-06,2023,EuroLeague,Anadolu Efes,13424,185.8,1544,1605
Panathinaikos,Valencia,60,68,2.29,1.78,2025-07-08,2023,EuroLeague,Panathinaikos,10949,134.4,1629,1673
Zalgiris Kaunas,Milano,84,65,1.8,2.24,2025-07-10,2023,EuroLeague,Zalgiris Kaunas,11079,156.5,1685,1647
Bayern Munich,Partizan,72,71,1.96,2.04,2025-07-12,2023,EuroLeague,Bayern Munich,13661,150.2,1606,1599
Valencia,ASVEL,75,91,3.8,1.36,2025-07-14,2023,EuroLeague,Valencia,10894,174.3,1506,1685
Milano,Real Madrid,83,85,2.18,1.85,2025-07-16,2023,EuroLeague,Milano,11736,176.4,1647,1676
Partizan,Barcelona,98,76,1.52,2.93,2025-07-18,2023,EuroLeague,Partizan,9179,182.7,1620,1506
ASVEL,Fenerbahçe,99,69,1.68,2.47,2025-07-20,2023,EuroLeague,ASVEL,12545,176.4,1639,1572
Real Madrid,Olympiacos,75,69,2.2,1.83,2025-07-22,2023,EuroLeague,Real Madrid,12696,151.2,1558,1590
Barcelona,CSKA Moscow,77,81,3.28,1.44,2025-07-24,2023,EuroLeague,Barcelona,11896,165.9,1533,1676
Fenerbahçe,Maccabi Tel Aviv,88,68,2.64,1.61,2025-07-26,2023,EuroLeague,Fenerbahçe,9296,163.8,1518,1604
Olympiacos,Baskonia,72,93,1.6,2.66,2025-07-28,2023,EuroLeague,Olympiacos,14049,173.2,1669,1581
CSKA Moscow,Anadolu Efes,85,65,1.47,3.14,2025-07-30,2023,EuroLeague,CSKA Moscow,11596,157.5,1667,1535
Maccabi Tel Aviv,Panathinaikos,94,78,1.72,2.39,2025-08-01,2023,EuroLeague,Maccabi Tel Aviv,12334,180.6,1657,1600
Baskonia,Zalgiris Kaunas,69,77,2.73,1.58,2025-08-03,2023,EuroLeague,Baskonia,9780,153.3,1552,1647
Anadolu Efes,Bayern Munich,101,76,1.6,2.68,2025-08-05,2023,EuroLeague,Anadolu Efes,12843,185.8,1693,1603
Panathinaikos,Valencia,77,62,1.98,2.02,2025-08-07,2023,EuroLeague,Panathinaikos,10205,146.0,1541,1538
Zalgiris Kaunas,Milano,76,112,2.37,1.73,2025-08-09,2023,EuroLeague,Zalgiris Kaunas,9012,197.4,1522,1577
Bayern Munich,Partizan,71,75,2.41,1.71,2025-08-11,2023,EuroLeague,Bayern Munich,11594,153.3,1521,1581
Valencia,ASVEL,96,85,2.19,1.84,2025-08-13,2023,EuroLeague,Valencia,13354,190.1,1615,1645
Milano,Real Madrid,69,97,2.77,1.57,2025-08-15,2023,EuroLeague,Milano,12433,174.3,1574,1673
Partizan,Barcelona,79,62,1.79,2.27,2025-08-17,2023,EuroLeague,Partizan,10067,148.1,1678,1637
ASVEL,Fenerbahçe,73,69,1.7,2.43,2025-08-19,2023,EuroLeague,ASVEL,13730,149.1,1602,1540
Real Madrid,Olympiacos,92,78,1.74,2.35,2025-08-21,2023,EuroLeague,Real Madrid,10736,178.5,1595,1543
Barcelona,CSKA Moscow,61,87,1.89,2.13,2025-08-23,2023,EuroLeague,Barcelona,9792,155.4,1524,1503
Fenerbahçe,Maccabi Tel Aviv,79,60,1.79,2.27,2025-08-25,2023,EuroLeague,Fenerbahçe,9193,146.0,1699,1658
Olympiacos,Baskonia,101,88,1.89,2.13,2025-08-27,2023,EuroLeague,Olympiacos,11235,198.5,1564,1543
CSKA Moscow,Anadolu Efes,82,89,3.04,1.49,2025-08-29,2023,EuroLeague,CSKA Moscow,14690,179.6,1528,1652
Maccabi Tel Aviv,Panathinaikos,85,89,1.75,2.33,2025-08-31,2023,EuroLeague,Maccabi Tel Aviv,10134,182.7,1680,1630
Baskonia,Zalgiris Kaunas,84,62,1.47,3.15,2025-09-02,2023,EuroLeague,Baskonia,11597,153.3,1644,1511
Anadolu Efes,Bayern Munich,64,72,2.69,1.59,2025-09-04,2023,EuroLeague,Anadolu Efes,10852,142.8,1546,1637
Panathinaikos,Valencia,77,80,1.95,1.95,2025-09-06,2023,EuroLeague,Panathinaikos,13269,164.8,1699,1699
Zalgiris Kaunas,Milano,97,74,1.62,2.6,2025-09-08,2023,EuroLeague,Zalgiris Kaunas,10800,179.6,1685,1603
Bayern Munich,Partizan,83,70,2.47,1.68,2025-09-10,2023,EuroLeague,Bayern Munich,12980,160.7,1512,1579
Valencia,ASVEL,100,60,1.62,2.61,2025-09-12,2023,EuroLeague,Valencia,9482,168.0,1661,1578
Milano,Real Madrid,86,98,1.78,2.28,2025-09-14,2023,EuroLeague,Milano,14505,193.2,1631,1588
Partizan,Barcelona,102,73,1.44,3.25,2025-09-16,2023,EuroLeague,Partizan,11754,183.8,1686,1545
ASVEL,Fenerbahçe,74,70,1.85,2.18,2025-09-18,2023,EuroLeague,ASVEL,12866,151.2,1622,1593
Real Madrid,Olympiacos,76,81,3.26,1.44,2025-09-20,2023,EuroLeague,Real Madrid,11346,164.8,1532,1674
Barcelona,CSKA Moscow,76,92,3.2,1.45,2025-09-22,2023,EuroLeague,Barcelona,9582,176.4,1545,1682
Fenerbahçe,Maccabi Tel Aviv,92,97,2.04,1.96,2025-09-24,2023,EuroLeague,Fenerbahçe,11344,198.5,1505,1512
Olympiacos,Baskonia,96,60,1.47,3.11,2025-09-26,2023,EuroLeague,Olympiacos,14314,163.8,1668,1538
CSKA Moscow,Anadolu Efes,74,68,1.96,2.04,2025-09-28,2023,EuroLeague,CSKA Moscow,10286,149.1,1511,1504
Maccabi Tel Aviv,Panathinaikos,102,97,2.16,1.86,2025-09-30,2023,EuroLeague,Maccabi Tel Aviv,14625,209.0,1601,1627
Baskonia,Zalgiris Kaunas,60,79,2.44,1.7,2025-10-02,2023,EuroLeague,Baskonia,12909,146.0,1528,1591
Anadolu Efes,Bayern Munich,73,76,1.92,2.09,2025-10-04,2023,EuroLeague,Anadolu Efes,12674,156.5,1634,1619
Panathinaikos,Valencia,80,60,1.71,2.4,2025-10-06,2023,EuroLeague,Panathinaikos,14402,147.0,1688,1629
Zalgiris Kaunas,Milano,91,75,1.54,2.85,2025-10-08,2023,EuroLeague,Zalgiris Kaunas,12380,174.3,1689,1582
Bayern Munich,Partizan,102,104,1.63,2.59,2025-10-10,2023,EuroLeague,Bayern Munich,13403,216.3,1652,1571
Valencia,ASVEL,93,84,2.14,1.88,2025-10-12,2023,EuroLeague,Valencia,9676,185.8,1628,1650
Milano,Real Madrid,64,79,3.0,1.5,2025-10-14,2023,EuroLeague,Milano,13633,150.2,1564,1684
Partizan,Barcelona,72,72,3.48,1.4,2025-10-16,2023,EuroLeague,Partizan,10532,151.2,1511,1669
ASVEL,Fenerbahçe,90,98,3.0,1.5,2025-10-18,2023,EuroLeague,ASVEL,10150,197.4,1549,1669
Real Madrid,Olympiacos,88,73,2.14,1.88,2025-10-20,2023,EuroLeague,Real Madrid,12839,169.1,1640,1662
Barcelona,CSKA Moscow,65,67,1.47,3.11,2025-10-22,2023,EuroLeague,Barcelona,11050,138.6,1654,1524
Fenerbahçe,Maccabi Tel Aviv,60,99,3.56,1.39,2025-10-24,2023,EuroLeague,Fenerbahçe,13597,167.0,1523,1686
Olympiacos,Baskonia,91,89,1.46,3.19,2025-10-26,2023,EuroLeague,Olympiacos,10990,189.0,1694,1558
CSKA Moscow,Anadolu Efes,79,73,2.22,1.82,2025-10-28,2023,EuroLeague,CSKA Moscow,10657,159.6,1614,1649
Maccabi Tel Aviv,Panathinaikos,94,93,2.19,1.84,2025-10-30,2023,EuroLeague,Maccabi Tel Aviv,10444,196.3,1556,1586
Baskonia,Zalgiris Kaunas,80,89,1.7,2.43,2025-11-01,2023,EuroLeague,Baskonia,11139,177.5,1637,1575
Anadolu Efes,Bayern Munich,75,86,2.38,1.72,2025-11-03,2023,EuroLeague,Anadolu Efes,10171,169.1,1577,1633
Panathinaikos,Valencia,86,93,1.66,2.52,2025-11-05,2023,EuroLeague,Panathinaikos,14477,188.0,1580,1507
Zalgiris Kaunas,Milano,93,77,2.39,1.72,2025-11-07,2023,EuroLeague,Zalgiris Kaunas,14073,178.5,1631,1688
Bayern Munich,Partizan,78,79,1.79,2.27,2025-11-09,2023,EuroLeague,Bayern Munich,13738,164.8,1650,1608
Valencia,ASVEL,60,80,3.04,1.49,2025-11-11,2023,EuroLeague,Valencia,12385,147.0,1559,1683
Milano,Real Madrid,96,82,1.8,2.25,2025-11-13,2023,EuroLeague,Milano,13697,186.9,1614,1575
Partizan,Barcelona,78,87,1.95,2.05,2025-11-15,2023,EuroLeague,Partizan,10958,173.2,1552,1543
ASVEL,Fenerbahçe,83,82,1.79,2.26,2025-11-17,2023,EuroLeague,ASVEL,11589,173.2,1552,1512
Real Madrid,Olympiacos,96,87,1.66,2.52,2025-11-19,2023,EuroLeague,Real Madrid,14273,192.2,1592,1519
Barcelona,CSKA Moscow,72,84,3.36,1.42,2025-11-21,2023,EuroLeague,Barcelona,12230,163.8,1529,1678
Fenerbahçe,Maccabi Tel Aviv,90,76,1.96,2.04,2025-11-23,2023,EuroLeague,Fenerbahçe,9542,174.3,1678,1671
Olympiacos,Baskonia,78,60,2.1,1.91,2025-11-25,2023,EuroLeague,Olympiacos,12651,144.9,1612,1628
CSKA Moscow,Anadolu Efes,104,60,1.39,3.56,2025-11-27,2023,EuroLeague,CSKA Moscow,14611,172.2,1688,1525
Maccabi Tel Aviv,Panathinaikos,64,93,2.83,1.55,2025-11-29,2023,EuroLeague,Maccabi Tel Aviv,11091,164.8,1551,1656
Baskonia,Zalgiris Kaunas,77,63,2.19,1.84,2025-12-01,2023,EuroLeague,Baskonia,9546,147.0,1538,1568
Anadolu Efes,Bayern Munich,78,92,2.39,1.72,2025-12-03,2023,EuroLeague,Anadolu Efes,11831,178.5,1585,1642
Panathinaikos,Valencia,87,72,1.73,2.37,2025-12-05,2023,EuroLeague,Panathinaikos,9786,167.0,1622,1567
Zalgiris Kaunas,Milano,69,80,1.55,2.81,2025-12-07,2023,EuroLeague,Zalgiris Kaunas,14022,156.5,1675,1572
Bayern Munich,Partizan,79,92,2.37,1.73,2025-12-09,2023,EuroLeague,Bayern Munich,11616,179.6,1625,1680
Valencia,ASVEL,81,64,2.06,1.94,2025-12-11,2023,EuroLeague,Valencia,13397,152.2,1559,1569
Milano,Real Madrid,69,77,2.29,1.78,2025-12-13,2023,EuroLeague,Milano,12904,153.3,1553,1597
Partizan,Barcelona,71,85,2.84,1.54,2025-12-15,2023,EuroLeague,Partizan,11784,163.8,1528,1634
ASVEL,Fenerbahçe,84,62,1.75,2.33,2025-12-17,2023,EuroLeague,ASVEL,9314,153.3,1586,1536
Real Madrid,Olympiacos,75,70,3.01,1.5,2025-12-19,2023,EuroLeague,Real Madrid,12609,152.2,1521,1642
Barcelona,CSKA Moscow,76,90,2.41,1.71,2025-12-21,2023,EuroLeague,Barcelona,10986,174.3,1601,1661
Fenerbahçe,Maccabi Tel Aviv,110,78,1.98,2.02,2025-12-23,2023,EuroLeague,Fenerbahçe,13248,197.4,1604,1600
Olympiacos,Baskonia,82,60,1.76,2.31,2025-12-25,2023,EuroLeague,Olympiacos,11687,149.1,1700,1653
CSKA Moscow,Anadolu Efes,60,76,3.29,1.44,2025-12-27,2023,EuroLeague,CSKA Moscow,9461,142.8,1553,1697
Maccabi Tel Aviv,Panathinaikos,73,71,1.98,2.02,2025-12-29,2023,EuroLeague,Maccabi Tel Aviv,14461,151.2,1622,1618
Baskonia,Zalgiris Kaunas,78,101,2.29,1.78,2025-12-31,2023,EuroLeague,Baskonia,13602,188.0,1585,1629
Anadolu Efes,Bayern Munich,67,81,1.48,3.08,2026-01-02,2023,EuroLeague,Anadolu Efes,9197,155.4,1639,1512
Panathinaikos,Valencia,88,85,2.91,1.52,2026-01-04,2023,EuroLeague,Panathinaikos,13303,181.7,1552,1664
Zalgiris Kaunas,Milano,101,80,1.73,2.37,2026-01-06,2023,EuroLeague,Zalgiris Kaunas,12961,190.1,1581,1526
Bayern Munich,Partizan,90,73,2.63,1.61,2026-01-08,2023,EuroLeague,Bayern Munich,10581,171.2,1547,1632
Valencia,ASVEL,60,77,2.33,1.75,2026-01-10,2023,EuroLeague,Valencia,13724,143.8,1556,1605
Milano,Real Madrid,72,104,3.16,1.46,2026-01-12,2023,EuroLeague,Milano,9077,184.8,1547,1681
Partizan,Barcelona,90,101,2.12,1.89,2026-01-14,2023,EuroLeague,Partizan,12313,200.6,1615,1635
ASVEL,Fenerbahçe,74,88,1.6,2.67,2026-01-16,2023,EuroLeague,ASVEL,9873,170.1,1662,1573
Real Madrid,Olympiacos,65,65,1.82,2.22,2026-01-18,2023,EuroLeague,Real Madrid,14239,136.5,1624,1590
Barcelona,CSKA Moscow,82,81,2.32,1.76,2026-01-20,2023,EuroLeague,Barcelona,13022,171.2,1603,1651
Fenerbahçe,Maccabi Tel Aviv,77,69,1.95,2.05,2026-01-22,2023,EuroLeague,Fenerbahçe,9116,153.3,1647,1638
Olympiacos,Baskonia,60,78,2.08,1.92,2026-01-24,2023,EuroLeague,Olympiacos,11045,144.9,1657,1671
CSKA Moscow,Anadolu Efes,67,87,2.16,1.86,2026-01-26,2023,EuroLeague,CSKA Moscow,12546,161.7,1650,1676
Maccabi Tel Aviv,Panathinaikos,68,84,1.5,3.02,2026-01-28,2023,EuroLeague,Maccabi Tel Aviv,11043,159.6,1683,1561
Baskonia,Zalgiris Kaunas,71,72,1.63,2.58,2026-01-30,2023,EuroLeague,Baskonia,14330,150.2,1622,1543
Anadolu Efes,Bayern Munich,60,60,3.74,1.37,2026-02-01,2023,EuroLeague,Anadolu Efes,11195,126.0,1506,1681
Panathinaikos,Valencia,81,69,1.95,2.05,2026-02-03,2023,EuroLeague,Panathinaikos,14377,157.5,1581,1572
Zalgiris Kaunas,Milano,69,95,3.05,1.49,2026-02-05,2023,EuroLeague,Zalgiris Kaunas,11071,172.2,1503,1628
Bayern Munich,Partizan,90,66,1.64,2.57,2026-02-07,2023,EuroLeague,Bayern Munich,10050,163.8,1648,1570
Valencia,ASVEL,83,73,1.5,2.98,2026-02-09,2023,EuroLeague,Valencia,10167,163.8,1673,1554
Milano,Real Madrid,83,67,1.64,2.56,2026-02-11,2023,EuroLeague,Milano,11911,157.5,1618,1541
Partizan,Barcelona,95,72,1.52,2.91,2026-02-13,2023,EuroLeague,Partizan,14222,175.3,1649,1537
ASVEL,Fenerbahçe,75,86,2.08,1.93,2026-02-15,2023,EuroLeague,ASVEL,13639,169.1,1641,1654
Real Madrid,Olympiacos,78,71,2.12,1.89,2026-02-17,2023,EuroLeague,Real Madrid,14895,156.5,1651,1671
Barcelona,CSKA Moscow,94,77,1.59,2.71,2026-02-19,2023,EuroLeague,Barcelona,9774,179.6,1633,1540
Fenerbahçe,Maccabi Tel Aviv,76,67,1.61,2.63,2026-02-21,2023,EuroLeague,Fenerbahçe,13011,150.2,1592,1507
Olympiacos,Baskonia,81,85,1.55,2.82,2026-02-23,2023,EuroLeague,Olympiacos,9037,174.3,1617,1513
CSKA Moscow,Anadolu Efes,77,77,2.09,1.92,2026-02-25,2023,EuroLeague,CSKA Moscow,12735,161.7,1626,1641
Maccabi Tel Aviv,Panathinaikos,76,107,2.38,1.72,2026-02-27,2023,EuroLeague,Maccabi Tel Aviv,9282,192.2,1602,1658
Baskonia,Zalgiris Kaunas,87,81,2.77,1.57,2026-03-01,2023,EuroLeague,Baskonia,12909,176.4,1512,1611
Anadolu Efes,Bayern Munich,86,89,2.64,1.61,2026-03-03,2023,EuroLeague,Anadolu Efes,9324,183.8,1543,1629
Panathinaikos,Valencia,91,71,1.79,2.27,2026-03-05,2023,EuroLeague,Panathinaikos,10687,170.1,1629,1587
Zalgiris Kaunas,Milano,83,89,3.15,1.47,2026-03-07,2023,EuroLeague,Zalgiris Kaunas,12462,180.6,1563,1696
Bayern Munich,Partizan,92,92,3.19,1.46,2026-03-09,2023,EuroLeague,Bayern Munich,13248,193.2,1520,1656
Valencia,ASVEL,67,75,2.37,1.73,2026-03-11,2023,EuroLeague,Valencia,12435,149.1,1536,1591
Milano,Real Madrid,68,89,3.15,1.47,2026-03-13,2023,EuroLeague,Milano,11636,164.8,1554,1687
Partizan,Barcelona,74,97,2.02,1.98,2026-03-15,2023,EuroLeague,Partizan,12335,179.6,1667,1670
ASVEL,Fenerbahçe,89,66,2.49,1.67,2026-03-17,2023,EuroLeague,ASVEL,13944,162.8,1523,1592
Real Madrid,Olympiacos,70,78,1.93,2.07,2026-03-19,2023,EuroLeague,Real Madrid,13376,155.4,1692,1680
Barcelona,CSKA Moscow,71,109,2.79,1.56,2026-03-21,2023,EuroLeague,Barcelona,12096,189.0,1544,1645
Fenerbahçe,Maccabi Tel Aviv,67,79,3.1,1.48,2026-03-23,2023,EuroLeague,Fenerbahçe,12965,153.3,1510,1639
Olympiacos,Baskonia,89,85,2.07,1.94,2026-03-25,2023,EuroLeague,Olympiacos,9872,182.7,1621,1632
CSKA Moscow,Anadolu Efes,73,81,2.4,1.71,2026-03-27,2023,EuroLeague,CSKA Moscow,12496,161.7,1544,1603
Maccabi Tel Aviv,Panathinaikos,93,60,1.62,2.61,2026-03-29,2023,EuroLeague,Maccabi Tel Aviv,9882,160.7,1650,1567
Baskonia,Zalgiris Kaunas,66,69,2.22,1.82,2026-03-31,2023,EuroLeague,Baskonia,9579,141.8,1512,1547
Anadolu Efes,Bayern Munich,81,60,1.75,2.34,2026-04-02,2023,EuroLeague,Anadolu Efes,14735,148.1,1639,1588
Panathinaikos,Valencia,86,93,3.5,1.4,2026-04-04,2023,EuroLeague,Panathinaikos,14866,188.0,1521,1680
Zalgiris Kaunas,Milano,67,82,2.01,1.99,2026-04-06,2023,EuroLeague,Zalgiris Kaunas,12284,156.5,1611,1612
Bayern Munich,Partizan,80,60,1.75,2.33,2026-04-08,2023,EuroLeague,Bayern Munich,11228,147.0,1675,1625
Valencia,ASVEL,65,82,2.16,1.86,2026-04-10,2023,EuroLeague,Valencia,13412,154.3,1580,1606
Milano,Real Madrid,66,91,1.43,3.34,2026-04-12,2023,EuroLeague,Milano,10349,164.8,1672,1524
Partizan,Barcelona,83,70,1.44,3.25,2026-04-14,2023,EuroLeague,Partizan,10677,160.7,1691,1550
ASVEL,Fenerbahçe,86,60,1.6,2.68,2026-04-16,2023,EuroLeague,ASVEL,14257,153.3,1670,1580
Real Madrid,Olympiacos,73,68,1.97,2.03,2026-04-18,2023,EuroLeague,Real Madrid,10738,148.1,1586,1581
Barcelona,CSKA Moscow,60,75,3.13,1.47,2026-04-20,2023,EuroLeague,Barcelona,12909,141.8,1527,1658
Fenerbahçe,Maccabi Tel Aviv,86,60,1.76,2.32,2026-04-22,2023,EuroLeague,Fenerbahçe,9324,153.3,1654,1606
Olympiacos,Baskonia,60,68,2.01,1.99,2026-04-24,2023,EuroLeague,Olympiacos,12848,134.4,1575,1577
CSKA Moscow,Anadolu Efes,99,104,2.19,1.84,2026-04-26,2023,EuroLeague,CSKA Moscow,11069,213.2,1577,1607
Maccabi Tel Aviv,Panathinaikos,98,71,1.72,2.38,2026-04-28,2023,EuroLeague,Maccabi Tel Aviv,14087,177.5,1588,1532
Baskonia,Zalgiris Kaunas,89,88,1.6,2.68,2026-04-30,2023,EuroLeague,Baskonia,14174,185.8,1679,1589
Anadolu Efes,Bayern Munich,101,93,1.77,2.3,2026-05-02,2023,EuroLeague,Anadolu Efes,9283,203.7,1578,1533
Panathinaikos,Valencia,81,78,1.5,3.01,2026-05-04,2023,EuroLeague,Panathinaikos,9183,167.0,1686,1565
Zalgiris Kaunas,Milano,70,82,1.91,2.1,2026-05-06,2023,EuroLeague,Zalgiris Kaunas,9773,159.6,1677,1661
Bayern Munich,Partizan,84,75,1.72,2.4,2026-05-08,2023,EuroLeague,Bayern Munich,14088,167.0,1655,1597
Valencia,ASVEL,85,80,1.88,2.14,2026-05-10,2023,EuroLeague,Valencia,11492,173.2,1617,1594
Milano,Real Madrid,68,94,2.07,1.93,2026-05-12,2023,EuroLeague,Milano,9787,170.1,1514,1526
Partizan,Barcelona,100,80,1.68,2.48,2026-05-14,2023,EuroLeague,Partizan,14027,189.0,1650,1582
ASVEL,Fenerbahçe,61,69,1.86,2.16,2026-05-16,2023,EuroLeague,ASVEL,13770,136.5,1639,1613
Real Madrid,Olympiacos,103,74,2.44,1.7,2026-05-18,2023,EuroLeague,Real Madrid,13157,185.8,1551,1614
Barcelona,CSKA Moscow,82,90,2.2,1.83,2026-05-20,2023,EuroLeague,Barcelona,9768,180.6,1602,1634
Fenerbahçe,Maccabi Tel Aviv,81,90,1.66,2.52,2026-05-22,2023,EuroLeague,Fenerbahçe,10716,179.6,1610,1537
Olympiacos,Baskonia,92,90,2.12,1.9,2026-05-24,2023,EuroLeague,Olympiacos,10594,191.1,1522,1541
CSKA Moscow,Anadolu Efes,89,61,1.85,2.17,2026-05-26,2023,EuroLeague,CSKA Moscow,14521,157.5,1599,1571
Maccabi Tel Aviv,Panathinaikos,78,86,2.14,1.88,2026-05-28,2023,EuroLeague,Maccabi Tel Aviv,14428,172.2,1563,1585
Baskonia,Zalgiris Kaunas,66,63,1.91,2.1,2026-05-30,2023,EuroLeague,Baskonia,13797,135.5,1661,1645
Anadolu Efes,Bayern Munich,69,74,1.94,2.07,2026-06-01,2023,EuroLeague,Anadolu Efes,10290,150.2,1566,1555
Panathinaikos,Valencia,95,64,1.53,2.88,2026-06-03,2023,EuroLeague,Panathinaikos,9627,167.0,1700,1590
Zalgiris Kaunas,Milano,60,76,3.26,1.44,2026-06-05,2023,EuroLeague,Zalgiris Kaunas,14678,142.8,1532,1674
Bayern Munich,Partizan,91,60,2.07,1.94,2026-06-07,2023,EuroLeague,Bayern Munich,11382,158.6,1644,1655
Valencia,ASVEL,82,74,1.93,2.07,2026-06-09,2023,EuroLeague,Valencia,9771,163.8,1624,1612
Milano,Real Madrid,87,60,1.77,2.3,2026-06-11,2023,EuroLeague,Milano,14209,154.3,1659,1613
Partizan,Barcelona,75,60,1.68,2.48,2026-06-13,2023,EuroLeague,Partizan,13003,141.8,1655,1587
ASVEL,Fenerbahçe,68,98,3.02,1.5,2026-06-15,2023,EuroLeague,ASVEL,13589,174.3,1547,1669
Real Madrid,Olympiacos,72,60,1.4,3.51,2026-06-17,2023,EuroLeague,Real Madrid,9963,138.6,1699,1539
Barcelona,CSKA Moscow,67,101,3.44,1.41,2026-06-19,2023,EuroLeague,Barcelona,12827,176.4,1503,1658
Fenerbahçe,Maccabi Tel Aviv,70,92,2.62,1.62,2026-06-21,2023,EuroLeague,Fenerbahçe,10421,170.1,1577,1661
Olympiacos,Baskonia,68,67,2.58,1.63,2026-06-23,2023,EuroLeague,Olympiacos,12064,141.8,1539,1619
CSKA Moscow,Anadolu Efes,77,80,2.1,1.91,2026-06-25,2023,EuroLeague,CSKA Moscow,9004,164.8,1581,1598
Maccabi Tel Aviv,Panathinaikos,94,69,1.72,2.4,2026-06-27,2023,EuroLeague,Maccabi Tel Aviv,13381,171.2,1646,1588
Baskonia,Zalgiris Kaunas,93,89,1.73,2.37,2026-06-29,2023,EuroLeague,Baskonia,13031,191.1,1651,1596
Anadolu Efes,Bayern Munich,89,82,2.29,1.78,2026-07-01,2023,EuroLeague,Anadolu Efes,12662,179.6,1549,1593
Panathinaikos,Valencia,64,70,2.15,1.87,2026-07-03,2023,EuroLeague,Panathinaikos,11437,140.7,1585,1610
Zalgiris Kaunas,Milano,85,102,3.48,1.4,2026-07-05,2023,EuroLeague,Zalgiris Kaunas,12725,196.3,1511,1669
Bayern Munich,Partizan,74,90,2.81,1.55,2026-07-07,2023,EuroLeague,Bayern Munich,11832,172.2,1569,1672
Valencia,ASVEL,60,83,2.36,1.74,2026-07-09,2023,EuroLeague,Valencia,12728,150.2,1512,1565
Milano,Real Madrid,90,79,1.64,2.57,2026-07-11,2023,EuroLeague,Milano,11028,177.5,1685,1607
Partizan,Barcelona,77,60,1.75,2.34,2026-07-13,2023,EuroLeague,Partizan,11843,143.8,1590,1539
ASVEL,Fenerbahçe,81,69,1.72,2.4,2026-07-15,2023,EuroLeague,ASVEL,14271,157.5,1634,1576
Real Madrid,Olympiacos,60,99,3.8,1.36,2026-07-17,2023,EuroLeague,Real Madrid,13413,167.0,1506,1685
Barcelona,CSKA Moscow,93,77,1.36,3.79,2026-07-19,2023,EuroLeague,Barcelona,14398,178.5,1680,1502
Fenerbahçe,Maccabi Tel Aviv,68,75,2.73,1.58,2026-07-21,2023,EuroLeague,Fenerbahçe,10285,150.2,1569,1664
Olympiacos,Baskonia,106,66,1.47,3.14,2026-07-23,2023,EuroLeague,Olympiacos,14603,180.6,1673,1541
CSKA Moscow,Anadolu Efes,64,60,1.6,2.68,2026-07-25,2023,EuroLeague,CSKA Moscow,10938,130.2,1652,1562
Maccabi Tel Aviv,Panathinaikos,86,88,1.66,2.5,2026-07-27,2023,EuroLeague,Maccabi Tel Aviv,11591,182.7,1610,1539
Baskonia,Zalgiris Kaunas,63,88,1.71,2.41,2026-07-29,2023,EuroLeague,Baskonia,9150,158.6,1633,1573
Anadolu Efes,Bayern Munich,77,83,1.47,3.13,2026-07-31,2023,EuroLeague,Anadolu Efes,12139,168.0,1679,1548
Panathinaikos,Valencia,60,70,2.15,1.87,2026-08-02,2023,EuroLeague,Panathinaikos,9260,136.5,1527,1552
Zalgiris Kaunas,Milano,82,78,1.86,2.16,2026-08-04,2023,EuroLeague,Zalgiris Kaunas,11270,168.0,1653,1627
Bayern Munich,Partizan,77,72,1.93,2.08,2026-08-06,2023,EuroLeague,Bayern Munich,13675,156.5,1690,1677
Valencia,ASVEL,102,86,1.87,2.15,2026-08-08,2023,EuroLeague,Valencia,13323,197.4,1682,1657
Milano,Real Madrid,93,81,1.61,2.63,2026-08-10,2023,EuroLeague,Milano,9023,182.7,1591,1506
Partizan,Barcelona,93,71,3.11,1.47,2026-08-12,2023,EuroLeague,Partizan,14113,172.2,1539,1669
ASVEL,Fenerbahçe,89,72,1.38,3.66,2026-08-14,2023,EuroLeague,ASVEL,10872,169.1,1698,1528
Real Madrid,Olympiacos,66,106,3.8,1.36,2026-08-16,2023,EuroLeague,Real Madrid,12533,180.6,1516,1695
Barcelona,CSKA Moscow,87,88,1.92,2.09,2026-08-18,2023,EuroLeague,Barcelona,10580,183.8,1606,1591
Fenerbahçe,Maccabi Tel Aviv,60,65,1.69,2.45,2026-08-20,2023,EuroLeague,Fenerbahçe,10634,131.2,1628,1563
Olympiacos,Baskonia,83,60,2.13,1.89,2026-08-22,2023,EuroLeague,Olympiacos,10581,150.2,1653,1674
CSKA Moscow,Anadolu Efes,60,96,2.17,1.86,2026-08-24,2023,EuroLeague,CSKA Moscow,14186,163.8,1633,1660
Maccabi Tel Aviv,Panathinaikos,72,61,2.22,1.82,2026-08-26,2023,EuroLeague,Maccabi Tel Aviv,13820,139.7,1602,1636
Baskonia,Zalgiris Kaunas,84,60,1.6,2.67,2026-08-28,2023,EuroLeague,Baskonia,12134,151.2,1606,1517
Anadolu Efes,Bayern Munich,81,77,2.45,1.69,2026-08-30,2023,EuroLeague,Anadolu Efes,9486,165.9,1547,1611
Panathinaikos,Valencia,87,74,2.2,1.83,2026-09-01,2023,EuroLeague,Panathinaikos,11621,169.1,1514,1546
Zalgiris Kaunas,Milano,88,92,2.23,1.81,2026-09-03,2023,EuroLeague,Zalgiris Kaunas,9350,189.0,1593,1629
Bayern Munich,Partizan,63,65,1.99,2.01,2026-09-05,2023,EuroLeague,Bayern Munich,11621,134.4,1571,1570
Valencia,ASVEL,74,76,1.86,2.17,2026-09-07,2023,EuroLeague,Valencia,9891,157.5,1692,1665
Milano,Real Madrid,99,70,1.5,2.98,2026-09-09,2023,EuroLeague,Milano,14529,177.5,1628,1509
Partizan,Barcelona,76,78,2.26,1.79,2026-09-11,2023,EuroLeague,Partizan,13835,161.7,1600,1640
ASVEL,Fenerbahçe,72,74,1.97,2.03,2026-09-13,2023,EuroLeague,ASVEL,10234,153.3,1523,1518
Real Madrid,Olympiacos,84,79,2.17,1.86,2026-09-15,2023,EuroLeague,Real Madrid,10963,171.2,1647,1674
Barcelona,CSKA Moscow,79,76,2.08,1.92,2026-09-17,2023,EuroLeague,Barcelona,10625,162.8,1621,1635
Fenerbahçe,Maccabi Tel Aviv,79,75,2.57,1.64,2026-09-19,2023,EuroLeague,Fenerbahçe,11622,161.7,1530,1608
Olympiacos,Baskonia,76,80,1.99,2.01,2026-09-21,2023,EuroLeague,Olympiacos,11863,163.8,1531,1530
CSKA Moscow,Anadolu Efes,87,71,1.74,2.36,2026-09-23,2023,EuroLeague,CSKA Moscow,13243,165.9,1606,1553
Maccabi Tel Aviv,Panathinaikos,76,84,2.08,1.93,2026-09-25,2023,EuroLeague,Maccabi Tel Aviv,11091,168.0,1652,1665
Baskonia,Zalgiris Kaunas,72,88,2.43,1.7,2026-09-27,2023,EuroLeague,Baskonia,11824,168.0,1501,1563
Anadolu Efes,Bayern Munich,84,63,3.24,1.45,2026-09-29,2023,EuroLeague,Anadolu Efes,13967,154.3,1533,1673
Panathinaikos,Valencia,62,95,2.19,1.84,2026-10-01,2023,EuroLeague,Panathinaikos,10448,164.8,1669,1699
Zalgiris Kaunas,Milano,64,80,2.51,1.66,2026-10-03,2023,EuroLeague,Zalgiris Kaunas,13389,151.2,1516,1588
Bayern Munich,Partizan,96,75,1.53,2.89,2026-10-05,2023,EuroLeague,Bayern Munich,10813,179.6,1688,1577
Valencia,ASVEL,91,78,1.52,2.93,2026-10-07,2023,EuroLeague,Valencia,9611,177.5,1690,1576
Milano,Real Madrid,64,77,2.28,1.78,2026-10-09,2023,EuroLeague,Milano,10021,148.1,1631,1674
Partizan,Barcelona,98,73,1.98,2.02,2026-10-11,2023,EuroLeague,Partizan,14582,179.6,1608,1604
ASVEL,Fenerbahçe,82,68,2.55,1.65,2026-10-13,2023,EuroLeague,ASVEL,9353,157.5,1601,1677
Real Madrid,Olympiacos,71,60,2.86,1.54,2026-10-15,2023,EuroLeague,Real Madrid,13799,137.6,1517,1625
Barcelona,CSKA Moscow,75,69,1.72,2.38,2026-10-17,2023,EuroLeague,Barcelona,14353,151.2,1618,1562
Fenerbahçe,Maccabi Tel Aviv,95,87,2.51,1.66,2026-10-19,2023,EuroLeague,Fenerbahçe,10673,191.1,1602,1674
Olympiacos,Baskonia,72,79,2.4,1.72,2026-10-21,2023,EuroLeague,Olympiacos,11138,158.6,1511,1569
CSKA Moscow,Anadolu Efes,87,92,1.77,2.3,2026-10-23,2023,EuroLeague,CSKA Moscow,11783,188.0,1599,1554
Maccabi Tel Aviv,Panathinaikos,93,88,1.49,3.05,2026-10-25,2023,EuroLeague,Maccabi Tel Aviv,9589,190.1,1639,1514
Baskonia,Zalgiris Kaunas,78,71,1.64,2.57,2026-10-27,2023,EuroLeague,Baskonia,11696,156.5,1658,1580
Anadolu Efes,Bayern Munich,93,81,2.01,1.99,2026-10-29,2023,EuroLeague,Anadolu Efes,14414,182.7,1602,1603
Panathinaikos,Valencia,62,89,1.78,2.29,2026-10-31,2023,EuroLeague,Panathinaikos,12787,158.6,1611,1567
Zalgiris Kaunas,Milano,86,60,2.03,1.97,2026-11-02,2023,EuroLeague,Zalgiris Kaunas,14371,153.3,1642,1647
Bayern Munich,Partizan,81,75,1.5,2.98,2026-11-04,2023,EuroLeague,Bayern Munich,9789,163.8,1629,1510
Valencia,ASVEL,85,82,2.25,1.8,2026-11-06,2023,EuroLeague,Valencia,11686,175.3,1570,1609
Milano,Real Madrid,77,89,2.92,1.52,2026-11-08,2023,EuroLeague,Milano,11238,174.3,1580,1693
Partizan,Barcelona,70,84,3.13,1.47,2026-11-10,2023,EuroLeague,Partizan,12812,161.7,1524,1655
ASVEL,Fenerbahçe,83,101,1.49,3.04,2026-11-12,2023,EuroLeague,ASVEL,12774,193.2,1666,1542
Real Madrid,Olympiacos,79,60,2.31,1.76,2026-11-14,2023,EuroLeague,Real Madrid,11133,146.0,1587,1634
Barcelona,CSKA Moscow,91,71,1.8,2.24,2026-11-16,2023,EuroLeague,Barcelona,13693,170.1,1550,1512
Fenerbahçe,Maccabi Tel Aviv,81,80,1.69,2.45,2026-11-18,2023,EuroLeague,Fenerbahçe,12942,169.1,1619,1555
Olympiacos,Baskonia,76,91,2.02,1.98,2026-11-20,2023,EuroLeague,Olympiacos,10579,175.3,1501,1504
CSKA Moscow,Anadolu Efes,83,82,2.3,1.77,2026-11-22,2023,EuroLeague,CSKA Moscow,14224,173.2,1642,1687
Maccabi Tel Aviv,Panathinaikos,67,66,1.58,2.72,2026-11-24,2023,EuroLeague,Maccabi Tel Aviv,11996,139.7,1642,1548
Baskonia,Zalgiris Kaunas,84,73,1.82,2.22,2026-11-26,2023,EuroLeague,Baskonia,9232,164.8,1653,1618
Anadolu Efes,Bayern Munich,106,96,2.23,1.81,2026-11-28,2023,EuroLeague,Anadolu Efes,14361,212.1,1620,1656
Panathinaikos,Valencia,98,85,2.45,1.69,2026-11-30,2023,EuroLeague,Panathinaikos,14011,192.2,1508,1572
Zalgiris Kaunas,Milano,60,86,3.2,1.45,2026-12-02,2023,EuroLeague,Zalgiris Kaunas,13421,153.3,1535,1672
Bayern Munich,Partizan,66,75,2.4,1.72,2026-12-04,2023,EuroLeague,Bayern Munich,12590,148.1,1590,1648
Valencia,ASVEL,69,80,2.02,1.98,2026-12-06,2023,EuroLeague,Valencia,12914,156.5,1671,1674
Milano,Real Madrid,86,75,1.89,2.13,2026-12-08,2023,EuroLeague,Milano,10858,169.1,1557,1536
Partizan,Barcelona,76,83,2.61,1.62,2026-12-10,2023,EuroLeague,Partizan,11241,167.0,1535,1618
ASVEL,Fenerbahçe,80,90,1.68,2.47,2026-12-12,2023,EuroLeague,ASVEL,9105,178.5,1679,1612
Real Madrid,Olympiacos,60,85,3.18,1.46,2026-12-14,2023,EuroLeague,Real Madrid,12209,152.2,1520,1655
Barcelona,CSKA Moscow,106,85,2.15,1.87,2026-12-16,2023,EuroLeague,Barcelona,13232,200.6,1602,1627
Fenerbahçe,Maccabi Tel Aviv,104,73,2.06,1.94,2026-12-18,2023,EuroLeague,Fenerbahçe,13777,185.8,1590,1600
Olympiacos,Baskonia,89,67,1.74,2.35,2026-12-20,2023,EuroLeague,Olympiacos,13381,163.8,1633,1581
CSKA Moscow,Anadolu Efes,86,67,2.98,1.5,2026-12-22,2023,EuroLeague,CSKA Moscow,9684,160.7,1575,1694
Maccabi Tel Aviv,Panathinaikos,73,83,2.87,1.53,2026-12-24,2023,EuroLeague,Maccabi Tel Aviv,9018,163.8,1530,1639
Baskonia,Zalgiris Kaunas,91,96,2.11,1.9,2026-12-26,2023,EuroLeague,Baskonia,9126,196.3,1574,1592
Anadolu Efes,Bayern Munich,76,60,1.78,2.28,2026-12-28,2023,EuroLeague,Anadolu Efes,10791,142.8,1691,1648
Panathinaikos,Valencia,74,73,2.07,1.94,2026-12-30,2023,EuroLeague,Panathinaikos,12012,154.3,1514,1525
Zalgiris Kaunas,Milano,86,81,2.27,1.79,2027-01-01,2023,EuroLeague,Zalgiris Kaunas,13310,175.3,1619,1660
Bayern Munich,Partizan,79,72,1.64,2.56,2027-01-03,2023,EuroLeague,Bayern Munich,14035,158.6,1655,1578
Valencia,ASVEL,101,71,1.47,3.13,2027-01-05,2023,EuroLeague,Valencia,14027,180.6,1670,1539
Milano,Real Madrid,66,76,1.77,2.3,2027-01-07,2023,EuroLeague,Milano,13132,149.1,1661,1615
Partizan,Barcelona,68,64,1.93,2.07,2027-01-09,2023,EuroLeague,Partizan,9439,138.6,1650,1638
ASVEL,Fenerbahçe,71,85,1.82,2.22,2027-01-11,2023,EuroLeague,ASVEL,9249,163.8,1554,1520
Real Madrid,Olympiacos,62,84,1.97,2.04,2027-01-13,2023,EuroLeague,Real Madrid,13552,153.3,1700,1694
Barcelona,CSKA Moscow,77,71,2.23,1.81,2027-01-15,2023,EuroLeague,Barcelona,11577,155.4,1640,1676
Fenerbahçe,Maccabi Tel Aviv,107,60,1.41,3.44,2027-01-17,2023,EuroLeague,Fenerbahçe,13769,175.3,1669,1514
Olympiacos,Baskonia,83,90,3.16,1.46,2027-01-19,2023,EuroLeague,Olympiacos,14443,181.7,1505,1639
CSKA Moscow,Anadolu Efes,92,64,1.91,2.1,2027-01-21,2023,EuroLeague,CSKA Moscow,13217,163.8,1534,1518
Maccabi Tel Aviv,Panathinaikos,79,81,1.89,2.13,2027-01-23,2023,EuroLeague,Maccabi Tel Aviv,13981,168.0,1620,1599
Baskonia,Zalgiris Kaunas,92,88,1.58,2.72,2027-01-25,2023,EuroLeague,Baskonia,13034,189.0,1632,1538
Anadolu Efes,Bayern Munich,63,63,2.29,1.78,2027-01-27,2023,EuroLeague,Anadolu Efes,12486,132.3,1510,1554
Panathinaikos,Valencia,87,74,2.13,1.89,2027-01-29,2023,EuroLeague,Panathinaikos,9899,169.1,1567,1588
Zalgiris Kaunas,Milano,64,67,2.25,1.8,2027-01-31,2023,EuroLeague,Zalgiris Kaunas,9397,137.6,1564,1603
Bayern Munich,Partizan,120,89,1.48,3.07,2027-02-02,2023,EuroLeague,Bayern Munich,9362,219.5,1633,1507
Valencia,ASVEL,80,65,2.06,1.94,2027-02-04,2023,EuroLeague,Valencia,9256,152.2,1637,1647
Milano,Real Madrid,83,84,2.1,1.91,2027-02-06,2023,EuroLeague,Milano,10154,175.3,1670,1687
Partizan,Barcelona,94,88,2.39,1.72,2027-02-08,2023,EuroLeague,Partizan,12026,191.1,1609,1666
ASVEL,Fenerbahçe,73,94,2.25,1.8,2027-02-10,2023,EuroLeague,ASVEL,9075,175.3,1571,1610
Real Madrid,Olympiacos,79,78,2.85,1.54,2027-02-12,2023,EuroLeague,Real Madrid,13043,164.8,1559,1666
Barcelona,CSKA Moscow,60,60,2.13,1.89,2027-02-14,2023,EuroLeague,Barcelona,10044,126.0,1528,1549
Fenerbahçe,Maccabi Tel Aviv,101,78,1.93,2.08,2027-02-16,2023,EuroLeague,Fenerbahçe,11551,188.0,1671,1658
Olympiacos,Baskonia,64,78,1.74,2.36,2027-02-18,2023,EuroLeague,Olympiacos,11662,149.1,1618,1565
CSKA Moscow,Anadolu Efes,69,69,1.92,2.08,2027-02-20,2023,EuroLeague,CSKA Moscow,14546,144.9,1693,1679
Maccabi Tel Aviv,Panathinaikos,90,99,2.75,1.57,2027-02-22,2023,EuroLeague,Maccabi Tel Aviv,12607,198.5,1562,1659
Baskonia,Zalgiris Kaunas,60,76,1.42,3.37,2027-02-24,2023,EuroLeague,Baskonia,9697,142.8,1668,1518
Anadolu Efes,Bayern Munich,70,80,2.01,1.99,2027-02-26,2023,EuroLeague,Anadolu Efes,14919,157.5,1522,1524
Panathinaikos,Valencia,60,91,3.92,1.34,2027-02-28,2023,EuroLeague,Panathinaikos,12897,158.6,1505,1691
Zalgiris Kaunas,Milano,94,70,1.38,3.66,2027-03-02,2023,EuroLeague,Zalgiris Kaunas,11341,172.2,1686,1516
Bayern Munich,Partizan,79,82,2.4,1.72,2027-03-04,2023,EuroLeague,Bayern Munich,10499,169.1,1585,1643
Valencia,ASVEL,81,79,2.04,1.96,2027-03-06,2023,EuroLeague,Valencia,14155,168.0,1505,1512
Milano,Real Madrid,87,68,2.67,1.6,2027-03-08,2023,EuroLeague,Milano,9460,162.8,1574,1663
Partizan,Barcelona,91,75,1.76,2.31,2027-03-10,2023,EuroLeague,Partizan,10008,174.3,1618,1571
ASVEL,Fenerbahçe,81,64,1.4,3.5,2027-03-12,2023,EuroLeague,ASVEL,14778,152.2,1687,1528
Real Madrid,Olympiacos,69,72,2.77,1.57,2027-03-14,2023,EuroLeague,Real Madrid,12998,148.1,1546,1645
Barcelona,CSKA Moscow,107,87,2.26,1.79,2027-03-16,2023,EuroLeague,Barcelona,14264,203.7,1532,1572
Fenerbahçe,Maccabi Tel Aviv,86,87,1.46,3.16,2027-03-18,2023,EuroLeague,Fenerbahçe,9215,181.7,1695,1561
Olympiacos,Baskonia,91,74,1.63,2.59,2027-03-20,2023,EuroLeague,Olympiacos,12628,173.2,1648,1567
CSKA Moscow,Anadolu Efes,60,98,2.05,1.95,2027-03-22,2023,EuroLeague,CSKA Moscow,9765,165.9,1604,1612
Maccabi Tel Aviv,Panathinaikos,66,91,1.81,2.23,2027-03-24,2023,EuroLeague,Maccabi Tel Aviv,10838,164.8,1655,1619
Baskonia,Zalgiris Kaunas,60,70,3.14,1.47,2027-03-26,2023,EuroLeague,Baskonia,9232,136.5,1518,1650
Anadolu Efes,Bayern Munich,85,86,2.01,1.99,2027-03-28,2023,EuroLeague,Anadolu Efes,12903,179.6,1563,1564
Panathinaikos,Valencia,60,60,3.44,1.41,2027-03-30,2023,EuroLeague,Panathinaikos,14918,126.0,1507,1662
Zalgiris Kaunas,Milano,92,91,2.33,1.75,2027-04-01,2023,EuroLeague,Zalgiris Kaunas,12367,192.2,1538,1587
Bayern Munich,Partizan,84,64,1.36,3.75,2027-04-03,2023,EuroLeague,Bayern Munich,11418,155.4,1697,1521
Valencia,ASVEL,100,81,1.65,2.54,2027-04-05,2023,EuroLeague,Valencia,14207,190.1,1683,1608
Milano,Real Madrid,94,62,1.55,2.83,2027-04-07,2023,EuroLeague,Milano,13170,163.8,1693,1588
Partizan,Barcelona,73,81,1.58,2.72,2027-04-09,2023,EuroLeague,Partizan,14384,161.7,1616,1522
ASVEL,Fenerbahçe,74,60,1.7,2.43,2027-04-11,2023,EuroLeague,ASVEL,10023,140.7,1683,1621
Real Madrid,Olympiacos,72,63,2.2,1.83,2027-04-13,2023,EuroLeague,Real Madrid,14253,141.8,1501,1533
Barcelona,CSKA Moscow,65,70,1.91,2.1,2027-04-15,2023,EuroLeague,Barcelona,13108,141.8,1625,1609
Fenerbahçe,Maccabi Tel Aviv,68,76,2.1,1.91,2027-04-17,2023,EuroLeague,Fenerbahçe,13155,151.2,1676,1692
Olympiacos,Baskonia,85,72,1.41,3.44,2027-04-19,2023,EuroLeague,Olympiacos,12088,164.8,1657,1502
CSKA Moscow,Anadolu Efes,76,71,1.59,2.69,2027-04-21,2023,EuroLeague,CSKA Moscow,14157,154.3,1601,1510
Maccabi Tel Aviv,Panathinaikos,77,65,1.95,2.05,2027-04-23,2023,EuroLeague,Maccabi Tel Aviv,9672,149.1,1638,1629
Baskonia,Zalgiris Kaunas,76,71,2.41,1.71,2027-04-25,2023,EuroLeague,Baskonia,14862,154.3,1536,1596
Anadolu Efes,Bayern Munich,79,91,2.12,1.9,2027-04-27,2023,EuroLeague,Anadolu Efes,9060,178.5,1584,1603
Panathinaikos,Valencia,79,78,1.87,2.15,2027-04-29,2023,EuroLeague,Panathinaikos,9994,164.8,1568,1543
Zalgiris Kaunas,Milano,88,75,2.23,1.81,2027-05-01,2023,EuroLeague,Zalgiris Kaunas,14013,171.2,1521,1557
Bayern Munich,Partizan,81,60,1.75,2.33,2027-05-03,2023,EuroLeague,Bayern Munich,14707,148.1,1674,1624
Valencia,ASVEL,60,71,1.61,2.63,2027-05-05,2023,EuroLeague,Valencia,12492,137.6,1667,1582
Milano,Real Madrid,78,77,2.12,1.9,2027-05-07,2023,EuroLeague,Milano,9338,162.8,1613,1632
Partizan,Barcelona,84,76,1.77,2.3,2027-05-09,2023,EuroLeague,Partizan,12771,168.0,1694,1648
ASVEL,Fenerbahçe,60,93,2.69,1.59,2027-05-11,2023,EuroLeague,ASVEL,9890,160.7,1531,1622
Real Madrid,Olympiacos,91,81,1.52,2.92,2027-05-13,2023,EuroLeague,Real Madrid,9749,180.6,1662,1549
Barcelona,CSKA Moscow,81,108,2.19,1.84,2027-05-15,2023,EuroLeague,Barcelona,9276,198.5,1637,1667
Fenerbahçe,Maccabi Tel Aviv,93,80,1.47,3.14,2027-05-17,2023,EuroLeague,Fenerbahçe,9899,181.7,1683,1551
Olympiacos,Baskonia,80,65,2.38,1.72,2027-05-19,2023,EuroLeague,Olympiacos,11195,152.2,1524,1580
CSKA Moscow,Anadolu Efes,77,89,3.74,1.37,2027-05-21,2023,EuroLeague,CSKA Moscow,12558,174.3,1521,1696
Maccabi Tel Aviv,Panathinaikos,89,67,1.35,3.82,2027-05-23,2023,EuroLeague,Maccabi Tel Aviv,12385,163.8,1680,1500
Baskonia,Zalgiris Kaunas,90,68,1.74,2.36,2027-05-25,2023,EuroLeague,Baskonia,11954,165.9,1626,1573
Anadolu Efes,Bayern Munich,87,60,1.45,3.2,2027-05-27,2023,EuroLeague,Anadolu Efes,9229,154.3,1638,1501
Panathinaikos,Valencia,86,71,1.54,2.86,2027-05-29,2023,EuroLeague,Panathinaikos,13913,164.8,1645,1537
Zalgiris Kaunas,Milano,60,81,3.15,1.47,2027-05-31,2023,EuroLeague,Zalgiris Kaunas,11808,148.1,1522,1655
Bayern Munich,Partizan,90,73,1.38,3.62,2027-06-02,2023,EuroLeague,Bayern Munich,12382,171.2,1698,1531
Valencia,ASVEL,97,77,1.63,2.59,2027-06-04,2023,EuroLeague,Valencia,11727,182.7,1585,1504
Milano,Real Madrid,72,62,2.2,1.84,2027-06-06,2023,EuroLeague,Milano,11770,140.7,1633,1664
Partizan,Barcelona,90,81,2.1,1.91,2027-06-08,2023,EuroLeague,Partizan,9335,179.6,1533,1549
ASVEL,Fenerbahçe,83,66,1.55,2.81,2027-06-10,2023,EuroLeague,ASVEL,9303,156.5,1669,1566
Real Madrid,Olympiacos,73,67,2.25,1.8,2027-06-12,2023,EuroLeague,Real Madrid,9815,147.0,1604,1643
Barcelona,CSKA Moscow,102,76,1.43,3.3,2027-06-14,2023,EuroLeague,Barcelona,14334,186.9,1649,1504
Fenerbahçe,Maccabi Tel Aviv,74,66,1.95,2.05,2027-06-16,2023,EuroLeague,Fenerbahçe,14347,147.0,1607,1598
Olympiacos,Baskonia,70,64,1.75,2.33,2027-06-18,2023,EuroLeague,Olympiacos,14662,140.7,1680,1631
CSKA Moscow,Anadolu Efes,87,73,1.57,2.77,2027-06-20,2023,EuroLeague,CSKA Moscow,13382,168.0,1602,1503
Maccabi Tel Aviv,Panathinaikos,89,69,1.45,3.24,2027-06-22,2023,EuroLeague,Maccabi Tel Aviv,9561,165.9,1643,1503
Baskonia,Zalgiris Kaunas,95,88,1.35,3.87,2027-06-24,2023,EuroLeague,Baskonia,11036,192.2,1698,1515
Anadolu Efes,Bayern Munich,85,91,1.74,2.35,2027-06-26,2023,EuroLeague,Anadolu Efes,13559,184.8,1557,1505
Panathinaikos,Valencia,87,60,1.57,2.77,2027-06-28,2023,EuroLeague,Panathinaikos,13881,154.3,1689,1590
Zalgiris Kaunas,Milano,101,90,1.6,2.67,2027-06-30,2023,EuroLeague,Zalgiris Kaunas,11951,200.6,1648,1559
Bayern Munich,Partizan,83,66,1.62,2.61,2027-07-02,2023,EuroLeague,Bayern Munich,11860,156.5,1605,1522
Valencia,ASVEL,60,72,1.79,2.27,2027-07-04,2023,EuroLeague,Valencia,14198,138.6,1607,1565
Milano,Real Madrid,69,72,1.75,2.34,2027-07-06,2023,EuroLeague,Milano,12762,148.1,1593,1542
Partizan,Barcelona,92,86,2.12,1.9,2027-07-08,2023,EuroLeague,Partizan,14885,186.9,1536,1555
ASVEL,Fenerbahçe,60,77,1.89,2.12,2027-07-10,2023,EuroLeague,ASVEL,14369,143.8,1575,1555
Real Madrid,Olympiacos,77,95,1.52,2.93,2027-07-12,2023,EuroLeague,Real Madrid,13660,180.6,1681,1567
Barcelona,CSKA Moscow,111,68,1.6,2.66,2027-07-14,2023,EuroLeague,Barcelona,10026,188.0,1682,1594
Fenerbahçe,Maccabi Tel Aviv,74,69,2.34,1.75,2027-07-16,2023,EuroLeague,Fenerbahçe,12839,150.2,1606,1657
Olympiacos,Baskonia,75,91,1.68,2.48,2027-07-18,2023,EuroLeague,Olympiacos,9665,174.3,1582,1514
CSKA Moscow,Anadolu Efes,102,95,2.35,1.74,2027-07-20,2023,EuroLeague,CSKA Moscow,14445,206.9,1515,1567
Maccabi Tel Aviv,Panathinaikos,76,75,2.13,1.89,2027-07-22,2023,EuroLeague,Maccabi Tel Aviv,12893,158.6,1515,1536
Baskonia,Zalgiris Kaunas,101,86,2.35,1.74,2027-07-24,2023,EuroLeague,Baskonia,12781,196.3,1503,1555
Anadolu Efes,Bayern Munich,88,69,1.45,3.21,2027-07-26,2023,EuroLeague,Anadolu Efes,10562,164.8,1664,1526
Panathinaikos,Valencia,86,82,2.22,1.82,2027-07-28,2023,EuroLeague,Panathinaikos,11781,176.4,1662,1696
Zalgiris Kaunas,Milano,60,79,3.3,1.43,2027-07-30,2023,EuroLeague,Zalgiris Kaunas,12724,146.0,1509,1654
Bayern Munich,Partizan,77,82,2.32,1.76,2027-08-01,2023,EuroLeague,Bayern Munich,9530,167.0,1563,1611
Valencia,ASVEL,60,79,2.3,1.77,2027-08-03,2023,EuroLeague,Valencia,14084,146.0,1643,1688
Milano,Real Madrid,83,65,1.67,2.49,2027-08-05,2023,EuroLeague,Milano,9214,155.4,1686,1617
Partizan,Barcelona,60,76,2.8,1.56,2027-08-07,2023,EuroLeague,Partizan,14650,142.8,1554,1656
ASVEL,Fenerbahçe,93,60,2.16,1.86,2027-08-09,2023,EuroLeague,ASVEL,14810,160.7,1504,1530
Real Madrid,Olympiacos,80,64,3.54,1.39,2027-08-11,2023,EuroLeague,Real Madrid,9055,151.2,1500,1662
Barcelona,CSKA Moscow,60,67,3.83,1.35,2027-08-13,2023,EuroLeague,Barcelona,14390,133.3,1504,1685
Fenerbahçe,Maccabi Tel Aviv,74,78,2.51,1.66,2027-08-15,2023,EuroLeague,Fenerbahçe,12051,159.6,1534,1606
Olympiacos,Baskonia,67,75,2.47,1.68,2027-08-17,2023,EuroLeague,Olympiacos,14305,149.1,1563,1630
CSKA Moscow,Anadolu Efes,61,78,1.89,2.12,2027-08-19,2023,EuroLeague,CSKA Moscow,12295,146.0,1583,1563
Maccabi Tel Aviv,Panathinaikos,98,88,1.44,3.26,2027-08-21,2023,EuroLeague,Maccabi Tel Aviv,9001,195.3,1676,1534
Baskonia,Zalgiris Kaunas,95,87,2.65,1.61,2027-08-23,2023,EuroLeague,Baskonia,14969,191.1,1544,1631
Anadolu Efes,Bayern Munich,60,87,3.82,1.35,2027-08-25,2023,EuroLeague,Anadolu Efes,11826,154.3,1505,1685
Panathinaikos,Valencia,110,94,1.89,2.12,2027-08-27,2023,EuroLeague,Panathinaikos,11231,214.2,1598,1578
Zalgiris Kaunas,Milano,73,83,2.3,1.77,2027-08-29,2023,EuroLeague,Zalgiris Kaunas,11651,163.8,1537,1582
Bayern Munich,Partizan,95,74,1.67,2.49,2027-08-31,2023,EuroLeague,Bayern Munich,9692,177.5,1692,1623
Valencia,ASVEL,74,86,1.68,2.46,2027-09-02,2023,EuroLeague,Valencia,12390,168.0,1643,1577
Milano,Real Madrid,70,89,2.24,1.81,2027-09-04,2023,EuroLeague,Milano,13768,167.0,1562,1599
Partizan,Barcelona,81,60,1.77,2.3,2027-09-06,2023,EuroLeague,Partizan,12862,148.1,1546,1500
ASVEL,Fenerbahçe,94,67,2.25,1.8,2027-09-08,2023,EuroLeague,ASVEL,13533,169.1,1582,1621
Real Madrid,Olympiacos,82,77,2.12,1.9,2027-09-10,2023,EuroLeague,Real Madrid,10748,167.0,1614,1633
Barcelona,CSKA Moscow,81,60,1.49,3.05,2027-09-12,2023,EuroLeague,Barcelona,10669,148.1,1671,1546
Fenerbahçe,Maccabi Tel Aviv,96,60,1.44,3.26,2027-09-14,2023,EuroLeague,Fenerbahçe,14787,163.8,1689,1547
Olympiacos,Baskonia,60,77,3.32,1.43,2027-09-16,2023,EuroLeague,Olympiacos,10519,143.8,1540,1686
CSKA Moscow,Anadolu Efes,66,93,2.89,1.53,2027-09-18,2023,EuroLeague,CSKA Moscow,13381,167.0,1535,1646
Maccabi Tel Aviv,Panathinaikos,73,80,2.91,1.52,2027-09-20,2023,EuroLeague,Maccabi Tel Aviv,11045,160.7,1504,1616
Baskonia,Zalgiris Kaunas,79,72,3.15,1.47,2027-09-22,2023,EuroLeague,Baskonia,14070,158.6,1517,1650
Anadolu Efes,Bayern Munich,67,83,2.18,1.85,2027-09-24,2023,EuroLeague,Anadolu Efes,13151,157.5,1559,1588
Panathinaikos,Valencia,72,66,1.72,2.38,2027-09-26,2023,EuroLeague,Panathinaikos,11621,144.9,1672,1616
Zalgiris Kaunas,Milano,60,73,1.58,2.74,2027-09-28,2023,EuroLeague,Zalgiris Kaunas,11598,139.7,1597,1501
Bayern Munich,Partizan,83,60,1.46,3.18,2027-09-30,2023,EuroLeague,Bayern Munich,12339,150.2,1692,1557
Valencia,ASVEL,80,91,2.86,1.54,2027-10-02,2023,EuroLeague,Valencia,9504,179.6,1559,1667
Milano,Real Madrid,91,87,1.75,2.33,2027-10-04,2023,EuroLeague,Milano,12433,186.9,1626,1576
Partizan,Barcelona,89,96,2.69,1.59,2027-10-06,2023,EuroLeague,Partizan,9927,194.2,1563,1654
ASVEL,Fenerbahçe,89,76,2.1,1.91,2027-10-08,2023,EuroLeague,ASVEL,13971,173.2,1574,1590
Real Madrid,Olympiacos,75,60,2.22,1.82,2027-10-10,2023,EuroLeague,Real Madrid,13534,141.8,1638,1672
Barcelona,CSKA Moscow,90,69,1.61,2.64,2027-10-12,2023,EuroLeague,Barcelona,11209,167.0,1674,1588
Fenerbahçe,Maccabi Tel Aviv,85,91,2.55,1.65,2027-10-14,2023,EuroLeague,Fenerbahçe,11006,184.8,1623,1699
Olympiacos,Baskonia,81,72,1.63,2.59,2027-10-16,2023,EuroLeague,Olympiacos,14327,160.7,1617,1536
CSKA Moscow,Anadolu Efes,85,60,1.42,3.37,2027-10-18,2023,EuroLeague,CSKA Moscow,9921,152.2,1683,1533
Maccabi Tel Aviv,Panathinaikos,60,90,1.97,2.03,2027-10-20,2023,EuroLeague,Maccabi Tel Aviv,12075,157.5,1700,1695
Baskonia,Zalgiris Kaunas,74,113,3.14,1.47,2027-10-22,2023,EuroLeague,Baskonia,9373,196.3,1558,1690
Anadolu Efes,Bayern Munich,89,60,1.9,2.12,2027-10-24,2023,EuroLeague,Anadolu Efes,12083,156.5,1608,1589
Panathinaikos,Valencia,70,69,2.4,1.72,2027-10-26,2023,EuroLeague,Panathinaikos,11872,146.0,1530,1588
Zalgiris Kaunas,Milano,91,70,1.68,2.47,2027-10-28,2023,EuroLeague,Zalgiris Kaunas,10005,169.1,1598,1531
Bayern Munich,Partizan,101,71,1.62,2.62,2027-10-30,2023,EuroLeague,Bayern Munich,12520,180.6,1683,1599
Valencia,ASVEL,88,64,1.72,2.39,2027-11-01,2023,EuroLeague,Valencia,9386,159.6,1625,1568
Milano,Real Madrid,62,85,2.2,1.83,2027-11-03,2023,EuroLeague,Milano,13555,154.3,1573,1605
Partizan,Barcelona,73,87,2.14,1.88,2027-11-05,2023,EuroLeague,Partizan,13548,168.0,1623,1646
ASVEL,Fenerbahçe,97,79,1.94,2.07,2027-11-07,2023,EuroLeague,ASVEL,13072,184.8,1663,1652
Real Madrid,Olympiacos,93,70,1.62,2.6,2027-11-09,2023,EuroLeague,Real Madrid,13184,171.2,1648,1566
Barcelona,CSKA Moscow,77,64,1.92,2.09,2027-11-11,2023,EuroLeague,Barcelona,10350,148.1,1583,1568
Fenerbahçe,Maccabi Tel Aviv,74,80,2.17,1.86,2027-11-13,2023,EuroLeague,Fenerbahçe,14037,161.7,1573,1600
Olympiacos,Baskonia,78,67,2.17,1.85,2027-11-15,2023,EuroLeague,Olympiacos,10381,152.2,1614,1642
CSKA Moscow,Anadolu Efes,84,69,1.56,2.79,2027-11-17,2023,EuroLeague,CSKA Moscow,9890,160.7,1694,1593
Maccabi Tel Aviv,Panathinaikos,98,60,1.65,2.54,2027-11-19,2023,EuroLeague,Maccabi Tel Aviv,14021,165.9,1662,1587
Baskonia,Zalgiris Kaunas,94,80,1.96,2.04,2027-11-21,2023,EuroLeague,Baskonia,9158,182.7,1648,1641
Anadolu Efes,Bayern Munich,60,83,2.83,1.55,2027-11-23,2023,EuroLeague,Anadolu Efes,12507,150.2,1576,1681
Panathinaikos,Valencia,96,90,1.72,2.4,2027-11-25,2023,EuroLeague,Panathinaikos,9449,195.3,1600,1542
Zalgiris Kaunas,Milano,77,75,2.57,1.64,2027-11-27,2023,EuroLeague,Zalgiris Kaunas,10142,159.6,1511,1589
Bayern Munich,Partizan,85,65,1.79,2.26,2027-11-29,2023,EuroLeague,Bayern Munich,12427,157.5,1548,1508
Valencia,ASVEL,70,66,1.7,2.43,2027-12-01,2023,EuroLeague,Valencia,11604,142.8,1565,1503
Milano,Real Madrid,73,77,2.05,1.95,2027-12-03,2023,EuroLeague,Milano,9262,157.5,1681,1689
Partizan,Barcelona,79,73,2.68,1.6,2027-12-05,2023,EuroLeague,Partizan,12148,159.6,1531,1621
ASVEL,Fenerbahçe,75,68,1.45,3.2,2027-12-07,2023,EuroLeague,ASVEL,13631,150.2,1643,1506
Real Madrid,Olympiacos,87,93,1.93,2.07,2027-12-09,2023,EuroLeague,Real Madrid,12377,189.0,1678,1666
Barcelona,CSKA Moscow,80,87,2.42,1.7,2027-12-11,2023,EuroLeague,Barcelona,13355,175.3,1622,1683
Fenerbahçe,Maccabi Tel Aviv,90,74,2.14,1.88,2027-12-13,2023,EuroLeague,Fenerbahçe,11369,172.2,1563,1585
Olympiacos,Baskonia,71,80,1.67,2.49,2027-12-15,2023,EuroLeague,Olympiacos,12339,158.6,1627,1558
CSKA Moscow,Anadolu Efes,92,93,2.01,1.99,2027-12-17,2023,EuroLeague,CSKA Moscow,11910,194.2,1695,1696
Maccabi Tel Aviv,Panathinaikos,81,91,2.16,1.86,2027-12-19,2023,EuroLeague,Maccabi Tel Aviv,14330,180.6,1636,1662
Baskonia,Zalgiris Kaunas,75,60,1.67,2.5,2027-12-21,2023,EuroLeague,Baskonia,10331,141.8,1667,1597
Anadolu Efes,Bayern Munich,87,60,1.4,3.53,2027-12-23,2023,EuroLeague,Anadolu Efes,10554,154.3,1667,1506
Panathinaikos,Valencia,71,76,1.75,2.34,2027-12-25,2023,EuroLeague,Panathinaikos,13036,154.3,1691,1640
Zalgiris Kaunas,Milano,83,76,1.58,2.73,2027-12-27,2023,EuroLeague,Zalgiris Kaunas,13608,167.0,1667,1572
Bayern Munich,Partizan,77,88,1.73,2.37,2027-12-29,2023,EuroLeague,Bayern Munich,10444,173.2,1636,1581
Valencia,ASVEL,97,67,1.45,3.24,2027-12-31,2023,EuroLeague,Valencia,13286,172.2,1642,1502
Milano,Real Madrid,80,76,1.62,2.6,2028-01-02,2023,EuroLeague,Milano,12146,163.8,1680,1598
Partizan,Barcelona,87,90,1.59,2.71,2028-01-04,2023,EuroLeague,Partizan,11352,185.8,1604,1511
ASVEL,Fenerbahçe,93,84,1.95,2.05,2028-01-06,2023,EuroLeague,ASVEL,9477,185.8,1561,1552
Real Madrid,Olympiacos,90,71,1.65,2.53,2028-01-08,2023,EuroLeague,Real Madrid,10678,169.1,1598,1524
Barcelona,CSKA Moscow,66,80,2.37,1.73,2028-01-10,2023,EuroLeague,Barcelona,13164,153.3,1577,1632
Fenerbahçe,Maccabi Tel Aviv,81,95,2.45,1.69,2028-01-12,2023,EuroLeague,Fenerbahçe,13335,184.8,1524,1588
Olympiacos,Baskonia,66,81,2.88,1.53,2028-01-14,2023,EuroLeague,Olympiacos,14821,154.3,1586,1696
CSKA Moscow,Anadolu Efes,73,82,3.02,1.5,2028-01-16,2023,EuroLeague,CSKA Moscow,9086,162.8,1563,1685
Maccabi Tel Aviv,Panathinaikos,85,72,1.57,2.77,2028-01-18,2023,EuroLeague,Maccabi Tel Aviv,13201,164.8,1640,1541
Baskonia,Zalgiris Kaunas,84,99,1.76,2.32,2028-01-20,2023,EuroLeague,Baskonia,11421,192.2,1588,1540
Anadolu Efes,Bayern Munich,73,72,2.25,1.8,2028-01-22,2023,EuroLeague,Anadolu Efes,9427,152.2,1648,1687
Panathinaikos,Valencia,103,99,1.74,2.35,2028-01-24,2023,EuroLeague,Panathinaikos,11829,212.1,1676,1624
Zalgiris Kaunas,Milano,64,68,2.71,1.59,2028-01-26,2023,EuroLeague,Zalgiris Kaunas,12152,138.6,1580,1673
Bayern Munich,Partizan,60,66,3.13,1.47,2028-01-28,2023,EuroLeague,Bayern Munich,13167,132.3,1523,1654
Valencia,ASVEL,60,74,1.91,2.1,2028-01-30,2023,EuroLeague,Valencia,10235,140.7,1660,1643
Milano,Real Madrid,80,73,2.22,1.82,2028-02-01,2023,EuroLeague,Milano,11316,160.7,1589,1623
Partizan,Barcelona,65,95,2.57,1.64,2028-02-03,2023,EuroLeague,Partizan,13571,168.0,1546,1624
ASVEL,Fenerbahçe,79,74,2.3,1.77,2028-02-05,2023,EuroLeague,ASVEL,9478,160.7,1654,1700
Real Madrid,Olympiacos,60,65,1.74,2.35,2028-02-07,2023,EuroLeague,Real Madrid,11649,131.2,1615,1563
Barcelona,CSKA Moscow,76,76,2.28,1.78,2028-02-09,2023,EuroLeague,Barcelona,10544,159.6,1503,1546
Fenerbahçe,Maccabi Tel Aviv,100,79,2.21,1.83,2028-02-11,2023,EuroLeague,Fenerbahçe,11930,188.0,1558,1591
Olympiacos,Baskonia,77,102,2.21,1.83,2028-02-13,2023,EuroLeague,Olympiacos,11382,188.0,1502,1535
CSKA Moscow,Anadolu Efes,80,90,2.29,1.78,2028-02-15,2023,EuroLeague,CSKA Moscow,9899,178.5,1556,1600
Maccabi Tel Aviv,Panathinaikos,88,66,1.93,2.07,2028-02-17,2023,EuroLeague,Maccabi Tel Aviv,11329,161.7,1520,1508
Baskonia,Zalgiris Kaunas,78,75,2.17,1.85,2028-02-19,2023,EuroLeague,Baskonia,14766,160.7,1631,1659
Anadolu Efes,Bayern Munich,101,75,2.46,1.68,2028-02-21,2023,EuroLeague,Anadolu Efes,14603,184.8,1529,1595
Panathinaikos,Valencia,79,71,2.04,1.97,2028-02-23,2023,EuroLeague,Panathinaikos,14450,157.5,1679,1685
Zalgiris Kaunas,Milano,84,94,3.69,1.37,2028-02-25,2023,EuroLeague,Zalgiris Kaunas,11571,186.9,1502,1674
Bayern Munich,Partizan,82,88,2.05,1.95,2028-02-27,2023,EuroLeague,Bayern Munich,13327,178.5,1641,1650
Valencia,ASVEL,88,90,3.6,1.38,2028-02-29,2023,EuroLeague,Valencia,12043,186.9,1531,1697
Milano,Real Madrid,76,87,2.22,1.82,2028-03-02,2023,EuroLeague,Milano,11986,171.2,1652,1687
Partizan,Barcelona,86,89,2.24,1.81,2028-03-04,2023,EuroLeague,Partizan,13239,183.8,1649,1686
ASVEL,Fenerbahçe,99,81,1.59,2.7,2028-03-06,2023,EuroLeague,ASVEL,14542,189.0,1652,1560
Real Madrid,Olympiacos,60,67,1.81,2.24,2028-03-08,2023,EuroLeague,Real Madrid,13726,133.3,1596,1559
Barcelona,CSKA Moscow,89,74,1.7,2.44,2028-03-10,2023,EuroLeague,Barcelona,14435,171.2,1626,1563
Fenerbahçe,Maccabi Tel Aviv,67,60,2.04,1.96,2028-03-12,2023,EuroLeague,Fenerbahçe,11532,133.3,1664,1671
Olympiacos,Baskonia,60,95,2.98,1.5,2028-03-14,2023,EuroLeague,Olympiacos,14849,162.8,1569,1688
CSKA Moscow,Anadolu Efes,68,86,2.01,1.99,2028-03-16,2023,EuroLeague,CSKA Moscow,12364,161.7,1576,1578
Maccabi Tel Aviv,Panathinaikos,95,72,1.74,2.36,2028-03-18,2023,EuroLeague,Maccabi Tel Aviv,13080,175.3,1565,1512
Baskonia,Zalgiris Kaunas,60,83,1.43,3.3,2028-03-20,2023,EuroLeague,Baskonia,9820,150.2,1681,1536
Anadolu Efes,Bayern Munich,86,75,1.49,3.05,2028-03-22,2023,EuroLeague,Anadolu Efes,12891,169.1,1655,1530
Panathinaikos,Valencia,77,76,2.32,1.76,2028-03-24,2023,EuroLeague,Panathinaikos,13661,160.7,1544,1592
Zalgiris Kaunas,Milano,81,66,1.95,2.05,2028-03-26,2023,EuroLeague,Zalgiris Kaunas,14920,154.3,1684,1675
Bayern Munich,Partizan,96,87,2.3,1.77,2028-03-28,2023,EuroLeague,Bayern Munich,12181,192.2,1626,1671
Valencia,ASVEL,83,71,2.34,1.75,2028-03-30,2023,EuroLeague,Valencia,14467,161.7,1615,1666
Milano,Real Madrid,76,84,1.49,3.04,2028-04-01,2023,EuroLeague,Milano,11114,168.0,1625,1501
Partizan,Barcelona,62,91,3.13,1.47,2028-04-03,2023,EuroLeague,Partizan,13507,160.7,1547,1678
ASVEL,Fenerbahçe,81,97,2.54,1.65,2028-04-05,2023,EuroLeague,ASVEL,11524,186.9,1558,1633
Real Madrid,Olympiacos,64,77,1.85,2.18,2028-04-07,2023,EuroLeague,Real Madrid,12039,148.1,1577,1548
Barcelona,CSKA Moscow,89,81,1.88,2.14,2028-04-09,2023,EuroLeague,Barcelona,13424,178.5,1636,1613
Fenerbahçe,Maccabi Tel Aviv,63,93,2.91,1.52,2028-04-11,2023,EuroLeague,Fenerbahçe,12876,163.8,1525,1637
Olympiacos,Baskonia,72,67,2.58,1.63,2028-04-13,2023,EuroLeague,Olympiacos,14514,146.0,1517,1596
CSKA Moscow,Anadolu Efes,71,82,2.54,1.65,2028-04-15,2023,EuroLeague,CSKA Moscow,13306,160.7,1568,1643
Maccabi Tel Aviv,Panathinaikos,83,66,3.6,1.38,2028-04-17,2023,EuroLeague,Maccabi Tel Aviv,14862,156.5,1534,1700
Baskonia,Zalgiris Kaunas,60,60,2.8,1.56,2028-04-19,2023,EuroLeague,Baskonia,13170,126.0,1536,1638
Anadolu Efes,Bayern Munich,88,69,1.79,2.27,2028-04-21,2023,EuroLeague,Anadolu Efes,14959,164.8,1564,1523
Panathinaikos,Valencia,93,80,1.81,2.23,2028-04-23,2023,EuroLeague,Panathinaikos,10421,181.7,1592,1556
Zalgiris Kaunas,Milano,60,71,2.31,1.76,2028-04-25,2023,EuroLeague,Zalgiris Kaunas,11932,137.6,1577,1624
Bayern Munich,Partizan,72,60,1.69,2.45,2028-04-27,2023,EuroLeague,Bayern Munich,13281,138.6,1697,1632
Valencia,ASVEL,73,64,2.08,1.93,2028-04-29,2023,EuroLeague,Valencia,11015,143.8,1633,1646
Milano,Real Madrid,77,99,2.64,1.61,2028-05-01,2023,EuroLeague,Milano,14356,184.8,1512,1598
Partizan,Barcelona,71,89,2.24,1.8,2028-05-03,2023,EuroLeague,Partizan,14539,168.0,1502,1540
ASVEL,Fenerbahçe,92,106,2.82,1.55,2028-05-05,2023,EuroLeague,ASVEL,11550,207.9,1596,1700
Real Madrid,Olympiacos,91,64,1.52,2.91,2028-05-07,2023,EuroLeague,Real Madrid,11839,162.8,1674,1562
Barcelona,CSKA Moscow,83,74,2.33,1.75,2028-05-09,2023,EuroLeague,Barcelona,11744,164.8,1504,1553
Fenerbahçe,Maccabi Tel Aviv,106,60,1.53,2.88,2028-05-11,2023,EuroLeague,Fenerbahçe,9935,174.3,1700,1590
Olympiacos,Baskonia,86,67,1.5,3.01,2028-05-13,2023,EuroLeague,Olympiacos,10302,160.7,1679,1558
CSKA Moscow,Anadolu Efes,99,94,2.45,1.69,2028-05-15,2023,EuroLeague,CSKA Moscow,10397,202.7,1500,1564
Maccabi Tel Aviv,Panathinaikos,78,84,1.95,1.95,2028-05-17,2023,EuroLeague,Maccabi Tel Aviv,13409,170.1,1574,1574
Baskonia,Zalgiris Kaunas,72,69,2.03,1.97,2028-05-19,2023,EuroLeague,Baskonia,9421,148.1,1517,1522
Anadolu Efes,Bayern Munich,60,85,1.6,2.67,2028-05-21,2023,EuroLeague,Anadolu Efes,10119,152.2,1593,1504
Panathinaikos,Valencia,67,81,2.09,1.92,2028-05-23,2023,EuroLeague,Panathinaikos,13493,155.4,1534,1549
Zalgiris Kaunas,Milano,79,60,1.82,2.22,2028-05-25,2023,EuroLeague,Zalgiris Kaunas,11521,146.0,1671,1637
Bayern Munich,Partizan,83,63,1.67,2.49,2028-05-27,2023,EuroLeague,Bayern Munich,10396,153.3,1651,1582
Valencia,ASVEL,79,80,2.27,1.79,2028-05-29,2023,EuroLeague,Valencia,12701,167.0,1598,1639
Milano,Real Madrid,80,76,2.57,1.64,2028-05-31,2023,EuroLeague,Milano,14801,163.8,1581,1659
Partizan,Barcelona,76,92,2.76,1.57,2028-06-02,2023,EuroLeague,Partizan,14054,176.4,1532,1630
ASVEL,Fenerbahçe,64,60,1.65,2.55,2028-06-04,2023,EuroLeague,ASVEL,10534,130.2,1663,1587
Real Madrid,Olympiacos,83,79,1.87,2.15,2028-06-06,2023,EuroLeague,Real Madrid,11155,170.1,1580,1556
Barcelona,CSKA Moscow,69,97,3.14,1.47,2028-06-08,2023,EuroLeague,Barcelona,10538,174.3,1521,1653
Fenerbahçe,Maccabi Tel Aviv,78,73,2.22,1.82,2028-06-10,2023,EuroLeague,Fenerbahçe,9803,158.6,1629,1663
Olympiacos,Baskonia,60,84,2.28,1.78,2028-06-12,2023,EuroLeague,Olympiacos,13303,151.2,1653,1696
CSKA Moscow,Anadolu Efes,82,60,1.71,2.41,2028-06-14,2023,EuroLeague,CSKA Moscow,13896,149.1,1638,1578
Maccabi Tel Aviv,Panathinaikos,66,68,1.7,2.42,2028-06-16,2023,EuroLeague,Maccabi Tel Aviv,14643,140.7,1565,1504
Baskonia,Zalgiris Kaunas,85,60,1.66,2.5,2028-06-18,2023,EuroLeague,Baskonia,11812,152.2,1689,1618
Anadolu Efes,Bayern Munich,79,80,1.85,2.17,2028-06-20,2023,EuroLeague,Anadolu Efes,9392,167.0,1542,1514
Panathinaikos,Valencia,85,66,2.84,1.54,2028-06-22,2023,EuroLeague,Panathinaikos,11644,158.6,1584,1690
Zalgiris Kaunas,Milano,64,72,1.69,2.45,2028-06-24,2023,EuroLeague,Zalgiris Kaunas,11633,142.8,1664,1600
Bayern Munich,Partizan,88,80,1.69,2.45,2028-06-26,2023,EuroLeague,Bayern Munich,13349,176.4,1687,1623
Valencia,ASVEL,91,81,2.54,1.65,2028-06-28,2023,EuroLeague,Valencia,10456,180.6,1525,1600
Milano,Real Madrid,95,60,1.52,2.94,2028-06-30,2023,EuroLeague,Milano,12386,162.8,1638,1523
Partizan,Barcelona,75,64,1.6,2.68,2028-07-02,2023,EuroLeague,Partizan,9348,146.0,1659,1569
ASVEL,Fenerbahçe,75,83,1.79,2.27,2028-07-04,2023,EuroLeague,ASVEL,12275,165.9,1541,1500
Real Madrid,Olympiacos,60,84,1.86,2.17,2028-07-06,2023,EuroLeague,Real Madrid,13494,151.2,1635,1608
Barcelona,CSKA Moscow,60,80,2.08,1.93,2028-07-08,2023,EuroLeague,Barcelona,10586,147.0,1537,1550
Fenerbahçe,Maccabi Tel Aviv,84,69,1.47,3.14,2028-07-10,2023,EuroLeague,Fenerbahçe,12999,160.7,1651,1519
Olympiacos,Baskonia,64,94,2.11,1.9,2028-07-12,2023,EuroLeague,Olympiacos,13348,165.9,1650,1668
CSKA Moscow,Anadolu Efes,83,88,2.15,1.87,2028-07-14,2023,EuroLeague,CSKA Moscow,12676,179.6,1612,1637
Maccabi Tel Aviv,Panathinaikos,71,75,2.26,1.79,2028-07-16,2023,EuroLeague,Maccabi Tel Aviv,9877,153.3,1535,1575
Baskonia,Zalgiris Kaunas,96,70,2.38,1.72,2028-07-18,2023,EuroLeague,Baskonia,12448,174.3,1598,1654
Anadolu Efes,Bayern Munich,82,60,1.45,3.23,2028-07-20,2023,EuroLeague,Anadolu Efes,10505,149.1,1688,1549
Panathinaikos,Valencia,94,79,1.73,2.37,2028-07-22,2023,EuroLeague,Panathinaikos,11516,181.7,1652,1597
Zalgiris Kaunas,Milano,62,79,3.59,1.39,2028-07-24,2023,EuroLeague,Zalgiris Kaunas,12574,148.1,1511,1676
Bayern Munich,Partizan,97,80,1.73,2.36,2028-07-26,2023,EuroLeague,Bayern Munich,14332,185.8,1662,1608
Valencia,ASVEL,66,79,1.57,2.75,2028-07-28,2023,EuroLeague,Valencia,10761,152.2,1653,1556
Milano,Real Madrid,65,60,1.41,3.43,2028-07-30,2023,EuroLeague,Milano,11913,131.2,1658,1504
Partizan,Barcelona,79,62,1.45,3.23,2028-08-01,2023,EuroLeague,Partizan,12315,148.1,1690,1551
ASVEL,Fenerbahçe,96,79,2.87,1.53,2028-08-03,2023,EuroLeague,ASVEL,10032,183.8,1504,1613
Real Madrid,Olympiacos,72,91,2.38,1.72,2028-08-05,2023,EuroLeague,Real Madrid,9081,171.2,1610,1666
Barcelona,CSKA Moscow,74,88,2.05,1.95,2028-08-07,2023,EuroLeague,Barcelona,12352,170.1,1573,1582
Fenerbahçe,Maccabi Tel Aviv,60,92,3.13,1.47,2028-08-09,2023,EuroLeague,Fenerbahçe,10474,159.6,1536,1667
Olympiacos,Baskonia,75,60,1.99,2.01,2028-08-11,2023,EuroLeague,Olympiacos,11129,141.8,1503,1502
CSKA Moscow,Anadolu Efes,67,111,2.2,1.84,2028-08-13,2023,EuroLeague,CSKA Moscow,10588,186.9,1628,1659
Maccabi Tel Aviv,Panathinaikos,87,84,2.48,1.68,2028-08-15,2023,EuroLeague,Maccabi Tel Aviv,13515,179.6,1603,1671
Baskonia,Zalgiris Kaunas,79,68,2.2,1.84,2028-08-17,2023,EuroLeague,Baskonia,9362,154.3,1591,1622
Anadolu Efes,Bayern Munich,74,72,1.75,2.33,2028-08-19,2023,EuroLeague,Anadolu Efes,9806,153.3,1572,1523
Panathinaikos,Valencia,76,90,2.81,1.55,2028-08-21,2023,EuroLeague,Panathinaikos,11173,174.3,1567,1670
Zalgiris Kaunas,Milano,70,82,2.49,1.67,2028-08-23,2023,EuroLeague,Zalgiris Kaunas,14039,159.6,1587,1656
Bayern Munich,Partizan,81,85,2.32,1.76,2028-08-25,2023,EuroLeague,Bayern Munich,10225,174.3,1616,1664
Valencia,ASVEL,69,80,2.12,1.89,2028-08-27,2023,EuroLeague,Valencia,10071,156.5,1651,1671
Milano,Real Madrid,74,84,2.14,1.88,2028-08-29,2023,EuroLeague,Milano,11608,165.9,1522,1545
Partizan,Barcelona,77,71,2.12,1.9,2028-08-31,2023,EuroLeague,Partizan,10737,155.4,1521,1540
ASVEL,Fenerbahçe,63,72,2.43,1.7,2028-09-02,2023,EuroLeague,ASVEL,9107,141.8,1568,1630
Real Madrid,Olympiacos,86,71,1.79,2.27,2028-09-04,2023,EuroLeague,Real Madrid,9011,164.8,1688,1647
Barcelona,CSKA Moscow,91,66,1.5,3.0,2028-09-06,2023,EuroLeague,Barcelona,11050,164.8,1668,1548
Fenerbahçe,Maccabi Tel Aviv,86,69,1.66,2.51,2028-09-08,2023,EuroLeague,Fenerbahçe,10854,162.8,1616,1544
Olympiacos,Baskonia,79,81,1.95,1.95,2028-09-10,2023,EuroLeague,Olympiacos,9081,168.0,1543,1543
CSKA Moscow,Anadolu Efes,77,60,1.98,2.02,2028-09-12,2023,EuroLeague,CSKA Moscow,11338,143.8,1615,1611
Maccabi Tel Aviv,Panathinaikos,75,70,1.87,2.15,2028-09-14,2023,EuroLeague,Maccabi Tel Aviv,9520,152.2,1685,1660
Baskonia,Zalgiris Kaunas,97,70,2.49,1.67,2028-09-16,2023,EuroLeague,Baskonia,9625,175.3,1571,1640
Anadolu Efes,Bayern Munich,69,82,2.14,1.88,2028-09-18,2023,EuroLeague,Anadolu Efes,9035,158.6,1550,1572
Panathinaikos,Valencia,61,73,2.07,1.94,2028-09-20,2023,EuroLeague,Panathinaikos,12626,140.7,1612,1623
Zalgiris Kaunas,Milano,81,60,1.55,2.81,2028-09-22,2023,EuroLeague,Zalgiris Kaunas,13843,148.1,1666,1563
Bayern Munich,Partizan,65,98,1.76,2.32,2028-09-24,2023,EuroLeague,Bayern Munich,12805,171.2,1633,1585
Valencia,ASVEL,110,64,1.97,2.03,2028-09-26,2023,EuroLeague,Valencia,12530,182.7,1586,1581
Milano,Real Madrid,92,73,1.54,2.86,2028-09-28,2023,EuroLeague,Milano,9317,173.2,1626,1518
Partizan,Barcelona,88,92,1.98,2.02,2028-09-30,2023,EuroLeague,Partizan,11552,189.0,1558,1554
ASVEL,Fenerbahçe,79,69,1.73,2.36,2028-10-02,2023,EuroLeague,ASVEL,13826,155.4,1641,1587
Real Madrid,Olympiacos,84,105,3.07,1.48,2028-10-04,2023,EuroLeague,Real Madrid,11940,198.5,1518,1644
Barcelona,CSKA Moscow,68,83,2.12,1.9,2028-10-06,2023,EuroLeague,Barcelona,12984,158.6,1549,1568
Fenerbahçe,Maccabi Tel Aviv,93,68,1.6,2.68,2028-10-08,2023,EuroLeague,Fenerbahçe,14662,169.1,1611,1521
Olympiacos,Baskonia,64,74,1.41,3.47,2028-10-10,2023,EuroLeague,Olympiacos,9789,144.9,1668,1511
CSKA Moscow,Anadolu Efes,90,73,2.81,1.55,2028-10-12,2023,EuroLeague,CSKA Moscow,10659,171.2,1578,1681
Maccabi Tel Aviv,Panathinaikos,94,60,2.27,1.79,2028-10-14,2023,EuroLeague,Maccabi Tel Aviv,12825,161.7,1647,1689
Baskonia,Zalgiris Kaunas,75,67,1.62,2.61,2028-10-16,2023,EuroLeague,Baskonia,14970,149.1,1587,1504
Anadolu Efes,Bayern Munich,71,89,2.94,1.52,2028-10-18,2023,EuroLeague,Anadolu Efes,14507,168.0,1565,1680
Panathinaikos,Valencia,60,68,2.52,1.66,2028-10-20,2023,EuroLeague,Panathinaikos,10270,134.4,1600,1673
Zalgiris Kaunas,Milano,72,69,1.67,2.5,2028-10-22,2023,EuroLeague,Zalgiris Kaunas,10749,148.1,1652,1582
Bayern Munich,Partizan,76,79,1.77,2.3,2028-10-24,2023,EuroLeague,Bayern Munich,13771,162.8,1585,1539
Valencia,ASVEL,83,61,1.88,2.14,2028-10-26,2023,EuroLeague,Valencia,9192,151.2,1546,1523
Milano,Real Madrid,70,71,2.01,1.99,2028-10-28,2023,EuroLeague,Milano,9922,148.1,1648,1650
Partizan,Barcelona,93,82,3.34,1.43,2028-10-30,2023,EuroLeague,Partizan,9280,183.8,1550,1698
ASVEL,Fenerbahçe,91,68,2.55,1.65,2028-11-01,2023,EuroLeague,ASVEL,14528,167.0,1509,1585
Real Madrid,Olympiacos,69,98,3.39,1.42,2028-11-03,2023,EuroLeague,Real Madrid,10826,175.3,1506,1657
Barcelona,CSKA Moscow,97,72,1.56,2.8,2028-11-05,2023,EuroLeague,Barcelona,14465,177.5,1654,1552
Fenerbahçe,Maccabi Tel Aviv,90,70,2.15,1.87,2028-11-07,2023,EuroLeague,Fenerbahçe,13953,168.0,1640,1664
Olympiacos,Baskonia,94,81,1.93,2.08,2028-11-09,2023,EuroLeague,Olympiacos,11783,183.8,1533,1520
CSKA Moscow,Anadolu Efes,76,77,1.8,2.25,2028-11-11,2023,EuroLeague,CSKA Moscow,9433,160.7,1596,1557
Maccabi Tel Aviv,Panathinaikos,89,83,1.82,2.22,2028-11-13,2023,EuroLeague,Maccabi Tel Aviv,12421,180.6,1589,1554
Baskonia,Zalgiris Kaunas,92,83,1.94,2.07,2028-11-15,2023,EuroLeague,Baskonia,13251,183.8,1624,1613
Anadolu Efes,Bayern Munich,67,67,1.95,2.05,2028-11-17,2023,EuroLeague,Anadolu Efes,14845,140.7,1662,1654
Panathinaikos,Valencia,74,72,2.5,1.66,2028-11-19,2023,EuroLeague,Panathinaikos,10284,153.3,1529,1600
Zalgiris Kaunas,Milano,80,92,2.59,1.63,2028-11-21,2023,EuroLeague,Zalgiris Kaunas,11194,180.6,1557,1638
Bayern Munich,Partizan,71,60,3.1,1.48,2028-11-23,2023,EuroLeague,Bayern Munich,11423,137.6,1538,1667
Valencia,ASVEL,62,104,3.0,1.5,2028-11-25,2023,EuroLeague,Valencia,13318,174.3,1545,1665
Milano,Real Madrid,93,77,1.95,2.05,2028-11-27,2023,EuroLeague,Milano,10604,178.5,1588,1579
Partizan,Barcelona,75,83,1.93,2.08,2028-11-29,2023,EuroLeague,Partizan,14012,165.9,1592,1579
ASVEL,Fenerbahçe,70,78,2.01,1.99,2028-12-01,2023,EuroLeague,ASVEL,14192,155.4,1569,1570
Real Madrid,Olympiacos,77,99,1.94,2.07,2028-12-03,2023,EuroLeague,Real Madrid,12210,184.8,1552,1541
Barcelona,CSKA Moscow,78,79,2.18,1.85,2028-12-05,2023,EuroLeague,Barcelona,11809,164.8,1532,1561
Fenerbahçe,Maccabi Tel Aviv,67,64,1.63,2.59,2028-12-07,2023,EuroLeague,Fenerbahçe,11874,137.6,1689,1608
Olympiacos,Baskonia,96,95,2.62,1.62,2028-12-09,2023,EuroLeague,Olympiacos,9317,200.6,1585,1669
CSKA Moscow,Anadolu Efes,60,80,2.86,1.54,2028-12-11,2023,EuroLeague,CSKA Moscow,11484,147.0,1517,1625
Maccabi Tel Aviv,Panathinaikos,60,78,1.68,2.47,2028-12-13,2023,EuroLeague,Maccabi Tel Aviv,14493,144.9,1647,1580
Baskonia,Zalgiris Kaunas,84,93,2.12,1.89,2028-12-15,2023,EuroLeague,Baskonia,11027,185.8,1633,1653
Anadolu Efes,Bayern Munich,84,75,2.45,1.69,2028-12-17,2023,EuroLeague,Anadolu Efes,10194,167.0,1591,1655
Panathinaikos,Valencia,69,80,1.48,3.07,2028-12-19,2023,EuroLeague,Panathinaikos,11454,156.5,1689,1563
Zalgiris Kaunas,Milano,62,80,1.53,2.88,2028-12-21,2023,EuroLeague,Zalgiris Kaunas,14722,149.1,1610,1500
Bayern Munich,Partizan,73,84,2.7,1.59,2028-12-23,2023,EuroLeague,Bayern Munich,12660,164.8,1538,1630
Valencia,ASVEL,65,99,3.44,1.41,2028-12-25,2023,EuroLeague,Valencia,9734,172.2,1530,1685
Milano,Real Madrid,73,102,1.5,3.01,2028-12-27,2023,EuroLeague,Milano,11267,183.8,1691,1570
Partizan,Barcelona,82,68,2.37,1.73,2028-12-29,2023,EuroLeague,Partizan,11902,157.5,1581,1636
ASVEL,Fenerbahçe,77,86,1.78,2.28,2028-12-31,2023,EuroLeague,ASVEL,11742,171.2,1611,1568
Real Madrid,Olympiacos,60,77,2.62,1.62,2029-01-02,2023,EuroLeague,Real Madrid,11983,143.8,1591,1675
Barcelona,CSKA Moscow,77,80,2.58,1.63,2029-01-04,2023,EuroLeague,Barcelona,11386,164.8,1617,1696
Fenerbahçe,Maccabi Tel Aviv,91,72,1.91,2.1,2029-01-06,2023,EuroLeague,Fenerbahçe,11257,171.2,1666,1649
Olympiacos,Baskonia,91,62,1.54,2.85,2029-01-08,2023,EuroLeague,Olympiacos,13896,160.7,1658,1551
CSKA Moscow,Anadolu Efes,75,91,2.63,1.61,2029-01-10,2023,EuroLeague,CSKA Moscow,10097,174.3,1587,1672
Maccabi Tel Aviv,Panathinaikos,79,68,1.67,2.49,2029-01-12,2023,EuroLeague,Maccabi Tel Aviv,10651,154.3,1660,1591
Baskonia,Zalgiris Kaunas,88,61,1.39,3.57,2029-01-14,2023,EuroLeague,Baskonia,11941,156.5,1680,1516
Anadolu Efes,Bayern Munich,72,79,2.05,1.95,2029-01-16,2023,EuroLeague,Anadolu Efes,13628,158.6,1607,1615
Panathinaikos,Valencia,69,78,1.8,2.24,2029-01-18,2023,EuroLeague,Panathinaikos,13164,154.3,1563,1525
Zalgiris Kaunas,Milano,103,77,1.48,3.07,2029-01-20,2023,EuroLeague,Zalgiris Kaunas,12343,189.0,1644,1518
Bayern Munich,Partizan,84,81,2.33,1.75,2029-01-22,2023,EuroLeague,Bayern Munich,12081,173.2,1603,1653
Valencia,ASVEL,95,65,1.63,2.58,2029-01-24,2023,EuroLeague,Valencia,10888,168.0,1622,1543
Milano,Real Madrid,84,78,1.76,2.32,2029-01-26,2023,EuroLeague,Milano,9473,170.1,1591,1543
Partizan,Barcelona,65,68,2.06,1.94,2029-01-28,2023,EuroLeague,Partizan,9327,139.7,1582,1592
ASVEL,Fenerbahçe,78,76,1.48,3.09,2029-01-30,2023,EuroLeague,ASVEL,11113,161.7,1659,1531
Real Madrid,Olympiacos,60,86,2.68,1.6,2029-02-01,2023,EuroLeague,Real Madrid,10134,153.3,1507,1597
Barcelona,CSKA Moscow,88,60,1.79,2.27,2029-02-03,2023,EuroLeague,Barcelona,12266,155.4,1648,1607
Fenerbahçe,Maccabi Tel Aviv,68,67,1.53,2.89,2029-02-05,2023,EuroLeague,Fenerbahçe,10355,141.8,1691,1580
Olympiacos,Baskonia,74,62,1.98,2.02,2029-02-07,2023,EuroLeague,Olympiacos,14970,142.8,1575,1571
CSKA Moscow,Anadolu Efes,60,78,1.55,2.82,2029-02-09,2023,EuroLeague,CSKA Moscow,13916,144.9,1680,1576
Maccabi Tel Aviv,Panathinaikos,86,81,1.84,2.19,2029-02-11,2023,EuroLeague,Maccabi Tel Aviv,14746,175.3,1675,1645
Baskonia,Zalgiris Kaunas,75,66,3.44,1.41,2029-02-13,2023,EuroLeague,Baskonia,10153,148.1,1527,1682
Anadolu Efes,Bayern Munich,87,67,1.45,3.24,2029-02-15,2023,EuroLeague,Anadolu Efes,12712,161.7,1644,1504
Panathinaikos,Valencia,95,80,1.95,1.95,2029-02-17,2023,EuroLeague,Panathinaikos,11788,183.8,1622,1622
Zalgiris Kaunas,Milano,62,83,1.81,2.24,2029-02-19,2023,EuroLeague,Zalgiris Kaunas,14228,152.2,1590,1553
Bayern Munich,Partizan,101,71,1.8,2.24,2029-02-21,2023,EuroLeague,Bayern Munich,10865,180.6,1595,1557
Valencia,ASVEL,110,89,1.41,3.44,2029-02-23,2023,EuroLeague,Valencia,14509,209.0,1673,1518
Milano,Real Madrid,75,86,3.8,1.36,2029-02-25,2023,EuroLeague,Milano,14155,169.1,1518,1697
Partizan,Barcelona,99,89,2.14,1.88,2029-02-27,2023,EuroLeague,Partizan,11677,197.4,1599,1621
ASVEL,Fenerbahçe,85,60,2.28,1.78,2029-03-01,2023,EuroLeague,ASVEL,10848,152.2,1645,1688
Real Madrid,Olympiacos,79,60,1.8,2.24,2029-03-03,2023,EuroLeague,Real Madrid,14801,146.0,1682,1644
Barcelona,CSKA Moscow,66,73,1.95,1.95,2029-03-05,2023,EuroLeague,Barcelona,11146,146.0,1601,1601
Fenerbahçe,Maccabi Tel Aviv,91,67,2.85,1.54,2029-03-07,2023,EuroLeague,Fenerbahçe,14477,165.9,1575,1682
Olympiacos,Baskonia,67,88,2.82,1.55,2029-03-09,2023,EuroLeague,Olympiacos,12412,162.8,1514,1618
CSKA Moscow,Anadolu Efes,78,60,2.15,1.87,2029-03-11,2023,EuroLeague,CSKA Moscow,12392,144.9,1528,1552
Maccabi Tel Aviv,Panathinaikos,75,96,2.68,1.6,2029-03-13,2023,EuroLeague,Maccabi Tel Aviv,13038,179.6,1511,1601
Baskonia,Zalgiris Kaunas,63,79,3.03,1.49,2029-03-15,2023,EuroLeague,Baskonia,14255,149.1,1524,1647
Anadolu Efes,Bayern Munich,77,91,2.48,1.68,2029-03-17,2023,EuroLeague,Anadolu Efes,11005,176.4,1632,1700
Panathinaikos,Valencia,62,96,2.29,1.78,2029-03-19,2023,EuroLeague,Panathinaikos,11078,165.9,1585,1629
Zalgiris Kaunas,Milano,79,82,1.43,3.33,2029-03-21,2023,EuroLeague,Zalgiris Kaunas,11659,169.1,1667,1520
Real Madrid,Olympiacos,81,80,1.58,2.72,2024-10-01,2024,EuroLeague,Real Madrid,10422,169.1,1641,1547
Barcelona,CSKA Moscow,60,90,1.99,2.01,2024-10-03,2024,EuroLeague,Barcelona,10482,157.5,1519,1517
Fenerbahçe,Maccabi Tel Aviv,69,64,3.03,1.49,2024-10-05,2024,EuroLeague,Fenerbahçe,12223,139.7,1552,1675
Olympiacos,Baskonia,87,89,3.01,1.5,2024-10-07,2024,EuroLeague,Olympiacos,12614,184.8,1536,1657
CSKA Moscow,Anadolu Efes,60,67,1.78,2.28,2024-10-09,2024,EuroLeague,CSKA Moscow,14664,133.3,1664,1621
Maccabi Tel Aviv,Panathinaikos,79,65,1.52,2.93,2024-10-11,2024,EuroLeague,Maccabi Tel Aviv,9552,151.2,1631,1517
Baskonia,Zalgiris Kaunas,93,84,2.17,1.85,2024-10-13,2024,EuroLeague,Baskonia,13578,185.8,1604,1632
Anadolu Efes,Bayern Munich,93,79,1.83,2.2,2024-10-15,2024,EuroLeague,Anadolu Efes,11181,180.6,1664,1632
Panathinaikos,Valencia,93,74,1.39,3.56,2024-10-17,2024,EuroLeague,Panathinaikos,10331,175.3,1685,1522
Zalgiris Kaunas,Milano,65,60,2.36,1.73,2024-10-19,2024,EuroLeague,Zalgiris Kaunas,10372,131.2,1532,1586
Bayern Munich,Partizan,68,83,2.79,1.56,2024-10-21,2024,EuroLeague,Bayern Munich,13003,158.6,1549,1650
Valencia,ASVEL,76,73,1.63,2.58,2024-10-23,2024,EuroLeague,Valencia,13833,156.5,1653,1574
Milano,Real Madrid,75,71,3.21,1.45,2024-10-25,2024,EuroLeague,Milano,12240,153.3,1561,1699
Partizan,Barcelona,93,72,1.61,2.63,2024-10-27,2024,EuroLeague,Partizan,13056,173.2,1645,1560
ASVEL,Fenerbahçe,87,75,2.36,1.74,2024-10-29,2024,EuroLeague,ASVEL,11711,170.1,1522,1575
Real Madrid,Olympiacos,83,69,1.81,2.24,2024-10-31,2024,EuroLeague,Real Madrid,12837,159.6,1552,1515
Barcelona,CSKA Moscow,63,86,1.67,2.5,2024-11-02,2024,EuroLeague,Barcelona,9860,156.5,1612,1542
Fenerbahçe,Maccabi Tel Aviv,63,76,1.71,2.41,2024-11-04,2024,EuroLeague,Fenerbahçe,14174,146.0,1586,1526
Olympiacos,Baskonia,61,79,3.3,1.43,2024-11-06,2024,EuroLeague,Olympiacos,13680,147.0,1544,1689
CSKA Moscow,Anadolu Efes,88,120,3.3,1.43,2024-11-08,2024,EuroLeague,CSKA Moscow,14187,218.4,1506,1651
Maccabi Tel Aviv,Panathinaikos,67,80,1.84,2.2,2024-11-10,2024,EuroLeague,Maccabi Tel Aviv,9790,154.3,1543,1512
Baskonia,Zalgiris Kaunas,86,60,1.33,3.99,2024-11-12,2024,EuroLeague,Baskonia,14550,153.3,1696,1506
Anadolu Efes,Bayern Munich,76,70,1.64,2.56,2024-11-14,2024,EuroLeague,Anadolu Efes,11216,153.3,1685,1608
Panathinaikos,Valencia,71,101,2.23,1.81,2024-11-16,2024,EuroLeague,Panathinaikos,12208,180.6,1546,1582
Zalgiris Kaunas,Milano,100,65,1.6,2.67,2024-11-18,2024,EuroLeague,Zalgiris Kaunas,10461,173.2,1626,1537
Bayern Munich,Partizan,95,96,1.52,2.93,2024-11-20,2024,EuroLeague,Bayern Munich,9293,200.6,1668,1554
Valencia,ASVEL,85,62,1.7,2.44,2024-11-22,2024,EuroLeague,Valencia,10345,154.3,1569,1506
Milano,Real Madrid,82,69,2.64,1.61,2024-11-24,2024,EuroLeague,Milano,14266,158.6,1588,1674
Partizan,Barcelona,77,74,2.17,1.86,2024-11-26,2024,EuroLeague,Partizan,9453,158.6,1600,1627
ASVEL,Fenerbahçe,79,67,3.72,1.37,2024-11-28,2024,EuroLeague,ASVEL,12451,153.3,1521,1695
Real Madrid,Olympiacos,74,67,2.47,1.68,2024-11-30,2024,EuroLeague,Real Madrid,10940,148.1,1506,1573
Barcelona,CSKA Moscow,89,88,2.14,1.88,2024-12-02,2024,EuroLeague,Barcelona,13169,185.8,1534,1557
Fenerbahçe,Maccabi Tel Aviv,88,77,2.46,1.68,2024-12-04,2024,EuroLeague,Fenerbahçe,13834,173.2,1501,1567
Olympiacos,Baskonia,85,67,2.16,1.86,2024-12-06,2024,EuroLeague,Olympiacos,13419,159.6,1660,1686
CSKA Moscow,Anadolu Efes,69,79,1.79,2.27,2024-12-08,2024,EuroLeague,CSKA Moscow,11549,155.4,1595,1553
Maccabi Tel Aviv,Panathinaikos,76,77,2.13,1.89,2024-12-10,2024,EuroLeague,Maccabi Tel Aviv,14761,160.7,1623,1644
Baskonia,Zalgiris Kaunas,71,96,2.75,1.57,2024-12-12,2024,EuroLeague,Baskonia,10600,175.3,1505,1602
Anadolu Efes,Bayern Munich,83,68,1.45,3.24,2024-12-14,2024,EuroLeague,Anadolu Efes,10077,158.6,1683,1543
Panathinaikos,Valencia,87,73,2.07,1.93,2024-12-16,2024,EuroLeague,Panathinaikos,14417,168.0,1637,1649
Zalgiris Kaunas,Milano,71,72,1.38,3.62,2024-12-18,2024,EuroLeague,Zalgiris Kaunas,14001,150.2,1673,1506
Bayern Munich,Partizan,73,73,2.09,1.92,2024-12-20,2024,EuroLeague,Bayern Munich,12877,153.3,1521,1536
Valencia,ASVEL,68,75,2.82,1.55,2024-12-22,2024,EuroLeague,Valencia,13906,150.2,1526,1630
Milano,Real Madrid,60,97,2.52,1.66,2024-12-24,2024,EuroLeague,Milano,10784,164.8,1600,1673
Partizan,Barcelona,78,64,1.66,2.51,2024-12-26,2024,EuroLeague,Partizan,10080,149.1,1643,1571
ASVEL,Fenerbahçe,79,86,2.64,1.61,2024-12-28,2024,EuroLeague,ASVEL,11244,173.2,1511,1597
Real Madrid,Olympiacos,72,60,1.41,3.41,2024-12-30,2024,EuroLeague,Real Madrid,14227,138.6,1680,1527
Barcelona,CSKA Moscow,93,66,1.51,2.96,2025-01-01,2024,EuroLeague,Barcelona,9991,167.0,1649,1532
Fenerbahçe,Maccabi Tel Aviv,67,65,2.17,1.86,2025-01-03,2024,EuroLeague,Fenerbahçe,10971,138.6,1538,1565
Olympiacos,Baskonia,81,78,2.01,1.99,2025-01-05,2024,EuroLeague,Olympiacos,10631,167.0,1625,1627
CSKA Moscow,Anadolu Efes,70,73,2.22,1.82,2025-01-07,2024,EuroLeague,CSKA Moscow,12868,150.2,1522,1556
Maccabi Tel Aviv,Panathinaikos,92,83,3.01,1.5,2025-01-09,2024,EuroLeague,Maccabi Tel Aviv,12859,183.8,1512,1633
Baskonia,Zalgiris Kaunas,71,81,1.85,2.17,2025-01-11,2024,EuroLeague,Baskonia,10953,159.6,1635,1607
Anadolu Efes,Bayern Munich,97,69,1.9,2.12,2025-01-13,2024,EuroLeague,Anadolu Efes,13606,174.3,1640,1621
Panathinaikos,Valencia,90,88,1.52,2.92,2025-01-15,2024,EuroLeague,Panathinaikos,9695,186.9,1653,1540
Zalgiris Kaunas,Milano,73,71,2.17,1.86,2025-01-17,2024,EuroLeague,Zalgiris Kaunas,10584,151.2,1663,1690
Bayern Munich,Partizan,88,99,2.01,1.99,2025-01-19,2024,EuroLeague,Bayern Munich,11435,196.3,1580,1582
Valencia,ASVEL,86,93,1.6,2.68,2025-01-21,2024,EuroLeague,Valencia,14294,188.0,1636,1546
Milano,Real Madrid,79,61,3.36,1.42,2025-01-23,2024,EuroLeague,Milano,11795,147.0,1506,1655
Partizan,Barcelona,81,114,2.15,1.87,2025-01-25,2024,EuroLeague,Partizan,10759,204.8,1537,1562
ASVEL,Fenerbahçe,62,85,1.8,2.25,2025-01-27,2024,EuroLeague,ASVEL,11951,154.3,1630,1591
Real Madrid,Olympiacos,73,83,2.58,1.63,2025-01-29,2024,EuroLeague,Real Madrid,9458,163.8,1585,1664
Barcelona,CSKA Moscow,102,69,3.44,1.41,2025-01-31,2024,EuroLeague,Barcelona,13749,179.6,1516,1671
Fenerbahçe,Maccabi Tel Aviv,84,72,1.56,2.78,2025-02-02,2024,EuroLeague,Fenerbahçe,11132,163.8,1672,1572
Olympiacos,Baskonia,76,106,1.62,2.62,2025-02-04,2024,EuroLeague,Olympiacos,13086,191.1,1668,1584
CSKA Moscow,Anadolu Efes,80,62,1.46,3.18,2025-02-06,2024,EuroLeague,CSKA Moscow,12611,149.1,1689,1554
Maccabi Tel Aviv,Panathinaikos,88,79,2.34,1.75,2025-02-08,2024,EuroLeague,Maccabi Tel Aviv,11914,175.3,1635,1686
Baskonia,Zalgiris Kaunas,95,83,1.95,1.95,2025-02-10,2024,EuroLeague,Baskonia,9605,186.9,1511,1511
Anadolu Efes,Bayern Munich,60,70,2.42,1.7,2025-02-12,2024,EuroLeague,Anadolu Efes,9048,136.5,1530,1591
Panathinaikos,Valencia,81,64,1.77,2.3,2025-02-14,2024,EuroLeague,Panathinaikos,12744,152.2,1581,1536
Zalgiris Kaunas,Milano,89,78,1.55,2.83,2025-02-16,2024,EuroLeague,Zalgiris Kaunas,14629,175.3,1697,1592
Bayern Munich,Partizan,74,89,2.76,1.57,2025-02-18,2024,EuroLeague,Bayern Munich,14473,171.2,1578,1676
Valencia,ASVEL,91,73,1.98,2.02,2025-02-20,2024,EuroLeague,Valencia,13657,172.2,1590,1587
Milano,Real Madrid,85,115,3.77,1.36,2025-02-22,2024,EuroLeague,Milano,13465,210.0,1522,1699
Partizan,Barcelona,81,94,2.92,1.52,2025-02-24,2024,EuroLeague,Partizan,9923,183.8,1543,1656
ASVEL,Fenerbahçe,101,77,2.06,1.94,2025-02-26,2024,EuroLeague,ASVEL,12501,186.9,1611,1621
Real Madrid,Olympiacos,102,87,2.08,1.93,2025-02-28,2024,EuroLeague,Real Madrid,14939,198.5,1672,1685
Barcelona,CSKA Moscow,60,60,2.22,1.82,2025-03-02,2024,EuroLeague,Barcelona,10097,126.0,1577,1612
Fenerbahçe,Maccabi Tel Aviv,95,65,1.56,2.79,2025-03-04,2024,EuroLeague,Fenerbahçe,10097,168.0,1683,1582
Olympiacos,Baskonia,64,88,3.03,1.49,2025-03-06,2024,EuroLeague,Olympiacos,14733,159.6,1575,1698
CSKA Moscow,Anadolu Efes,69,76,2.94,1.52,2025-03-08,2024,EuroLeague,CSKA Moscow,10277,152.2,1573,1688
Maccabi Tel Aviv,Panathinaikos,84,91,1.9,2.12,2025-03-10,2024,EuroLeague,Maccabi Tel Aviv,13302,183.8,1694,1675
Baskonia,Zalgiris Kaunas,85,89,2.36,1.74,2025-03-12,2024,EuroLeague,Baskonia,11615,182.7,1574,1627
Anadolu Efes,Bayern Munich,67,92,2.2,1.83,2025-03-14,2024,EuroLeague,Anadolu Efes,13280,167.0,1506,1538
Panathinaikos,Valencia,70,67,2.35,1.74,2025-03-16,2024,EuroLeague,Panathinaikos,9248,143.8,1581,1633
Zalgiris Kaunas,Milano,92,63,1.71,2.41,2025-03-18,2024,EuroLeague,Zalgiris Kaunas,12893,162.8,1651,1591
Bayern Munich,Partizan,80,75,2.01,1.99,2025-03-20,2024,EuroLeague,Bayern Munich,14875,162.8,1554,1556
Valencia,ASVEL,84,90,1.85,2.18,2025-03-22,2024,EuroLeague,Valencia,12116,182.7,1534,1505
Milano,Real Madrid,96,75,1.49,3.04,2025-03-24,2024,EuroLeague,Milano,11683,179.6,1659,1535
Partizan,Barcelona,66,90,2.56,1.64,2025-03-26,2024,EuroLeague,Partizan,12121,163.8,1546,1623
ASVEL,Fenerbahçe,89,74,1.4,3.53,2025-03-28,2024,EuroLeague,ASVEL,11637,171.2,1675,1514
Real Madrid,Olympiacos,90,89,2.4,1.72,2025-03-30,2024,EuroLeague,Real Madrid,9405,188.0,1619,1677
Barcelona,CSKA Moscow,80,91,2.24,1.81,2025-04-01,2024,EuroLeague,Barcelona,13711,179.6,1554,1591
Fenerbahçe,Maccabi Tel Aviv,72,79,2.67,1.6,2025-04-03,2024,EuroLeague,Fenerbahçe,9177,158.6,1549,1638
Olympiacos,Baskonia,69,108,2.4,1.71,2025-04-05,2024,EuroLeague,Olympiacos,11500,185.8,1568,1627
CSKA Moscow,Anadolu Efes,82,63,1.72,2.4,2025-04-07,2024,EuroLeague,CSKA Moscow,13235,152.2,1671,1613
Maccabi Tel Aviv,Panathinaikos,91,79,1.4,3.53,2025-04-09,2024,EuroLeague,Maccabi Tel Aviv,13638,178.5,1673,1512
Baskonia,Zalgiris Kaunas,80,83,1.68,2.48,2025-04-11,2024,EuroLeague,Baskonia,11716,171.2,1687,1619
Anadolu Efes,Bayern Munich,95,95,2.68,1.6,2025-04-13,2024,EuroLeague,Anadolu Efes,13625,199.5,1578,1668
Panathinaikos,Valencia,86,77,2.02,1.98,2025-04-15,2024,EuroLeague,Panathinaikos,14578,171.2,1556,1560
Zalgiris Kaunas,Milano,89,63,1.66,2.51,2025-04-17,2024,EuroLeague,Zalgiris Kaunas,14680,159.6,1671,1599
Bayern Munich,Partizan,87,97,2.28,1.78,2025-04-19,2024,EuroLeague,Bayern Munich,12072,193.2,1617,1660
Valencia,ASVEL,81,60,1.45,3.21,2025-04-21,2024,EuroLeague,Valencia,13610,148.1,1643,1505
Milano,Real Madrid,60,84,1.84,2.2,2025-04-23,2024,EuroLeague,Milano,11644,151.2,1695,1664
Partizan,Barcelona,60,78,2.88,1.53,2025-04-25,2024,EuroLeague,Partizan,10114,144.9,1577,1687
ASVEL,Fenerbahçe,72,73,1.73,2.36,2025-04-27,2024,EuroLeague,ASVEL,10148,152.2,1651,1597
Real Madrid,Olympiacos,68,65,1.9,2.12,2025-04-29,2024,EuroLeague,Real Madrid,11841,139.7,1668,1649
Barcelona,CSKA Moscow,73,61,2.18,1.85,2025-05-01,2024,EuroLeague,Barcelona,10409,140.7,1591,1620
Fenerbahçe,Maccabi Tel Aviv,102,96,1.93,2.08,2025-05-03,2024,EuroLeague,Fenerbahçe,10830,207.9,1556,1543
Olympiacos,Baskonia,76,74,2.11,1.9,2025-05-05,2024,EuroLeague,Olympiacos,12640,157.5,1591,1609
CSKA Moscow,Anadolu Efes,90,75,1.62,2.62,2025-05-07,2024,EuroLeague,CSKA Moscow,13691,173.2,1654,1570
Maccabi Tel Aviv,Panathinaikos,103,64,2.1,1.91,2025-05-09,2024,EuroLeague,Maccabi Tel Aviv,11818,175.3,1547,1563
Baskonia,Zalgiris Kaunas,97,84,1.99,2.01,2025-05-11,2024,EuroLeague,Baskonia,13238,190.1,1678,1677
Anadolu Efes,Bayern Munich,63,80,2.51,1.66,2025-05-13,2024,EuroLeague,Anadolu Efes,13211,150.2,1500,1572
Panathinaikos,Valencia,89,72,1.88,2.14,2025-05-15,2024,EuroLeague,Panathinaikos,12507,169.1,1675,1652
Zalgiris Kaunas,Milano,74,77,1.58,2.74,2025-05-17,2024,EuroLeague,Zalgiris Kaunas,11961,158.6,1681,1585
Bayern Munich,Partizan,95,66,1.36,3.75,2025-05-19,2024,EuroLeague,Bayern Munich,10159,169.1,1694,1518
Valencia,ASVEL,72,74,2.71,1.59,2025-05-21,2024,EuroLeague,Valencia,9379,153.3,1571,1664
Milano,Real Madrid,97,67,1.66,2.51,2025-05-23,2024,EuroLeague,Milano,12700,172.2,1604,1532
Partizan,Barcelona,60,84,2.23,1.81,2025-05-25,2024,EuroLeague,Partizan,13295,151.2,1546,1582
ASVEL,Fenerbahçe,73,67,2.94,1.52,2025-05-27,2024,EuroLeague,ASVEL,11215,147.0,1517,1632
Real Madrid,Olympiacos,93,79,1.39,3.54,2025-05-29,2024,EuroLeague,Real Madrid,11309,180.6,1698,1536
Barcelona,CSKA Moscow,80,80,1.93,2.08,2025-05-31,2024,EuroLeague,Barcelona,13433,168.0,1608,1595
Fenerbahçe,Maccabi Tel Aviv,87,80,2.89,1.53,2025-06-02,2024,EuroLeague,Fenerbahçe,9725,175.3,1583,1694
Olympiacos,Baskonia,63,60,2.57,1.64,2025-06-04,2024,EuroLeague,Olympiacos,13792,129.2,1582,1660
CSKA Moscow,Anadolu Efes,84,74,1.61,2.65,2025-06-06,2024,EuroLeague,CSKA Moscow,14760,165.9,1678,1591
Maccabi Tel Aviv,Panathinaikos,91,84,2.08,1.93,2025-06-08,2024,EuroLeague,Maccabi Tel Aviv,10097,183.8,1661,1674
Baskonia,Zalgiris Kaunas,83,77,1.59,2.69,2025-06-10,2024,EuroLeague,Baskonia,9704,168.0,1627,1536
Anadolu Efes,Bayern Munich,69,86,1.71,2.4,2025-06-12,2024,EuroLeague,Anadolu Efes,11080,162.8,1607,1548
Panathinaikos,Valencia,75,85,2.65,1.61,2025-06-14,2024,EuroLeague,Panathinaikos,13311,168.0,1502,1589
Zalgiris Kaunas,Milano,88,70,1.66,2.5,2025-06-16,2024,EuroLeague,Zalgiris Kaunas,14338,165.9,1698,1627
Bayern Munich,Partizan,93,83,1.78,2.29,2025-06-18,2024,EuroLeague,Bayern Munich,14290,184.8,1684,1640
Valencia,ASVEL,79,63,1.58,2.74,2025-06-20,2024,EuroLeague,Valencia,12855,149.1,1642,1546
Milano,Real Madrid,60,91,3.15,1.47,2025-06-22,2024,EuroLeague,Milano,13961,158.6,1546,1679
Partizan,Barcelona,84,60,1.81,2.24,2025-06-24,2024,EuroLeague,Partizan,11618,151.2,1638,1601
ASVEL,Fenerbahçe,92,63,1.79,2.27,2025-06-26,2024,EuroLeague,ASVEL,9897,162.8,1567,1525
Real Madrid,Olympiacos,71,90,2.14,1.88,2025-06-28,2024,EuroLeague,Real Madrid,10066,169.1,1639,1661
Barcelona,CSKA Moscow,67,75,2.84,1.54,2025-06-30,2024,EuroLeague,Barcelona,12286,149.1,1586,1692
Fenerbahçe,Maccabi Tel Aviv,82,87,2.1,1.91,2025-07-02,2024,EuroLeague,Fenerbahçe,9568,177.5,1597,1614
Olympiacos,Baskonia,93,79,2.22,1.82,2025-07-04,2024,EuroLeague,Olympiacos,9018,180.6,1594,1629
CSKA Moscow,Anadolu Efes,86,60,2.1,1.91,2025-07-06,2024,EuroLeague,CSKA Moscow,12246,153.3,1603,1619
Maccabi Tel Aviv,Panathinaikos,93,68,2.1,1.91,2025-07-08,2024,EuroLeague,Maccabi Tel Aviv,11463,169.1,1586,1603
Baskonia,Zalgiris Kaunas,73,60,1.72,2.4,2025-07-10,2024,EuroLeague,Baskonia,10095,139.7,1672,1614
Anadolu Efes,Bayern Munich,62,83,3.02,1.5,2025-07-12,2024,EuroLeague,Anadolu Efes,9631,152.2,1512,1634
Panathinaikos,Valencia,73,87,2.43,1.7,2025-07-14,2024,EuroLeague,Panathinaikos,11211,168.0,1517,1579
Zalgiris Kaunas,Milano,93,82,2.15,1.87,2025-07-16,2024,EuroLeague,Zalgiris Kaunas,11373,183.8,1573,1597
Bayern Munich,Partizan,81,85,1.79,2.26,2025-07-18,2024,EuroLeague,Bayern Munich,13964,174.3,1579,1539
Valencia,ASVEL,70,63,2.82,1.55,2025-07-20,2024,EuroLeague,Valencia,9821,139.7,1505,1609
Milano,Real Madrid,86,81,2.53,1.65,2025-07-22,2024,EuroLeague,Milano,14981,175.3,1614,1688
Partizan,Barcelona,74,84,2.29,1.78,2025-07-24,2024,EuroLeague,Partizan,13287,165.9,1655,1699
ASVEL,Fenerbahçe,63,98,3.62,1.38,2025-07-26,2024,EuroLeague,ASVEL,12581,169.1,1528,1695
Real Madrid,Olympiacos,80,70,2.97,1.51,2025-07-28,2024,EuroLeague,Real Madrid,11092,157.5,1534,1652
Barcelona,CSKA Moscow,69,69,1.41,3.41,2025-07-30,2024,EuroLeague,Barcelona,9285,144.9,1666,1513
Fenerbahçe,Maccabi Tel Aviv,96,110,2.94,1.52,2025-08-01,2024,EuroLeague,Fenerbahçe,14221,216.3,1515,1630
Olympiacos,Baskonia,73,95,1.9,2.12,2025-08-03,2024,EuroLeague,Olympiacos,13236,176.4,1694,1675
CSKA Moscow,Anadolu Efes,60,64,1.83,2.2,2025-08-05,2024,EuroLeague,CSKA Moscow,11041,130.2,1537,1505
Maccabi Tel Aviv,Panathinaikos,81,70,2.62,1.62,2025-08-07,2024,EuroLeague,Maccabi Tel Aviv,14502,158.6,1608,1692
Baskonia,Zalgiris Kaunas,83,72,2.53,1.65,2025-08-09,2024,EuroLeague,Baskonia,10681,162.8,1566,1640
Anadolu Efes,Bayern Munich,62,102,2.33,1.75,2025-08-11,2024,EuroLeague,Anadolu Efes,12169,172.2,1586,1635
Panathinaikos,Valencia,80,85,2.62,1.62,2025-08-13,2024,EuroLeague,Panathinaikos,9886,173.2,1614,1698
Zalgiris Kaunas,Milano,84,60,2.28,1.78,2025-08-15,2024,EuroLeague,Zalgiris Kaunas,12504,151.2,1592,1635
Bayern Munich,Partizan,75,80,2.59,1.63,2025-08-17,2024,EuroLeague,Bayern Munich,12415,162.8,1616,1697
Valencia,ASVEL,60,86,2.44,1.7,2025-08-19,2024,EuroLeague,Valencia,12184,153.3,1635,1698
Milano,Real Madrid,80,90,1.97,2.04,2025-08-21,2024,EuroLeague,Milano,14114,178.5,1575,1569
Partizan,Barcelona,67,71,3.0,1.5,2025-08-23,2024,EuroLeague,Partizan,11457,144.9,1575,1695
ASVEL,Fenerbahçe,80,84,2.04,1.96,2025-08-25,2024,EuroLeague,ASVEL,9933,172.2,1547,1554
Real Madrid,Olympiacos,95,93,2.36,1.73,2025-08-27,2024,EuroLeague,Real Madrid,14386,197.4,1587,1641
Barcelona,CSKA Moscow,60,77,2.83,1.55,2025-08-29,2024,EuroLeague,Barcelona,12154,143.8,1577,1682
Fenerbahçe,Maccabi Tel Aviv,80,60,1.44,3.29,2025-08-31,2024,EuroLeague,Fenerbahçe,10474,147.0,1670,1526
Olympiacos,Baskonia,103,83,1.77,2.3,2025-09-02,2024,EuroLeague,Olympiacos,12471,195.3,1571,1525
CSKA Moscow,Anadolu Efes,85,60,1.61,2.63,2025-09-04,2024,EuroLeague,CSKA Moscow,9817,152.2,1585,1500
Maccabi Tel Aviv,Panathinaikos,87,60,1.48,3.08,2025-09-06,2024,EuroLeague,Maccabi Tel Aviv,10090,154.3,1641,1514
Baskonia,Zalgiris Kaunas,72,78,2.61,1.62,2025-09-08,2024,EuroLeague,Baskonia,14394,157.5,1516,1599
Anadolu Efes,Bayern Munich,64,81,2.67,1.6,2025-09-10,2024,EuroLeague,Anadolu Efes,9440,152.2,1561,1650
Panathinaikos,Valencia,88,60,1.79,2.27,2025-09-12,2024,EuroLeague,Panathinaikos,9963,155.4,1605,1564
Zalgiris Kaunas,Milano,80,78,2.07,1.93,2025-09-14,2024,EuroLeague,Zalgiris Kaunas,14466,165.9,1543,1555
Bayern Munich,Partizan,86,95,2.58,1.63,2025-09-16,2024,EuroLeague,Bayern Munich,9366,190.1,1500,1579
Valencia,ASVEL,85,60,1.47,3.11,2025-09-18,2024,EuroLeague,Valencia,11853,152.2,1653,1523
Milano,Real Madrid,60,65,1.81,2.24,2025-09-20,2024,EuroLeague,Milano,13542,131.2,1683,1646
Partizan,Barcelona,60,60,2.3,1.77,2025-09-22,2024,EuroLeague,Partizan,9352,126.0,1614,1659
ASVEL,Fenerbahçe,85,93,1.73,2.37,2025-09-24,2024,EuroLeague,ASVEL,14042,186.9,1607,1552
Real Madrid,Olympiacos,88,88,2.56,1.64,2025-09-26,2024,EuroLeague,Real Madrid,9751,184.8,1521,1598
Barcelona,CSKA Moscow,74,90,2.53,1.65,2025-09-28,2024,EuroLeague,Barcelona,13375,172.2,1561,1635
Fenerbahçe,Maccabi Tel Aviv,60,60,2.26,1.79,2025-09-30,2024,EuroLeague,Fenerbahçe,10163,126.0,1505,1545
Olympiacos,Baskonia,84,74,1.47,3.13,2025-10-02,2024,EuroLeague,Olympiacos,12013,165.9,1696,1565
CSKA Moscow,Anadolu Efes,75,83,2.36,1.74,2025-10-04,2024,EuroLeague,CSKA Moscow,9630,165.9,1510,1563
Maccabi Tel Aviv,Panathinaikos,90,75,2.6,1.62,2025-10-06,2024,EuroLeague,Maccabi Tel Aviv,13553,173.2,1546,1628
Baskonia,Zalgiris Kaunas,95,70,1.49,3.05,2025-10-08,2024,EuroLeague,Baskonia,14689,173.2,1653,1528
Anadolu Efes,Bayern Munich,73,86,2.06,1.94,2025-10-10,2024,EuroLeague,Anadolu Efes,9924,167.0,1643,1653
Panathinaikos,Valencia,73,92,2.2,1.84,2025-10-12,2024,EuroLeague,Panathinaikos,10307,173.2,1534,1565
Zalgiris Kaunas,Milano,86,66,2.47,1.68,2025-10-14,2024,EuroLeague,Zalgiris Kaunas,11356,159.6,1541,1608
Bayern Munich,Partizan,67,72,2.01,1.99,2025-10-16,2024,EuroLeague,Bayern Munich,9529,146.0,1563,1564
Valencia,ASVEL,76,64,2.38,1.72,2025-10-18,2024,EuroLeague,Valencia,14212,147.0,1533,1589
Milano,Real Madrid,98,107,2.94,1.52,2025-10-20,2024,EuroLeague,Milano,13154,215.2,1549,1664
Partizan,Barcelona,68,77,2.04,1.97,2025-10-22,2024,EuroLeague,Partizan,11632,152.2,1655,1661
ASVEL,Fenerbahçe,76,91,2.68,1.6,2025-10-24,2024,EuroLeague,ASVEL,11436,175.3,1532,1622
Real Madrid,Olympiacos,84,100,1.67,2.49,2025-10-26,2024,EuroLeague,Real Madrid,11955,193.2,1649,1580
Barcelona,CSKA Moscow,74,66,1.87,2.15,2025-10-28,2024,EuroLeague,Barcelona,12104,147.0,1560,1536
Fenerbahçe,Maccabi Tel Aviv,77,78,1.84,2.19,2025-10-30,2024,EuroLeague,Fenerbahçe,14748,162.8,1577,1547
Olympiacos,Baskonia,72,96,3.44,1.41,2025-11-01,2024,EuroLeague,Olympiacos,11036,176.4,1523,1678
CSKA Moscow,Anadolu Efes,73,68,2.89,1.53,2025-11-03,2024,EuroLeague,CSKA Moscow,11535,148.1,1513,1624
Maccabi Tel Aviv,Panathinaikos,84,87,1.35,3.83,2025-11-05,2024,EuroLeague,Maccabi Tel Aviv,14026,179.6,1688,1507
Baskonia,Zalgiris Kaunas,84,89,1.36,3.79,2025-11-07,2024,EuroLeague,Baskonia,9185,181.7,1684,1506
Anadolu Efes,Bayern Munich,84,72,2.92,1.52,2025-11-09,2024,EuroLeague,Anadolu Efes,10901,163.8,1501,1614
Panathinaikos,Valencia,83,98,1.85,2.18,2025-11-11,2024,EuroLeague,Panathinaikos,10902,190.1,1565,1536
Zalgiris Kaunas,Milano,86,79,2.92,1.52,2025-11-13,2024,EuroLeague,Zalgiris Kaunas,13871,173.2,1520,1633
Bayern Munich,Partizan,81,68,1.52,2.92,2025-11-15,2024,EuroLeague,Bayern Munich,12643,156.5,1686,1573
Valencia,ASVEL,95,65,1.87,2.15,2025-11-17,2024,EuroLeague,Valencia,14193,168.0,1635,1611
Milano,Real Madrid,71,73,1.79,2.26,2025-11-19,2024,EuroLeague,Milano,10002,151.2,1565,1525
Partizan,Barcelona,89,65,1.59,2.69,2025-11-21,2024,EuroLeague,Partizan,13066,161.7,1603,1512
ASVEL,Fenerbahçe,78,78,2.27,1.79,2025-11-23,2024,EuroLeague,ASVEL,9496,163.8,1521,1563
Real Madrid,Olympiacos,73,74,2.55,1.65,2025-11-25,2024,EuroLeague,Real Madrid,9012,154.3,1554,1630
Barcelona,CSKA Moscow,105,76,1.46,3.19,2025-11-27,2024,EuroLeague,Barcelona,14807,190.1,1653,1517
Fenerbahçe,Maccabi Tel Aviv,81,60,1.86,2.17,2025-11-29,2024,EuroLeague,Fenerbahçe,14073,148.1,1587,1560
Olympiacos,Baskonia,76,80,2.12,1.89,2025-12-01,2024,EuroLeague,Olympiacos,12148,163.8,1598,1618
CSKA Moscow,Anadolu Efes,97,99,2.73,1.58,2025-12-03,2024,EuroLeague,CSKA Moscow,9064,205.8,1553,1648
Maccabi Tel Aviv,Panathinaikos,71,64,1.68,2.48,2025-12-05,2024,EuroLeague,Maccabi Tel Aviv,13941,141.8,1632,1564
Baskonia,Zalgiris Kaunas,75,74,2.74,1.58,2025-12-07,2024,EuroLeague,Baskonia,13953,156.5,1586,1682
Anadolu Efes,Bayern Munich,69,80,2.8,1.56,2025-12-09,2024,EuroLeague,Anadolu Efes,11768,156.5,1585,1687
Panathinaikos,Valencia,72,94,2.3,1.77,2025-12-11,2024,EuroLeague,Panathinaikos,12033,174.3,1572,1618
Zalgiris Kaunas,Milano,79,92,2.23,1.81,2025-12-13,2024,EuroLeague,Zalgiris Kaunas,10407,179.6,1622,1658
Bayern Munich,Partizan,60,103,2.3,1.77,2025-12-15,2024,EuroLeague,Bayern Munich,12052,171.2,1603,1648
Valencia,ASVEL,114,71,1.53,2.89,2025-12-17,2024,EuroLeague,Valencia,13834,194.2,1684,1573
Milano,Real Madrid,92,79,1.81,2.23,2025-12-19,2024,EuroLeague,Milano,9507,179.6,1538,1502
Partizan,Barcelona,79,74,1.75,2.33,2025-12-21,2024,EuroLeague,Partizan,10781,160.7,1585,1535
ASVEL,Fenerbahçe,64,92,1.44,3.25,2025-12-23,2024,EuroLeague,ASVEL,11774,163.8,1651,1510
Real Madrid,Olympiacos,65,84,2.53,1.65,2025-12-25,2024,EuroLeague,Real Madrid,10912,156.5,1566,1640
Barcelona,CSKA Moscow,61,70,2.12,1.9,2025-12-27,2024,EuroLeague,Barcelona,13629,137.6,1539,1558
Fenerbahçe,Maccabi Tel Aviv,86,72,2.05,1.95,2025-12-29,2024,EuroLeague,Fenerbahçe,14290,165.9,1569,1577
Olympiacos,Baskonia,64,66,2.42,1.7,2025-12-31,2024,EuroLeague,Olympiacos,12444,136.5,1607,1668
CSKA Moscow,Anadolu Efes,86,76,1.57,2.77,2026-01-02,2024,EuroLeague,CSKA Moscow,10755,170.1,1618,1519
Maccabi Tel Aviv,Panathinaikos,84,79,2.03,1.97,2026-01-04,2024,EuroLeague,Maccabi Tel Aviv,12508,171.2,1548,1553
Baskonia,Zalgiris Kaunas,75,74,3.1,1.48,2026-01-06,2024,EuroLeague,Baskonia,9422,156.5,1566,1695
Anadolu Efes,Bayern Munich,93,76,1.79,2.27,2026-01-08,2024,EuroLeague,Anadolu Efes,10032,177.5,1667,1625
Panathinaikos,Valencia,72,73,2.04,1.97,2026-01-10,2024,EuroLeague,Panathinaikos,13043,152.2,1646,1652
Zalgiris Kaunas,Milano,82,83,2.7,1.59,2026-01-12,2024,EuroLeague,Zalgiris Kaunas,10751,173.2,1541,1633
Bayern Munich,Partizan,94,78,1.96,2.04,2026-01-14,2024,EuroLeague,Bayern Munich,11616,180.6,1549,1542
Valencia,ASVEL,100,60,1.75,2.33,2026-01-16,2024,EuroLeague,Valencia,11422,168.0,1674,1624
Milano,Real Madrid,73,76,1.87,2.15,2026-01-18,2024,EuroLeague,Milano,9169,156.5,1694,1670
Partizan,Barcelona,69,62,2.2,1.84,2026-01-20,2024,EuroLeague,Partizan,13225,137.6,1655,1686
ASVEL,Fenerbahçe,103,78,1.59,2.69,2026-01-22,2024,EuroLeague,ASVEL,11914,190.1,1637,1546
Real Madrid,Olympiacos,75,87,1.8,2.25,2026-01-24,2024,EuroLeague,Real Madrid,9100,170.1,1639,1600
Barcelona,CSKA Moscow,76,63,2.16,1.86,2026-01-26,2024,EuroLeague,Barcelona,13450,146.0,1523,1549
Fenerbahçe,Maccabi Tel Aviv,92,67,1.85,2.17,2026-01-28,2024,EuroLeague,Fenerbahçe,14285,167.0,1686,1658
Olympiacos,Baskonia,66,68,1.66,2.51,2026-01-30,2024,EuroLeague,Olympiacos,14283,140.7,1690,1618
CSKA Moscow,Anadolu Efes,69,72,1.71,2.4,2026-02-01,2024,EuroLeague,CSKA Moscow,9188,148.1,1602,1543
Maccabi Tel Aviv,Panathinaikos,102,79,2.01,1.99,2026-02-03,2024,EuroLeague,Maccabi Tel Aviv,14195,190.1,1686,1687
Baskonia,Zalgiris Kaunas,61,63,1.7,2.44,2026-02-05,2024,EuroLeague,Baskonia,9709,130.2,1568,1505
Anadolu Efes,Bayern Munich,60,75,2.44,1.7,2026-02-07,2024,EuroLeague,Anadolu Efes,12426,141.8,1529,1592
Panathinaikos,Valencia,65,79,2.68,1.6,2026-02-09,2024,EuroLeague,Panathinaikos,10994,151.2,1563,1653
Zalgiris Kaunas,Milano,84,72,1.86,2.16,2026-02-11,2024,EuroLeague,Zalgiris Kaunas,9218,163.8,1543,1517
Bayern Munich,Partizan,77,96,3.08,1.48,2026-02-13,2024,EuroLeague,Bayern Munich,12476,181.7,1539,1666
Valencia,ASVEL,72,67,1.77,2.3,2026-02-15,2024,EuroLeague,Valencia,14104,146.0,1625,1579
Milano,Real Madrid,76,86,2.94,1.52,2026-02-17,2024,EuroLeague,Milano,11596,170.1,1555,1670
Partizan,Barcelona,87,80,1.62,2.62,2026-02-19,2024,EuroLeague,Partizan,13755,175.3,1692,1608
ASVEL,Fenerbahçe,92,94,1.65,2.54,2026-02-21,2024,EuroLeague,ASVEL,14146,195.3,1612,1537
Real Madrid,Olympiacos,72,103,2.26,1.79,2026-02-23,2024,EuroLeague,Real Madrid,12513,183.8,1653,1693
Barcelona,CSKA Moscow,103,63,1.45,3.21,2026-02-25,2024,EuroLeague,Barcelona,14397,174.3,1671,1533
Fenerbahçe,Maccabi Tel Aviv,108,93,1.34,3.9,2026-02-27,2024,EuroLeague,Fenerbahçe,13405,211.1,1687,1502
Olympiacos,Baskonia,79,75,2.24,1.8,2026-03-01,2024,EuroLeague,Olympiacos,9060,161.7,1528,1566
CSKA Moscow,Anadolu Efes,64,69,2.05,1.95,2026-03-03,2024,EuroLeague,CSKA Moscow,12978,139.7,1645,1654
Maccabi Tel Aviv,Panathinaikos,86,87,1.64,2.56,2026-03-05,2024,EuroLeague,Maccabi Tel Aviv,14788,181.7,1599,1522
Baskonia,Zalgiris Kaunas,78,89,3.14,1.47,2026-03-07,2024,EuroLeague,Baskonia,14780,175.3,1523,1655
Anadolu Efes,Bayern Munich,72,91,2.07,1.94,2026-03-09,2024,EuroLeague,Anadolu Efes,11990,171.2,1525,1536
Panathinaikos,Valencia,90,85,3.0,1.5,2026-03-11,2024,EuroLeague,Panathinaikos,10217,183.8,1525,1645
Zalgiris Kaunas,Milano,111,91,3.71,1.37,2026-03-13,2024,EuroLeague,Zalgiris Kaunas,9162,212.1,1501,1674
Bayern Munich,Partizan,63,67,2.32,1.76,2026-03-15,2024,EuroLeague,Bayern Munich,12001,136.5,1649,1697
Valencia,ASVEL,72,82,1.97,2.04,2026-03-17,2024,EuroLeague,Valencia,14400,161.7,1594,1588
Milano,Real Madrid,87,81,2.13,1.89,2026-03-19,2024,EuroLeague,Milano,13529,176.4,1536,1557
Partizan,Barcelona,71,85,1.34,3.92,2026-03-21,2024,EuroLeague,Partizan,13517,163.8,1693,1507
ASVEL,Fenerbahçe,81,72,2.18,1.85,2026-03-23,2024,EuroLeague,ASVEL,11747,160.7,1542,1571
Real Madrid,Olympiacos,76,94,3.63,1.38,2026-03-25,2024,EuroLeague,Real Madrid,13546,178.5,1509,1677
Barcelona,CSKA Moscow,77,74,1.7,2.42,2026-03-27,2024,EuroLeague,Barcelona,12385,158.6,1601,1540
Fenerbahçe,Maccabi Tel Aviv,86,75,1.63,2.58,2026-03-29,2024,EuroLeague,Fenerbahçe,13118,169.1,1606,1526
Olympiacos,Baskonia,98,76,2.04,1.97,2026-03-31,2024,EuroLeague,Olympiacos,12395,182.7,1502,1508
CSKA Moscow,Anadolu Efes,60,91,1.78,2.28,2026-04-02,2024,EuroLeague,CSKA Moscow,11320,158.6,1652,1609
Maccabi Tel Aviv,Panathinaikos,61,60,2.07,1.93,2026-04-04,2024,EuroLeague,Maccabi Tel Aviv,9028,127.1,1564,1576
Baskonia,Zalgiris Kaunas,65,83,1.87,2.15,2026-04-06,2024,EuroLeague,Baskonia,10025,155.4,1583,1559
Anadolu Efes,Bayern Munich,84,87,2.39,1.72,2026-04-08,2024,EuroLeague,Anadolu Efes,11666,179.6,1563,1620
Panathinaikos,Valencia,105,76,1.53,2.89,2026-04-10,2024,EuroLeague,Panathinaikos,10050,190.1,1621,1510
Zalgiris Kaunas,Milano,91,60,2.08,1.93,2026-04-12,2024,EuroLeague,Zalgiris Kaunas,12291,158.6,1651,1664
Bayern Munich,Partizan,104,98,1.85,2.18,2026-04-14,2024,EuroLeague,Bayern Munich,12627,212.1,1580,1551
Valencia,ASVEL,60,91,2.7,1.59,2026-04-16,2024,EuroLeague,Valencia,14838,158.6,1523,1615
Milano,Real Madrid,82,95,1.82,2.22,2026-04-18,2024,EuroLeague,Milano,9393,185.8,1622,1588
Partizan,Barcelona,91,77,2.61,1.62,2026-04-20,2024,EuroLeague,Partizan,14847,176.4,1572,1655
ASVEL,Fenerbahçe,63,69,1.75,2.33,2026-04-22,2024,EuroLeague,ASVEL,9781,138.6,1608,1559
Real Madrid,Olympiacos,78,65,2.37,1.73,2026-04-24,2024,EuroLeague,Real Madrid,13941,150.2,1552,1607
Barcelona,CSKA Moscow,64,62,1.89,2.13,2026-04-26,2024,EuroLeague,Barcelona,9350,132.3,1531,1510
Fenerbahçe,Maccabi Tel Aviv,100,60,1.59,2.7,2026-04-28,2024,EuroLeague,Fenerbahçe,9522,168.0,1608,1516
Olympiacos,Baskonia,76,68,1.56,2.79,2026-04-30,2024,EuroLeague,Olympiacos,9620,151.2,1635,1534
CSKA Moscow,Anadolu Efes,65,75,2.39,1.72,2026-05-02,2024,EuroLeague,CSKA Moscow,10978,147.0,1605,1662
Maccabi Tel Aviv,Panathinaikos,82,67,2.7,1.59,2026-05-04,2024,EuroLeague,Maccabi Tel Aviv,13736,156.5,1551,1643
Baskonia,Zalgiris Kaunas,67,77,2.55,1.65,2026-05-06,2024,EuroLeague,Baskonia,9321,151.2,1555,1631
Anadolu Efes,Bayern Munich,101,75,1.84,2.2,2026-05-08,2024,EuroLeague,Anadolu Efes,10437,184.8,1538,1507
Panathinaikos,Valencia,82,91,1.86,2.17,2026-05-10,2024,EuroLeague,Panathinaikos,11218,181.7,1615,1588
Zalgiris Kaunas,Milano,97,91,1.52,2.94,2026-05-12,2024,EuroLeague,Zalgiris Kaunas,13858,197.4,1627,1512
Bayern Munich,Partizan,66,84,2.15,1.87,2026-05-14,2024,EuroLeague,Bayern Munich,12875,157.5,1587,1611
Valencia,ASVEL,95,84,1.91,2.1,2026-05-16,2024,EuroLeague,Valencia,9865,188.0,1531,1515
Milano,Real Madrid,80,62,2.09,1.92,2026-05-18,2024,EuroLeague,Milano,9611,149.1,1609,1624
Partizan,Barcelona,94,89,2.2,1.84,2026-05-20,2024,EuroLeague,Partizan,11149,192.2,1536,1567
ASVEL,Fenerbahçe,86,78,1.72,2.38,2026-05-22,2024,EuroLeague,ASVEL,11341,172.2,1700,1644
Real Madrid,Olympiacos,77,65,2.8,1.56,2026-05-24,2024,EuroLeague,Real Madrid,14711,149.1,1581,1683
Barcelona,CSKA Moscow,100,68,1.47,3.11,2026-05-26,2024,EuroLeague,Barcelona,10740,176.4,1635,1505
Fenerbahçe,Maccabi Tel Aviv,84,91,3.43,1.41,2026-05-28,2024,EuroLeague,Fenerbahçe,14480,183.8,1524,1678
Olympiacos,Baskonia,79,80,2.31,1.76,2026-05-30,2024,EuroLeague,Olympiacos,13075,167.0,1577,1624
CSKA Moscow,Anadolu Efes,69,73,2.72,1.58,2026-06-01,2024,EuroLeague,CSKA Moscow,12400,149.1,1598,1692
Maccabi Tel Aviv,Panathinaikos,79,75,1.79,2.26,2026-06-03,2024,EuroLeague,Maccabi Tel Aviv,11713,161.7,1673,1633
Baskonia,Zalgiris Kaunas,74,60,1.73,2.36,2026-06-05,2024,EuroLeague,Baskonia,12007,140.7,1659,1605
Anadolu Efes,Bayern Munich,76,98,2.41,1.71,2026-06-07,2024,EuroLeague,Anadolu Efes,10137,182.7,1526,1586
Panathinaikos,Valencia,86,85,1.82,2.22,2026-06-09,2024,EuroLeague,Panathinaikos,12267,179.6,1689,1654
Zalgiris Kaunas,Milano,88,87,1.85,2.17,2026-06-11,2024,EuroLeague,Zalgiris Kaunas,10692,183.8,1573,1545
Bayern Munich,Partizan,67,112,2.4,1.72,2026-06-13,2024,EuroLeague,Bayern Munich,12980,188.0,1593,1651
Valencia,ASVEL,76,82,2.49,1.67,2026-06-15,2024,EuroLeague,Valencia,13390,165.9,1508,1577
Milano,Real Madrid,87,85,1.87,2.15,2026-06-17,2024,EuroLeague,Milano,12588,180.6,1624,1600
Partizan,Barcelona,90,60,1.49,3.04,2026-06-19,2024,EuroLeague,Partizan,11115,157.5,1664,1540
ASVEL,Fenerbahçe,69,80,1.73,2.36,2026-06-21,2024,EuroLeague,ASVEL,9442,156.5,1584,1530
Real Madrid,Olympiacos,74,69,1.99,2.01,2026-06-23,2024,EuroLeague,Real Madrid,14053,150.2,1541,1539
Barcelona,CSKA Moscow,78,97,1.79,2.27,2026-06-25,2024,EuroLeague,Barcelona,12408,183.8,1624,1582
Fenerbahçe,Maccabi Tel Aviv,60,70,2.75,1.57,2026-06-27,2024,EuroLeague,Fenerbahçe,13759,136.5,1520,1617
Olympiacos,Baskonia,65,83,2.29,1.78,2026-06-29,2024,EuroLeague,Olympiacos,11189,155.4,1563,1607
CSKA Moscow,Anadolu Efes,83,94,2.63,1.61,2026-07-01,2024,EuroLeague,CSKA Moscow,13887,185.8,1523,1608
Maccabi Tel Aviv,Panathinaikos,95,87,2.03,1.97,2026-07-03,2024,EuroLeague,Maccabi Tel Aviv,9433,191.1,1612,1617
Baskonia,Zalgiris Kaunas,76,71,1.75,2.33,2026-07-05,2024,EuroLeague,Baskonia,9642,154.3,1568,1518
Anadolu Efes,Bayern Munich,83,82,1.59,2.69,2026-07-07,2024,EuroLeague,Anadolu Efes,14126,173.2,1683,1592
Panathinaikos,Valencia,69,73,1.81,2.23,2026-07-09,2024,EuroLeague,Panathinaikos,14748,149.1,1604,1568
Zalgiris Kaunas,Milano,92,72,1.39,3.54,2026-07-11,2024,EuroLeague,Zalgiris Kaunas,10649,172.2,1670,1508
Bayern Munich,Partizan,73,76,2.22,1.82,2026-07-13,2024,EuroLeague,Bayern Munich,9060,156.5,1661,1696
Valencia,ASVEL,76,62,1.62,2.6,2026-07-15,2024,EuroLeague,Valencia,9646,144.9,1671,1589
Milano,Real Madrid,60,98,2.31,1.76,2026-07-17,2024,EuroLeague,Milano,13741,165.9,1628,1675
Partizan,Barcelona,90,62,2.32,1.76,2026-07-19,2024,EuroLeague,Partizan,11867,159.6,1606,1654
ASVEL,Fenerbahçe,83,93,1.76,2.31,2026-07-21,2024,EuroLeague,ASVEL,14173,184.8,1694,1647
Real Madrid,Olympiacos,70,87,2.5,1.67,2026-07-23,2024,EuroLeague,Real Madrid,10200,164.8,1626,1696
Barcelona,CSKA Moscow,60,80,2.29,1.78,2026-07-25,2024,EuroLeague,Barcelona,13340,147.0,1610,1654
Fenerbahçe,Maccabi Tel Aviv,82,70,1.94,2.07,2026-07-27,2024,EuroLeague,Fenerbahçe,10661,159.6,1565,1554
Olympiacos,Baskonia,101,82,1.95,2.05,2026-07-29,2024,EuroLeague,Olympiacos,9363,192.2,1695,1687
CSKA Moscow,Anadolu Efes,70,85,2.13,1.89,2026-07-31,2024,EuroLeague,CSKA Moscow,11564,162.8,1541,1562
Maccabi Tel Aviv,Panathinaikos,72,60,1.51,2.96,2026-08-02,2024,EuroLeague,Maccabi Tel Aviv,12741,138.6,1668,1551
Baskonia,Zalgiris Kaunas,69,63,3.28,1.44,2026-08-04,2024,EuroLeague,Baskonia,10415,138.6,1504,1647
Anadolu Efes,Bayern Munich,98,84,2.86,1.54,2026-08-06,2024,EuroLeague,Anadolu Efes,9759,191.1,1525,1633
Panathinaikos,Valencia,71,95,3.01,1.5,2026-08-08,2024,EuroLeague,Panathinaikos,14012,174.3,1573,1694
Zalgiris Kaunas,Milano,86,80,1.63,2.58,2026-08-10,2024,EuroLeague,Zalgiris Kaunas,9199,174.3,1632,1553
Bayern Munich,Partizan,84,85,1.9,2.11,2026-08-12,2024,EuroLeague,Bayern Munich,11783,177.5,1557,1539
Valencia,ASVEL,87,84,1.94,2.06,2026-08-14,2024,EuroLeague,Valencia,13333,179.6,1584,1574
Milano,Real Madrid,69,75,1.74,2.36,2026-08-16,2024,EuroLeague,Milano,12169,151.2,1659,1606
Partizan,Barcelona,72,68,2.34,1.75,2026-08-18,2024,EuroLeague,Partizan,14049,147.0,1532,1583
ASVEL,Fenerbahçe,100,93,3.0,1.5,2026-08-20,2024,EuroLeague,ASVEL,9852,202.7,1550,1670
Real Madrid,Olympiacos,90,60,2.41,1.71,2026-08-22,2024,EuroLeague,Real Madrid,9196,157.5,1509,1569
Barcelona,CSKA Moscow,83,63,1.45,3.23,2026-08-24,2024,EuroLeague,Barcelona,11111,153.3,1657,1518
Fenerbahçe,Maccabi Tel Aviv,86,88,1.89,2.12,2026-08-26,2024,EuroLeague,Fenerbahçe,9690,182.7,1554,1534
Olympiacos,Baskonia,79,86,1.5,2.98,2026-08-28,2024,EuroLeague,Olympiacos,14776,173.2,1659,1540
CSKA Moscow,Anadolu Efes,61,71,2.02,1.98,2026-08-30,2024,EuroLeague,CSKA Moscow,14149,138.6,1616,1620
Maccabi Tel Aviv,Panathinaikos,80,82,1.88,2.14,2026-09-01,2024,EuroLeague,Maccabi Tel Aviv,9055,170.1,1676,1654
Baskonia,Zalgiris Kaunas,104,78,1.6,2.67,2026-09-03,2024,EuroLeague,Baskonia,14597,191.1,1643,1554
Anadolu Efes,Bayern Munich,81,85,2.11,1.9,2026-09-05,2024,EuroLeague,Anadolu Efes,14628,174.3,1617,1635
Panathinaikos,Valencia,67,85,2.18,1.85,2026-09-07,2024,EuroLeague,Panathinaikos,13017,159.6,1663,1692
Zalgiris Kaunas,Milano,84,82,1.47,3.13,2026-09-09,2024,EuroLeague,Zalgiris Kaunas,13823,174.3,1634,1503
Bayern Munich,Partizan,82,67,1.85,2.17,2026-09-11,2024,EuroLeague,Bayern Munich,10692,156.5,1624,1596
Valencia,ASVEL,90,78,1.66,2.51,2026-09-13,2024,EuroLeague,Valencia,14849,176.4,1588,1516
Milano,Real Madrid,81,88,1.92,2.09,2026-09-15,2024,EuroLeague,Milano,11074,177.5,1620,1605
Partizan,Barcelona,72,86,1.52,2.92,2026-09-17,2024,EuroLeague,Partizan,13195,165.9,1652,1539
ASVEL,Fenerbahçe,66,78,2.27,1.79,2026-09-19,2024,EuroLeague,ASVEL,12986,151.2,1561,1603
Real Madrid,Olympiacos,79,61,1.45,3.23,2026-09-21,2024,EuroLeague,Real Madrid,10629,147.0,1648,1509
Barcelona,CSKA Moscow,60,89,2.1,1.91,2026-09-23,2024,EuroLeague,Barcelona,9327,156.5,1680,1697
Fenerbahçe,Maccabi Tel Aviv,75,103,3.33,1.43,2026-09-25,2024,EuroLeague,Fenerbahçe,9938,186.9,1542,1689
Olympiacos,Baskonia,67,105,3.16,1.46,2026-09-27,2024,EuroLeague,Olympiacos,12962,180.6,1511,1645
CSKA Moscow,Anadolu Efes,69,81,1.53,2.89,2026-09-29,2024,EuroLeague,CSKA Moscow,14017,157.5,1693,1582
Maccabi Tel Aviv,Panathinaikos,82,69,2.33,1.75,2026-10-01,2024,EuroLeague,Maccabi Tel Aviv,10150,158.6,1614,1664
Baskonia,Zalgiris Kaunas,60,102,2.92,1.52,2026-10-03,2024,EuroLeague,Baskonia,14686,170.1,1554,1667
Anadolu Efes,Bayern Munich,105,63,1.56,2.8,2026-10-05,2024,EuroLeague,Anadolu Efes,14819,176.4,1644,1542
Panathinaikos,Valencia,88,68,2.22,1.82,2026-10-07,2024,EuroLeague,Panathinaikos,9318,163.8,1517,1551
Zalgiris Kaunas,Milano,60,74,3.29,1.44,2026-10-09,2024,EuroLeague,Zalgiris Kaunas,12007,140.7,1534,1678
Bayern Munich,Partizan,77,88,3.15,1.47,2026-10-11,2024,EuroLeague,Bayern Munich,10750,173.2,1537,1670
Valencia,ASVEL,90,79,1.46,3.16,2026-10-13,2024,EuroLeague,Valencia,11075,177.5,1639,1505
Milano,Real Madrid,73,99,3.21,1.45,2026-10-15,2024,EuroLeague,Milano,10048,180.6,1559,1697
Partizan,Barcelona,60,85,3.43,1.41,2026-10-17,2024,EuroLeague,Partizan,12288,152.2,1506,1660
ASVEL,Fenerbahçe,82,99,2.49,1.67,2026-10-19,2024,EuroLeague,ASVEL,11966,190.1,1606,1675
Real Madrid,Olympiacos,68,79,2.2,1.84,2026-10-21,2024,EuroLeague,Real Madrid,11208,154.3,1515,1546
Barcelona,CSKA Moscow,94,71,1.88,2.14,2026-10-23,2024,EuroLeague,Barcelona,13778,173.2,1612,1589
Fenerbahçe,Maccabi Tel Aviv,70,60,2.22,1.82,2026-10-25,2024,EuroLeague,Fenerbahçe,13143,136.5,1525,1560
Olympiacos,Baskonia,84,60,1.6,2.66,2026-10-27,2024,EuroLeague,Olympiacos,12725,151.2,1647,1559
CSKA Moscow,Anadolu Efes,103,70,1.7,2.42,2026-10-29,2024,EuroLeague,CSKA Moscow,13568,181.7,1595,1534
Maccabi Tel Aviv,Panathinaikos,86,106,3.2,1.45,2026-10-31,2024,EuroLeague,Maccabi Tel Aviv,14608,201.6,1513,1650
Baskonia,Zalgiris Kaunas,78,81,2.94,1.52,2026-11-02,2024,EuroLeague,Baskonia,13660,167.0,1560,1675
Anadolu Efes,Bayern Munich,87,86,2.27,1.79,2026-11-04,2024,EuroLeague,Anadolu Efes,11881,181.7,1564,1606
Panathinaikos,Valencia,75,68,2.21,1.83,2026-11-06,2024,EuroLeague,Panathinaikos,9894,150.2,1666,1699
Zalgiris Kaunas,Milano,69,79,2.33,1.75,2026-11-08,2024,EuroLeague,Zalgiris Kaunas,14413,155.4,1506,1555
Bayern Munich,Partizan,67,85,1.72,2.39,2026-11-10,2024,EuroLeague,Bayern Munich,11348,159.6,1567,1510
Valencia,ASVEL,92,75,2.28,1.78,2026-11-12,2024,EuroLeague,Valencia,14407,175.3,1555,1598
Milano,Real Madrid,84,85,1.5,3.0,2026-11-14,2024,EuroLeague,Milano,12232,177.5,1663,1543
Partizan,Barcelona,86,60,1.8,2.24,2026-11-16,2024,EuroLeague,Partizan,13744,153.3,1577,1539
ASVEL,Fenerbahçe,69,82,2.76,1.57,2026-11-18,2024,EuroLeague,ASVEL,14223,158.6,1529,1627
Real Madrid,Olympiacos,81,95,2.83,1.55,2026-11-20,2024,EuroLeague,Real Madrid,12530,184.8,1538,1643
Barcelona,CSKA Moscow,85,72,1.47,3.15,2026-11-22,2024,EuroLeague,Barcelona,11133,164.8,1645,1512
Fenerbahçe,Maccabi Tel Aviv,81,98,1.96,2.04,2026-11-24,2024,EuroLeague,Fenerbahçe,13927,188.0,1561,1554
Olympiacos,Baskonia,67,65,1.77,2.3,2026-11-26,2024,EuroLeague,Olympiacos,10740,138.6,1583,1538
CSKA Moscow,Anadolu Efes,69,78,2.65,1.61,2026-11-28,2024,EuroLeague,CSKA Moscow,12460,154.3,1540,1627
Maccabi Tel Aviv,Panathinaikos,91,81,1.9,2.11,2026-11-30,2024,EuroLeague,Maccabi Tel Aviv,9995,180.6,1600,1582
Baskonia,Zalgiris Kaunas,64,82,3.83,1.35,2026-12-02,2024,EuroLeague,Baskonia,9150,153.3,1504,1685
Anadolu Efes,Bayern Munich,77,60,2.05,1.95,2026-12-04,2024,EuroLeague,Anadolu Efes,12503,143.8,1635,1643
Panathinaikos,Valencia,74,93,2.3,1.77,2026-12-06,2024,EuroLeague,Panathinaikos,9160,175.3,1641,1686
Zalgiris Kaunas,Milano,81,80,1.89,2.13,2026-12-08,2024,EuroLeague,Zalgiris Kaunas,9457,169.1,1528,1507
Bayern Munich,Partizan,71,80,2.61,1.62,2026-12-10,2024,EuroLeague,Bayern Munich,9312,158.6,1536,1619
Valencia,ASVEL,87,65,2.58,1.63,2026-12-12,2024,EuroLeague,Valencia,9582,159.6,1505,1584
Milano,Real Madrid,89,87,2.67,1.6,2026-12-14,2024,EuroLeague,Milano,10931,184.8,1570,1659
Partizan,Barcelona,71,76,2.33,1.75,2026-12-16,2024,EuroLeague,Partizan,9270,154.3,1641,1690
ASVEL,Fenerbahçe,80,78,2.48,1.68,2026-12-18,2024,EuroLeague,ASVEL,14951,165.9,1506,1574
Real Madrid,Olympiacos,78,101,3.41,1.41,2026-12-20,2024,EuroLeague,Real Madrid,13984,188.0,1533,1686
Barcelona,CSKA Moscow,87,70,1.99,2.01,2026-12-22,2024,EuroLeague,Barcelona,14723,164.8,1574,1573
Fenerbahçe,Maccabi Tel Aviv,89,79,2.6,1.62,2026-12-24,2024,EuroLeague,Fenerbahçe,9360,176.4,1595,1677
Olympiacos,Baskonia,91,70,1.48,3.1,2026-12-26,2024,EuroLeague,Olympiacos,14857,169.1,1681,1552
CSKA Moscow,Anadolu Efes,92,76,2.51,1.66,2026-12-28,2024,EuroLeague,CSKA Moscow,13837,176.4,1507,1579
Maccabi Tel Aviv,Panathinaikos,64,97,2.71,1.59,2026-12-30,2024,EuroLeague,Maccabi Tel Aviv,12743,169.1,1603,1696
Baskonia,Zalgiris Kaunas,86,84,1.56,2.8,2027-01-01,2024,EuroLeague,Baskonia,10125,178.5,1666,1564
Anadolu Efes,Bayern Munich,71,64,2.56,1.64,2027-01-03,2024,EuroLeague,Anadolu Efes,9004,141.8,1516,1593
Panathinaikos,Valencia,67,63,2.13,1.89,2027-01-05,2024,EuroLeague,Panathinaikos,14379,136.5,1577,1598
Zalgiris Kaunas,Milano,92,69,2.23,1.81,2027-01-07,2024,EuroLeague,Zalgiris Kaunas,11615,169.1,1509,1545
Bayern Munich,Partizan,61,87,2.36,1.73,2027-01-09,2024,EuroLeague,Bayern Munich,12441,155.4,1604,1658
Valencia,ASVEL,94,91,1.78,2.29,2027-01-11,2024,EuroLeague,Valencia,13650,194.2,1562,1518
Milano,Real Madrid,82,85,1.86,2.16,2027-01-13,2024,EuroLeague,Milano,10432,175.3,1585,1559
Partizan,Barcelona,73,95,2.81,1.55,2027-01-15,2024,EuroLeague,Partizan,12133,176.4,1575,1678
ASVEL,Fenerbahçe,87,76,1.95,2.05,2027-01-17,2024,EuroLeague,ASVEL,12861,171.2,1673,1665
Real Madrid,Olympiacos,86,85,1.76,2.32,2027-01-19,2024,EuroLeague,Real Madrid,13057,179.6,1597,1549
Barcelona,CSKA Moscow,88,89,2.34,1.75,2027-01-21,2024,EuroLeague,Barcelona,12830,185.8,1600,1651
Fenerbahçe,Maccabi Tel Aviv,91,91,1.66,2.51,2027-01-23,2024,EuroLeague,Fenerbahçe,12095,191.1,1625,1553
Olympiacos,Baskonia,77,80,2.01,1.99,2027-01-25,2024,EuroLeague,Olympiacos,12793,164.8,1531,1532
CSKA Moscow,Anadolu Efes,83,67,1.85,2.17,2027-01-27,2024,EuroLeague,CSKA Moscow,12076,157.5,1541,1513
Maccabi Tel Aviv,Panathinaikos,73,73,2.84,1.54,2027-01-29,2024,EuroLeague,Maccabi Tel Aviv,13332,153.3,1590,1696
Baskonia,Zalgiris Kaunas,93,76,2.02,1.98,2027-01-31,2024,EuroLeague,Baskonia,13691,177.5,1616,1619
Anadolu Efes,Bayern Munich,98,64,2.42,1.7,2027-02-02,2024,EuroLeague,Anadolu Efes,11487,170.1,1515,1576
Panathinaikos,Valencia,83,80,2.1,1.91,2027-02-04,2024,EuroLeague,Panathinaikos,13926,171.2,1572,1588
Zalgiris Kaunas,Milano,60,94,2.04,1.96,2027-02-06,2024,EuroLeague,Zalgiris Kaunas,9072,161.7,1693,1700
Bayern Munich,Partizan,98,100,1.84,2.2,2027-02-08,2024,EuroLeague,Bayern Munich,11670,207.9,1535,1504
Valencia,ASVEL,81,84,1.48,3.1,2027-02-10,2024,EuroLeague,Valencia,13573,173.2,1684,1555
Milano,Real Madrid,77,97,2.7,1.59,2027-02-12,2024,EuroLeague,Milano,11211,182.7,1579,1671
Partizan,Barcelona,74,61,1.67,2.5,2027-02-14,2024,EuroLeague,Partizan,9739,141.8,1605,1535
ASVEL,Fenerbahçe,80,75,2.82,1.55,2027-02-16,2024,EuroLeague,ASVEL,14714,162.8,1500,1604
Real Madrid,Olympiacos,87,84,1.79,2.27,2027-02-18,2024,EuroLeague,Real Madrid,12395,179.6,1558,1516
Barcelona,CSKA Moscow,81,75,2.12,1.9,2027-02-20,2024,EuroLeague,Barcelona,11444,163.8,1598,1617
Fenerbahçe,Maccabi Tel Aviv,90,79,1.67,2.5,2027-02-22,2024,EuroLeague,Fenerbahçe,12746,177.5,1666,1596
Olympiacos,Baskonia,85,74,2.01,1.99,2027-02-24,2024,EuroLeague,Olympiacos,11424,167.0,1632,1634
CSKA Moscow,Anadolu Efes,87,75,2.08,1.92,2027-02-26,2024,EuroLeague,CSKA Moscow,9201,170.1,1523,1537
Maccabi Tel Aviv,Panathinaikos,81,81,2.07,1.94,2027-02-28,2024,EuroLeague,Maccabi Tel Aviv,10947,170.1,1588,1599
Baskonia,Zalgiris Kaunas,76,108,3.65,1.38,2027-03-02,2024,EuroLeague,Baskonia,9175,193.2,1502,1671
Anadolu Efes,Bayern Munich,61,86,2.92,1.52,2027-03-04,2024,EuroLeague,Anadolu Efes,9016,154.3,1561,1674
Panathinaikos,Valencia,92,101,2.76,1.57,2027-03-06,2024,EuroLeague,Panathinaikos,13557,202.7,1583,1681
Zalgiris Kaunas,Milano,63,70,3.04,1.49,2027-03-08,2024,EuroLeague,Zalgiris Kaunas,10405,139.7,1556,1680
Bayern Munich,Partizan,105,60,1.65,2.55,2027-03-10,2024,EuroLeague,Bayern Munich,10347,173.2,1607,1531
Valencia,ASVEL,82,98,1.98,2.02,2027-03-12,2024,EuroLeague,Valencia,11777,189.0,1616,1613
Milano,Real Madrid,73,87,3.21,1.45,2027-03-14,2024,EuroLeague,Milano,9422,168.0,1516,1654
Partizan,Barcelona,93,87,1.81,2.24,2027-03-16,2024,EuroLeague,Partizan,11929,189.0,1596,1559
ASVEL,Fenerbahçe,80,66,2.12,1.9,2027-03-18,2024,EuroLeague,ASVEL,11691,153.3,1608,1627
Real Madrid,Olympiacos,67,65,1.91,2.1,2027-03-20,2024,EuroLeague,Real Madrid,13499,138.6,1593,1576
Barcelona,CSKA Moscow,81,64,1.58,2.74,2027-03-22,2024,EuroLeague,Barcelona,12774,152.2,1642,1546
Fenerbahçe,Maccabi Tel Aviv,72,84,3.23,1.45,2027-03-24,2024,EuroLeague,Fenerbahçe,12957,163.8,1505,1644
Olympiacos,Baskonia,60,84,2.01,1.99,2027-03-26,2024,EuroLeague,Olympiacos,11168,151.2,1624,1626
CSKA Moscow,Anadolu Efes,91,67,1.56,2.78,2027-03-28,2024,EuroLeague,CSKA Moscow,9346,165.9,1600,1500
Maccabi Tel Aviv,Panathinaikos,105,78,2.12,1.89,2027-03-30,2024,EuroLeague,Maccabi Tel Aviv,12014,192.2,1524,1544
Baskonia,Zalgiris Kaunas,60,66,3.11,1.47,2027-04-01,2024,EuroLeague,Baskonia,13979,132.3,1533,1663
Anadolu Efes,Bayern Munich,81,64,1.72,2.4,2027-04-03,2024,EuroLeague,Anadolu Efes,9179,152.2,1616,1558
Panathinaikos,Valencia,74,78,1.84,2.19,2027-04-05,2024,EuroLeague,Panathinaikos,12539,159.6,1640,1610
Zalgiris Kaunas,Milano,84,76,1.33,4.04,2027-04-07,2024,EuroLeague,Zalgiris Kaunas,14434,168.0,1694,1501
Bayern Munich,Partizan,90,75,1.93,2.08,2027-04-09,2024,EuroLeague,Bayern Munich,11785,173.2,1559,1546
Valencia,ASVEL,69,60,1.93,2.07,2027-04-11,2024,EuroLeague,Valencia,12053,135.5,1594,1582
Milano,Real Madrid,65,88,3.07,1.48,2027-04-13,2024,EuroLeague,Milano,10993,160.7,1520,1646
Partizan,Barcelona,84,67,1.89,2.13,2027-04-15,2024,EuroLeague,Partizan,10728,158.6,1601,1580
ASVEL,Fenerbahçe,71,96,1.84,2.2,2027-04-17,2024,EuroLeague,ASVEL,13687,175.3,1645,1614
Real Madrid,Olympiacos,72,75,2.54,1.65,2027-04-19,2024,EuroLeague,Real Madrid,10448,154.3,1529,1604
Barcelona,CSKA Moscow,80,80,2.54,1.65,2027-04-21,2024,EuroLeague,Barcelona,14375,168.0,1575,1650
Fenerbahçe,Maccabi Tel Aviv,62,84,2.14,1.88,2027-04-23,2024,EuroLeague,Fenerbahçe,14192,153.3,1606,1629
Olympiacos,Baskonia,110,62,1.35,3.88,2027-04-25,2024,EuroLeague,Olympiacos,9858,180.6,1689,1505
CSKA Moscow,Anadolu Efes,60,74,1.98,2.02,2027-04-27,2024,EuroLeague,CSKA Moscow,11630,140.7,1689,1686
Maccabi Tel Aviv,Panathinaikos,87,78,1.63,2.58,2027-04-29,2024,EuroLeague,Maccabi Tel Aviv,11959,173.2,1671,1591
Baskonia,Zalgiris Kaunas,89,61,1.58,2.74,2027-05-01,2024,EuroLeague,Baskonia,10949,157.5,1646,1550
Anadolu Efes,Bayern Munich,96,66,1.65,2.54,2027-05-03,2024,EuroLeague,Anadolu Efes,10300,170.1,1661,1586
Panathinaikos,Valencia,103,69,1.53,2.88,2027-05-05,2024,EuroLeague,Panathinaikos,12708,180.6,1649,1539
Zalgiris Kaunas,Milano,91,79,1.78,2.29,2027-05-07,2024,EuroLeague,Zalgiris Kaunas,10765,178.5,1590,1546
Bayern Munich,Partizan,89,83,1.58,2.74,2027-05-09,2024,EuroLeague,Bayern Munich,14164,180.6,1601,1505
Valencia,ASVEL,99,70,2.4,1.71,2027-05-11,2024,EuroLeague,Valencia,9368,177.5,1535,1594
Milano,Real Madrid,75,63,1.59,2.69,2027-05-13,2024,EuroLeague,Milano,12566,144.9,1643,1552
Partizan,Barcelona,64,65,2.78,1.56,2027-05-15,2024,EuroLeague,Partizan,9132,135.5,1557,1657
ASVEL,Fenerbahçe,80,99,1.88,2.14,2027-05-17,2024,EuroLeague,ASVEL,12128,188.0,1609,1586
Real Madrid,Olympiacos,82,65,1.57,2.76,2027-05-19,2024,EuroLeague,Real Madrid,9746,154.3,1691,1593
Barcelona,CSKA Moscow,73,72,2.05,1.95,2027-05-21,2024,EuroLeague,Barcelona,13160,152.2,1547,1555
Fenerbahçe,Maccabi Tel Aviv,78,78,1.93,2.07,2027-05-23,2024,EuroLeague,Fenerbahçe,13872,163.8,1552,1540
Olympiacos,Baskonia,73,60,1.63,2.58,2027-05-25,2024,EuroLeague,Olympiacos,14369,139.7,1637,1557
CSKA Moscow,Anadolu Efes,115,74,1.63,2.59,2027-05-27,2024,EuroLeague,CSKA Moscow,11572,198.5,1692,1611
Maccabi Tel Aviv,Panathinaikos,78,65,2.24,1.8,2027-05-29,2024,EuroLeague,Maccabi Tel Aviv,11576,150.2,1577,1615
Baskonia,Zalgiris Kaunas,72,96,1.64,2.57,2027-05-31,2024,EuroLeague,Baskonia,10851,176.4,1663,1585
Anadolu Efes,Bayern Munich,83,82,2.54,1.65,2027-06-02,2024,EuroLeague,Anadolu Efes,11925,173.2,1592,1667
Panathinaikos,Valencia,76,74,1.82,2.22,2027-06-04,2024,EuroLeague,Panathinaikos,14609,157.5,1552,1517
Zalgiris Kaunas,Milano,75,77,1.63,2.59,2027-06-06,2024,EuroLeague,Zalgiris Kaunas,11834,159.6,1619,1538
Bayern Munich,Partizan,97,82,1.59,2.71,2027-06-08,2024,EuroLeague,Bayern Munich,14248,188.0,1667,1574
Valencia,ASVEL,83,60,1.7,2.42,2027-06-10,2024,EuroLeague,Valencia,13315,150.2,1664,1603
Milano,Real Madrid,60,86,1.65,2.54,2027-06-12,2024,EuroLeague,Milano,14539,153.3,1635,1560
Partizan,Barcelona,75,93,2.43,1.7,2027-06-14,2024,EuroLeague,Partizan,11727,176.4,1578,1640
ASVEL,Fenerbahçe,85,75,2.1,1.91,2027-06-16,2024,EuroLeague,ASVEL,10098,168.0,1566,1583
Real Madrid,Olympiacos,75,78,3.18,1.46,2027-06-18,2024,EuroLeague,Real Madrid,10382,160.7,1530,1665
Barcelona,CSKA Moscow,88,117,2.34,1.75,2027-06-20,2024,EuroLeague,Barcelona,10102,215.2,1588,1639
Fenerbahçe,Maccabi Tel Aviv,79,94,3.05,1.49,2027-06-22,2024,EuroLeague,Fenerbahçe,12473,181.7,1573,1698
Olympiacos,Baskonia,105,95,2.33,1.75,2027-06-24,2024,EuroLeague,Olympiacos,13126,210.0,1581,1630
CSKA Moscow,Anadolu Efes,73,96,3.44,1.41,2027-06-26,2024,EuroLeague,CSKA Moscow,12191,177.5,1533,1688
Maccabi Tel Aviv,Panathinaikos,84,69,1.88,2.14,2027-06-28,2024,EuroLeague,Maccabi Tel Aviv,13938,160.7,1548,1525
Baskonia,Zalgiris Kaunas,62,89,2.27,1.79,2027-06-30,2024,EuroLeague,Baskonia,11196,158.6,1512,1554
Anadolu Efes,Bayern Munich,87,60,2.39,1.72,2027-07-02,2024,EuroLeague,Anadolu Efes,14811,154.3,1622,1679
Panathinaikos,Valencia,73,100,2.12,1.89,2027-07-04,2024,EuroLeague,Panathinaikos,11390,181.7,1672,1692
Zalgiris Kaunas,Milano,105,89,1.45,3.2,2027-07-06,2024,EuroLeague,Zalgiris Kaunas,14832,203.7,1669,1532
Bayern Munich,Partizan,76,84,1.63,2.58,2027-07-08,2024,EuroLeague,Bayern Munich,14548,168.0,1618,1539
Valencia,ASVEL,98,91,1.6,2.67,2027-07-10,2024,EuroLeague,Valencia,10143,198.5,1661,1572
Milano,Real Madrid,72,73,2.27,1.79,2027-07-12,2024,EuroLeague,Milano,11984,152.2,1627,1668
Partizan,Barcelona,109,60,1.52,2.92,2027-07-14,2024,EuroLeague,Partizan,10371,177.5,1636,1523
ASVEL,Fenerbahçe,85,76,2.55,1.65,2027-07-16,2024,EuroLeague,ASVEL,13781,169.1,1558,1634
Real Madrid,Olympiacos,97,81,1.4,3.53,2027-07-18,2024,EuroLeague,Real Madrid,9395,186.9,1677,1516
Barcelona,CSKA Moscow,73,64,3.15,1.47,2027-07-20,2024,EuroLeague,Barcelona,14334,143.8,1538,1671
Fenerbahçe,Maccabi Tel Aviv,71,76,1.66,2.51,2027-07-22,2024,EuroLeague,Fenerbahçe,13258,154.3,1690,1618
Olympiacos,Baskonia,64,80,2.56,1.64,2027-07-24,2024,EuroLeague,Olympiacos,13483,151.2,1525,1602
CSKA Moscow,Anadolu Efes,87,80,2.33,1.75,2027-07-26,2024,EuroLeague,CSKA Moscow,10277,175.3,1516,1565
Maccabi Tel Aviv,Panathinaikos,84,80,2.58,1.63,2027-07-28,2024,EuroLeague,Maccabi Tel Aviv,9827,172.2,1567,1646
Baskonia,Zalgiris Kaunas,78,66,2.07,1.93,2027-07-30,2024,EuroLeague,Baskonia,10135,151.2,1542,1554
Anadolu Efes,Bayern Munich,73,105,2.2,1.83,2027-08-01,2024,EuroLeague,Anadolu Efes,11738,186.9,1668,1700
Panathinaikos,Valencia,87,85,2.22,1.82,2027-08-03,2024,EuroLeague,Panathinaikos,9891,180.6,1512,1546
Zalgiris Kaunas,Milano,79,90,3.37,1.42,2027-08-05,2024,EuroLeague,Zalgiris Kaunas,14593,177.5,1528,1678
Bayern Munich,Partizan,71,68,2.43,1.7,2027-08-07,2024,EuroLeague,Bayern Munich,14827,146.0,1546,1608
Valencia,ASVEL,60,60,3.19,1.46,2027-08-09,2024,EuroLeague,Valencia,10937,126.0,1523,1659
Milano,Real Madrid,96,60,1.55,2.81,2027-08-11,2024,EuroLeague,Milano,12018,163.8,1662,1559
Partizan,Barcelona,62,80,1.82,2.22,2027-08-13,2024,EuroLeague,Partizan,11537,149.1,1676,1642
ASVEL,Fenerbahçe,88,97,2.14,1.88,2027-08-15,2024,EuroLeague,ASVEL,13871,194.2,1572,1595
Real Madrid,Olympiacos,81,68,2.11,1.9,2027-08-17,2024,EuroLeague,Real Madrid,10533,156.5,1556,1574
Barcelona,CSKA Moscow,94,75,1.84,2.19,2027-08-19,2024,EuroLeague,Barcelona,13871,177.5,1622,1592
Fenerbahçe,Maccabi Tel Aviv,88,60,1.75,2.33,2027-08-21,2024,EuroLeague,Fenerbahçe,13303,155.4,1568,1519
Olympiacos,Baskonia,75,90,2.05,1.95,2027-08-23,2024,EuroLeague,Olympiacos,9244,173.2,1663,1672
CSKA Moscow,Anadolu Efes,85,84,1.78,2.28,2027-08-25,2024,EuroLeague,CSKA Moscow,14954,177.5,1598,1555
Maccabi Tel Aviv,Panathinaikos,65,109,2.67,1.6,2027-08-27,2024,EuroLeague,Maccabi Tel Aviv,12989,182.7,1541,1630
Baskonia,Zalgiris Kaunas,78,74,1.61,2.64,2027-08-29,2024,EuroLeague,Baskonia,10504,159.6,1698,1612
Anadolu Efes,Bayern Munich,98,78,2.41,1.71,2027-08-31,2024,EuroLeague,Anadolu Efes,11603,184.8,1583,1643
Panathinaikos,Valencia,80,79,1.9,2.11,2027-09-02,2024,EuroLeague,Panathinaikos,10336,167.0,1579,1561
Zalgiris Kaunas,Milano,107,78,1.67,2.5,2027-09-04,2024,EuroLeague,Zalgiris Kaunas,10742,194.2,1641,1571
Bayern Munich,Partizan,67,80,1.71,2.4,2027-09-06,2024,EuroLeague,Bayern Munich,13604,154.3,1627,1568
Valencia,ASVEL,60,75,1.75,2.33,2027-09-08,2024,EuroLeague,Valencia,11044,141.8,1686,1636
Milano,Real Madrid,75,60,1.35,3.88,2027-09-10,2024,EuroLeague,Milano,13100,141.8,1691,1507
Partizan,Barcelona,64,75,1.4,3.53,2027-09-12,2024,EuroLeague,Partizan,11899,146.0,1661,1500
ASVEL,Fenerbahçe,86,102,2.14,1.88,2027-09-14,2024,EuroLeague,ASVEL,9660,197.4,1654,1676
Real Madrid,Olympiacos,85,82,3.03,1.49,2027-09-16,2024,EuroLeague,Real Madrid,13610,175.3,1573,1696
Barcelona,CSKA Moscow,86,86,1.73,2.37,2027-09-18,2024,EuroLeague,Barcelona,14330,180.6,1567,1512
Fenerbahçe,Maccabi Tel Aviv,62,80,1.74,2.36,2027-09-20,2024,EuroLeague,Fenerbahçe,11080,149.1,1610,1557
Olympiacos,Baskonia,68,64,1.65,2.53,2027-09-22,2024,EuroLeague,Olympiacos,11829,138.6,1670,1596
CSKA Moscow,Anadolu Efes,85,60,2.19,1.84,2027-09-24,2024,EuroLeague,CSKA Moscow,13984,152.2,1657,1687
Maccabi Tel Aviv,Panathinaikos,79,94,3.33,1.43,2027-09-26,2024,EuroLeague,Maccabi Tel Aviv,9364,181.7,1521,1668
Baskonia,Zalgiris Kaunas,75,83,2.5,1.66,2027-09-28,2024,EuroLeague,Baskonia,10314,165.9,1541,1612
Anadolu Efes,Bayern Munich,76,99,2.82,1.55,2027-09-30,2024,EuroLeague,Anadolu Efes,10319,183.8,1555,1659
Panathinaikos,Valencia,62,91,1.57,2.76,2027-10-02,2024,EuroLeague,Panathinaikos,10287,160.7,1683,1585
Zalgiris Kaunas,Milano,64,94,3.87,1.35,2027-10-04,2024,EuroLeague,Zalgiris Kaunas,11788,165.9,1516,1699
Bayern Munich,Partizan,75,78,2.98,1.5,2027-10-06,2024,EuroLeague,Bayern Munich,12980,160.7,1550,1669
Valencia,ASVEL,95,72,2.49,1.67,2027-10-08,2024,EuroLeague,Valencia,13254,175.3,1580,1649
Milano,Real Madrid,83,80,1.95,2.05,2027-10-10,2024,EuroLeague,Milano,13515,171.2,1560,1552
Partizan,Barcelona,60,95,3.36,1.42,2027-10-12,2024,EuroLeague,Partizan,10681,162.8,1538,1687
ASVEL,Fenerbahçe,101,67,2.22,1.82,2027-10-14,2024,EuroLeague,ASVEL,9236,176.4,1614,1648
Real Madrid,Olympiacos,82,65,2.22,1.82,2027-10-16,2024,EuroLeague,Real Madrid,14567,154.3,1508,1543
Barcelona,CSKA Moscow,70,75,2.83,1.55,2027-10-18,2024,EuroLeague,Barcelona,12865,152.2,1511,1616
Fenerbahçe,Maccabi Tel Aviv,68,90,2.75,1.57,2027-10-20,2024,EuroLeague,Fenerbahçe,14021,165.9,1574,1671
Olympiacos,Baskonia,63,67,1.58,2.72,2027-10-22,2024,EuroLeague,Olympiacos,10789,136.5,1609,1515
CSKA Moscow,Anadolu Efes,91,86,1.44,3.29,2027-10-24,2024,EuroLeague,CSKA Moscow,11835,185.8,1667,1523
Maccabi Tel Aviv,Panathinaikos,90,70,1.82,2.22,2027-10-26,2024,EuroLeague,Maccabi Tel Aviv,12019,168.0,1550,1516
Baskonia,Zalgiris Kaunas,90,60,2.2,1.84,2027-10-28,2024,EuroLeague,Baskonia,12518,157.5,1613,1644
Anadolu Efes,Bayern Munich,60,89,2.6,1.62,2027-10-30,2024,EuroLeague,Anadolu Efes,11200,156.5,1539,1621
Panathinaikos,Valencia,70,77,2.34,1.75,2027-11-01,2024,EuroLeague,Panathinaikos,9459,154.3,1594,1645
Zalgiris Kaunas,Milano,85,74,2.09,1.92,2027-11-03,2024,EuroLeague,Zalgiris Kaunas,13670,167.0,1654,1669
Bayern Munich,Partizan,60,104,3.07,1.48,2027-11-05,2024,EuroLeague,Bayern Munich,14694,172.2,1524,1650
Valencia,ASVEL,98,69,1.74,2.35,2027-11-07,2024,EuroLeague,Valencia,11070,175.3,1682,1630
Milano,Real Madrid,77,67,1.91,2.1,2027-11-09,2024,EuroLeague,Milano,13955,151.2,1570,1554
Partizan,Barcelona,60,82,2.71,1.59,2027-11-11,2024,EuroLeague,Partizan,14212,149.1,1541,1634
ASVEL,Fenerbahçe,85,76,2.78,1.56,2027-11-13,2024,EuroLeague,ASVEL,14872,169.1,1598,1698
Real Madrid,Olympiacos,66,63,1.93,2.07,2027-11-15,2024,EuroLeague,Real Madrid,13705,135.5,1512,1500
Barcelona,CSKA Moscow,88,79,1.84,2.19,2027-11-17,2024,EuroLeague,Barcelona,13095,175.3,1645,1615
Fenerbahçe,Maccabi Tel Aviv,77,75,1.53,2.89,2027-11-19,2024,EuroLeague,Fenerbahçe,9144,159.6,1689,1578
Olympiacos,Baskonia,79,72,1.63,2.58,2027-11-21,2024,EuroLeague,Olympiacos,12308,158.6,1625,1545
CSKA Moscow,Anadolu Efes,88,60,2.09,1.92,2027-11-23,2024,EuroLeague,CSKA Moscow,12009,155.4,1522,1537
Maccabi Tel Aviv,Panathinaikos,73,79,2.13,1.89,2027-11-25,2024,EuroLeague,Maccabi Tel Aviv,11992,159.6,1620,1641
Baskonia,Zalgiris Kaunas,88,89,2.47,1.68,2027-11-27,2024,EuroLeague,Baskonia,12534,185.8,1549,1616
Anadolu Efes,Bayern Munich,60,67,1.58,2.73,2027-11-29,2024,EuroLeague,Anadolu Efes,10386,133.3,1683,1588
Panathinaikos,Valencia,62,73,2.08,1.93,2027-12-01,2024,EuroLeague,Panathinaikos,9088,141.8,1521,1534
Zalgiris Kaunas,Milano,63,78,2.98,1.5,2027-12-03,2024,EuroLeague,Zalgiris Kaunas,13815,148.1,1534,1653
Bayern Munich,Partizan,74,83,2.74,1.58,2027-12-05,2024,EuroLeague,Bayern Munich,11679,164.8,1562,1658
Valencia,ASVEL,89,64,1.44,3.25,2027-12-07,2024,EuroLeague,Valencia,14933,160.7,1675,1534
Milano,Real Madrid,84,85,1.59,2.69,2027-12-09,2024,EuroLeague,Milano,9431,177.5,1675,1584
Partizan,Barcelona,94,60,2.73,1.58,2027-12-11,2024,EuroLeague,Partizan,14698,161.7,1599,1694
ASVEL,Fenerbahçe,76,62,2.3,1.77,2027-12-13,2024,EuroLeague,ASVEL,10735,144.9,1572,1617
Real Madrid,Olympiacos,71,80,1.98,2.02,2027-12-15,2024,EuroLeague,Real Madrid,12849,158.6,1541,1537
Barcelona,CSKA Moscow,97,72,1.44,3.28,2027-12-17,2024,EuroLeague,Barcelona,12652,177.5,1679,1536
Fenerbahçe,Maccabi Tel Aviv,86,83,2.3,1.77,2027-12-19,2024,EuroLeague,Fenerbahçe,10351,177.5,1599,1644
Olympiacos,Baskonia,79,116,2.23,1.81,2027-12-21,2024,EuroLeague,Olympiacos,11209,204.8,1642,1678
CSKA Moscow,Anadolu Efes,82,101,2.75,1.57,2027-12-23,2024,EuroLeague,CSKA Moscow,11454,192.2,1588,1685
Maccabi Tel Aviv,Panathinaikos,97,86,1.47,3.11,2027-12-25,2024,EuroLeague,Maccabi Tel Aviv,10977,192.2,1646,1516
Baskonia,Zalgiris Kaunas,77,62,1.94,2.07,2027-12-27,2024,EuroLeague,Baskonia,10265,146.0,1630,1619
Anadolu Efes,Bayern Munich,80,69,2.5,1.67,2027-12-29,2024,EuroLeague,Anadolu Efes,14313,156.5,1553,1623
Panathinaikos,Valencia,92,75,1.7,2.42,2027-12-31,2024,EuroLeague,Panathinaikos,12490,175.3,1628,1567
Zalgiris Kaunas,Milano,98,82,2.45,1.69,2028-01-02,2024,EuroLeague,Zalgiris Kaunas,13901,189.0,1598,1663
Bayern Munich,Partizan,87,71,1.94,2.07,2028-01-04,2024,EuroLeague,Bayern Munich,13792,165.9,1548,1537
Valencia,ASVEL,97,86,2.48,1.68,2028-01-06,2024,EuroLeague,Valencia,14688,192.2,1586,1654
Milano,Real Madrid,104,84,1.59,2.7,2028-01-08,2024,EuroLeague,Milano,10321,197.4,1660,1568
Partizan,Barcelona,70,85,3.37,1.42,2028-01-10,2024,EuroLeague,Partizan,11633,162.8,1515,1665
ASVEL,Fenerbahçe,75,79,3.14,1.47,2028-01-12,2024,EuroLeague,ASVEL,11259,161.7,1555,1687
Real Madrid,Olympiacos,81,78,1.94,2.07,2028-01-14,2024,EuroLeague,Real Madrid,10233,167.0,1687,1676
Barcelona,CSKA Moscow,76,95,2.47,1.68,2028-01-16,2024,EuroLeague,Barcelona,10290,179.6,1562,1629
Fenerbahçe,Maccabi Tel Aviv,63,69,3.62,1.38,2028-01-18,2024,EuroLeague,Fenerbahçe,10592,138.6,1531,1698
Olympiacos,Baskonia,62,74,2.12,1.9,2028-01-20,2024,EuroLeague,Olympiacos,10523,142.8,1640,1659
CSKA Moscow,Anadolu Efes,94,78,1.38,3.66,2028-01-22,2024,EuroLeague,CSKA Moscow,9558,180.6,1692,1522
Maccabi Tel Aviv,Panathinaikos,62,73,2.5,1.66,2028-01-24,2024,EuroLeague,Maccabi Tel Aviv,9914,141.8,1556,1627
Baskonia,Zalgiris Kaunas,94,98,2.19,1.84,2028-01-26,2024,EuroLeague,Baskonia,12449,201.6,1613,1643
Anadolu Efes,Bayern Munich,84,69,1.8,2.24,2028-01-28,2024,EuroLeague,Anadolu Efes,9948,160.7,1542,1504
Panathinaikos,Valencia,75,83,2.73,1.58,2028-01-30,2024,EuroLeague,Panathinaikos,11557,165.9,1503,1598
Zalgiris Kaunas,Milano,74,90,1.68,2.47,2028-02-01,2024,EuroLeague,Zalgiris Kaunas,14554,172.2,1607,1540
Bayern Munich,Partizan,90,88,1.84,2.19,2028-02-03,2024,EuroLeague,Bayern Munich,12457,186.9,1573,1543
Valencia,ASVEL,76,80,2.3,1.77,2028-02-05,2024,EuroLeague,Valencia,11264,163.8,1560,1606
Milano,Real Madrid,77,81,2.01,1.99,2028-02-07,2024,EuroLeague,Milano,10913,165.9,1505,1507
Partizan,Barcelona,89,74,1.91,2.1,2028-02-09,2024,EuroLeague,Partizan,13215,171.2,1692,1675
ASVEL,Fenerbahçe,90,75,1.8,2.24,2028-02-11,2024,EuroLeague,ASVEL,9573,173.2,1547,1509
Real Madrid,Olympiacos,84,86,2.46,1.68,2028-02-13,2024,EuroLeague,Real Madrid,13912,178.5,1523,1589
Barcelona,CSKA Moscow,66,78,2.86,1.54,2028-02-15,2024,EuroLeague,Barcelona,13178,151.2,1516,1624
Fenerbahçe,Maccabi Tel Aviv,79,76,3.11,1.47,2028-02-17,2024,EuroLeague,Fenerbahçe,12468,162.8,1565,1695
Olympiacos,Baskonia,60,80,2.47,1.68,2028-02-19,2024,EuroLeague,Olympiacos,10451,147.0,1606,1673
CSKA Moscow,Anadolu Efes,90,80,1.98,2.02,2028-02-21,2024,EuroLeague,CSKA Moscow,11199,178.5,1642,1638
Maccabi Tel Aviv,Panathinaikos,91,62,2.56,1.64,2028-02-23,2024,EuroLeague,Maccabi Tel Aviv,11696,160.7,1623,1700
Baskonia,Zalgiris Kaunas,67,74,1.89,2.13,2028-02-25,2024,EuroLeague,Baskonia,10015,148.1,1555,1534
Anadolu Efes,Bayern Munich,87,82,1.41,3.44,2028-02-27,2024,EuroLeague,Anadolu Efes,12980,177.5,1658,1503
Panathinaikos,Valencia,73,63,2.04,1.97,2028-02-29,2024,EuroLeague,Panathinaikos,12648,142.8,1663,1669
Zalgiris Kaunas,Milano,95,82,2.09,1.92,2028-03-02,2024,EuroLeague,Zalgiris Kaunas,10423,185.8,1571,1586
Bayern Munich,Partizan,60,88,3.01,1.5,2028-03-04,2024,EuroLeague,Bayern Munich,9025,155.4,1515,1636
Valencia,ASVEL,91,60,1.58,2.73,2028-03-06,2024,EuroLeague,Valencia,11158,158.6,1644,1549
Milano,Real Madrid,72,69,2.01,1.99,2028-03-08,2024,EuroLeague,Milano,14398,148.1,1524,1525
Partizan,Barcelona,67,98,3.34,1.43,2028-03-10,2024,EuroLeague,Partizan,14892,173.2,1536,1684
ASVEL,Fenerbahçe,95,60,1.65,2.54,2028-03-12,2024,EuroLeague,ASVEL,11702,162.8,1599,1524
Real Madrid,Olympiacos,78,63,2.3,1.77,2028-03-14,2024,EuroLeague,Real Madrid,14852,148.1,1580,1625
Barcelona,CSKA Moscow,83,70,1.64,2.56,2028-03-16,2024,EuroLeague,Barcelona,14946,160.7,1663,1586
Fenerbahçe,Maccabi Tel Aviv,60,77,2.59,1.63,2028-03-18,2024,EuroLeague,Fenerbahçe,11429,143.8,1550,1631
Olympiacos,Baskonia,72,79,2.57,1.64,2028-03-20,2024,EuroLeague,Olympiacos,9116,158.6,1562,1640
CSKA Moscow,Anadolu Efes,84,91,1.4,3.48,2028-03-22,2024,EuroLeague,CSKA Moscow,13768,183.8,1664,1506
Maccabi Tel Aviv,Panathinaikos,71,68,2.09,1.92,2028-03-24,2024,EuroLeague,Maccabi Tel Aviv,10770,146.0,1675,1690
Baskonia,Zalgiris Kaunas,85,88,2.17,1.86,2028-03-26,2024,EuroLeague,Baskonia,12541,181.7,1516,1543
Anadolu Efes,Bayern Munich,69,78,1.68,2.46,2028-03-28,2024,EuroLeague,Anadolu Efes,10143,154.3,1654,1588
Panathinaikos,Valencia,77,96,2.56,1.64,2028-03-30,2024,EuroLeague,Panathinaikos,14272,181.7,1582,1659
Zalgiris Kaunas,Milano,86,60,1.58,2.73,2028-04-01,2024,EuroLeague,Zalgiris Kaunas,9874,153.3,1631,1536
Bayern Munich,Partizan,80,91,2.18,1.85,2028-04-03,2024,EuroLeague,Bayern Munich,13934,179.6,1565,1594
Valencia,ASVEL,87,97,1.83,2.21,2028-04-05,2024,EuroLeague,Valencia,13824,193.2,1605,1572
Milano,Real Madrid,86,61,1.57,2.75,2028-04-07,2024,EuroLeague,Milano,11230,154.3,1654,1557
Partizan,Barcelona,94,70,1.86,2.17,2028-04-09,2024,EuroLeague,Partizan,12139,172.2,1607,1580
ASVEL,Fenerbahçe,68,68,1.87,2.15,2028-04-11,2024,EuroLeague,ASVEL,9865,142.8,1570,1545
Real Madrid,Olympiacos,81,84,2.06,1.94,2028-04-13,2024,EuroLeague,Real Madrid,10829,173.2,1629,1639
Barcelona,CSKA Moscow,80,93,1.95,2.05,2028-04-15,2024,EuroLeague,Barcelona,14966,181.7,1677,1669
Fenerbahçe,Maccabi Tel Aviv,71,95,2.02,1.98,2028-04-17,2024,EuroLeague,Fenerbahçe,9149,174.3,1546,1550
Olympiacos,Baskonia,77,91,1.93,2.07,2028-04-19,2024,EuroLeague,Olympiacos,14738,176.4,1632,1620
CSKA Moscow,Anadolu Efes,92,101,2.6,1.62,2028-04-21,2024,EuroLeague,CSKA Moscow,13323,202.7,1559,1641
Maccabi Tel Aviv,Panathinaikos,78,71,2.35,1.74,2028-04-23,2024,EuroLeague,Maccabi Tel Aviv,12691,156.5,1581,1633
Baskonia,Zalgiris Kaunas,91,102,2.04,1.97,2028-04-25,2024,EuroLeague,Baskonia,9869,202.7,1597,1603
Anadolu Efes,Bayern Munich,60,62,3.54,1.39,2028-04-27,2024,EuroLeague,Anadolu Efes,13960,128.1,1500,1662
Panathinaikos,Valencia,84,87,2.3,1.77,2028-04-29,2024,EuroLeague,Panathinaikos,12766,179.6,1602,1648
Zalgiris Kaunas,Milano,76,86,1.99,2.01,2028-05-01,2024,EuroLeague,Zalgiris Kaunas,12880,170.1,1511,1510
Bayern Munich,Partizan,94,86,1.73,2.36,2028-05-03,2024,EuroLeague,Bayern Munich,13766,189.0,1562,1508
Valencia,ASVEL,91,82,1.47,3.15,2028-05-05,2024,EuroLeague,Valencia,12603,181.7,1685,1552
Milano,Real Madrid,69,73,2.1,1.91,2028-05-07,2024,EuroLeague,Milano,11612,149.1,1608,1624
Partizan,Barcelona,84,86,1.75,2.33,2028-05-09,2024,EuroLeague,Partizan,12728,178.5,1696,1647
ASVEL,Fenerbahçe,91,60,3.32,1.43,2028-05-11,2024,EuroLeague,ASVEL,9493,158.6,1504,1650
Real Madrid,Olympiacos,74,96,2.49,1.67,2028-05-13,2024,EuroLeague,Real Madrid,10579,178.5,1588,1657
Barcelona,CSKA Moscow,66,90,2.77,1.57,2028-05-15,2024,EuroLeague,Barcelona,11386,163.8,1548,1647
Fenerbahçe,Maccabi Tel Aviv,74,77,3.01,1.5,2028-05-17,2024,EuroLeague,Fenerbahçe,11497,158.6,1500,1621
Olympiacos,Baskonia,87,74,2.02,1.98,2028-05-19,2024,EuroLeague,Olympiacos,13498,169.1,1695,1699
CSKA Moscow,Anadolu Efes,79,78,1.68,2.46,2028-05-21,2024,EuroLeague,CSKA Moscow,10736,164.8,1569,1503
Maccabi Tel Aviv,Panathinaikos,94,60,1.42,3.37,2028-05-23,2024,EuroLeague,Maccabi Tel Aviv,14268,161.7,1660,1510
Baskonia,Zalgiris Kaunas,60,97,2.23,1.81,2028-05-25,2024,EuroLeague,Baskonia,11127,164.8,1551,1587
Anadolu Efes,Bayern Munich,60,90,1.49,3.03,2028-05-27,2024,EuroLeague,Anadolu Efes,14716,157.5,1689,1566
Panathinaikos,Valencia,77,77,2.36,1.73,2028-05-29,2024,EuroLeague,Panathinaikos,9637,161.7,1542,1596
Zalgiris Kaunas,Milano,97,97,2.36,1.73,2028-05-31,2024,EuroLeague,Zalgiris Kaunas,12668,203.7,1605,1659
Bayern Munich,Partizan,62,60,2.14,1.88,2028-06-02,2024,EuroLeague,Bayern Munich,13987,128.1,1633,1656
Valencia,ASVEL,76,60,2.05,1.95,2028-06-04,2024,EuroLeague,Valencia,10986,142.8,1573,1581
Milano,Real Madrid,112,74,1.73,2.36,2028-06-06,2024,EuroLeague,Milano,10495,195.3,1679,1625
Partizan,Barcelona,83,74,2.3,1.77,2028-06-08,2024,EuroLeague,Partizan,11883,164.8,1503,1548
ASVEL,Fenerbahçe,79,78,1.74,2.35,2028-06-10,2024,EuroLeague,ASVEL,9476,164.8,1561,1509
Real Madrid,Olympiacos,68,79,2.14,1.88,2028-06-12,2024,EuroLeague,Real Madrid,13225,154.3,1617,1640
Barcelona,CSKA Moscow,74,73,1.68,2.47,2028-06-14,2024,EuroLeague,Barcelona,10636,154.3,1667,1600
Fenerbahçe,Maccabi Tel Aviv,86,111,1.87,2.15,2028-06-16,2024,EuroLeague,Fenerbahçe,10085,206.9,1660,1636
Olympiacos,Baskonia,74,60,1.51,2.97,2028-06-18,2024,EuroLeague,Olympiacos,10849,140.7,1635,1517
CSKA Moscow,Anadolu Efes,81,60,1.39,3.57,2028-06-20,2024,EuroLeague,CSKA Moscow,13730,148.1,1678,1514
Maccabi Tel Aviv,Panathinaikos,70,83,2.92,1.52,2028-06-22,2024,EuroLeague,Maccabi Tel Aviv,13254,160.7,1553,1666
Baskonia,Zalgiris Kaunas,76,97,2.06,1.94,2028-06-24,2024,EuroLeague,Baskonia,13832,181.7,1603,1613
Anadolu Efes,Bayern Munich,85,88,2.44,1.7,2028-06-26,2024,EuroLeague,Anadolu Efes,11473,181.7,1500,1563
Panathinaikos,Valencia,60,84,2.39,1.72,2028-06-28,2024,EuroLeague,Panathinaikos,13454,151.2,1608,1665
Zalgiris Kaunas,Milano,60,86,2.74,1.58,2028-06-30,2024,EuroLeague,Zalgiris Kaunas,11001,153.3,1600,1696
Bayern Munich,Partizan,71,67,1.58,2.73,2028-07-02,2024,EuroLeague,Bayern Munich,10947,144.9,1635,1540
Valencia,ASVEL,75,83,1.97,2.04,2028-07-04,2024,EuroLeague,Valencia,12785,165.9,1515,1509
Milano,Real Madrid,66,99,2.12,1.89,2028-07-06,2024,EuroLeague,Milano,13818,173.2,1675,1695
Partizan,Barcelona,80,84,2.75,1.57,2028-07-08,2024,EuroLeague,Partizan,12882,172.2,1567,1664
ASVEL,Fenerbahçe,101,63,1.71,2.41,2028-07-10,2024,EuroLeague,ASVEL,12684,172.2,1602,1542
Real Madrid,Olympiacos,88,64,1.56,2.78,2028-07-12,2024,EuroLeague,Real Madrid,11350,159.6,1626,1526
Barcelona,CSKA Moscow,84,94,2.17,1.85,2028-07-14,2024,EuroLeague,Barcelona,11230,186.9,1564,1592
Fenerbahçe,Maccabi Tel Aviv,81,93,3.5,1.4,2028-07-16,2024,EuroLeague,Fenerbahçe,9248,182.7,1531,1690
Olympiacos,Baskonia,60,89,2.6,1.62,2028-07-18,2024,EuroLeague,Olympiacos,11619,156.5,1508,1590
CSKA Moscow,Anadolu Efes,82,70,2.39,1.72,2028-07-20,2024,EuroLeague,CSKA Moscow,14535,159.6,1544,1601
Maccabi Tel Aviv,Panathinaikos,61,81,2.75,1.57,2028-07-22,2024,EuroLeague,Maccabi Tel Aviv,10223,149.1,1535,1632
Baskonia,Zalgiris Kaunas,74,86,3.1,1.48,2028-07-24,2024,EuroLeague,Baskonia,14729,168.0,1505,1634
Anadolu Efes,Bayern Munich,79,65,2.14,1.88,2028-07-26,2024,EuroLeague,Anadolu Efes,10874,151.2,1540,1562
Panathinaikos,Valencia,71,70,1.92,2.08,2028-07-28,2024,EuroLeague,Panathinaikos,11446,148.1,1642,1628
Zalgiris Kaunas,Milano,81,69,2.02,1.98,2028-07-30,2024,EuroLeague,Zalgiris Kaunas,14457,157.5,1652,1656
Bayern Munich,Partizan,82,70,1.86,2.17,2028-08-01,2024,EuroLeague,Bayern Munich,9901,159.6,1534,1507
Valencia,ASVEL,103,71,1.86,2.16,2028-08-03,2024,EuroLeague,Valencia,11910,182.7,1546,1520
Milano,Real Madrid,98,96,1.59,2.69,2028-08-05,2024,EuroLeague,Milano,12752,203.7,1679,1588
Partizan,Barcelona,68,84,1.83,2.21,2028-08-07,2024,EuroLeague,Partizan,12506,159.6,1546,1513
ASVEL,Fenerbahçe,60,79,2.5,1.66,2028-08-09,2024,EuroLeague,ASVEL,9323,146.0,1590,1661
Real Madrid,Olympiacos,109,78,1.89,2.13,2028-08-11,2024,EuroLeague,Real Madrid,12929,196.3,1655,1634
Barcelona,CSKA Moscow,60,83,3.01,1.5,2028-08-13,2024,EuroLeague,Barcelona,11747,150.2,1524,1645
Fenerbahçe,Maccabi Tel Aviv,84,95,3.0,1.5,2028-08-15,2024,EuroLeague,Fenerbahçe,9942,188.0,1574,1694
Olympiacos,Baskonia,81,63,1.98,2.02,2028-08-17,2024,EuroLeague,Olympiacos,10999,151.2,1641,1638
CSKA Moscow,Anadolu Efes,82,70,1.93,2.07,2028-08-19,2024,EuroLeague,CSKA Moscow,14379,159.6,1688,1676
Maccabi Tel Aviv,Panathinaikos,60,89,3.4,1.42,2028-08-21,2024,EuroLeague,Maccabi Tel Aviv,14755,156.5,1548,1700
Baskonia,Zalgiris Kaunas,79,84,2.81,1.55,2028-08-23,2024,EuroLeague,Baskonia,10069,171.2,1540,1643
Anadolu Efes,Bayern Munich,70,92,2.62,1.62,2028-08-25,2024,EuroLeague,Anadolu Efes,12785,170.1,1565,1649
Panathinaikos,Valencia,60,84,2.52,1.66,2028-08-27,2024,EuroLeague,Panathinaikos,11415,151.2,1589,1662
Zalgiris Kaunas,Milano,86,64,2.18,1.85,2028-08-29,2024,EuroLeague,Zalgiris Kaunas,10416,157.5,1580,1609
Bayern Munich,Partizan,98,68,1.37,3.74,2028-08-31,2024,EuroLeague,Bayern Munich,12654,174.3,1675,1500
Valencia,ASVEL,110,74,1.75,2.34,2028-09-02,2024,EuroLeague,Valencia,10975,193.2,1669,1618
Milano,Real Madrid,76,75,1.79,2.27,2028-09-04,2024,EuroLeague,Milano,9138,158.6,1542,1500
Partizan,Barcelona,61,75,2.45,1.69,2028-09-06,2024,EuroLeague,Partizan,12824,142.8,1509,1574
ASVEL,Fenerbahçe,93,86,2.17,1.85,2028-09-08,2024,EuroLeague,ASVEL,9069,188.0,1644,1672
Real Madrid,Olympiacos,98,80,1.61,2.65,2028-09-10,2024,EuroLeague,Real Madrid,12013,186.9,1590,1503
Barcelona,CSKA Moscow,75,60,2.14,1.88,2028-09-12,2024,EuroLeague,Barcelona,14670,141.8,1634,1656
Fenerbahçe,Maccabi Tel Aviv,83,80,1.58,2.73,2028-09-14,2024,EuroLeague,Fenerbahçe,12428,171.2,1628,1533
Olympiacos,Baskonia,71,75,1.42,3.37,2028-09-16,2024,EuroLeague,Olympiacos,9183,153.3,1688,1538
CSKA Moscow,Anadolu Efes,68,69,2.49,1.67,2028-09-18,2024,EuroLeague,CSKA Moscow,10903,143.8,1508,1577
Maccabi Tel Aviv,Panathinaikos,78,71,2.15,1.87,2028-09-20,2024,EuroLeague,Maccabi Tel Aviv,13210,156.5,1522,1547
Baskonia,Zalgiris Kaunas,60,75,2.37,1.73,2028-09-22,2024,EuroLeague,Baskonia,9352,141.8,1627,1682
Anadolu Efes,Bayern Munich,65,66,1.81,2.23,2028-09-24,2024,EuroLeague,Anadolu Efes,11789,137.6,1685,1649
Panathinaikos,Valencia,78,89,2.22,1.82,2028-09-26,2024,EuroLeague,Panathinaikos,12833,175.3,1595,1630
Zalgiris Kaunas,Milano,73,78,1.7,2.43,2028-09-28,2024,EuroLeague,Zalgiris Kaunas,9231,158.6,1563,1501
Bayern Munich,Partizan,81,68,1.51,2.97,2028-09-30,2024,EuroLeague,Bayern Munich,11896,156.5,1657,1539
Valencia,ASVEL,70,60,1.9,2.11,2028-10-02,2024,EuroLeague,Valencia,14262,136.5,1552,1534
Milano,Real Madrid,90,74,1.52,2.93,2028-10-04,2024,EuroLeague,Milano,14185,172.2,1620,1506
Partizan,Barcelona,97,99,1.89,2.13,2028-10-06,2024,EuroLeague,Partizan,13862,205.8,1522,1501
ASVEL,Fenerbahçe,99,60,1.56,2.79,2028-10-08,2024,EuroLeague,ASVEL,10688,167.0,1633,1532
Real Madrid,Olympiacos,69,82,3.4,1.42,2028-10-10,2024,EuroLeague,Real Madrid,10330,158.6,1519,1671
Barcelona,CSKA Moscow,70,77,1.99,2.01,2028-10-12,2024,EuroLeague,Barcelona,11365,154.3,1679,1677
Fenerbahçe,Maccabi Tel Aviv,91,65,1.61,2.65,2028-10-14,2024,EuroLeague,Fenerbahçe,14610,163.8,1700,1613
Olympiacos,Baskonia,90,85,1.78,2.28,2028-10-16,2024,EuroLeague,Olympiacos,14162,183.8,1614,1571
CSKA Moscow,Anadolu Efes,68,95,3.1,1.48,2028-10-18,2024,EuroLeague,CSKA Moscow,11225,171.2,1507,1636
Maccabi Tel Aviv,Panathinaikos,105,92,1.73,2.37,2028-10-20,2024,EuroLeague,Maccabi Tel Aviv,14053,206.9,1590,1535
Baskonia,Zalgiris Kaunas,66,89,2.19,1.84,2028-10-22,2024,EuroLeague,Baskonia,13043,162.8,1613,1643
Anadolu Efes,Bayern Munich,60,78,2.89,1.53,2028-10-24,2024,EuroLeague,Anadolu Efes,14956,144.9,1509,1620
Panathinaikos,Valencia,98,82,1.36,3.79,2028-10-26,2024,EuroLeague,Panathinaikos,9558,189.0,1692,1514
Zalgiris Kaunas,Milano,68,67,2.3,1.77,2028-10-28,2024,EuroLeague,Zalgiris Kaunas,10617,141.8,1629,1674
Bayern Munich,Partizan,84,74,1.5,3.02,2028-10-30,2024,EuroLeague,Bayern Munich,10261,165.9,1640,1518
Valencia,ASVEL,78,81,1.87,2.15,2028-11-01,2024,EuroLeague,Valencia,10578,167.0,1564,1540
Milano,Real Madrid,95,66,1.65,2.53,2028-11-03,2024,EuroLeague,Milano,13483,169.1,1688,1614
Partizan,Barcelona,64,82,2.93,1.52,2028-11-05,2024,EuroLeague,Partizan,12886,153.3,1509,1623
ASVEL,Fenerbahçe,73,71,1.66,2.51,2028-11-07,2024,EuroLeague,ASVEL,11836,151.2,1694,1622
Real Madrid,Olympiacos,67,82,2.73,1.58,2028-11-09,2024,EuroLeague,Real Madrid,10990,156.5,1525,1620
Barcelona,CSKA Moscow,81,86,3.08,1.48,2028-11-11,2024,EuroLeague,Barcelona,9188,175.3,1510,1637
Fenerbahçe,Maccabi Tel Aviv,72,81,3.02,1.5,2028-11-13,2024,EuroLeague,Fenerbahçe,9607,160.7,1571,1693
Olympiacos,Baskonia,65,73,2.93,1.52,2028-11-15,2024,EuroLeague,Olympiacos,14993,144.9,1575,1689
CSKA Moscow,Anadolu Efes,75,77,2.18,1.85,2028-11-17,2024,EuroLeague,CSKA Moscow,11918,159.6,1620,1649
Maccabi Tel Aviv,Panathinaikos,77,75,2.85,1.54,2028-11-19,2024,EuroLeague,Maccabi Tel Aviv,14358,159.6,1581,1688
Baskonia,Zalgiris Kaunas,68,69,2.2,1.83,2028-11-21,2024,EuroLeague,Baskonia,9834,143.8,1579,1611
Anadolu Efes,Bayern Munich,78,61,1.46,3.18,2028-11-23,2024,EuroLeague,Anadolu Efes,14599,146.0,1662,1527
Panathinaikos,Valencia,63,99,2.63,1.61,2028-11-25,2024,EuroLeague,Panathinaikos,12228,170.1,1503,1588
Zalgiris Kaunas,Milano,83,93,2.08,1.93,2028-11-27,2024,EuroLeague,Zalgiris Kaunas,13012,184.8,1534,1547
Bayern Munich,Partizan,78,87,1.63,2.58,2028-11-29,2024,EuroLeague,Bayern Munich,10674,173.2,1667,1587
Valencia,ASVEL,73,66,2.22,1.82,2028-12-01,2024,EuroLeague,Valencia,9668,146.0,1534,1569
Milano,Real Madrid,79,79,2.17,1.85,2028-12-03,2024,EuroLeague,Milano,11230,165.9,1512,1540
Partizan,Barcelona,78,93,2.82,1.55,2028-12-05,2024,EuroLeague,Partizan,11254,179.6,1576,1680
ASVEL,Fenerbahçe,61,95,1.88,2.14,2028-12-07,2024,EuroLeague,ASVEL,11234,163.8,1566,1544
Real Madrid,Olympiacos,75,69,2.38,1.72,2028-12-09,2024,EuroLeague,Real Madrid,13575,151.2,1563,1619
Barcelona,CSKA Moscow,90,76,1.58,2.72,2028-12-11,2024,EuroLeague,Barcelona,10533,174.3,1595,1501
Fenerbahçe,Maccabi Tel Aviv,112,66,1.55,2.83,2028-12-13,2024,EuroLeague,Fenerbahçe,9601,186.9,1648,1543
Olympiacos,Baskonia,88,73,2.77,1.57,2028-12-15,2024,EuroLeague,Olympiacos,14890,169.1,1544,1643
CSKA Moscow,Anadolu Efes,60,92,2.81,1.55,2028-12-17,2024,EuroLeague,CSKA Moscow,13312,159.6,1500,1603
Maccabi Tel Aviv,Panathinaikos,77,66,1.94,2.07,2028-12-19,2024,EuroLeague,Maccabi Tel Aviv,13493,150.2,1578,1567
Baskonia,Zalgiris Kaunas,60,78,3.9,1.34,2028-12-21,2024,EuroLeague,Baskonia,14129,144.9,1507,1692
Anadolu Efes,Bayern Munich,77,71,2.18,1.85,2028-12-23,2024,EuroLeague,Anadolu Efes,10688,155.4,1655,1684
Panathinaikos,Valencia,76,80,2.04,1.96,2028-12-25,2024,EuroLeague,Panathinaikos,13024,163.8,1513,1520
Zalgiris Kaunas,Milano,99,65,1.88,2.14,2028-12-27,2024,EuroLeague,Zalgiris Kaunas,13242,172.2,1534,1512
Bayern Munich,Partizan,82,71,2.85,1.54,2028-12-29,2024,EuroLeague,Bayern Munich,12600,160.7,1581,1688
Valencia,ASVEL,75,79,2.17,1.86,2028-12-31,2024,EuroLeague,Valencia,14028,161.7,1665,1692
Milano,Real Madrid,107,69,1.7,2.44,2029-01-02,2024,EuroLeague,Milano,13364,184.8,1623,1560
Partizan,Barcelona,84,95,2.23,1.81,2029-01-04,2024,EuroLeague,Partizan,9368,188.0,1594,1630
ASVEL,Fenerbahçe,70,89,2.18,1.85,2029-01-06,2024,EuroLeague,ASVEL,12380,167.0,1655,1684
Real Madrid,Olympiacos,66,75,2.24,1.8,2029-01-08,2024,EuroLeague,Real Madrid,12161,148.1,1568,1606
Barcelona,CSKA Moscow,97,68,1.7,2.42,2029-01-10,2024,EuroLeague,Barcelona,9645,173.2,1612,1551
Fenerbahçe,Maccabi Tel Aviv,60,98,2.71,1.59,2029-01-12,2024,EuroLeague,Fenerbahçe,12131,165.9,1519,1612
Olympiacos,Baskonia,72,72,1.72,2.38,2029-01-14,2024,EuroLeague,Olympiacos,11330,151.2,1646,1590
CSKA Moscow,Anadolu Efes,88,74,2.2,1.84,2029-01-16,2024,EuroLeague,CSKA Moscow,9596,170.1,1570,1601
Maccabi Tel Aviv,Panathinaikos,70,65,1.57,2.77,2029-01-18,2024,EuroLeague,Maccabi Tel Aviv,13724,141.8,1602,1503
Baskonia,Zalgiris Kaunas,92,65,1.47,3.13,2029-01-20,2024,EuroLeague,Baskonia,10408,164.8,1640,1509
Anadolu Efes,Bayern Munich,80,63,1.43,3.3,2029-01-22,2024,EuroLeague,Anadolu Efes,13732,150.2,1660,1515
Panathinaikos,Valencia,60,69,1.95,2.05,2029-01-24,2024,EuroLeague,Panathinaikos,12091,135.5,1640,1631
Zalgiris Kaunas,Milano,61,102,3.65,1.38,2029-01-26,2024,EuroLeague,Zalgiris Kaunas,11207,171.2,1518,1687
Bayern Munich,Partizan,73,90,3.02,1.5,2029-01-28,2024,EuroLeague,Bayern Munich,10313,171.2,1527,1649
Valencia,ASVEL,60,80,3.37,1.42,2029-01-30,2024,EuroLeague,Valencia,9469,147.0,1521,1671
Milano,Real Madrid,80,87,2.06,1.94,2029-02-01,2024,EuroLeague,Milano,11634,175.3,1661,1671
Partizan,Barcelona,89,81,1.43,3.34,2029-02-03,2024,EuroLeague,Partizan,11312,178.5,1672,1524
ASVEL,Fenerbahçe,98,72,1.43,3.33,2029-02-05,2024,EuroLeague,ASVEL,13008,178.5,1665,1518
Real Madrid,Olympiacos,83,100,2.43,1.7,2029-02-07,2024,EuroLeague,Real Madrid,10446,192.2,1536,1598
Barcelona,CSKA Moscow,90,84,1.61,2.64,2029-02-09,2024,EuroLeague,Barcelona,12456,182.7,1666,1580
Fenerbahçe,Maccabi Tel Aviv,60,87,3.6,1.38,2029-02-11,2024,EuroLeague,Fenerbahçe,11337,154.3,1511,1677
Olympiacos,Baskonia,75,74,1.79,2.27,2029-02-13,2024,EuroLeague,Olympiacos,11736,156.5,1687,1646
CSKA Moscow,Anadolu Efes,68,84,3.01,1.5,2029-02-15,2024,EuroLeague,CSKA Moscow,13921,159.6,1532,1653
Maccabi Tel Aviv,Panathinaikos,71,92,2.08,1.93,2029-02-17,2024,EuroLeague,Maccabi Tel Aviv,9814,171.2,1559,1572
Baskonia,Zalgiris Kaunas,109,72,2.1,1.91,2029-02-19,2024,EuroLeague,Baskonia,10496,190.1,1673,1690
Anadolu Efes,Bayern Munich,62,63,2.71,1.59,2029-02-21,2024,EuroLeague,Anadolu Efes,10049,131.2,1566,1659
Panathinaikos,Valencia,86,81,2.05,1.95,2029-02-23,2024,EuroLeague,Panathinaikos,9113,175.3,1558,1566
Zalgiris Kaunas,Milano,76,68,1.72,2.4,2029-02-25,2024,EuroLeague,Zalgiris Kaunas,11728,151.2,1620,1562
Bayern Munich,Partizan,79,71,1.97,2.04,2029-02-27,2024,EuroLeague,Bayern Munich,10243,157.5,1690,1684
Valencia,ASVEL,95,79,1.79,2.27,2029-03-01,2024,EuroLeague,Valencia,14524,182.7,1694,1652
Milano,Real Madrid,82,66,2.34,1.75,2029-03-03,2024,EuroLeague,Milano,13433,155.4,1510,1561
Partizan,Barcelona,82,98,2.33,1.75,2029-03-05,2024,EuroLeague,Partizan,11871,189.0,1549,1599
ASVEL,Fenerbahçe,78,80,2.05,1.95,2029-03-07,2024,EuroLeague,ASVEL,13547,165.9,1602,1610
Real Madrid,Olympiacos,68,77,2.23,1.81,2029-03-09,2024,EuroLeague,Real Madrid,9551,152.2,1572,1608
Barcelona,CSKA Moscow,60,60,1.88,2.14,2029-03-11,2024,EuroLeague,Barcelona,12159,126.0,1594,1572
Fenerbahçe,Maccabi Tel Aviv,80,77,2.45,1.69,2029-03-13,2024,EuroLeague,Fenerbahçe,10325,164.8,1611,1676
Olympiacos,Baskonia,74,104,1.93,2.07,2029-03-15,2024,EuroLeague,Olympiacos,11673,186.9,1678,1666
CSKA Moscow,Anadolu Efes,74,88,2.64,1.61,2029-03-17,2024,EuroLeague,CSKA Moscow,9171,170.1,1544,1630
Maccabi Tel Aviv,Panathinaikos,96,60,1.68,2.48,2029-03-19,2024,EuroLeague,Maccabi Tel Aviv,14832,163.8,1609,1541
Baskonia,Zalgiris Kaunas,69,89,3.18,1.46,2029-03-21,2024,EuroLeague,Baskonia,10547,165.9,1557,1692
Anadolu Efes,Bayern Munich,60,69,1.88,2.14,2029-03-23,2024,EuroLeague,Anadolu Efes,13980,135.5,1637,1615
Panathinaikos,Valencia,101,77,1.59,2.69,2029-03-25,2024,EuroLeague,Panathinaikos,13267,186.9,1621,1530
Zalgiris Kaunas,Milano,81,89,2.98,1.5,2029-03-27,2024,EuroLeague,Zalgiris Kaunas,11376,178.5,1549,1668
Bayern Munich,Partizan,69,74,2.33,1.75,2029-03-29,2024,EuroLeague,Bayern Munich,13332,150.2,1609,1659
Valencia,ASVEL,64,67,2.34,1.75,2029-03-31,2024,EuroLeague,Valencia,11411,137.6,1557,1608
Milano,Real Madrid,62,80,1.67,2.49,2029-04-02,2024,EuroLeague,Milano,13540,149.1,1581,1512
Partizan,Barcelona,60,80,2.09,1.92,2029-04-04,2024,EuroLeague,Partizan,14457,147.0,1583,1598
ASVEL,Fenerbahçe,80,87,2.27,1.79,2029-04-06,2024,EuroLeague,ASVEL,11376,175.3,1615,1657
Real Madrid,Olympiacos,98,79,2.76,1.57,2029-04-08,2024,EuroLeague,Real Madrid,12090,185.8,1571,1669
Barcelona,CSKA Moscow,86,79,2.14,1.88,2029-04-10,2024,EuroLeague,Barcelona,13726,173.2,1618,1641
Fenerbahçe,Maccabi Tel Aviv,90,60,1.54,2.84,2029-04-12,2024,EuroLeague,Fenerbahçe,9702,157.5,1623,1517
Olympiacos,Baskonia,83,77,1.79,2.27,2029-04-14,2024,EuroLeague,Olympiacos,11449,168.0,1572,1531
CSKA Moscow,Anadolu Efes,68,70,1.95,1.95,2029-04-16,2024,EuroLeague,CSKA Moscow,10312,144.9,1577,1577
Maccabi Tel Aviv,Panathinaikos,94,60,1.49,3.04,2029-04-18,2024,EuroLeague,Maccabi Tel Aviv,13302,161.7,1690,1566
Baskonia,Zalgiris Kaunas,91,84,2.6,1.62,2029-04-20,2024,EuroLeague,Baskonia,9620,183.8,1579,1661
Anadolu Efes,Bayern Munich,94,72,1.48,3.08,2029-04-22,2024,EuroLeague,Anadolu Efes,10726,174.3,1687,1560
Panathinaikos,Valencia,84,82,2.31,1.76,2029-04-24,2024,EuroLeague,Panathinaikos,14524,174.3,1540,1587
Zalgiris Kaunas,Milano,105,63,1.91,2.1,2029-04-26,2024,EuroLeague,Zalgiris Kaunas,14809,176.4,1662,1646
Bayern Munich,Partizan,81,77,1.49,3.03,2029-04-28,2024,EuroLeague,Bayern Munich,12655,165.9,1643,1520
Valencia,ASVEL,60,87,2.92,1.52,2029-04-30,2024,EuroLeague,Valencia,11681,154.3,1586,1699
Milano,Real Madrid,72,67,1.55,2.82,2029-05-02,2024,EuroLeague,Milano,14715,146.0,1617,1513
Partizan,Barcelona,84,67,1.41,3.45,2029-05-04,2024,EuroLeague,Partizan,9355,158.6,1679,1523
ASVEL,Fenerbahçe,95,62,1.52,2.94,2029-05-06,2024,EuroLeague,ASVEL,14534,164.8,1630,1515
Real Madrid,Olympiacos,102,72,1.87,2.15,2029-05-08,2024,EuroLeague,Real Madrid,11720,182.7,1616,1592
Barcelona,CSKA Moscow,94,71,2.01,1.99,2029-05-10,2024,EuroLeague,Barcelona,10062,173.2,1586,1587
Fenerbahçe,Maccabi Tel Aviv,75,89,1.97,2.04,2029-05-12,2024,EuroLeague,Fenerbahçe,10502,172.2,1639,1633
Olympiacos,Baskonia,60,84,2.36,1.73,2029-05-14,2024,EuroLeague,Olympiacos,10882,151.2,1516,1570
CSKA Moscow,Anadolu Efes,67,74,1.83,2.2,2029-05-16,2024,EuroLeague,CSKA Moscow,13003,148.1,1564,1532
Maccabi Tel Aviv,Panathinaikos,73,99,2.23,1.81,2029-05-18,2024,EuroLeague,Maccabi Tel Aviv,14704,180.6,1642,1678
Baskonia,Zalgiris Kaunas,60,105,2.68,1.6,2029-05-20,2024,EuroLeague,Baskonia,13013,173.2,1568,1658
Anadolu Efes,Bayern Munich,81,84,3.5,1.4,2029-05-22,2024,EuroLeague,Anadolu Efes,12221,173.2,1518,1677
Panathinaikos,Valencia,92,80,2.14,1.88,2029-05-24,2024,EuroLeague,Panathinaikos,13173,180.6,1615,1637
Zalgiris Kaunas,Milano,85,64,1.56,2.78,2029-05-26,2024,EuroLeague,Zalgiris Kaunas,12780,156.5,1646,1546
Bayern Munich,Partizan,66,81,1.56,2.8,2029-05-28,2024,EuroLeague,Bayern Munich,11491,154.3,1633,1531
Valencia,ASVEL,92,84,1.55,2.81,2029-05-30,2024,EuroLeague,Valencia,12641,184.8,1693,1590
Milano,Real Madrid,90,61,2.66,1.6,2029-06-01,2024,EuroLeague,Milano,11429,158.6,1504,1592
Partizan,Barcelona,73,88,1.93,2.08,2029-06-03,2024,EuroLeague,Partizan,9365,169.1,1521,1508
ASVEL,Fenerbahçe,111,81,1.86,2.16,2029-06-05,2024,EuroLeague,ASVEL,10152,201.6,1679,1653
Real Madrid,Olympiacos,93,79,1.38,3.63,2029-06-07,2024,EuroLeague,Real Madrid,14050,180.6,1700,1532
Barcelona,CSKA Moscow,88,73,1.92,2.08,2029-06-09,2024,EuroLeague,Barcelona,9972,169.1,1676,1662
Fenerbahçe,Maccabi Tel Aviv,88,81,2.92,1.52,2029-06-11,2024,EuroLeague,Fenerbahçe,11481,177.5,1550,1663
Olympiacos,Baskonia,91,76,1.45,3.24,2029-06-13,2024,EuroLeague,Olympiacos,12862,175.3,1661,1521
CSKA Moscow,Anadolu Efes,75,60,1.79,2.26,2029-06-15,2024,EuroLeague,CSKA Moscow,13052,141.8,1663,1623
Maccabi Tel Aviv,Panathinaikos,60,89,2.96,1.51,2029-06-17,2024,EuroLeague,Maccabi Tel Aviv,13057,156.5,1515,1632
Baskonia,Zalgiris Kaunas,85,74,1.92,2.09,2029-06-19,2024,EuroLeague,Baskonia,14732,167.0,1556,1541
Anadolu Efes,Bayern Munich,66,91,2.59,1.63,2029-06-21,2024,EuroLeague,Anadolu Efes,13151,164.8,1546,1627
Panathinaikos,Valencia,84,80,1.7,2.42,2029-06-23,2024,EuroLeague,Panathinaikos,9175,172.2,1697,1636
Zalgiris Kaunas,Milano,78,76,3.0,1.5,2029-06-25,2024,EuroLeague,Zalgiris Kaunas,14383,161.7,1573,1693
Bayern Munich,Partizan,97,73,1.91,2.1,2029-06-27,2024,EuroLeague,Bayern Munich,14901,178.5,1516,1500
Valencia,ASVEL,73,81,1.74,2.36,2029-06-29,2024,EuroLeague,Valencia,12010,161.7,1680,1627
Milano,Real Madrid,69,60,2.27,1.79,2029-07-01,2024,EuroLeague,Milano,11505,135.5,1651,1693
Partizan,Barcelona,74,73,2.48,1.68,2029-07-03,2024,EuroLeague,Partizan,12643,154.3,1586,1654
ASVEL,Fenerbahçe,95,72,2.34,1.75,2029-07-05,2024,EuroLeague,ASVEL,13789,175.3,1518,1569
Real Madrid,Olympiacos,74,66,1.65,2.54,2029-07-07,2024,EuroLeague,Real Madrid,11617,147.0,1663,1588
Barcelona,CSKA Moscow,65,60,2.2,1.84,2029-07-09,2024,EuroLeague,Barcelona,12471,131.2,1591,1622
Fenerbahçe,Maccabi Tel Aviv,82,83,1.98,2.02,2029-07-11,2024,EuroLeague,Fenerbahçe,10638,173.2,1579,1576
Olympiacos,Baskonia,76,78,2.98,1.5,2029-07-13,2024,EuroLeague,Olympiacos,11960,161.7,1538,1657
CSKA Moscow,Anadolu Efes,63,76,2.07,1.94,2029-07-15,2024,EuroLeague,CSKA Moscow,11474,146.0,1633,1644
Maccabi Tel Aviv,Panathinaikos,92,60,1.76,2.32,2029-07-17,2024,EuroLeague,Maccabi Tel Aviv,11859,159.6,1697,1649
Baskonia,Zalgiris Kaunas,68,84,1.68,2.46,2029-07-19,2024,EuroLeague,Baskonia,12869,159.6,1653,1587
Anadolu Efes,Bayern Munich,70,74,2.73,1.58,2029-07-21,2024,EuroLeague,Anadolu Efes,12521,151.2,1504,1599
Panathinaikos,Valencia,68,79,2.4,1.72,2029-07-23,2024,EuroLeague,Panathinaikos,11427,154.3,1525,1583
Zalgiris Kaunas,Milano,85,60,2.27,1.79,2029-07-25,2024,EuroLeague,Zalgiris Kaunas,13300,152.2,1515,1556
Bayern Munich,Partizan,92,75,2.02,1.98,2029-07-27,2024,EuroLeague,Bayern Munich,12484,175.3,1561,1565
Valencia,ASVEL,73,60,1.55,2.83,2029-07-29,2024,EuroLeague,Valencia,9175,139.7,1650,1545
Milano,Real Madrid,84,66,2.07,1.94,2029-07-31,2024,EuroLeague,Milano,14083,157.5,1549,1560
Partizan,Barcelona,68,91,1.75,2.34,2029-08-02,2024,EuroLeague,Partizan,14472,167.0,1660,1609
ASVEL,Fenerbahçe,86,87,2.04,1.96,2029-08-04,2024,EuroLeague,ASVEL,9047,181.7,1682,1689
Real Madrid,Olympiacos,90,81,1.62,2.6,2029-08-06,2024,EuroLeague,Real Madrid,10258,179.6,1589,1507
Barcelona,CSKA Moscow,95,67,2.3,1.77,2029-08-08,2024,EuroLeague,Barcelona,9447,170.1,1562,1608
Fenerbahçe,Maccabi Tel Aviv,88,74,2.31,1.76,2029-08-10,2024,EuroLeague,Fenerbahçe,9719,170.1,1513,1560
Olympiacos,Baskonia,74,60,1.89,2.12,2029-08-12,2024,EuroLeague,Olympiacos,12712,140.7,1564,1544
CSKA Moscow,Anadolu Efes,73,91,2.17,1.85,2029-08-14,2024,EuroLeague,CSKA Moscow,10937,172.2,1527,1555
Maccabi Tel Aviv,Panathinaikos,74,71,2.77,1.57,2029-08-16,2024,EuroLeague,Maccabi Tel Aviv,10857,152.2,1504,1603
Baskonia,Zalgiris Kaunas,60,64,2.48,1.68,2029-08-18,2024,EuroLeague,Baskonia,11387,130.2,1576,1644
Anadolu Efes,Bayern Munich,82,60,1.82,2.22,2029-08-20,2024,EuroLeague,Anadolu Efes,10809,149.1,1622,1588
Panathinaikos,Valencia,74,68,2.01,1.99,2029-08-22,2024,EuroLeague,Panathinaikos,9362,149.1,1517,1519
Zalgiris Kaunas,Milano,90,99,1.78,2.29,2029-08-24,2024,EuroLeague,Zalgiris Kaunas,14825,198.5,1657,1613
Bayern Munich,Partizan,60,63,3.34,1.43,2029-08-26,2024,EuroLeague,Bayern Munich,10461,129.2,1516,1664
Valencia,ASVEL,60,92,2.88,1.53,2029-08-28,2024,EuroLeague,Valencia,12786,159.6,1583,1693
Milano,Real Madrid,75,97,3.07,1.48,2029-08-30,2024,EuroLeague,Milano,11348,180.6,1565,1691
Partizan,Barcelona,87,69,1.65,2.54,2029-09-01,2024,EuroLeague,Partizan,13833,163.8,1579,1504
ASVEL,Fenerbahçe,78,86,2.12,1.89,2029-09-03,2024,EuroLeague,ASVEL,13412,172.2,1518,1538
Real Madrid,Olympiacos,76,71,3.66,1.38,2029-09-05,2024,EuroLeague,Real Madrid,14568,154.3,1505,1675
Barcelona,CSKA Moscow,85,67,1.38,3.66,2029-09-07,2024,EuroLeague,Barcelona,14557,159.6,1674,1504
Fenerbahçe,Maccabi Tel Aviv,60,80,2.67,1.6,2029-09-09,2024,EuroLeague,Fenerbahçe,13627,147.0,1559,1648
Olympiacos,Baskonia,63,72,2.07,1.94,2029-09-11,2024,EuroLeague,Olympiacos,14715,141.8,1575,1586
CSKA Moscow,Anadolu Efes,82,83,1.99,2.01,2029-09-13,2024,EuroLeague,CSKA Moscow,14753,173.2,1673,1672
Maccabi Tel Aviv,Panathinaikos,73,76,1.54,2.85,2029-09-15,2024,EuroLeague,Maccabi Tel Aviv,12521,156.5,1676,1569
Baskonia,Zalgiris Kaunas,77,86,1.83,2.2,2029-09-17,2024,EuroLeague,Baskonia,9986,171.2,1677,1645
Anadolu Efes,Bayern Munich,82,88,1.48,3.09,2029-09-19,2024,EuroLeague,Anadolu Efes,12142,178.5,1697,1569
Panathinaikos,Valencia,70,68,2.18,1.85,2029-09-21,2024,EuroLeague,Panathinaikos,11123,144.9,1528,1557
Zalgiris Kaunas,Milano,88,104,3.04,1.49,2029-09-23,2024,EuroLeague,Zalgiris Kaunas,14844,201.6,1573,1697
Bayern Munich,Partizan,81,84,1.86,2.16,2029-09-25,2024,EuroLeague,Bayern Munich,11509,173.2,1587,1561
Valencia,ASVEL,83,94,1.86,2.16,2029-09-27,2024,EuroLeague,Valencia,14920,185.8,1697,1671
Milano,Real Madrid,95,60,1.56,2.8,2029-09-29,2024,EuroLeague,Milano,12245,162.8,1631,1529
Partizan,Barcelona,67,60,1.9,2.12,2029-10-01,2024,EuroLeague,Partizan,13263,133.3,1643,1624
ASVEL,Fenerbahçe,74,95,2.28,1.78,2029-10-03,2024,EuroLeague,ASVEL,12825,177.5,1519,1562
Real Madrid,Olympiacos,80,83,2.36,1.74,2029-10-05,2024,EuroLeague,Real Madrid,13919,171.2,1584,1637
Barcelona,CSKA Moscow,60,76,3.04,1.49,2029-10-07,2024,EuroLeague,Barcelona,9053,142.8,1539,1663
Fenerbahçe,Maccabi Tel Aviv,79,87,3.07,1.48,2029-10-09,2024,EuroLeague,Fenerbahçe,10575,174.3,1564,1690
Olympiacos,Baskonia,96,68,1.97,2.03,2029-10-11,2024,EuroLeague,Olympiacos,10132,172.2,1653,1648
CSKA Moscow,Anadolu Efes,86,110,2.24,1.81,2029-10-13,2024,EuroLeague,CSKA Moscow,12390,205.8,1603,1640
Maccabi Tel Aviv,Panathinaikos,93,97,2.01,1.99,2029-10-15,2024,EuroLeague,Maccabi Tel Aviv,13670,199.5,1685,1687
Baskonia,Zalgiris Kaunas,69,77,2.6,1.62,2029-10-17,2024,EuroLeague,Baskonia,10541,153.3,1547,1629
Anadolu Efes,Bayern Munich,62,93,2.67,1.6,2029-10-19,2024,EuroLeague,Anadolu Efes,9947,162.8,1606,1695
Panathinaikos,Valencia,80,76,1.62,2.61,2029-10-21,2024,EuroLeague,Panathinaikos,12134,163.8,1622,1539
Zalgiris Kaunas,Milano,97,81,1.76,2.31,2029-10-23,2024,EuroLeague,Zalgiris Kaunas,9926,186.9,1626,1579
Bayern Munich,Partizan,82,60,1.79,2.26,2029-10-25,2024,EuroLeague,Bayern Munich,10061,149.1,1644,1604
Valencia,ASVEL,83,92,2.08,1.92,2029-10-27,2024,EuroLeague,Valencia,12841,183.8,1533,1547
Milano,Real Madrid,81,61,1.55,2.81,2029-10-29,2024,EuroLeague,Milano,10625,149.1,1685,1582
Partizan,Barcelona,72,83,2.74,1.58,2029-10-31,2024,EuroLeague,Partizan,11565,162.8,1528,1624
ASVEL,Fenerbahçe,92,65,2.07,1.93,2029-11-02,2024,EuroLeague,ASVEL,12854,164.8,1686,1698
Real Madrid,Olympiacos,70,73,2.36,1.74,2029-11-04,2024,EuroLeague,Real Madrid,13849,150.2,1573,1626
Barcelona,CSKA Moscow,79,81,2.4,1.72,2029-11-06,2024,EuroLeague,Barcelona,14252,168.0,1635,1693
Fenerbahçe,Maccabi Tel Aviv,66,85,1.74,2.35,2029-11-08,2024,EuroLeague,Fenerbahçe,11758,158.6,1586,1534
Olympiacos,Baskonia,60,93,2.4,1.71,2029-11-10,2024,EuroLeague,Olympiacos,9156,160.7,1576,1635
CSKA Moscow,Anadolu Efes,97,60,1.69,2.45,2029-11-12,2024,EuroLeague,CSKA Moscow,11850,164.8,1659,1595
Maccabi Tel Aviv,Panathinaikos,79,64,2.08,1.92,2029-11-14,2024,EuroLeague,Maccabi Tel Aviv,10698,150.2,1579,1593
Baskonia,Zalgiris Kaunas,89,100,2.17,1.85,2029-11-16,2024,EuroLeague,Baskonia,13963,198.5,1621,1649
Anadolu Efes,Bayern Munich,60,73,2.7,1.59,2029-11-18,2024,EuroLeague,Anadolu Efes,9761,139.7,1560,1652
Panathinaikos,Valencia,68,64,2.94,1.52,2029-11-20,2024,EuroLeague,Panathinaikos,14126,138.6,1539,1654
Zalgiris Kaunas,Milano,79,60,1.51,2.96,2029-11-22,2024,EuroLeague,Zalgiris Kaunas,9455,146.0,1700,1583
Bayern Munich,Partizan,75,95,3.26,1.44,2029-11-24,2024,EuroLeague,Bayern Munich,9955,178.5,1513,1655
Valencia,ASVEL,84,85,2.04,1.96,2029-11-26,2024,EuroLeague,Valencia,9765,177.5,1554,1561
Milano,Real Madrid,89,71,1.51,2.95,2029-11-28,2024,EuroLeague,Milano,12983,168.0,1653,1537
Partizan,Barcelona,87,86,1.85,2.17,2029-11-30,2024,EuroLeague,Partizan,13403,181.7,1682,1654
ASVEL,Fenerbahçe,110,67,1.53,2.87,2029-12-02,2024,EuroLeague,ASVEL,10754,185.8,1668,1559
Real Madrid,Olympiacos,81,81,2.27,1.79,2029-12-04,2024,EuroLeague,Real Madrid,12304,170.1,1540,1582
Barcelona,CSKA Moscow,77,87,1.94,2.06,2029-12-06,2024,EuroLeague,Barcelona,12745,172.2,1690,1680
Fenerbahçe,Maccabi Tel Aviv,70,75,1.86,2.16,2029-12-08,2024,EuroLeague,Fenerbahçe,12846,152.2,1537,1511
Olympiacos,Baskonia,60,88,1.82,2.22,2029-12-10,2024,EuroLeague,Olympiacos,13296,155.4,1581,1547
CSKA Moscow,Anadolu Efes,89,94,2.68,1.6,2029-12-12,2024,EuroLeague,CSKA Moscow,12733,192.2,1592,1682
Maccabi Tel Aviv,Panathinaikos,72,84,2.45,1.69,2029-12-14,2024,EuroLeague,Maccabi Tel Aviv,14928,163.8,1572,1636
Baskonia,Zalgiris Kaunas,89,93,1.83,2.2,2029-12-16,2024,EuroLeague,Baskonia,14875,191.1,1610,1578
Anadolu Efes,Bayern Munich,64,60,3.14,1.47,2029-12-18,2024,EuroLeague,Anadolu Efes,12393,130.2,1525,1657
Panathinaikos,Valencia,77,88,2.42,1.7,2029-12-20,2024,EuroLeague,Panathinaikos,13249,173.2,1600,1661
Zalgiris Kaunas,Milano,71,106,3.63,1.38,2029-12-22,2024,EuroLeague,Zalgiris Kaunas,13253,185.8,1522,1690
Bayern Munich,Partizan,90,81,1.36,3.8,2029-12-24,2024,EuroLeague,Bayern Munich,11383,179.6,1683,1504
Valencia,ASVEL,84,60,1.7,2.43,2029-12-26,2024,EuroLeague,Valencia,9770,151.2,1581,1519
Milano,Real Madrid,95,74,1.79,2.27,2029-12-28,2024,EuroLeague,Milano,10565,177.5,1611,1570
Partizan,Barcelona,90,80,2.35,1.74,2029-12-30,2024,EuroLeague,Partizan,10404,178.5,1635,1687
ASVEL,Fenerbahçe,60,74,3.99,1.33,2030-01-01,2024,EuroLeague,ASVEL,13912,140.7,1509,1699
Real Madrid,Olympiacos,60,88,2.23,1.81,2030-01-03,2024,EuroLeague,Real Madrid,9233,155.4,1524,1560
Barcelona,CSKA Moscow,76,72,2.97,1.51,2030-01-05,2024,EuroLeague,Barcelona,10023,155.4,1568,1686
Fenerbahçe,Maccabi Tel Aviv,67,88,3.14,1.47,2030-01-07,2024,EuroLeague,Fenerbahçe,12843,162.8,1564,1696
Olympiacos,Baskonia,70,73,2.01,1.99,2030-01-09,2024,EuroLeague,Olympiacos,10456,150.2,1533,1535
CSKA Moscow,Anadolu Efes,81,84,1.81,2.24,2030-01-11,2024,EuroLeague,CSKA Moscow,13404,173.2,1687,1650
Maccabi Tel Aviv,Panathinaikos,95,94,2.36,1.74,2030-01-13,2024,EuroLeague,Maccabi Tel Aviv,11266,198.5,1567,1620
Baskonia,Zalgiris Kaunas,62,60,2.51,1.66,2030-01-15,2024,EuroLeague,Baskonia,14227,128.1,1594,1666
Anadolu Efes,Bayern Munich,70,89,2.41,1.71,2030-01-17,2024,EuroLeague,Anadolu Efes,12756,167.0,1523,1583
Panathinaikos,Valencia,89,71,1.85,2.18,2030-01-19,2024,EuroLeague,Panathinaikos,14188,168.0,1688,1659
Zalgiris Kaunas,Milano,66,82,1.92,2.09,2030-01-21,2024,EuroLeague,Zalgiris Kaunas,11441,155.4,1653,1638
Bayern Munich,Partizan,82,61,2.14,1.88,2030-01-23,2024,EuroLeague,Bayern Munich,9298,150.2,1597,1620
Valencia,ASVEL,92,88,2.49,1.67,2030-01-25,2024,EuroLeague,Valencia,11356,189.0,1614,1683
Milano,Real Madrid,85,84,2.77,1.57,2030-01-27,2024,EuroLeague,Milano,14711,177.5,1599,1698
Partizan,Barcelona,78,60,1.76,2.31,2030-01-29,2024,EuroLeague,Partizan,12826,144.9,1616,1569
ASVEL,Fenerbahçe,98,76,1.66,2.5,2030-01-31,2024,EuroLeague,ASVEL,11277,182.7,1631,1560
Real Madrid,Olympiacos,99,73,2.32,1.76,2030-02-02,2024,EuroLeague,Real Madrid,12889,180.6,1551,1599
Barcelona,CSKA Moscow,91,67,2.58,1.63,2030-02-04,2024,EuroLeague,Barcelona,11063,165.9,1522,1601
Fenerbahçe,Maccabi Tel Aviv,97,60,1.55,2.81,2030-02-06,2024,EuroLeague,Fenerbahçe,11782,164.8,1665,1562
Olympiacos,Baskonia,96,94,1.62,2.62,2030-02-08,2024,EuroLeague,Olympiacos,10464,199.5,1682,1598
CSKA Moscow,Anadolu Efes,71,84,3.1,1.48,2030-02-10,2024,EuroLeague,CSKA Moscow,14023,162.8,1554,1683
Maccabi Tel Aviv,Panathinaikos,89,79,2.97,1.51,2030-02-12,2024,EuroLeague,Maccabi Tel Aviv,13395,176.4,1560,1678
Baskonia,Zalgiris Kaunas,75,83,2.04,1.96,2030-02-14,2024,EuroLeague,Baskonia,9469,165.9,1593,1600
Anadolu Efes,Bayern Munich,78,60,2.03,1.97,2030-02-16,2024,EuroLeague,Anadolu Efes,14836,144.9,1635,1640
Panathinaikos,Valencia,74,72,2.39,1.72,2030-02-18,2024,EuroLeague,Panathinaikos,12870,153.3,1579,1636
Zalgiris Kaunas,Milano,83,67,2.07,1.94,2030-02-20,2024,EuroLeague,Zalgiris Kaunas,10916,157.5,1638,1649
Bayern Munich,Partizan,75,95,1.88,2.14,2030-02-22,2024,EuroLeague,Bayern Munich,9741,178.5,1623,1600
Valencia,ASVEL,69,73,3.3,1.43,2030-02-24,2024,EuroLeague,Valencia,14622,149.1,1507,1652
Milano,Real Madrid,78,76,1.69,2.45,2030-02-26,2024,EuroLeague,Milano,13376,161.7,1651,1587
Partizan,Barcelona,94,64,1.78,2.29,2030-02-28,2024,EuroLeague,Partizan,12089,165.9,1669,1625
ASVEL,Fenerbahçe,67,72,1.64,2.56,2030-03-02,2024,EuroLeague,ASVEL,14672,146.0,1588,1511
Real Madrid,Olympiacos,65,85,1.67,2.5,2030-03-04,2024,EuroLeague,Real Madrid,13354,157.5,1637,1567
Barcelona,CSKA Moscow,96,71,2.38,1.72,2030-03-06,2024,EuroLeague,Barcelona,9137,175.3,1597,1653
Fenerbahçe,Maccabi Tel Aviv,95,64,1.63,2.58,2030-03-08,2024,EuroLeague,Fenerbahçe,9281,167.0,1660,1580
Olympiacos,Baskonia,96,89,2.05,1.95,2030-03-10,2024,EuroLeague,Olympiacos,11977,194.2,1670,1678
CSKA Moscow,Anadolu Efes,70,63,1.35,3.85,2030-03-12,2024,EuroLeague,CSKA Moscow,13067,139.7,1684,1502
Maccabi Tel Aviv,Panathinaikos,67,60,2.1,1.91,2030-03-14,2024,EuroLeague,Maccabi Tel Aviv,11072,133.3,1573,1589
Baskonia,Zalgiris Kaunas,70,84,1.86,2.17,2030-03-16,2024,EuroLeague,Baskonia,9944,161.7,1640,1613
Anadolu Efes,Bayern Munich,67,73,2.27,1.79,2030-03-18,2024,EuroLeague,Anadolu Efes,14964,147.0,1520,1561
Panathinaikos,Valencia,91,84,1.72,2.39,2030-03-20,2024,EuroLeague,Panathinaikos,12338,183.8,1611,1554
Zalgiris Kaunas,Milano,84,76,1.85,2.18,2030-03-22,2024,EuroLeague,Zalgiris Kaunas,13244,168.0,1651,1622
