HomeTeam,AwayTeam,FTHG,FTAG,FTR,B365H,B365D,B365A,Date,League
Bodrumspor,Besiktas,0,4,A,4.2,3.75,1.75,2025-06-01,super_lig
Samsunspor,Kayserispor,2,1,H,1.75,3.75,4.33,2025-06-01,super_lig
Fenerbahce,Konyaspor,2,1,H,1.48,5.25,5.25,2025-05-31,super_lig
Rizespor,Hatayspor,5,2,H,1.44,5.0,5.75,2025-05-31,super_lig
Ad. Demirspor,Gaziantep,2,2,D,6.5,5.5,1.38,2025-05-31,super_lig
Alanyaspor,Sivasspor,2,0,H,1.85,3.8,3.7,2025-05-31,super_lig
Antalyaspor,Trabzonspor,0,2,A,2.75,3.4,2.45,2025-05-30,super_lig
Galatasaray,Buyuksehyr,2,0,H,1.7,4.75,3.9,2025-05-30,super_lig
Kasimpasa,Goztep,1,2,A,2.2,3.9,2.88,2025-05-30,super_lig
Hatayspor,Fenerbahce,4,2,H,9.0,6.5,1.22,2025-05-26,super_lig
Bournemouth,Leicester,2,0,H,1.33,5.25,8.5,2025-05-25,premier_league
Fulham,Man City,0,2,A,5.0,4.2,1.6,2025-05-25,premier_league
Ipswich,West Ham,1,3,A,3.0,3.8,2.2,2025-05-25,premier_league
Liverpool,Crystal Palace,1,1,D,1.4,6.0,5.75,2025-05-25,premier_league
Man United,Aston Villa,2,0,H,4.33,4.2,1.7,2025-05-25,premier_league
Newcastle,Everton,0,1,A,1.33,5.5,8.5,2025-05-25,premier_league
Nott'm Forest,Chelsea,0,1,A,3.0,3.75,2.2,2025-05-25,premier_league
Southampton,Arsenal,1,2,A,8.5,6.0,1.3,2025-05-25,premier_league
Tottenham,Brighton,1,4,A,4.2,4.33,1.7,2025-05-25,premier_league
Wolves,Brentford,1,1,D,2.7,3.7,2.45,2025-05-25,premier_league
Girona,Ath Madrid,0,4,A,3.8,3.75,1.91,2025-05-25,la_liga
Villarreal,Sevilla,4,2,H,1.48,5.0,6.0,2025-05-25,la_liga
Ath Bilbao,Barcelona,0,3,A,3.2,3.75,2.1,2025-05-25,la_liga
Atalanta,Parma,2,3,A,1.75,3.5,5.0,2025-05-25,serie_a
Empoli,Verona,1,2,A,1.95,3.2,4.33,2025-05-25,serie_a
Lazio,Lecce,0,1,A,1.53,3.7,7.5,2025-05-25,serie_a
Torino,Roma,0,2,A,5.5,4.2,1.57,2025-05-25,serie_a
Udinese,Fiorentina,2,3,A,3.7,3.6,2.0,2025-05-25,serie_a
Venezia,Juventus,2,3,A,5.75,4.33,1.53,2025-05-25,serie_a
Club Brugge,Antwerp,1,1,D,1.25,7.0,8.0,2025-05-25,pro_league
Genk,Anderlecht,2,1,H,1.95,3.6,3.6,2025-05-25,pro_league
St. Gilloise,Gent,3,1,H,1.17,7.5,13.0,2025-05-25,pro_league
Besiktas,Rizespor,1,2,A,1.45,4.33,6.0,2025-05-25,super_lig
Buyuksehyr,Ad. Demirspor,2,3,A,1.07,11.0,21.0,2025-05-25,super_lig
Kayserispor,Bodrumspor,1,1,D,3.5,3.4,2.0,2025-05-25,super_lig
Konyaspor,Alanyaspor,1,2,A,2.8,3.5,2.25,2025-05-25,super_lig
Trabzonspor,Samsunspor,2,2,D,2.25,3.5,2.8,2025-05-25,super_lig
Real Madrid,Sociedad,2,0,H,1.42,5.0,6.5,2025-05-24,la_liga
Espanol,Las Palmas,2,0,H,1.38,4.75,8.0,2025-05-24,la_liga
Leganes,Valladolid,3,0,H,1.3,5.5,9.5,2025-05-24,la_liga
Alaves,Osasuna,1,1,D,3.2,3.2,2.35,2025-05-24,la_liga
Getafe,Celta,1,2,A,4.1,3.75,1.85,2025-05-24,la_liga
Vallecano,Mallorca,0,0,D,1.53,4.2,6.25,2025-05-24,la_liga
Bologna,Genoa,1,3,A,1.5,4.5,6.0,2025-05-24,serie_a
Milan,Monza,2,0,H,1.22,7.0,11.0,2025-05-24,serie_a
Charleroi,Oud-Heverlee Leuven,2,1,H,1.62,4.1,4.75,2025-05-24,pro_league
Dender,Mechelen,2,2,D,3.3,3.75,2.0,2025-05-24,pro_league
Westerlo,Standard,0,0,D,1.65,4.2,4.5,2025-05-24,pro_league
Eyupspor,Antalyaspor,2,1,H,1.9,3.6,3.7,2025-05-24,super_lig
Gaziantep,Kasimpasa,2,2,D,2.6,3.7,2.38,2025-05-24,super_lig
Goztep,Galatasaray,0,2,A,3.7,4.5,1.7,2025-05-24,super_lig
Betis,Valencia,1,1,D,1.91,3.75,3.75,2025-05-23,la_liga
Como,Inter,0,2,A,5.0,4.2,1.65,2025-05-23,serie_a
Napoli,Cagliari,2,0,H,1.2,7.0,12.0,2025-05-23,serie_a
Crystal Palace,Wolves,4,2,H,2.25,3.3,3.2,2025-05-20,premier_league
Man City,Bournemouth,3,1,H,1.55,4.33,5.75,2025-05-20,premier_league
Brighton,Liverpool,3,2,H,2.6,3.75,2.45,2025-05-19,premier_league
Everton,Southampton,2,0,H,1.4,4.75,7.5,2025-05-18,premier_league
West Ham,Nott'm Forest,1,2,A,2.75,3.3,2.55,2025-05-18,premier_league
Brentford,Fulham,2,3,A,1.91,3.9,3.6,2025-05-18,premier_league
Leicester,Ipswich,2,0,H,2.3,3.6,2.9,2025-05-18,premier_league
Arsenal,Newcastle,1,0,H,1.95,3.7,3.7,2025-05-18,premier_league
Ath Madrid,Betis,4,1,H,1.91,3.6,3.8,2025-05-18,la_liga
Barcelona,Villarreal,2,3,A,1.83,4.1,3.75,2025-05-18,la_liga
Celta,Vallecano,1,2,A,1.75,3.9,4.33,2025-05-18,la_liga
Las Palmas,Leganes,0,1,A,2.9,3.5,2.35,2025-05-18,la_liga
Mallorca,Getafe,1,2,A,2.0,3.2,4.2,2025-05-18,la_liga
Osasuna,Espanol,2,0,H,1.8,3.3,4.75,2025-05-18,la_liga
Sevilla,Real Madrid,0,2,A,4.2,4.0,1.75,2025-05-18,la_liga
Sociedad,Girona,3,2,H,2.05,3.1,4.1,2025-05-18,la_liga
Valencia,Ath Bilbao,0,1,A,2.2,3.0,3.8,2025-05-18,la_liga
Valladolid,Alaves,0,1,A,6.0,3.75,1.6,2025-05-18,la_liga
Cagliari,Venezia,3,0,H,2.6,3.0,3.0,2025-05-18,serie_a
Fiorentina,Bologna,3,2,H,2.75,3.0,2.75,2025-05-18,serie_a
Inter,Lazio,2,2,D,1.62,4.2,5.0,2025-05-18,serie_a
Juventus,Udinese,2,0,H,1.38,4.75,8.5,2025-05-18,serie_a
Lecce,Torino,1,0,H,1.83,3.4,4.6,2025-05-18,serie_a
Monza,Empoli,1,3,A,5.0,3.6,1.73,2025-05-18,serie_a
Parma,Napoli,0,0,D,6.25,4.2,1.5,2025-05-18,serie_a
Roma,Milan,3,1,H,2.3,3.6,2.9,2025-05-18,serie_a
Verona,Como,1,1,D,3.5,3.3,2.15,2025-05-18,serie_a
Ajax,Twente,2,0,H,1.44,5.0,6.0,2025-05-18,eredivisie
AZ Alkmaar,Almere City,1,1,D,1.33,5.5,7.5,2025-05-18,eredivisie
For Sittard,Utrecht,0,0,D,2.55,3.6,2.55,2025-05-18,eredivisie
Heerenveen,Feyenoord,2,0,H,3.0,4.0,2.1,2025-05-18,eredivisie
Heracles,Nijmegen,1,2,A,2.55,3.6,2.6,2025-05-18,eredivisie
NAC Breda,Willem II,1,1,D,1.85,3.5,4.1,2025-05-18,eredivisie
Sparta Rotterdam,PSV Eindhoven,1,3,A,8.0,6.5,1.29,2025-05-18,eredivisie
Waalwijk,Go Ahead Eagles,5,3,H,2.88,4.0,2.15,2025-05-18,eredivisie
Zwolle,Groningen,2,0,H,2.35,3.6,2.8,2025-05-18,eredivisie
Anderlecht,Club Brugge,1,3,A,4.5,3.9,1.7,2025-05-18,pro_league
Mechelen,Charleroi,1,1,D,2.35,3.5,2.88,2025-05-18,pro_league
Gent,Genk,1,4,A,3.75,3.9,1.85,2025-05-18,pro_league
Alanyaspor,Besiktas,1,1,D,3.4,3.7,1.95,2025-05-18,super_lig
Antalyaspor,Gaziantep,0,0,D,1.95,3.3,3.9,2025-05-18,super_lig
Bodrumspor,Trabzonspor,1,1,D,1.95,3.5,3.7,2025-05-18,super_lig
Fenerbahce,Eyupspor,2,1,H,1.22,6.0,11.0,2025-05-18,super_lig
Galatasaray,Kayserispor,3,0,H,1.18,7.0,12.0,2025-05-18,super_lig
Kasimpasa,Buyuksehyr,2,3,A,2.2,3.4,3.0,2025-05-18,super_lig
Rizespor,Goztep,6,3,H,1.91,3.7,3.5,2025-05-18,super_lig
Samsunspor,Sivasspor,1,0,H,1.8,3.6,4.2,2025-05-18,super_lig
Augsburg,Union Berlin,1,2,A,2.1,3.5,3.4,2025-05-17,bundesliga
Dortmund,Holstein Kiel,3,0,H,1.09,12.0,19.0,2025-05-17,bundesliga
Freiburg,Ein Frankfurt,1,3,A,2.35,3.7,2.8,2025-05-17,bundesliga
Heidenheim,Werder Bremen,1,4,A,2.3,3.8,2.75,2025-05-17,bundesliga
Hoffenheim,Bayern Munich,0,4,A,5.0,5.25,1.5,2025-05-17,bundesliga
Mainz,Leverkusen,2,2,D,2.15,3.9,3.0,2025-05-17,bundesliga
M'gladbach,Wolfsburg,0,1,A,2.2,4.2,2.8,2025-05-17,bundesliga
RB Leipzig,Stuttgart,2,3,A,2.0,4.2,3.2,2025-05-17,bundesliga
St Pauli,Bochum,0,2,A,1.67,4.2,4.5,2025-05-17,bundesliga
Genoa,Atalanta,2,3,A,4.5,3.9,1.75,2025-05-17,serie_a
Lens,Monaco,4,0,H,3.9,4.1,1.83,2025-05-17,ligue_1
Lille,Reims,2,1,H,1.38,4.75,8.5,2025-05-17,ligue_1
Lyon,Angers,2,0,H,1.29,6.0,9.0,2025-05-17,ligue_1
Marseille,Rennes,4,2,H,1.75,3.9,4.2,2025-05-17,ligue_1
Nantes,Montpellier,3,0,H,1.53,4.5,5.5,2025-05-17,ligue_1
Nice,Brest,6,0,H,1.48,4.5,6.5,2025-05-17,ligue_1
Paris SG,Auxerre,3,1,H,1.2,7.0,13.0,2025-05-17,ligue_1
St Etienne,Toulouse,2,3,A,1.95,4.2,3.25,2025-05-17,ligue_1
Strasbourg,Le Havre,2,3,A,1.57,4.75,5.0,2025-05-17,ligue_1
Standard,Dender,0,0,D,2.25,3.5,3.0,2025-05-17,pro_league
Antwerp,St. Gilloise,0,4,A,4.5,3.75,1.73,2025-05-17,pro_league
Arouca,Boavista,4,1,H,2.05,3.5,3.5,2025-05-17,primeira_liga
AVS,Moreirense,0,3,A,2.0,3.3,3.8,2025-05-17,primeira_liga
Estoril,Estrela,4,0,H,2.5,3.3,2.75,2025-05-17,primeira_liga
Farense,Santa Clara,1,2,A,2.75,3.0,2.75,2025-05-17,primeira_liga
Porto,Nacional,3,0,H,1.3,5.25,9.5,2025-05-17,primeira_liga
Sp Braga,Benfica,1,1,D,5.0,4.1,1.62,2025-05-17,primeira_liga
Sp Lisbon,Guimaraes,2,0,H,1.25,5.5,12.0,2025-05-17,primeira_liga
Ad. Demirspor,Hatayspor,0,5,A,3.2,4.5,1.85,2025-05-17,super_lig
Aston Villa,Tottenham,2,0,H,1.3,6.0,8.5,2025-05-16,premier_league
Chelsea,Man United,1,0,H,1.44,5.0,6.25,2025-05-16,premier_league
Oud-Heverlee Leuven,Westerlo,0,2,A,2.45,3.7,2.63,2025-05-16,pro_league
Famalicao,Casa Pia,2,1,H,1.9,3.5,3.9,2025-05-16,primeira_liga
Rio Ave,Gil Vicente,1,1,D,2.55,3.2,2.45,2025-05-16,primeira_liga
Vallecano,Betis,2,2,D,3.0,3.2,2.4,2025-05-15,la_liga
Osasuna,Ath Madrid,2,0,H,3.6,3.3,2.1,2025-05-15,la_liga
Espanol,Barcelona,0,2,A,9.0,5.75,1.3,2025-05-15,la_liga
Getafe,Ath Bilbao,0,2,A,3.2,2.75,2.63,2025-05-15,la_liga
Alaves,Valencia,1,0,H,2.1,3.1,3.7,2025-05-14,la_liga
Villarreal,Leganes,3,0,H,1.33,5.75,8.0,2025-05-14,la_liga
Real Madrid,Mallorca,2,1,H,1.38,5.25,7.0,2025-05-14,la_liga
Almere City,For Sittard,1,1,D,2.25,3.5,3.1,2025-05-14,eredivisie
Feyenoord,Waalwijk,2,0,H,1.14,9.5,15.0,2025-05-14,eredivisie
Go Ahead Eagles,Heerenveen,1,0,H,2.55,3.75,2.55,2025-05-14,eredivisie
Groningen,Ajax,2,2,D,4.75,4.2,1.65,2025-05-14,eredivisie
Nijmegen,NAC Breda,3,0,H,1.8,3.7,4.33,2025-05-14,eredivisie
PSV Eindhoven,Heracles,4,1,H,1.07,12.0,29.0,2025-05-14,eredivisie
Twente,AZ Alkmaar,2,3,A,2.38,3.5,2.9,2025-05-14,eredivisie
Utrecht,Sparta Rotterdam,1,1,D,1.9,3.5,4.1,2025-05-14,eredivisie
Willem II,Zwolle,1,2,A,2.55,3.2,2.5,2025-05-14,eredivisie
Valladolid,Girona,0,1,A,4.75,3.9,1.73,2025-05-13,la_liga
Sociedad,Celta,0,1,A,2.3,3.3,3.1,2025-05-13,la_liga
Sevilla,Las Palmas,1,0,H,1.67,3.7,5.25,2025-05-13,la_liga
Venezia,Fiorentina,2,1,H,3.1,3.2,2.38,2025-05-12,serie_a
Atalanta,Roma,2,1,H,1.95,3.6,3.75,2025-05-12,serie_a
Kayserispor,Antalyaspor,3,1,H,1.91,3.5,3.7,2025-05-12,super_lig
Newcastle,Chelsea,2,0,H,2.1,3.75,3.1,2025-05-11,premier_league
Man United,West Ham,0,2,A,1.9,3.6,4.0,2025-05-11,premier_league
Nott'm Forest,Leicester,2,2,D,1.33,5.25,8.0,2025-05-11,premier_league
Tottenham,Crystal Palace,0,2,A,2.63,3.6,2.5,2025-05-11,premier_league
Liverpool,Arsenal,2,2,D,2.0,3.6,3.6,2025-05-11,premier_league
Leganes,Espanol,3,2,H,2.4,3.0,3.2,2025-05-11,la_liga
Barcelona,Real Madrid,4,3,H,1.9,3.7,3.2,2025-05-11,la_liga
Ath Bilbao,Alaves,1,0,H,1.8,2.9,4.5,2025-05-11,la_liga
Betis,Osasuna,1,1,D,1.62,3.75,5.75,2025-05-11,la_liga
Leverkusen,Dortmund,2,4,A,2.7,3.9,2.35,2025-05-11,bundesliga
Ein Frankfurt,St Pauli,2,2,D,1.53,4.33,5.75,2025-05-11,bundesliga
Stuttgart,Augsburg,4,0,H,1.55,4.33,5.75,2025-05-11,bundesliga
Udinese,Monza,1,2,A,1.48,4.2,7.0,2025-05-11,serie_a
Verona,Lecce,1,1,D,2.15,3.0,3.75,2025-05-11,serie_a
Torino,Inter,0,2,A,5.75,4.0,1.57,2025-05-11,serie_a
Napoli,Genoa,2,2,D,1.3,5.25,11.0,2025-05-11,serie_a
Zwolle,Go Ahead Eagles,1,1,D,2.55,3.8,2.5,2025-05-11,eredivisie
Feyenoord,PSV Eindhoven,2,3,A,2.55,3.9,2.4,2025-05-11,eredivisie
Twente,Utrecht,2,0,H,2.35,3.8,2.7,2025-05-11,eredivisie
Ajax,Nijmegen,0,3,A,1.3,5.5,9.0,2025-05-11,eredivisie
AZ Alkmaar,Groningen,3,0,H,1.62,4.2,5.0,2025-05-11,eredivisie
Gent,Antwerp,0,3,A,2.6,3.4,2.6,2025-05-11,pro_league
Genk,Club Brugge,0,2,A,3.4,3.7,2.0,2025-05-11,pro_league
Dender,Oud-Heverlee Leuven,5,0,H,2.38,3.4,2.8,2025-05-11,pro_league
Estrela,AVS,0,1,A,1.9,3.6,3.8,2025-05-11,primeira_liga
Guimaraes,Farense,1,2,A,1.57,4.1,5.75,2025-05-11,primeira_liga
Moreirense,Estoril,2,2,D,2.35,3.4,2.9,2025-05-11,primeira_liga
Boavista,Porto,1,2,A,7.5,4.5,1.4,2025-05-11,primeira_liga
Sivasspor,Bodrumspor,0,0,D,2.25,3.2,3.25,2025-05-11,super_lig
Besiktas,Ad. Demirspor,4,1,H,1.09,10.0,19.0,2025-05-11,super_lig
Goztep,Hatayspor,1,1,D,1.25,7.0,7.5,2025-05-11,super_lig
Fulham,Everton,1,3,A,1.82,3.4,4.5,2025-05-10,premier_league
Ipswich,Brentford,0,1,A,5.0,4.0,1.65,2025-05-10,premier_league
Southampton,Man City,0,0,D,11.0,7.5,1.2,2025-05-10,premier_league
Wolves,Brighton,0,2,A,2.7,3.5,2.5,2025-05-10,premier_league
Bournemouth,Aston Villa,0,1,A,2.4,3.6,2.75,2025-05-10,premier_league
Valencia,Getafe,3,0,H,2.0,3.0,4.33,2025-05-10,la_liga
Celta,Sevilla,3,2,H,1.8,3.6,4.5,2025-05-10,la_liga
Girona,Villarreal,0,1,A,3.1,3.8,2.1,2025-05-10,la_liga
Mallorca,Valladolid,2,1,H,1.33,5.25,9.0,2025-05-10,la_liga
Ath Madrid,Sociedad,4,0,H,1.67,3.7,5.0,2025-05-10,la_liga
Bochum,Mainz,1,4,A,2.9,3.6,2.3,2025-05-10,bundesliga
Holstein Kiel,Freiburg,1,2,A,3.1,3.75,2.15,2025-05-10,bundesliga
Union Berlin,Heidenheim,0,3,A,2.25,3.3,3.3,2025-05-10,bundesliga
Werder Bremen,RB Leipzig,0,0,D,2.35,3.7,2.8,2025-05-10,bundesliga
Bayern Munich,M'gladbach,2,0,H,1.17,9.5,11.0,2025-05-10,bundesliga
Como,Cagliari,3,1,H,1.73,3.8,4.75,2025-05-10,serie_a
Lazio,Juventus,1,1,D,2.45,3.2,3.0,2025-05-10,serie_a
Empoli,Parma,2,1,H,2.15,3.3,3.5,2025-05-10,serie_a
Angers,Strasbourg,2,1,H,4.2,3.75,1.8,2025-05-10,ligue_1
Auxerre,Nantes,1,1,D,2.8,3.4,2.45,2025-05-10,ligue_1
Brest,Lille,2,0,H,4.5,3.8,1.75,2025-05-10,ligue_1
Le Havre,Marseille,1,3,A,6.0,4.5,1.5,2025-05-10,ligue_1
Monaco,Lyon,2,0,H,1.83,4.2,3.7,2025-05-10,ligue_1
Montpellier,Paris SG,1,4,A,9.0,7.0,1.25,2025-05-10,ligue_1
Reims,St Etienne,0,2,A,2.1,3.7,3.2,2025-05-10,ligue_1
Rennes,Nice,2,0,H,3.6,3.8,1.95,2025-05-10,ligue_1
Toulouse,Lens,1,1,D,2.25,3.5,3.1,2025-05-10,ligue_1
Waalwijk,Heerenveen,3,1,H,3.4,3.8,2.0,2025-05-10,eredivisie
For Sittard,NAC Breda,1,0,H,1.95,3.4,4.0,2025-05-10,eredivisie
Almere City,Sparta Rotterdam,0,3,A,2.8,3.5,2.45,2025-05-10,eredivisie
Beerschot VA,Cercle Brugge,4,2,H,5.0,4.5,1.57,2025-05-10,pro_league
Kortrijk,St Truiden,2,2,D,3.1,3.6,2.2,2025-05-10,pro_league
Mechelen,Standard,0,0,D,1.73,3.9,4.33,2025-05-10,pro_league
Anderlecht,St. Gilloise,0,1,A,3.4,3.3,2.15,2025-05-10,pro_league
Nacional,Rio Ave,3,3,D,1.95,3.5,3.75,2025-05-10,primeira_liga
Santa Clara,Famalicao,2,1,H,2.15,3.1,3.6,2025-05-10,primeira_liga
Benfica,Sp Lisbon,1,1,D,2.1,3.5,3.3,2025-05-10,primeira_liga
Casa Pia,Sp Braga,2,1,H,5.75,3.8,1.57,2025-05-10,primeira_liga
Gil Vicente,Arouca,1,1,D,2.35,3.25,3.0,2025-05-10,primeira_liga
Eyupspor,Kasimpasa,0,3,A,2.3,3.5,2.75,2025-05-10,super_lig
Konyaspor,Rizespor,2,1,H,2.0,3.4,3.7,2025-05-10,super_lig
Trabzonspor,Galatasaray,0,2,A,3.5,4.33,1.7,2025-05-10,super_lig
Las Palmas,Vallecano,0,1,A,2.45,3.25,3.0,2025-05-09,la_liga
Wolfsburg,Hoffenheim,2,2,D,2.2,3.6,2.9,2025-05-09,bundesliga
Milan,Bologna,3,1,H,2.3,3.4,3.0,2025-05-09,serie_a
Willem II,Heracles,1,2,A,2.7,3.25,2.6,2025-05-09,eredivisie
Charleroi,Westerlo,4,3,H,1.62,4.33,4.5,2025-05-09,pro_league
Buyuksehyr,Fenerbahce,1,4,A,3.8,3.9,1.8,2025-05-09,super_lig
Gaziantep,Alanyaspor,0,1,A,2.4,3.4,2.75,2025-05-09,super_lig
Crystal Palace,Nott'm Forest,1,1,D,2.25,3.4,3.2,2025-05-05,premier_league
Girona,Mallorca,1,0,H,2.0,3.1,4.2,2025-05-05,la_liga
Genoa,Milan,1,2,A,4.75,3.7,1.8,2025-05-05,serie_a
Rio Ave,Estrela,2,0,H,2.35,3.3,3.0,2025-05-05,primeira_liga
AVS,Boavista,1,2,A,2.1,3.2,3.7,2025-05-05,primeira_liga
Kasimpasa,Trabzonspor,1,1,D,2.55,3.5,2.38,2025-05-05,super_lig
Brentford,Man United,4,3,H,1.65,4.1,4.75,2025-05-04,premier_league
Brighton,Newcastle,1,1,D,2.88,3.7,2.3,2025-05-04,premier_league
West Ham,Tottenham,1,1,D,2.1,3.7,3.25,2025-05-04,premier_league
Chelsea,Liverpool,3,1,H,2.15,3.7,3.1,2025-05-04,premier_league
Real Madrid,Celta,3,2,H,1.33,5.75,7.0,2025-05-04,la_liga
Sevilla,Leganes,2,2,D,1.77,3.5,4.75,2025-05-04,la_liga
Espanol,Betis,1,2,A,3.3,3.0,2.38,2025-05-04,la_liga
Sociedad,Ath Bilbao,0,0,D,2.55,3.0,3.0,2025-05-04,la_liga
Augsburg,Holstein Kiel,1,3,A,1.83,3.9,4.0,2025-05-04,bundesliga
Freiburg,Leverkusen,2,2,D,3.2,3.4,2.25,2025-05-04,bundesliga
Mainz,Ein Frankfurt,1,1,D,2.35,3.5,2.9,2025-05-04,bundesliga
Empoli,Lazio,0,1,A,4.33,3.6,1.83,2025-05-04,serie_a
Monza,Atalanta,0,4,A,13.0,6.0,1.22,2025-05-04,serie_a
Roma,Fiorentina,1,0,H,1.65,3.7,5.5,2025-05-04,serie_a
Bologna,Juventus,1,1,D,2.4,3.1,3.2,2025-05-04,serie_a
Nantes,Angers,0,1,A,1.9,3.2,4.75,2025-05-04,ligue_1
Auxerre,Le Havre,1,2,A,2.1,3.6,3.25,2025-05-04,ligue_1
Brest,Montpellier,1,0,H,1.36,5.25,7.5,2025-05-04,ligue_1
Lyon,Lens,1,2,A,1.55,4.33,5.75,2025-05-04,ligue_1
Lille,Marseille,1,1,D,2.35,3.25,3.1,2025-05-04,ligue_1
NAC Breda,Zwolle,1,3,A,2.25,3.5,3.1,2025-05-04,eredivisie
Go Ahead Eagles,AZ Alkmaar,0,3,A,2.7,3.6,2.5,2025-05-04,eredivisie
Sparta Rotterdam,Twente,0,2,A,2.35,3.6,2.88,2025-05-04,eredivisie
Standard,Charleroi,0,1,A,3.25,3.2,2.25,2025-05-04,pro_league
St Truiden,Beerschot VA,2,1,H,1.44,4.5,6.25,2025-05-04,pro_league
Arouca,Casa Pia,0,0,D,2.05,3.3,3.6,2025-05-04,primeira_liga
Sp Lisbon,Gil Vicente,2,1,H,1.13,7.5,21.0,2025-05-04,primeira_liga
Samsunspor,Eyupspor,3,0,H,2.15,3.1,3.3,2025-05-04,super_lig
Ad. Demirspor,Goztep,1,2,A,11.0,6.0,1.17,2025-05-04,super_lig
Fenerbahce,Besiktas,0,1,A,1.5,4.2,5.25,2025-05-04,super_lig
Aston Villa,Fulham,1,0,H,1.77,3.75,4.5,2025-05-03,premier_league
Everton,Ipswich,2,2,D,1.45,4.33,6.5,2025-05-03,premier_league
Leicester,Southampton,2,0,H,2.3,3.6,2.88,2025-05-03,premier_league
Arsenal,Bournemouth,1,2,A,2.05,3.7,3.4,2025-05-03,premier_league
Bristol City,Preston,2,2,D,1.75,3.6,4.75,2025-05-03,championship
Burnley,Millwall,3,1,H,1.62,3.7,5.75,2025-05-03,championship
Coventry,Middlesbrough,2,0,H,2.05,3.8,3.2,2025-05-03,championship
Derby,Stoke,0,0,D,2.05,3.0,4.2,2025-05-03,championship
Norwich,Cardiff,4,2,H,1.58,4.33,4.75,2025-05-03,championship
Plymouth,Leeds,1,2,A,9.5,6.25,1.25,2025-05-03,championship
Portsmouth,Hull,1,1,D,2.8,3.6,2.3,2025-05-03,championship
Sheffield United,Blackburn,1,1,D,2.25,3.5,3.0,2025-05-03,championship
Sunderland,QPR,0,1,A,1.57,4.1,5.25,2025-05-03,championship
Swansea,Oxford,3,3,D,1.62,4.0,4.75,2025-05-03,championship
Watford,Sheffield Weds,1,1,D,2.75,3.5,2.4,2025-05-03,championship
West Brom,Luton,5,3,H,3.0,3.4,2.3,2025-05-03,championship
Alaves,Ath Madrid,0,0,D,3.7,3.1,2.15,2025-05-03,la_liga
Villarreal,Osasuna,4,2,H,1.53,4.2,6.0,2025-05-03,la_liga
Las Palmas,Valencia,2,3,A,2.63,3.3,2.7,2025-05-03,la_liga
Valladolid,Barcelona,1,2,A,15.0,8.0,1.14,2025-05-03,la_liga
M'gladbach,Hoffenheim,4,4,D,2.1,4.0,3.0,2025-05-03,bundesliga
RB Leipzig,Bayern Munich,3,3,D,4.5,4.33,1.62,2025-05-03,bundesliga
St Pauli,Stuttgart,0,1,A,2.62,3.5,2.55,2025-05-03,bundesliga
Union Berlin,Werder Bremen,2,2,D,2.7,3.4,2.55,2025-05-03,bundesliga
Dortmund,Wolfsburg,4,0,H,1.33,5.75,7.5,2025-05-03,bundesliga
Cagliari,Udinese,1,2,A,2.2,3.2,3.5,2025-05-03,serie_a
Parma,Como,0,1,A,3.1,3.3,2.3,2025-05-03,serie_a
Lecce,Napoli,0,1,A,7.0,3.8,1.55,2025-05-03,serie_a
Inter,Verona,1,0,H,1.3,5.25,10.0,2025-05-03,serie_a
Strasbourg,Paris SG,2,1,H,2.45,3.75,2.6,2025-05-03,ligue_1
Toulouse,Rennes,2,1,H,2.15,3.4,3.4,2025-05-03,ligue_1
St Etienne,Monaco,1,3,A,6.5,5.25,1.37,2025-05-03,ligue_1
Nijmegen,Willem II,1,1,D,1.57,4.33,5.25,2025-05-03,eredivisie
Heracles,Feyenoord,1,4,A,5.0,4.5,1.57,2025-05-03,eredivisie
Groningen,Waalwijk,6,1,H,1.7,3.9,5.0,2025-05-03,eredivisie
PSV Eindhoven,For Sittard,4,1,H,1.11,9.0,21.0,2025-05-03,eredivisie
Cercle Brugge,Kortrijk,0,2,A,1.85,3.6,3.9,2025-05-03,pro_league
Oud-Heverlee Leuven,Mechelen,1,2,A,2.6,3.3,2.55,2025-05-03,pro_league
St. Gilloise,Genk,1,0,H,1.9,3.6,3.7,2025-05-03,pro_league
Farense,Famalicao,2,1,H,2.6,3.1,2.8,2025-05-03,primeira_liga
Nacional,Guimaraes,1,2,A,4.2,3.5,1.85,2025-05-03,primeira_liga
Sp Braga,Santa Clara,1,1,D,1.73,3.4,5.25,2025-05-03,primeira_liga
Estoril,Benfica,1,2,A,11.0,8.0,1.18,2025-05-03,primeira_liga
Alanyaspor,Kayserispor,1,1,D,2.0,3.4,3.4,2025-05-03,super_lig
Rizespor,Gaziantep,2,0,H,1.85,3.6,3.75,2025-05-03,super_lig
Galatasaray,Sivasspor,4,1,H,1.2,7.5,11.0,2025-05-03,super_lig
Hatayspor,Buyuksehyr,2,4,A,5.75,4.0,1.45,2025-05-03,super_lig
Man City,Wolves,1,0,H,1.4,4.75,7.5,2025-05-02,premier_league
Vallecano,Getafe,1,0,H,2.38,3.0,3.4,2025-05-02,la_liga
Heidenheim,Bochum,0,0,D,2.25,3.6,3.1,2025-05-02,bundesliga
Torino,Venezia,1,1,D,2.5,2.88,3.25,2025-05-02,serie_a
Nice,Reims,1,0,H,1.4,4.75,7.5,2025-05-02,ligue_1
Westerlo,Dender,4,2,H,1.6,4.33,4.75,2025-05-02,pro_league
Porto,Moreirense,3,1,H,1.33,5.25,8.0,2025-05-02,primeira_liga
Antalyaspor,Konyaspor,1,0,H,2.45,3.2,2.88,2025-05-02,super_lig
Nott'm Forest,Brentford,0,2,A,2.15,3.5,3.25,2025-05-01,premier_league
Antwerp,Anderlecht,1,3,A,2.7,3.4,2.45,2025-05-01,pro_league
Club Brugge,Gent,4,1,H,1.27,5.75,8.5,2025-05-01,pro_league
Casa Pia,Estoril,1,3,A,2.05,3.2,3.9,2025-04-29,primeira_liga
Leeds,Bristol City,4,0,H,1.6,3.9,5.75,2025-04-28,championship
Udinese,Bologna,0,0,D,4.5,3.5,1.85,2025-04-28,serie_a
Lazio,Parma,2,2,D,1.53,4.5,5.75,2025-04-28,serie_a
Verona,Cagliari,0,2,A,2.5,2.75,3.5,2025-04-28,serie_a
Goztep,Buyuksehyr,4,1,H,2.2,3.3,3.2,2025-04-28,super_lig
Bournemouth,Man United,1,1,D,1.67,4.0,4.5,2025-04-27,premier_league
Liverpool,Tottenham,5,1,H,1.25,6.0,11.0,2025-04-27,premier_league
Villarreal,Espanol,1,0,H,1.44,5.0,6.25,2025-04-27,la_liga
Bochum,Union Berlin,1,1,D,2.25,3.4,3.1,2025-04-27,bundesliga
Werder Bremen,St Pauli,0,0,D,1.85,3.6,4.0,2025-04-27,bundesliga
Como,Genoa,1,0,H,1.85,3.4,4.75,2025-04-27,serie_a
Venezia,Milan,0,2,A,4.75,4.0,1.7,2025-04-27,serie_a
Fiorentina,Empoli,2,1,H,1.83,3.5,4.5,2025-04-27,serie_a
Inter,Roma,0,1,A,1.73,3.8,4.75,2025-04-27,serie_a
Juventus,Monza,2,0,H,1.2,7.5,12.0,2025-04-27,serie_a
Atalanta,Lecce,1,1,D,1.25,6.0,11.0,2025-04-27,serie_a
Napoli,Torino,2,0,H,1.42,4.33,8.0,2025-04-27,serie_a
Angers,Lille,0,2,A,6.0,3.9,1.57,2025-04-27,ligue_1
Lens,Auxerre,0,4,A,1.6,4.0,5.5,2025-04-27,ligue_1
Montpellier,Reims,0,0,D,4.5,3.6,1.75,2025-04-27,ligue_1
Nantes,Toulouse,0,0,D,2.88,3.25,2.45,2025-04-27,ligue_1
Marseille,Brest,4,1,H,1.5,4.5,6.0,2025-04-27,ligue_1
For Sittard,Willem II,1,0,H,1.8,3.75,4.33,2025-04-27,eredivisie
Ajax,Sparta Rotterdam,1,1,D,1.48,4.75,5.5,2025-04-27,eredivisie
Heerenveen,Nijmegen,1,0,H,1.95,3.7,3.75,2025-04-27,eredivisie
Almere City,Go Ahead Eagles,0,0,D,2.55,3.8,2.5,2025-04-27,eredivisie
Gent,Anderlecht,0,1,A,3.0,3.1,2.4,2025-04-27,pro_league
Genk,Antwerp,0,1,A,1.57,4.75,4.75,2025-04-27,pro_league
St. Gilloise,Club Brugge,0,0,D,2.55,3.1,2.9,2025-04-27,pro_league
Moreirense,Nacional,1,1,D,2.2,3.1,3.6,2025-04-27,primeira_liga
Benfica,AVS,6,0,H,1.08,11.0,21.0,2025-04-27,primeira_liga
Guimaraes,Rio Ave,3,0,H,1.53,4.1,6.25,2025-04-27,primeira_liga
Boavista,Sp Lisbon,0,5,A,12.0,6.25,1.22,2025-04-27,primeira_liga
Konyaspor,Ad. Demirspor,3,1,H,1.18,8.0,10.0,2025-04-27,super_lig
Trabzonspor,Alanyaspor,4,3,H,1.75,3.6,4.5,2025-04-27,super_lig
Eyupspor,Galatasaray,1,5,A,6.5,4.1,1.5,2025-04-27,super_lig
Kayserispor,Rizespor,1,0,H,2.25,3.3,3.0,2025-04-27,super_lig
Chelsea,Everton,1,0,H,1.55,4.0,6.0,2025-04-26,premier_league
Brighton,West Ham,3,2,H,1.67,4.2,4.75,2025-04-26,premier_league
Newcastle,Ipswich,3,0,H,1.18,7.5,13.0,2025-04-26,premier_league
Southampton,Fulham,1,2,A,5.25,4.0,1.6,2025-04-26,premier_league
Wolves,Leicester,3,0,H,1.5,4.2,6.25,2025-04-26,premier_league
Luton,Coventry,1,0,H,2.5,3.25,2.88,2025-04-26,championship
QPR,Burnley,0,5,A,3.8,3.5,1.95,2025-04-26,championship
Blackburn,Watford,2,1,H,1.7,3.6,5.0,2025-04-26,championship
Cardiff,West Brom,0,0,D,2.25,3.2,3.2,2025-04-26,championship
Hull,Derby,0,1,A,2.4,3.0,3.25,2025-04-26,championship
Middlesbrough,Norwich,0,0,D,1.55,4.33,5.25,2025-04-26,championship
Millwall,Swansea,1,0,H,2.25,3.2,3.3,2025-04-26,championship
Oxford,Sunderland,2,0,H,3.1,3.25,2.38,2025-04-26,championship
Preston,Plymouth,1,2,A,1.75,3.6,4.75,2025-04-26,championship
Sheffield Weds,Portsmouth,1,1,D,2.05,3.9,3.25,2025-04-26,championship
Bayern Munich,Mainz,3,0,H,1.22,7.0,11.0,2025-04-26,bundesliga
Hoffenheim,Dortmund,2,3,A,4.1,4.33,1.73,2025-04-26,bundesliga
Holstein Kiel,M'gladbach,4,3,H,3.1,3.8,2.15,2025-04-26,bundesliga
Leverkusen,Augsburg,2,0,H,1.36,5.0,8.5,2025-04-26,bundesliga
Wolfsburg,Freiburg,0,1,A,2.35,3.5,2.88,2025-04-26,bundesliga
Ein Frankfurt,RB Leipzig,4,0,H,2.15,3.8,3.0,2025-04-26,bundesliga
Strasbourg,St Etienne,3,1,H,1.62,4.2,5.0,2025-04-26,ligue_1
Le Havre,Monaco,1,1,D,6.5,5.0,1.42,2025-04-26,ligue_1
Lyon,Rennes,4,1,H,1.75,4.2,4.1,2025-04-26,ligue_1
Oud-Heverlee Leuven,Standard,1,1,D,2.05,3.4,3.6,2025-04-26,pro_league
Westerlo,Mechelen,2,2,D,2.3,3.6,2.88,2025-04-26,pro_league
Cercle Brugge,St Truiden,3,1,H,2.05,3.5,3.5,2025-04-26,pro_league
Charleroi,Dender,4,1,H,1.62,4.0,5.0,2025-04-26,pro_league
Santa Clara,Arouca,2,0,H,1.9,3.1,4.5,2025-04-26,primeira_liga
Gil Vicente,Farense,1,0,H,2.3,3.1,3.3,2025-04-26,primeira_liga
Estrela,Porto,2,0,H,6.25,3.9,1.53,2025-04-26,primeira_liga
Sivasspor,Antalyaspor,2,0,H,2.1,3.4,3.4,2025-04-26,super_lig
Bodrumspor,Samsunspor,1,2,A,2.38,3.0,3.2,2025-04-26,super_lig
Gaziantep,Fenerbahce,1,3,A,6.5,4.5,1.44,2025-04-26,super_lig
Stoke,Sheffield United,0,2,A,2.35,3.3,3.0,2025-04-25,championship
Stuttgart,Heidenheim,0,1,A,1.48,5.0,5.75,2025-04-25,bundesliga
Paris SG,Nice,1,3,A,1.7,4.5,4.1,2025-04-25,ligue_1
Waalwijk,Utrecht,0,4,A,3.8,4.0,1.85,2025-04-25,eredivisie
Feyenoord,Zwolle,4,0,H,1.25,5.75,12.0,2025-04-25,eredivisie
Beerschot VA,Kortrijk,2,0,H,4.1,3.5,1.85,2025-04-25,pro_league
Famalicao,Sp Braga,1,1,D,3.25,3.3,2.2,2025-04-25,primeira_liga
Besiktas,Hatayspor,5,1,H,1.25,6.0,10.0,2025-04-25,super_lig
Leganes,Girona,1,1,D,2.75,3.1,2.75,2025-04-24,la_liga
Osasuna,Sevilla,1,0,H,2.5,3.0,3.2,2025-04-24,la_liga
Ath Madrid,Vallecano,3,0,H,1.53,4.0,6.5,2025-04-24,la_liga
Betis,Valladolid,5,1,H,1.2,7.0,13.0,2025-04-24,la_liga
AZ Alkmaar,NAC Breda,1,1,D,1.4,4.75,7.0,2025-04-24,eredivisie
Twente,PSV Eindhoven,1,3,A,4.1,4.0,1.8,2025-04-24,eredivisie
Club Brugge,St. Gilloise,0,1,A,1.9,3.64,3.97,2025-04-24,pro_league
Arsenal,Crystal Palace,2,2,D,1.4,4.75,7.5,2025-04-23,premier_league
Ath Bilbao,Las Palmas,1,0,H,1.36,5.25,7.0,2025-04-23,la_liga
Celta,Villarreal,3,0,H,2.5,3.4,2.8,2025-04-23,la_liga
Alaves,Sociedad,1,0,H,2.35,3.0,3.4,2025-04-23,la_liga
Getafe,Real Madrid,0,1,A,4.75,3.6,1.75,2025-04-23,la_liga
Cagliari,Fiorentina,1,2,A,3.1,3.1,2.45,2025-04-23,serie_a
Genoa,Lazio,0,2,A,3.3,3.2,2.3,2025-04-23,serie_a
Parma,Juventus,1,0,H,4.75,3.6,1.75,2025-04-23,serie_a
Torino,Udinese,2,0,H,2.4,2.9,3.3,2025-04-23,serie_a
Groningen,Heracles,4,1,H,2.0,3.2,4.1,2025-04-23,eredivisie
Anderlecht,Gent,5,0,H,1.85,3.25,4.0,2025-04-23,pro_league
Antwerp,Genk,1,1,D,3.2,3.5,2.0,2025-04-23,pro_league
Man City,Aston Villa,2,1,H,1.8,4.1,3.9,2025-04-22,premier_league
Valencia,Espanol,1,1,D,1.95,3.3,4.1,2025-04-22,la_liga
Barcelona,Mallorca,1,0,H,1.2,7.0,13.0,2025-04-22,la_liga
Nantes,Paris SG,1,1,D,6.25,5.5,1.4,2025-04-22,ligue_1
Dender,Charleroi,2,1,H,3.1,3.5,2.2,2025-04-22,pro_league
Mechelen,Westerlo,2,3,A,1.67,4.33,4.33,2025-04-22,pro_league
Standard,Oud-Heverlee Leuven,0,1,A,2.25,3.2,3.4,2025-04-22,pro_league
Tottenham,Nott'm Forest,1,2,A,2.45,3.6,2.63,2025-04-21,premier_league
Cardiff,Oxford,1,1,D,1.85,3.25,4.5,2025-04-21,championship
Hull,Preston,2,1,H,1.95,3.25,4.0,2025-04-21,championship
Leeds,Stoke,6,0,H,1.27,5.75,11.0,2025-04-21,championship
Luton,Bristol City,3,1,H,2.5,3.25,2.8,2025-04-21,championship
Millwall,Norwich,3,1,H,2.2,3.4,3.2,2025-04-21,championship
Plymouth,Coventry,3,1,H,4.75,3.7,1.73,2025-04-21,championship
Portsmouth,Watford,1,0,H,2.0,3.7,3.4,2025-04-21,championship
QPR,Swansea,1,2,A,2.4,3.5,2.75,2025-04-21,championship
Sheffield Weds,Middlesbrough,2,1,H,3.3,3.4,2.15,2025-04-21,championship
Sunderland,Blackburn,0,1,A,1.75,3.5,4.75,2025-04-21,championship
West Brom,Derby,1,3,A,1.91,3.5,3.8,2025-04-21,championship
Burnley,Sheffield United,2,1,H,1.95,3.5,3.9,2025-04-21,championship
Girona,Betis,1,3,A,2.88,3.3,2.45,2025-04-21,la_liga
Alanyaspor,Samsunspor,1,0,H,2.38,3.1,2.8,2025-04-21,super_lig
Fulham,Chelsea,1,2,A,2.7,3.7,2.35,2025-04-20,premier_league
Ipswich,Arsenal,0,4,A,8.0,4.5,1.4,2025-04-20,premier_league
Man United,Wolves,0,1,A,2.0,3.6,3.6,2025-04-20,premier_league
Leicester,Liverpool,0,1,A,11.0,6.25,1.22,2025-04-20,premier_league
Valladolid,Osasuna,2,3,A,4.5,3.4,1.83,2025-04-20,la_liga
Villarreal,Sociedad,2,2,D,1.7,3.7,5.0,2025-04-20,la_liga
Sevilla,Alaves,1,1,D,2.0,3.1,4.2,2025-04-20,la_liga
Real Madrid,Ath Bilbao,1,0,H,1.65,3.9,5.25,2025-04-20,la_liga
Augsburg,Ein Frankfurt,0,0,D,2.55,3.3,2.75,2025-04-20,bundesliga
Dortmund,M'gladbach,3,2,H,1.42,5.25,6.5,2025-04-20,bundesliga
St Pauli,Leverkusen,1,1,D,5.25,3.8,1.67,2025-04-20,bundesliga
Empoli,Venezia,2,2,D,2.25,3.0,3.6,2025-04-20,serie_a
Bologna,Inter,1,0,H,3.4,3.1,2.3,2025-04-20,serie_a
Milan,Atalanta,0,1,A,2.5,3.4,2.75,2025-04-20,serie_a
Lille,Auxerre,3,1,H,1.5,4.2,7.0,2025-04-20,ligue_1
Brest,Lens,1,3,A,2.35,3.3,3.1,2025-04-20,ligue_1
Nice,Angers,2,1,H,1.38,5.0,8.0,2025-04-20,ligue_1
Reims,Toulouse,1,0,H,3.3,3.25,2.25,2025-04-20,ligue_1
St Etienne,Lyon,2,1,H,5.25,4.2,1.62,2025-04-20,ligue_1
Utrecht,Ajax,4,0,H,3.5,3.6,2.0,2025-04-20,eredivisie
Anderlecht,Antwerp,0,0,D,1.85,3.6,4.0,2025-04-20,pro_league
Genk,St. Gilloise,1,2,A,2.4,3.5,2.7,2025-04-20,pro_league
Gent,Club Brugge,0,5,A,4.75,4.1,1.62,2025-04-20,pro_league
Buyuksehyr,Gaziantep,2,1,H,1.63,3.7,4.33,2025-04-20,super_lig
Rizespor,Eyupspor,1,0,H,2.1,3.3,3.25,2025-04-20,super_lig
Fenerbahce,Kayserispor,3,3,D,1.18,7.5,11.0,2025-04-20,super_lig
Brentford,Brighton,4,2,H,2.4,3.75,2.63,2025-04-19,premier_league
Crystal Palace,Bournemouth,0,0,D,2.45,3.6,2.63,2025-04-19,premier_league
Everton,Man City,0,2,A,3.7,3.6,1.91,2025-04-19,premier_league
West Ham,Southampton,1,1,D,1.48,4.33,6.5,2025-04-19,premier_league
Aston Villa,Newcastle,4,1,H,2.3,3.6,2.75,2025-04-19,premier_league
Vallecano,Valencia,1,1,D,2.25,3.0,3.4,2025-04-19,la_liga
Barcelona,Celta,4,3,H,1.3,5.75,8.0,2025-04-19,la_liga
Mallorca,Leganes,0,0,D,1.85,3.1,5.0,2025-04-19,la_liga
Las Palmas,Ath Madrid,1,0,H,5.75,4.2,1.55,2025-04-19,la_liga
Freiburg,Hoffenheim,3,2,H,1.91,3.7,3.75,2025-04-19,bundesliga
Heidenheim,Bayern Munich,0,4,A,9.0,6.0,1.29,2025-04-19,bundesliga
Mainz,Wolfsburg,2,2,D,2.0,3.6,3.6,2025-04-19,bundesliga
RB Leipzig,Holstein Kiel,1,1,D,1.33,5.75,7.5,2025-04-19,bundesliga
Werder Bremen,Bochum,1,0,H,1.73,4.1,4.33,2025-04-19,bundesliga
Union Berlin,Stuttgart,4,4,D,2.8,3.4,2.45,2025-04-19,bundesliga
Lecce,Como,0,3,A,3.75,3.3,2.05,2025-04-19,serie_a
Monza,Napoli,0,1,A,13.0,5.0,1.29,2025-04-19,serie_a
Roma,Verona,1,0,H,1.4,4.5,8.5,2025-04-19,serie_a
Paris SG,Le Havre,2,1,H,1.13,9.0,17.0,2025-04-19,ligue_1
Monaco,Strasbourg,0,0,D,1.57,4.75,4.75,2025-04-19,ligue_1
Marseille,Montpellier,5,1,H,1.22,7.0,11.0,2025-04-19,ligue_1
Heerenveen,Almere City,2,1,H,1.65,4.0,4.75,2025-04-19,eredivisie
Oud-Heverlee Leuven,Dender,4,4,D,2.0,3.25,3.8,2025-04-19,pro_league
Charleroi,Mechelen,3,0,H,2.2,3.4,3.2,2025-04-19,pro_league
Standard,Westerlo,1,1,D,2.4,3.3,2.8,2025-04-19,pro_league
AVS,Casa Pia,1,1,D,3.0,3.2,2.4,2025-04-19,primeira_liga
Nacional,Gil Vicente,0,3,A,2.3,3.1,3.2,2025-04-19,primeira_liga
Arouca,Estrela,1,0,H,1.9,3.3,4.2,2025-04-19,primeira_liga
Estoril,Sp Braga,0,2,A,3.8,3.4,1.95,2025-04-19,primeira_liga
Guimaraes,Benfica,0,3,A,5.25,4.0,1.6,2025-04-19,primeira_liga
Kasimpasa,Sivasspor,3,1,H,1.8,3.6,3.9,2025-04-19,super_lig
Ad. Demirspor,Trabzonspor,0,1,A,9.5,7.0,1.2,2025-04-19,super_lig
Goztep,Besiktas,1,1,D,2.6,3.3,2.6,2025-04-19,super_lig
Derby,Luton,0,1,A,2.6,2.9,3.0,2025-04-18,championship
Blackburn,Millwall,4,1,H,2.35,3.1,3.2,2025-04-18,championship
Bristol City,Sunderland,2,1,H,2.3,3.5,2.9,2025-04-18,championship
Coventry,West Brom,2,0,H,2.2,3.6,3.1,2025-04-18,championship
Middlesbrough,Plymouth,2,1,H,1.36,5.0,7.0,2025-04-18,championship
Norwich,Portsmouth,3,5,A,1.8,3.8,4.2,2025-04-18,championship
Preston,QPR,1,2,A,2.25,3.1,3.4,2025-04-18,championship
Stoke,Sheffield Weds,2,0,H,2.3,3.3,3.1,2025-04-18,championship
Swansea,Hull,1,0,H,2.3,3.3,3.0,2025-04-18,championship
Watford,Burnley,1,2,A,4.75,3.4,1.8,2025-04-18,championship
Sheffield United,Cardiff,2,0,H,1.57,3.75,6.0,2025-04-18,championship
Oxford,Leeds,0,1,A,8.0,5.0,1.36,2025-04-18,championship
Espanol,Getafe,1,0,H,2.88,2.63,3.0,2025-04-18,la_liga
Rennes,Nantes,2,1,H,1.8,3.5,4.75,2025-04-18,ligue_1
Farense,Boavista,0,1,A,1.8,3.4,4.75,2025-04-18,primeira_liga
Rio Ave,Santa Clara,1,1,D,2.88,2.9,2.7,2025-04-18,primeira_liga
Porto,Famalicao,2,1,H,1.48,4.75,6.0,2025-04-18,primeira_liga
Sp Lisbon,Moreirense,3,1,H,1.22,6.0,13.0,2025-04-18,primeira_liga
Galatasaray,Bodrumspor,2,0,H,1.3,5.5,8.0,2025-04-18,super_lig
Hatayspor,Konyaspor,2,3,A,3.9,3.6,1.8,2025-04-18,super_lig
Newcastle,Crystal Palace,5,0,H,1.67,3.9,5.0,2025-04-16,premier_league
Bournemouth,Fulham,1,0,H,2.15,3.5,3.3,2025-04-14,premier_league
Hull,Coventry,1,1,D,2.55,3.2,2.8,2025-04-14,championship
Ath Madrid,Valladolid,4,2,H,1.14,8.0,19.0,2025-04-14,la_liga
Napoli,Empoli,3,0,H,1.33,5.0,9.5,2025-04-14,serie_a
Eyupspor,Ad. Demirspor,6,0,H,1.18,7.5,12.0,2025-04-14,super_lig
Chelsea,Ipswich,2,2,D,1.27,7.0,8.5,2025-04-13,premier_league
Liverpool,West Ham,2,1,H,1.3,6.0,8.0,2025-04-13,premier_league
Wolves,Tottenham,4,2,H,2.2,3.6,3.1,2025-04-13,premier_league
Newcastle,Man United,4,1,H,1.65,4.2,4.75,2025-04-13,premier_league
Osasuna,Girona,2,1,H,2.45,3.2,3.1,2025-04-13,la_liga
Alaves,Real Madrid,0,1,A,5.25,4.1,1.62,2025-04-13,la_liga
Betis,Villarreal,1,2,A,2.35,3.3,3.1,2025-04-13,la_liga
Ath Bilbao,Vallecano,3,1,H,1.75,3.4,5.5,2025-04-13,la_liga
Stuttgart,Werder Bremen,1,2,A,1.65,4.33,4.5,2025-04-13,bundesliga
Ein Frankfurt,Heidenheim,3,0,H,1.73,4.2,4.2,2025-04-13,bundesliga
Atalanta,Bologna,2,0,H,1.95,3.5,3.9,2025-04-13,serie_a
Fiorentina,Parma,0,0,D,1.73,3.8,4.75,2025-04-13,serie_a
Verona,Genoa,0,0,D,3.0,2.9,2.63,2025-04-13,serie_a
Como,Torino,1,0,H,1.91,3.5,4.1,2025-04-13,serie_a
Lazio,Roma,1,1,D,2.8,3.2,2.63,2025-04-13,serie_a
St Etienne,Brest,3,3,D,3.5,3.6,2.05,2025-04-13,ligue_1
Angers,Montpellier,2,0,H,1.9,3.5,4.1,2025-04-13,ligue_1
Le Havre,Rennes,1,5,A,3.5,3.4,2.1,2025-04-13,ligue_1
Auxerre,Lyon,1,3,A,3.6,3.6,2.0,2025-04-13,ligue_1
Utrecht,Groningen,3,1,H,1.7,3.7,5.0,2025-04-13,eredivisie
Heracles,AZ Alkmaar,1,0,H,4.0,3.5,1.9,2025-04-13,eredivisie
Zwolle,Twente,1,1,D,3.6,3.6,2.0,2025-04-13,eredivisie
Willem II,Ajax,1,2,A,7.0,5.25,1.36,2025-04-13,eredivisie
Antwerp,Gent,0,1,A,2.05,3.4,3.4,2025-04-13,pro_league
Mechelen,Oud-Heverlee Leuven,1,1,D,1.73,3.7,4.5,2025-04-13,pro_league
Club Brugge,Genk,1,0,H,1.73,3.8,4.33,2025-04-13,pro_league
Dender,Standard,1,1,D,2.3,3.2,3.2,2025-04-13,pro_league
Estrela,Farense,0,1,A,2.7,3.0,2.75,2025-04-13,primeira_liga
Benfica,Arouca,2,2,D,1.17,7.0,17.0,2025-04-13,primeira_liga
Sp Braga,AVS,4,1,H,1.38,4.5,8.5,2025-04-13,primeira_liga
Moreirense,Rio Ave,0,2,A,1.95,3.25,4.1,2025-04-13,primeira_liga
Gaziantep,Hatayspor,2,1,H,1.5,4.5,5.5,2025-04-13,super_lig
Kayserispor,Kasimpasa,1,0,H,2.2,3.4,3.1,2025-04-13,super_lig
Sivasspor,Fenerbahce,1,3,A,7.5,4.75,1.38,2025-04-13,super_lig
Trabzonspor,Rizespor,2,0,H,1.75,3.6,4.33,2025-04-13,super_lig
Man City,Crystal Palace,5,2,H,1.5,4.75,5.75,2025-04-12,premier_league
Brighton,Leicester,2,2,D,1.29,6.0,10.0,2025-04-12,premier_league
Nott'm Forest,Everton,0,1,A,2.1,3.3,3.7,2025-04-12,premier_league
Southampton,Aston Villa,0,3,A,6.0,4.2,1.55,2025-04-12,premier_league
Arsenal,Brentford,1,1,D,1.6,4.33,5.0,2025-04-12,premier_league
Leeds,Preston,2,1,H,1.22,6.5,12.0,2025-04-12,championship
Plymouth,Sheffield United,2,1,H,5.25,4.0,1.6,2025-04-12,championship
Cardiff,Stoke,0,1,A,2.25,3.5,3.0,2025-04-12,championship
Luton,Blackburn,0,1,A,1.85,3.4,4.33,2025-04-12,championship
Millwall,Middlesbrough,1,0,H,2.88,3.25,2.45,2025-04-12,championship
Portsmouth,Derby,2,2,D,2.3,3.25,3.2,2025-04-12,championship
QPR,Bristol City,1,1,D,3.1,3.4,2.25,2025-04-12,championship
Sheffield Weds,Oxford,0,1,A,1.62,3.75,5.5,2025-04-12,championship
Sunderland,Swansea,0,1,A,1.7,3.6,4.75,2025-04-12,championship
West Brom,Watford,2,1,H,1.73,3.7,4.75,2025-04-12,championship
Sociedad,Mallorca,0,2,A,1.75,3.4,5.5,2025-04-12,la_liga
Getafe,Las Palmas,1,3,A,1.75,3.3,5.5,2025-04-12,la_liga
Celta,Espanol,0,2,A,1.62,3.7,6.0,2025-04-12,la_liga
Leganes,Barcelona,0,1,A,8.5,6.0,1.3,2025-04-12,la_liga
Bochum,Augsburg,1,2,A,2.5,3.4,2.8,2025-04-12,bundesliga
Hoffenheim,Mainz,2,0,H,2.7,3.5,2.55,2025-04-12,bundesliga
Holstein Kiel,St Pauli,1,2,A,3.25,3.3,2.25,2025-04-12,bundesliga
Leverkusen,Union Berlin,0,0,D,1.33,4.75,9.5,2025-04-12,bundesliga
M'gladbach,Freiburg,1,2,A,2.15,3.6,3.25,2025-04-12,bundesliga
Bayern Munich,Dortmund,2,2,D,1.44,5.25,6.0,2025-04-12,bundesliga
Venezia,Monza,1,0,H,1.73,3.6,5.0,2025-04-12,serie_a
Inter,Cagliari,3,1,H,1.33,5.25,8.0,2025-04-12,serie_a
Juventus,Lecce,2,1,H,1.33,4.5,10.0,2025-04-12,serie_a
Monaco,Marseille,3,0,H,2.0,3.8,3.4,2025-04-12,ligue_1
Toulouse,Lille,1,2,A,2.8,3.3,2.55,2025-04-12,ligue_1
Strasbourg,Nice,2,2,D,2.55,3.3,2.75,2025-04-12,ligue_1
For Sittard,Feyenoord,0,2,A,5.75,4.75,1.48,2025-04-12,eredivisie
Sparta Rotterdam,Heerenveen,3,1,H,1.91,3.75,3.75,2025-04-12,eredivisie
PSV Eindhoven,Almere City,5,0,H,1.13,9.0,17.0,2025-04-12,eredivisie
NAC Breda,Go Ahead Eagles,1,1,D,3.1,3.5,2.2,2025-04-12,eredivisie
Kortrijk,Beerschot VA,3,2,H,1.57,4.0,5.5,2025-04-12,pro_league
St Truiden,Cercle Brugge,3,1,H,2.38,3.2,2.9,2025-04-12,pro_league
St. Gilloise,Anderlecht,2,0,H,1.6,3.8,5.5,2025-04-12,pro_league
Boavista,Nacional,0,1,A,2.75,3.1,2.63,2025-04-12,primeira_liga
Famalicao,Estoril,3,0,H,2.0,3.3,3.75,2025-04-12,primeira_liga
Santa Clara,Sp Lisbon,0,1,A,6.25,3.6,1.6,2025-04-12,primeira_liga
Casa Pia,Porto,0,1,A,5.5,3.6,1.67,2025-04-12,primeira_liga
Konyaspor,Goztep,1,0,H,2.63,3.2,2.7,2025-04-12,super_lig
Besiktas,Buyuksehyr,0,2,A,1.9,3.5,4.0,2025-04-12,super_lig
Bodrumspor,Antalyaspor,0,0,D,2.05,3.25,3.6,2025-04-12,super_lig
Burnley,Norwich,2,1,H,1.6,3.9,5.5,2025-04-11,championship
Valencia,Sevilla,1,0,H,2.3,3.1,3.4,2025-04-11,la_liga
Wolfsburg,RB Leipzig,2,3,A,2.88,3.75,2.3,2025-04-11,bundesliga
Udinese,Milan,0,4,A,4.0,3.6,1.91,2025-04-11,serie_a
Lens,Reims,0,2,A,1.53,4.1,6.25,2025-04-11,ligue_1
Nijmegen,Waalwijk,2,1,H,1.67,4.0,4.75,2025-04-11,eredivisie
Westerlo,Charleroi,2,2,D,2.8,3.5,2.3,2025-04-11,pro_league
Gil Vicente,Guimaraes,0,1,A,4.2,3.2,1.95,2025-04-11,primeira_liga
Samsunspor,Galatasaray,0,2,A,5.0,4.0,1.65,2025-04-11,super_lig
Oxford,QPR,1,3,A,2.5,3.2,2.8,2025-04-09,championship
Swansea,Plymouth,3,0,H,1.58,4.0,5.0,2025-04-09,championship
Coventry,Portsmouth,1,0,H,1.62,4.1,4.75,2025-04-09,championship
Blackburn,Sheffield Weds,2,2,D,2.6,3.2,2.7,2025-04-08,championship
Bristol City,West Brom,2,1,H,2.4,3.4,2.87,2025-04-08,championship
Derby,Burnley,0,0,D,4.2,3.3,1.82,2025-04-08,championship
Norwich,Sunderland,0,0,D,2.37,3.5,2.8,2025-04-08,championship
Preston,Cardiff,2,2,D,2.55,3.3,2.75,2025-04-08,championship
Sheffield United,Millwall,0,1,A,1.62,3.75,5.25,2025-04-08,championship
Stoke,Luton,1,1,D,2.4,3.25,2.9,2025-04-08,championship
Watford,Hull,1,0,H,2.38,3.3,3.0,2025-04-08,championship
Middlesbrough,Leeds,0,1,A,4.5,3.9,1.67,2025-04-08,championship
Leicester,Newcastle,0,3,A,6.5,4.2,1.48,2025-04-07,premier_league
Leganes,Osasuna,1,1,D,2.7,3.1,2.75,2025-04-07,la_liga
Bologna,Napoli,1,1,D,2.9,3.0,2.7,2025-04-07,serie_a
Farense,Casa Pia,0,0,D,2.63,3.1,2.88,2025-04-07,primeira_liga
Rio Ave,Boavista,0,2,A,1.85,3.4,4.5,2025-04-07,primeira_liga
Sp Lisbon,Sp Braga,1,1,D,1.53,4.0,6.25,2025-04-07,primeira_liga
Goztep,Gaziantep,1,1,D,1.7,3.8,4.75,2025-04-07,super_lig
Kasimpasa,Besiktas,1,1,D,3.25,3.4,2.15,2025-04-07,super_lig
Brentford,Chelsea,0,0,D,3.2,3.6,2.15,2025-04-06,premier_league
Fulham,Liverpool,3,2,H,4.5,3.5,1.83,2025-04-06,premier_league
Tottenham,Southampton,3,1,H,1.38,5.5,6.5,2025-04-06,premier_league
Man United,Man City,0,0,D,3.4,3.6,2.1,2025-04-06,premier_league
Las Palmas,Sociedad,1,3,A,3.2,3.2,2.35,2025-04-06,la_liga
Sevilla,Ath Madrid,1,2,A,3.5,3.2,2.2,2025-04-06,la_liga
Valladolid,Getafe,0,4,A,4.75,3.1,1.9,2025-04-06,la_liga
Villarreal,Ath Bilbao,0,0,D,2.2,3.3,3.25,2025-04-06,la_liga
St Pauli,M'gladbach,1,1,D,2.5,3.3,2.75,2025-04-06,bundesliga
Union Berlin,Wolfsburg,1,0,H,2.45,3.3,2.88,2025-04-06,bundesliga
Lecce,Venezia,1,1,D,2.3,3.1,3.4,2025-04-06,serie_a
Empoli,Cagliari,0,0,D,2.45,3.0,3.1,2025-04-06,serie_a
Torino,Verona,1,1,D,1.8,3.2,5.25,2025-04-06,serie_a
Atalanta,Lazio,0,1,A,1.7,3.8,5.0,2025-04-06,serie_a
Roma,Juventus,1,1,D,2.5,3.1,3.0,2025-04-06,serie_a
Lens,St Etienne,1,0,H,1.55,4.1,6.0,2025-04-06,ligue_1
Montpellier,Le Havre,0,2,A,2.4,3.25,3.0,2025-04-06,ligue_1
Reims,Strasbourg,0,1,A,3.2,3.6,2.15,2025-04-06,ligue_1
Rennes,Auxerre,0,1,A,1.85,3.6,4.33,2025-04-06,ligue_1
Marseille,Toulouse,3,2,H,1.75,3.8,4.5,2025-04-06,ligue_1
Waalwijk,Heracles,0,0,D,2.35,3.7,2.75,2025-04-06,eredivisie
Go Ahead Eagles,Utrecht,2,2,D,2.05,4.0,3.1,2025-04-06,eredivisie
Sparta Rotterdam,Nijmegen,2,0,H,2.0,3.5,3.7,2025-04-06,eredivisie
Ajax,NAC Breda,3,1,H,1.25,6.25,10.0,2025-04-06,eredivisie
Antwerp,Club Brugge,2,3,A,4.75,3.7,1.7,2025-04-06,pro_league
St Truiden,Kortrijk,0,3,A,1.9,3.6,4.0,2025-04-06,pro_league
Anderlecht,Genk,1,2,A,2.88,3.4,2.38,2025-04-06,pro_league
Charleroi,Standard,1,0,H,1.85,3.5,4.1,2025-04-06,pro_league
Gil Vicente,Moreirense,0,1,A,2.5,3.1,2.9,2025-04-06,primeira_liga
Nacional,Estrela,0,1,A,2.05,3.2,3.7,2025-04-06,primeira_liga
Porto,Benfica,1,4,A,2.88,3.2,2.5,2025-04-06,primeira_liga
Alanyaspor,Bodrumspor,0,1,A,2.15,3.2,3.5,2025-04-06,super_lig
Hatayspor,Eyupspor,0,1,A,3.2,3.3,2.15,2025-04-06,super_lig
Fenerbahce,Trabzonspor,4,1,H,1.42,4.75,6.5,2025-04-06,super_lig
Everton,Arsenal,1,1,D,5.25,3.25,1.75,2025-04-05,premier_league
Crystal Palace,Brighton,2,1,H,2.35,3.6,2.8,2025-04-05,premier_league
Ipswich,Wolves,1,2,A,2.7,3.25,2.63,2025-04-05,premier_league
West Ham,Bournemouth,2,2,D,3.0,3.5,2.3,2025-04-05,premier_league
Aston Villa,Nott'm Forest,2,1,H,1.95,3.6,3.7,2025-04-05,premier_league
Coventry,Burnley,1,2,A,3.1,3.2,2.38,2025-04-05,championship
Luton,Leeds,1,1,D,5.25,4.1,1.6,2025-04-05,championship
West Brom,Sunderland,0,1,A,2.4,3.25,2.9,2025-04-05,championship
Bristol City,Watford,2,1,H,1.8,3.5,4.5,2025-04-05,championship
Millwall,Portsmouth,2,1,H,2.35,3.0,3.3,2025-04-05,championship
Oxford,Sheffield United,1,0,H,4.2,3.5,1.83,2025-04-05,championship
Plymouth,Norwich,2,1,H,4.33,3.6,1.8,2025-04-05,championship
Preston,Stoke,1,1,D,2.35,3.25,3.0,2025-04-05,championship
QPR,Cardiff,0,0,D,2.2,3.25,3.3,2025-04-05,championship
Sheffield Weds,Hull,0,1,A,2.0,3.5,3.75,2025-04-05,championship
Swansea,Derby,1,0,H,2.05,3.3,3.75,2025-04-05,championship
Girona,Alaves,0,1,A,2.05,3.4,3.6,2025-04-05,la_liga
Real Madrid,Valencia,1,2,A,1.3,5.75,8.5,2025-04-05,la_liga
Mallorca,Celta,1,2,A,2.63,3.2,2.8,2025-04-05,la_liga
Barcelona,Betis,1,1,D,1.36,5.5,7.0,2025-04-05,la_liga
Bochum,Stuttgart,0,4,A,3.1,3.7,2.15,2025-04-05,bundesliga
Freiburg,Dortmund,1,4,A,3.1,3.5,2.2,2025-04-05,bundesliga
Heidenheim,Leverkusen,0,1,A,6.5,4.75,1.44,2025-04-05,bundesliga
Mainz,Holstein Kiel,1,1,D,1.45,4.5,7.0,2025-04-05,bundesliga
RB Leipzig,Hoffenheim,3,1,H,1.55,4.2,5.5,2025-04-05,bundesliga
Werder Bremen,Ein Frankfurt,2,0,H,2.63,3.5,2.5,2025-04-05,bundesliga
Monza,Como,1,3,A,5.0,3.8,1.7,2025-04-05,serie_a
Parma,Inter,2,2,D,6.5,4.5,1.48,2025-04-05,serie_a
Milan,Fiorentina,2,2,D,1.9,3.5,4.2,2025-04-05,serie_a
Paris SG,Angers,1,0,H,1.14,8.0,19.0,2025-04-05,ligue_1
Brest,Monaco,2,1,H,4.0,3.6,1.9,2025-04-05,ligue_1
Lyon,Lille,2,1,H,2.2,3.6,3.1,2025-04-05,ligue_1
AZ Alkmaar,Feyenoord,0,1,A,2.38,3.6,2.8,2025-04-05,eredivisie
Twente,For Sittard,1,1,D,1.4,4.75,7.5,2025-04-05,eredivisie
Groningen,PSV Eindhoven,1,3,A,7.0,5.0,1.4,2025-04-05,eredivisie
Almere City,Zwolle,2,2,D,2.25,3.5,3.1,2025-04-05,eredivisie
Cercle Brugge,Beerschot VA,2,1,H,1.48,4.2,6.5,2025-04-05,pro_league
Westerlo,Oud-Heverlee Leuven,2,2,D,1.95,3.4,3.8,2025-04-05,pro_league
Gent,St. Gilloise,0,3,A,4.33,3.8,1.73,2025-04-05,pro_league
Arouca,Famalicao,1,2,A,2.5,3.2,2.9,2025-04-05,primeira_liga
Guimaraes,Santa Clara,2,0,H,1.95,3.1,4.33,2025-04-05,primeira_liga
Rizespor,Sivasspor,1,1,D,1.85,3.8,3.75,2025-04-05,super_lig
Buyuksehyr,Konyaspor,1,0,H,1.8,3.4,4.75,2025-04-05,super_lig
Antalyaspor,Samsunspor,2,1,H,2.75,3.1,2.63,2025-04-05,super_lig
Blackburn,Middlesbrough,0,2,A,2.8,3.4,2.4,2025-04-04,championship
Vallecano,Espanol,0,4,A,1.65,3.5,6.0,2025-04-04,la_liga
Augsburg,Bayern Munich,1,3,A,7.5,4.75,1.42,2025-04-04,bundesliga
Genoa,Udinese,1,0,H,2.45,2.88,3.4,2025-04-04,serie_a
Nice,Nantes,1,2,A,1.5,4.2,6.5,2025-04-04,ligue_1
Heerenveen,Willem II,3,1,H,1.45,4.5,7.0,2025-04-04,eredivisie
Mechelen,Dender,5,2,H,1.83,3.8,3.9,2025-04-04,pro_league
AVS,Estoril,0,3,A,3.0,3.1,2.45,2025-04-04,primeira_liga
Ad. Demirspor,Kayserispor,0,2,A,7.0,4.75,1.4,2025-04-04,super_lig
Chelsea,Tottenham,1,0,H,1.65,4.5,4.5,2025-04-03,premier_league
Bournemouth,Ipswich,1,2,A,1.36,5.25,7.5,2025-04-02,premier_league
Brighton,Aston Villa,0,3,A,2.05,3.8,3.25,2025-04-02,premier_league
Man City,Leicester,2,0,H,1.2,8.0,10.0,2025-04-02,premier_league
Newcastle,Brentford,2,1,H,1.73,4.5,4.0,2025-04-02,premier_league
Southampton,Crystal Palace,1,1,D,5.75,3.8,1.62,2025-04-02,premier_league
Liverpool,Everton,1,0,H,1.36,5.0,8.0,2025-04-02,premier_league
Derby,Preston,2,0,H,2.25,3.0,3.6,2025-04-02,championship
Feyenoord,Groningen,4,1,H,1.38,5.0,7.0,2025-04-02,eredivisie
Benfica,Farense,3,2,H,1.13,8.5,19.0,2025-04-02,primeira_liga
Arsenal,Fulham,2,1,H,1.48,4.33,7.0,2025-04-01,premier_league
Wolves,West Ham,1,0,H,2.5,3.2,2.9,2025-04-01,premier_league
Nott'm Forest,Man United,1,0,H,2.3,3.4,3.1,2025-04-01,premier_league
AZ Alkmaar,Waalwijk,2,2,D,1.3,5.75,8.0,2025-04-01,eredivisie
Boavista,Gil Vicente,1,3,A,3.75,3.3,2.1,2025-04-01,primeira_liga
Celta,Las Palmas,1,1,D,1.57,4.1,5.5,2025-03-31,la_liga
Verona,Parma,0,0,D,2.4,3.1,3.1,2025-03-31,serie_a
Lazio,Torino,1,1,D,1.75,3.3,5.25,2025-03-31,serie_a
Eyupspor,Buyuksehyr,1,3,A,2.63,3.2,2.55,2025-03-31,super_lig
Getafe,Villarreal,1,2,A,3.25,3.1,2.35,2025-03-30,la_liga
Barcelona,Girona,4,1,H,1.25,6.5,10.0,2025-03-30,la_liga
Ath Bilbao,Osasuna,0,0,D,1.45,4.1,7.0,2025-03-30,la_liga
Valencia,Mallorca,1,0,H,2.15,3.1,3.75,2025-03-30,la_liga
Betis,Sevilla,2,1,H,1.83,3.5,4.33,2025-03-30,la_liga
Freiburg,Union Berlin,1,2,A,2.0,3.5,3.7,2025-03-30,bundesliga
Dortmund,Mainz,3,1,H,1.62,3.9,5.0,2025-03-30,bundesliga
Cagliari,Monza,3,0,H,1.67,3.5,5.5,2025-03-30,serie_a
Fiorentina,Atalanta,1,0,H,3.75,3.3,2.05,2025-03-30,serie_a
Inter,Udinese,2,1,H,1.4,4.33,8.5,2025-03-30,serie_a
Napoli,Milan,2,1,H,1.91,3.7,3.75,2025-03-30,serie_a
Toulouse,Brest,2,4,A,2.0,3.25,4.1,2025-03-30,ligue_1
Angers,Rennes,0,3,A,4.2,3.6,1.82,2025-03-30,ligue_1
Auxerre,Montpellier,1,0,H,1.69,3.8,4.5,2025-03-30,ligue_1
Le Havre,Nantes,3,2,H,3.1,3.2,2.37,2025-03-30,ligue_1
Lille,Lens,1,0,H,2.0,3.4,3.75,2025-03-30,ligue_1
Utrecht,Heerenveen,2,0,H,1.75,3.75,4.33,2025-03-30,eredivisie
Heracles,Twente,2,1,H,3.9,3.9,1.8,2025-03-30,eredivisie
PSV Eindhoven,Ajax,0,2,A,1.67,4.0,4.5,2025-03-30,eredivisie
Feyenoord,Go Ahead Eagles,3,2,H,1.44,4.75,6.0,2025-03-30,eredivisie
Club Brugge,Anderlecht,2,0,H,1.52,3.9,6.25,2025-03-30,pro_league
Kortrijk,Cercle Brugge,2,2,D,2.8,3.0,2.7,2025-03-30,pro_league
Genk,Gent,4,0,H,1.54,4.0,5.75,2025-03-30,pro_league
Dender,Westerlo,1,0,H,2.6,3.6,2.55,2025-03-30,pro_league
Famalicao,AVS,4,1,H,1.75,3.4,4.75,2025-03-30,primeira_liga
Santa Clara,Nacional,1,0,H,1.9,3.2,4.33,2025-03-30,primeira_liga
Estoril,Porto,1,2,A,6.25,4.1,1.53,2025-03-30,primeira_liga
Moreirense,Guimaraes,2,2,D,3.6,3.1,2.15,2025-03-30,primeira_liga
Hull,Luton,0,1,A,2.15,3.4,3.25,2025-03-29,championship
Watford,Plymouth,0,0,D,1.57,3.9,5.75,2025-03-29,championship
Burnley,Bristol City,1,0,H,1.73,3.5,5.0,2025-03-29,championship
Cardiff,Sheffield Weds,1,1,D,2.9,3.25,2.45,2025-03-29,championship
Leeds,Swansea,2,2,D,1.22,6.0,12.0,2025-03-29,championship
Middlesbrough,Oxford,2,1,H,1.6,3.9,5.5,2025-03-29,championship
Norwich,West Brom,1,0,H,2.2,3.3,3.3,2025-03-29,championship
Portsmouth,Blackburn,1,0,H,2.25,3.2,3.3,2025-03-29,championship
Stoke,QPR,3,1,H,2.25,3.1,3.4,2025-03-29,championship
Sunderland,Millwall,1,0,H,1.62,3.75,5.5,2025-03-29,championship
Sociedad,Valladolid,2,1,H,1.33,4.75,11.0,2025-03-29,la_liga
Espanol,Ath Madrid,1,1,D,5.5,3.75,1.62,2025-03-29,la_liga
Alaves,Vallecano,0,2,A,2.15,2.9,4.1,2025-03-29,la_liga
Real Madrid,Leganes,3,2,H,1.14,8.0,17.0,2025-03-29,la_liga
Bayern Munich,St Pauli,3,2,H,1.14,8.0,15.0,2025-03-29,bundesliga
Hoffenheim,Augsburg,1,1,D,2.35,3.3,3.1,2025-03-29,bundesliga
Holstein Kiel,Werder Bremen,0,3,A,3.2,3.9,2.05,2025-03-29,bundesliga
M'gladbach,RB Leipzig,1,0,H,2.88,3.7,2.3,2025-03-29,bundesliga
Wolfsburg,Heidenheim,0,1,A,1.67,3.75,5.0,2025-03-29,bundesliga
Ein Frankfurt,Stuttgart,1,0,H,2.5,3.8,2.5,2025-03-29,bundesliga
Como,Empoli,1,1,D,1.75,3.3,5.25,2025-03-29,serie_a
Venezia,Bologna,0,1,A,5.0,3.5,1.75,2025-03-29,serie_a
Juventus,Genoa,1,0,H,1.53,3.9,7.0,2025-03-29,serie_a
Lecce,Roma,0,1,A,4.75,3.5,1.75,2025-03-29,serie_a
Reims,Marseille,3,1,H,5.5,4.2,1.57,2025-03-29,ligue_1
St Etienne,Paris SG,1,6,A,17.0,8.5,1.14,2025-03-29,ligue_1
Monaco,Nice,2,1,H,1.9,3.9,3.75,2025-03-29,ligue_1
NAC Breda,Groningen,1,1,D,2.45,3.2,2.9,2025-03-29,eredivisie
For Sittard,Sparta Rotterdam,0,3,A,3.3,3.4,2.15,2025-03-29,eredivisie
Willem II,Almere City,0,2,A,2.2,3.3,3.3,2025-03-29,eredivisie
Nijmegen,AZ Alkmaar,3,3,D,3.4,3.5,2.1,2025-03-29,eredivisie
Zwolle,Waalwijk,2,0,H,2.0,3.6,3.4,2025-03-29,eredivisie
Beerschot VA,St Truiden,0,1,A,3.3,3.5,2.15,2025-03-29,pro_league
Standard,Mechelen,2,2,D,2.63,3.2,2.75,2025-03-29,pro_league
St. Gilloise,Antwerp,5,1,H,1.62,4.1,5.25,2025-03-29,pro_league
Casa Pia,Rio Ave,2,1,H,2.0,3.3,3.75,2025-03-29,primeira_liga
Estrela,Sp Lisbon,0,3,A,9.0,5.0,1.33,2025-03-29,primeira_liga
Sp Braga,Arouca,2,1,H,1.7,3.75,4.75,2025-03-29,primeira_liga
Sivasspor,Ad. Demirspor,5,1,H,1.38,5.0,6.5,2025-03-29,super_lig
Samsunspor,Kasimpasa,0,2,A,1.91,3.5,3.7,2025-03-29,super_lig
Trabzonspor,Goztep,1,1,D,2.05,3.4,3.3,2025-03-29,super_lig
Besiktas,Galatasaray,2,1,H,3.1,3.5,2.1,2025-03-29,super_lig
Sheffield United,Coventry,3,1,H,2.05,3.3,3.6,2025-03-28,championship
Leverkusen,Bochum,3,1,H,1.22,6.5,12.0,2025-03-28,bundesliga
Strasbourg,Lyon,4,2,H,2.7,3.6,2.45,2025-03-28,ligue_1
Oud-Heverlee Leuven,Charleroi,0,0,D,3.0,3.0,2.55,2025-03-28,pro_league
Gil Vicente,Benfica,0,3,A,7.0,4.75,1.4,2025-03-28,primeira_liga
Antalyaspor,Alanyaspor,2,1,H,2.35,3.25,2.88,2025-03-28,super_lig
Kayserispor,Hatayspor,5,0,H,1.6,3.9,4.75,2025-03-28,super_lig
Bodrumspor,Fenerbahce,2,4,A,5.75,3.9,1.48,2025-03-28,super_lig
Konyaspor,Gaziantep,1,0,H,2.05,3.25,3.4,2025-03-28,super_lig
Barcelona,Osasuna,3,0,H,1.29,7.0,7.0,2025-03-27,la_liga
Arsenal,Chelsea,1,0,H,1.8,3.6,4.5,2025-03-16,premier_league
Fulham,Tottenham,2,0,H,2.0,3.75,3.6,2025-03-16,premier_league
Leicester,Man United,0,3,A,4.5,3.5,1.83,2025-03-16,premier_league
Sheffield Weds,Sheffield United,0,1,A,2.45,3.3,2.8,2025-03-16,championship
Leganes,Betis,2,3,A,3.8,3.3,2.05,2025-03-16,la_liga
Sevilla,Ath Bilbao,0,1,A,2.9,3.2,2.5,2025-03-16,la_liga
Osasuna,Getafe,1,2,A,2.25,2.88,3.8,2025-03-16,la_liga
Vallecano,Sociedad,2,2,D,2.5,3.0,3.1,2025-03-16,la_liga
Ath Madrid,Barcelona,2,4,A,3.1,3.6,2.2,2025-03-16,la_liga
Bochum,Ein Frankfurt,1,3,A,3.1,3.6,2.2,2025-03-16,bundesliga
Heidenheim,Holstein Kiel,3,1,H,2.0,3.5,3.75,2025-03-16,bundesliga
Stuttgart,Leverkusen,3,4,A,3.1,3.4,2.3,2025-03-16,bundesliga
Venezia,Napoli,0,0,D,5.75,4.33,1.53,2025-03-16,serie_a
Bologna,Lazio,5,0,H,2.4,3.1,3.25,2025-03-16,serie_a
Roma,Cagliari,1,0,H,1.55,4.2,5.75,2025-03-16,serie_a
Fiorentina,Juventus,3,0,H,3.4,3.2,2.25,2025-03-16,serie_a
Atalanta,Inter,0,2,A,2.55,3.3,2.8,2025-03-16,serie_a
Lyon,Le Havre,4,2,H,1.36,5.5,7.0,2025-03-16,ligue_1
Brest,Reims,0,0,D,1.67,3.9,5.0,2025-03-16,ligue_1
Montpellier,St Etienne,0,2,A,2.2,3.5,3.2,2025-03-16,ligue_1
Strasbourg,Toulouse,2,1,H,2.25,3.25,3.25,2025-03-16,ligue_1
Paris SG,Marseille,3,1,H,1.45,5.0,6.0,2025-03-16,ligue_1
Go Ahead Eagles,Willem II,1,0,H,1.55,3.9,6.0,2025-03-16,eredivisie
Groningen,For Sittard,1,0,H,1.9,3.4,4.1,2025-03-16,eredivisie
Twente,Feyenoord,2,6,A,2.2,3.6,3.0,2025-03-16,eredivisie
Ajax,AZ Alkmaar,2,2,D,1.75,3.8,4.33,2025-03-16,eredivisie
Standard,Antwerp,0,0,D,3.2,3.25,2.25,2025-03-16,pro_league
Anderlecht,Cercle Brugge,3,0,H,1.85,3.5,4.2,2025-03-16,pro_league
Club Brugge,Charleroi,4,2,H,1.53,4.1,6.0,2025-03-16,pro_league
Gent,Kortrijk,1,2,A,1.7,3.75,4.75,2025-03-16,pro_league
Mechelen,Dender,2,1,H,1.83,3.6,4.1,2025-03-16,pro_league
Oud-Heverlee Leuven,St Truiden,3,2,H,2.6,3.0,3.0,2025-03-16,pro_league
Beerschot VA,Westerlo,1,2,A,3.5,3.6,1.95,2025-03-16,pro_league
Arouca,Estoril,1,1,D,1.95,3.4,3.9,2025-03-16,primeira_liga
Nacional,Casa Pia,3,1,H,2.4,3.3,2.9,2025-03-16,primeira_liga
Rio Ave,Benfica,2,3,A,6.5,5.25,1.38,2025-03-16,primeira_liga
Guimaraes,Estrela,2,0,H,1.45,4.1,7.5,2025-03-16,primeira_liga
Moreirense,Boavista,1,0,H,1.75,3.3,5.25,2025-03-16,primeira_liga
Rizespor,Bodrumspor,0,2,A,2.0,3.0,4.0,2025-03-16,super_lig
Goztep,Eyupspor,1,1,D,1.75,3.6,4.5,2025-03-16,super_lig
Hatayspor,Sivasspor,3,2,H,2.2,3.4,3.1,2025-03-16,super_lig
Fenerbahce,Samsunspor,0,0,D,1.38,4.75,7.0,2025-03-16,super_lig
Everton,West Ham,1,1,D,2.05,3.2,3.9,2025-03-15,premier_league
Ipswich,Nott'm Forest,2,4,A,3.75,3.5,2.0,2025-03-15,premier_league
Man City,Brighton,2,2,D,1.67,4.33,4.5,2025-03-15,premier_league
Southampton,Wolves,1,2,A,3.7,3.4,2.0,2025-03-15,premier_league
Bournemouth,Brentford,1,2,A,1.73,4.2,4.2,2025-03-15,premier_league
Millwall,Stoke,1,0,H,2.15,3.1,3.6,2025-03-15,championship
QPR,Leeds,2,2,D,6.0,4.33,1.5,2025-03-15,championship
Blackburn,Cardiff,1,2,A,2.0,3.3,3.8,2025-03-15,championship
Coventry,Sunderland,3,0,H,2.6,3.25,2.7,2025-03-15,championship
Luton,Middlesbrough,0,0,D,2.63,3.3,2.63,2025-03-15,championship
Oxford,Watford,1,0,H,2.75,3.25,2.55,2025-03-15,championship
Plymouth,Derby,2,3,A,2.8,3.2,2.55,2025-03-15,championship
Preston,Portsmouth,2,1,H,2.15,3.1,3.6,2025-03-15,championship
Swansea,Burnley,0,2,A,3.6,3.2,2.1,2025-03-15,championship
West Brom,Hull,1,1,D,1.9,3.5,4.0,2025-03-15,championship
Valladolid,Celta,0,1,A,5.0,3.8,1.63,2025-03-15,la_liga
Mallorca,Espanol,2,1,H,1.77,3.3,5.0,2025-03-15,la_liga
Villarreal,Real Madrid,1,2,A,3.1,3.75,2.15,2025-03-15,la_liga
Girona,Valencia,1,1,D,1.92,3.5,3.9,2025-03-15,la_liga
Augsburg,Wolfsburg,1,0,H,2.55,3.3,2.75,2025-03-15,bundesliga
Mainz,Freiburg,2,2,D,1.95,3.3,4.1,2025-03-15,bundesliga
Union Berlin,Bayern Munich,1,1,D,8.5,5.0,1.36,2025-03-15,bundesliga
Werder Bremen,M'gladbach,2,4,A,2.35,3.6,2.8,2025-03-15,bundesliga
RB Leipzig,Dortmund,2,0,H,2.38,3.6,2.88,2025-03-15,bundesliga
Monza,Parma,1,1,D,3.1,3.0,2.45,2025-03-15,serie_a
Udinese,Verona,0,1,A,1.73,3.5,5.0,2025-03-15,serie_a
Milan,Como,2,1,H,1.8,3.6,4.5,2025-03-15,serie_a
Torino,Empoli,1,0,H,1.8,3.3,5.0,2025-03-15,serie_a
Nantes,Lille,1,0,H,3.6,3.2,2.15,2025-03-15,ligue_1
Angers,Monaco,0,2,A,6.5,4.75,1.42,2025-03-15,ligue_1
Lens,Rennes,1,0,H,2.05,3.5,3.6,2025-03-15,ligue_1
Utrecht,Nijmegen,0,1,A,1.8,3.75,4.2,2025-03-15,eredivisie
Sparta Rotterdam,Zwolle,1,1,D,1.62,4.0,5.25,2025-03-15,eredivisie
Waalwijk,PSV Eindhoven,0,3,A,10.0,7.0,1.22,2025-03-15,eredivisie
Heerenveen,Heracles,1,1,D,1.75,3.8,4.33,2025-03-15,eredivisie
Genk,St. Gilloise,2,1,H,2.6,3.4,2.6,2025-03-15,pro_league
Farense,Sp Braga,0,1,A,4.33,3.4,1.85,2025-03-15,primeira_liga
Gil Vicente,Santa Clara,0,1,A,3.0,3.0,2.55,2025-03-15,primeira_liga
Porto,AVS,2,0,H,1.25,5.75,11.0,2025-03-15,primeira_liga
Sp Lisbon,Famalicao,3,1,H,1.3,5.5,9.0,2025-03-15,primeira_liga
Gaziantep,Kayserispor,1,0,H,2.3,3.1,3.3,2025-03-15,super_lig
Kasimpasa,Alanyaspor,2,1,H,2.05,3.5,3.3,2025-03-15,super_lig
Buyuksehyr,Trabzonspor,0,3,A,2.25,3.1,3.25,2025-03-15,super_lig
Konyaspor,Besiktas,1,0,H,2.9,3.6,2.25,2025-03-15,super_lig
Bristol City,Norwich,2,1,H,2.1,3.4,3.6,2025-03-14,championship
Las Palmas,Alaves,2,2,D,2.88,3.0,2.75,2025-03-14,la_liga
St Pauli,Hoffenheim,1,0,H,2.25,3.25,3.3,2025-03-14,bundesliga
Genoa,Lecce,2,1,H,2.15,2.9,4.2,2025-03-14,serie_a
Nice,Auxerre,1,1,D,1.57,3.9,6.0,2025-03-14,ligue_1
Almere City,NAC Breda,1,1,D,2.2,3.2,3.4,2025-03-14,eredivisie
Galatasaray,Antalyaspor,4,0,H,1.25,6.0,8.5,2025-03-14,super_lig
Hull,Oxford,2,1,H,1.7,3.6,5.0,2025-03-12,championship
Leeds,Millwall,2,0,H,1.29,5.25,10.0,2025-03-12,championship
Portsmouth,Plymouth,1,2,A,1.67,3.7,5.0,2025-03-12,championship
Watford,Swansea,1,0,H,2.3,3.25,3.1,2025-03-12,championship
Stoke,Blackburn,1,0,H,2.6,3.3,2.7,2025-03-12,championship
Burnley,West Brom,1,1,D,1.87,3.2,4.33,2025-03-11,championship
Cardiff,Luton,1,2,A,2.3,3.25,3.1,2025-03-11,championship
Derby,Coventry,2,0,H,3.4,3.2,2.2,2025-03-11,championship
Middlesbrough,QPR,2,1,H,1.9,3.3,4.33,2025-03-11,championship
Norwich,Sheffield Weds,2,3,A,2.2,3.25,3.25,2025-03-11,championship
Sunderland,Preston,1,1,D,1.65,3.7,5.5,2025-03-11,championship
Sheffield United,Bristol City,1,1,D,2.0,3.25,3.8,2025-03-11,championship
West Ham,Newcastle,0,1,A,3.25,3.4,2.2,2025-03-10,premier_league
Espanol,Girona,1,1,D,3.1,3.2,2.4,2025-03-10,la_liga
Lazio,Udinese,1,1,D,1.73,3.5,5.25,2025-03-10,serie_a
Famalicao,Rio Ave,1,0,H,1.95,3.3,4.1,2025-03-10,primeira_liga
Besiktas,Gaziantep,1,2,A,1.48,4.5,5.5,2025-03-10,super_lig
Chelsea,Leicester,1,0,H,1.18,8.0,12.0,2025-03-09,premier_league
Tottenham,Bournemouth,2,2,D,2.7,3.9,2.35,2025-03-09,premier_league
Man United,Arsenal,1,1,D,5.75,3.5,1.7,2025-03-09,premier_league
Portsmouth,Leeds,1,0,H,7.5,4.5,1.4,2025-03-09,championship
Getafe,Ath Madrid,2,1,H,4.5,3.1,1.95,2025-03-09,la_liga
Real Madrid,Vallecano,2,1,H,1.29,5.75,9.5,2025-03-09,la_liga
Ath Bilbao,Mallorca,1,1,D,1.62,3.7,6.0,2025-03-09,la_liga
Betis,Las Palmas,1,0,H,1.42,4.5,7.5,2025-03-09,la_liga
Sociedad,Sevilla,0,1,A,2.2,3.2,3.5,2025-03-09,la_liga
Ein Frankfurt,Union Berlin,1,2,A,1.73,4.0,4.5,2025-03-09,bundesliga
Hoffenheim,Heidenheim,1,1,D,1.75,4.0,4.33,2025-03-09,bundesliga
Verona,Bologna,1,2,A,5.25,3.3,1.75,2025-03-09,serie_a
Napoli,Fiorentina,2,1,H,1.55,4.0,6.25,2025-03-09,serie_a
Empoli,Roma,0,1,A,3.9,3.3,2.0,2025-03-09,serie_a
Juventus,Atalanta,0,4,A,2.5,3.25,2.88,2025-03-09,serie_a
Brest,Angers,2,0,H,1.73,3.6,5.0,2025-03-09,ligue_1
Le Havre,St Etienne,1,1,D,2.3,3.4,3.1,2025-03-09,ligue_1
Nantes,Strasbourg,0,1,A,2.6,3.25,2.75,2025-03-09,ligue_1
Reims,Auxerre,0,2,A,2.4,3.3,3.0,2025-03-09,ligue_1
Nice,Lyon,0,2,A,2.0,3.7,3.5,2025-03-09,ligue_1
Willem II,Utrecht,2,3,A,4.1,3.3,1.95,2025-03-09,eredivisie
Nijmegen,Go Ahead Eagles,2,3,A,2.15,3.5,3.3,2025-03-09,eredivisie
Zwolle,Ajax,0,1,A,5.75,4.0,1.6,2025-03-09,eredivisie
Twente,Almere City,1,0,H,1.27,5.75,8.5,2025-03-09,eredivisie
Cercle Brugge,Club Brugge,1,3,A,4.5,3.6,1.75,2025-03-09,pro_league
Westerlo,Anderlecht,2,0,H,3.0,3.5,2.25,2025-03-09,pro_league
Antwerp,Gent,0,1,A,2.2,3.5,3.1,2025-03-09,pro_league
St. Gilloise,Standard,3,0,H,1.36,5.0,7.0,2025-03-09,pro_league
Santa Clara,Moreirense,1,1,D,2.0,3.1,4.1,2025-03-09,primeira_liga
Casa Pia,Sp Lisbon,1,3,A,6.5,3.9,1.53,2025-03-09,primeira_liga
Boavista,Guimaraes,1,2,A,5.25,3.8,1.65,2025-03-09,primeira_liga
Sivasspor,Goztep,3,1,H,3.7,3.3,2.0,2025-03-09,super_lig
Eyupspor,Konyaspor,2,1,H,2.1,3.25,3.6,2025-03-09,super_lig
Samsunspor,Ad. Demirspor,3,2,H,1.25,5.75,9.5,2025-03-09,super_lig
Alanyaspor,Galatasaray,1,2,A,4.75,4.1,1.65,2025-03-09,super_lig
Nott'm Forest,Man City,1,0,H,4.0,3.75,1.85,2025-03-08,premier_league
Brighton,Fulham,2,1,H,1.95,3.6,3.75,2025-03-08,premier_league
Crystal Palace,Ipswich,1,0,H,1.45,4.75,6.25,2025-03-08,premier_league
Liverpool,Southampton,3,1,H,1.1,9.0,19.0,2025-03-08,premier_league
Brentford,Aston Villa,0,1,A,2.2,3.8,2.9,2025-03-08,premier_league
Wolves,Everton,1,1,D,2.6,3.1,2.88,2025-03-08,premier_league
Coventry,Stoke,3,2,H,1.53,4.33,5.5,2025-03-08,championship
Watford,Millwall,1,2,A,2.3,3.25,3.1,2025-03-08,championship
Bristol City,Hull,1,1,D,1.9,3.5,3.9,2025-03-08,championship
Burnley,Luton,4,0,H,1.62,3.6,6.0,2025-03-08,championship
Derby,Blackburn,2,1,H,2.7,3.0,2.75,2025-03-08,championship
Plymouth,Sheffield Weds,0,3,A,3.6,3.5,2.0,2025-03-08,championship
Sheffield United,Preston,1,0,H,1.62,4.1,5.0,2025-03-08,championship
Sunderland,Cardiff,2,1,H,1.5,4.33,5.75,2025-03-08,championship
Swansea,Middlesbrough,1,0,H,2.7,3.4,2.5,2025-03-08,championship
West Brom,QPR,1,0,H,1.73,3.6,4.75,2025-03-08,championship
Celta,Leganes,2,1,H,1.55,3.8,7.0,2025-03-08,la_liga
Alaves,Villarreal,1,0,H,3.1,3.25,2.38,2025-03-08,la_liga
Valencia,Valladolid,2,1,H,1.38,4.5,9.0,2025-03-08,la_liga
Bayern Munich,Bochum,2,3,A,1.11,9.5,19.0,2025-03-08,bundesliga
Dortmund,Augsburg,0,1,A,1.53,4.33,5.75,2025-03-08,bundesliga
Holstein Kiel,Stuttgart,2,2,D,5.75,4.33,1.53,2025-03-08,bundesliga
Leverkusen,Werder Bremen,0,2,A,1.27,5.75,11.0,2025-03-08,bundesliga
Wolfsburg,St Pauli,1,1,D,1.75,3.5,5.0,2025-03-08,bundesliga
Freiburg,RB Leipzig,0,0,D,2.55,3.3,2.7,2025-03-08,bundesliga
Como,Venezia,1,1,D,1.57,3.8,6.5,2025-03-08,serie_a
Parma,Torino,2,2,D,3.0,3.25,2.4,2025-03-08,serie_a
Lecce,Milan,2,3,A,4.75,3.6,1.75,2025-03-08,serie_a
Inter,Monza,3,2,H,1.14,7.0,21.0,2025-03-08,serie_a
Rennes,Paris SG,1,4,A,4.75,3.9,1.7,2025-03-08,ligue_1
Lille,Montpellier,1,0,H,1.37,4.75,7.5,2025-03-08,ligue_1
Marseille,Lens,0,1,A,1.53,4.33,6.0,2025-03-08,ligue_1
For Sittard,Heracles,1,0,H,2.25,3.6,3.0,2025-03-08,eredivisie
PSV Eindhoven,Heerenveen,2,1,H,1.25,6.5,10.0,2025-03-08,eredivisie
Kortrijk,Oud-Heverlee Leuven,2,0,H,2.35,3.2,3.0,2025-03-08,pro_league
Charleroi,Mechelen,0,1,A,2.1,3.3,3.4,2025-03-08,pro_league
Dender,Genk,0,1,A,4.1,3.7,1.8,2025-03-08,pro_league
AVS,Arouca,0,1,A,3.1,3.1,2.38,2025-03-08,primeira_liga
Benfica,Nacional,3,0,H,1.22,7.0,11.0,2025-03-08,primeira_liga
Estoril,Farense,2,2,D,2.05,3.2,3.8,2025-03-08,primeira_liga
Sp Braga,Porto,1,0,H,3.3,3.25,2.2,2025-03-08,primeira_liga
Kayserispor,Buyuksehyr,3,1,H,2.88,3.25,2.45,2025-03-08,super_lig
Antalyaspor,Rizespor,2,1,H,2.8,3.0,2.7,2025-03-08,super_lig
Trabzonspor,Hatayspor,1,2,A,1.38,5.0,7.0,2025-03-08,super_lig
Norwich,Oxford,1,1,D,1.54,4.0,5.5,2025-03-07,championship
M'gladbach,Mainz,1,3,A,2.6,3.3,2.7,2025-03-07,bundesliga
Cagliari,Genoa,1,1,D,2.45,3.0,3.2,2025-03-07,serie_a
Toulouse,Monaco,1,1,D,3.25,3.5,2.15,2025-03-07,ligue_1
NAC Breda,Sparta Rotterdam,1,1,D,2.7,3.2,2.7,2025-03-07,eredivisie
St Truiden,Beerschot VA,2,0,H,1.54,4.2,5.0,2025-03-07,pro_league
Estrela,Gil Vicente,1,1,D,2.62,3.0,2.8,2025-03-07,primeira_liga
Bodrumspor,Kasimpasa,1,0,H,2.2,3.4,3.2,2025-03-07,super_lig
Cardiff,Burnley,1,2,A,4.2,3.4,1.9,2025-03-04,championship
Hull,Plymouth,2,0,H,1.62,3.6,5.75,2025-03-04,championship
Millwall,Bristol City,0,2,A,2.75,3.0,2.75,2025-03-04,championship
Preston,Swansea,0,0,D,2.38,3.2,3.1,2025-03-04,championship
Juventus,Verona,2,0,H,1.3,5.0,12.0,2025-03-03,serie_a
Sp Lisbon,Estoril,3,1,H,1.2,7.0,11.0,2025-03-03,primeira_liga
Gaziantep,Eyupspor,3,1,H,2.3,3.4,3.0,2025-03-03,super_lig
Konyaspor,Trabzonspor,1,0,H,2.63,3.3,2.63,2025-03-03,super_lig
Buyuksehyr,Sivasspor,1,0,H,1.67,4.0,4.75,2025-03-03,super_lig
Goztep,Samsunspor,2,2,D,2.0,3.4,3.75,2025-03-03,super_lig
Leganes,Getafe,1,0,H,3.1,2.88,2.6,2025-03-02,la_liga
Barcelona,Sociedad,4,0,H,1.25,5.75,12.0,2025-03-02,la_liga
Mallorca,Alaves,1,1,D,2.25,3.1,3.5,2025-03-02,la_liga
Osasuna,Valencia,3,3,D,2.3,3.2,3.3,2025-03-02,la_liga
Union Berlin,Holstein Kiel,0,1,A,1.57,4.33,5.25,2025-03-02,bundesliga
Augsburg,Freiburg,0,0,D,2.63,3.25,2.7,2025-03-02,bundesliga
Monza,Torino,0,2,A,4.1,3.3,1.95,2025-03-02,serie_a
Bologna,Cagliari,2,1,H,1.57,3.75,6.5,2025-03-02,serie_a
Genoa,Empoli,1,1,D,1.91,3.1,4.75,2025-03-02,serie_a
Roma,Como,2,1,H,1.87,3.6,4.0,2025-03-02,serie_a
Milan,Lazio,1,2,A,2.05,3.6,3.5,2025-03-02,serie_a
Lyon,Brest,2,1,H,1.65,3.9,5.25,2025-03-02,ligue_1
Angers,Toulouse,0,4,A,3.3,3.1,2.35,2025-03-02,ligue_1
Auxerre,Strasbourg,0,1,A,2.8,3.4,2.5,2025-03-02,ligue_1
Montpellier,Rennes,0,4,A,3.5,3.4,2.1,2025-03-02,ligue_1
Marseille,Nantes,2,0,H,1.4,5.0,7.0,2025-03-02,ligue_1
Heerenveen,AZ Alkmaar,3,1,H,3.6,3.3,2.1,2025-03-02,eredivisie
Almere City,Ajax,0,1,A,7.5,4.75,1.4,2025-03-02,eredivisie
Heracles,Zwolle,4,2,H,2.2,3.4,3.25,2025-03-02,eredivisie
Sparta Rotterdam,Willem II,4,0,H,1.65,3.8,5.25,2025-03-02,eredivisie
Beerschot VA,Mechelen,1,0,H,3.8,3.6,1.85,2025-03-02,pro_league
Standard,Anderlecht,0,2,A,3.5,3.4,2.05,2025-03-02,pro_league
Oud-Heverlee Leuven,Westerlo,0,0,D,2.4,3.4,2.75,2025-03-02,pro_league
Boavista,Santa Clara,1,0,H,4.33,3.2,1.95,2025-03-02,primeira_liga
Moreirense,Estrela,1,1,D,1.91,3.0,4.75,2025-03-02,primeira_liga
Farense,AVS,0,1,A,2.25,3.1,3.4,2025-03-02,primeira_liga
Rio Ave,Sp Braga,2,1,H,4.2,3.6,1.83,2025-03-02,primeira_liga
Rizespor,Alanyaspor,3,1,H,1.85,3.5,4.2,2025-03-02,super_lig
Kasimpasa,Galatasaray,3,3,D,4.75,4.33,1.62,2025-03-02,super_lig
Fenerbahce,Antalyaspor,3,0,H,1.27,6.5,8.5,2025-03-02,super_lig
Blackburn,Norwich,1,1,D,2.5,3.4,2.7,2025-03-01,championship
Leeds,West Brom,1,1,D,1.36,4.5,9.0,2025-03-01,championship
Oxford,Coventry,2,3,A,3.5,3.25,2.1,2025-03-01,championship
Luton,Portsmouth,1,0,H,2.15,3.3,3.4,2025-03-01,championship
Middlesbrough,Derby,1,0,H,1.65,3.6,5.5,2025-03-01,championship
QPR,Sheffield United,1,2,A,3.0,3.2,2.4,2025-03-01,championship
Stoke,Watford,0,0,D,2.45,3.3,2.88,2025-03-01,championship
Girona,Celta,2,2,D,2.2,3.5,3.25,2025-03-01,la_liga
Vallecano,Sevilla,1,1,D,2.3,3.2,3.3,2025-03-01,la_liga
Betis,Real Madrid,2,1,H,4.33,4.0,1.73,2025-03-01,la_liga
Ath Madrid,Ath Bilbao,1,0,H,2.05,3.5,3.6,2025-03-01,la_liga
Bochum,Hoffenheim,0,1,A,2.4,3.6,2.8,2025-03-01,bundesliga
Heidenheim,M'gladbach,0,3,A,3.1,3.5,2.25,2025-03-01,bundesliga
RB Leipzig,Mainz,1,2,A,1.95,3.7,3.75,2025-03-01,bundesliga
St Pauli,Dortmund,0,2,A,4.1,3.8,1.83,2025-03-01,bundesliga
Werder Bremen,Wolfsburg,1,2,A,2.63,3.4,2.6,2025-03-01,bundesliga
Ein Frankfurt,Leverkusen,1,4,A,4.75,3.75,1.73,2025-03-01,bundesliga
Atalanta,Venezia,0,0,D,1.2,6.5,15.0,2025-03-01,serie_a
Napoli,Inter,1,1,D,3.1,3.2,2.38,2025-03-01,serie_a
Udinese,Parma,1,0,H,1.8,3.6,4.5,2025-03-01,serie_a
St Etienne,Nice,1,3,A,5.0,4.0,1.67,2025-03-01,ligue_1
Lens,Le Havre,3,4,A,1.38,5.0,7.5,2025-03-01,ligue_1
Paris SG,Lille,4,1,H,1.4,4.75,7.5,2025-03-01,ligue_1
Utrecht,NAC Breda,1,0,H,1.53,4.2,6.0,2025-03-01,eredivisie
Go Ahead Eagles,PSV Eindhoven,3,2,H,5.25,4.2,1.57,2025-03-01,eredivisie
Groningen,Twente,1,1,D,3.9,3.5,1.95,2025-03-01,eredivisie
Feyenoord,Nijmegen,0,0,D,1.44,5.0,6.0,2025-03-01,eredivisie
Cercle Brugge,Antwerp,0,0,D,2.38,3.4,2.75,2025-03-01,pro_league
Gent,Club Brugge,1,1,D,4.1,4.0,1.73,2025-03-01,pro_league
St Truiden,Kortrijk,4,2,H,1.75,3.6,4.33,2025-03-01,pro_league
St. Gilloise,Dender,4,1,H,1.33,5.0,8.0,2025-03-01,pro_league
Nacional,Famalicao,2,1,H,2.6,3.0,2.9,2025-03-01,primeira_liga
Arouca,Porto,0,2,A,5.0,3.75,1.67,2025-03-01,primeira_liga
Guimaraes,Casa Pia,1,0,H,1.75,3.6,4.75,2025-03-01,primeira_liga
Ad. Demirspor,Bodrumspor,0,0,D,4.33,3.9,1.73,2025-03-01,super_lig
Besiktas,Kayserispor,2,0,H,1.48,4.5,5.5,2025-03-01,super_lig
Sheffield Weds,Sunderland,1,2,A,2.7,3.2,2.63,2025-02-28,championship
Valladolid,Las Palmas,1,1,D,3.1,3.2,2.4,2025-02-28,la_liga
Stuttgart,Bayern Munich,1,3,A,4.75,4.2,1.65,2025-02-28,bundesliga
Fiorentina,Lecce,1,0,H,1.75,3.4,5.0,2025-02-28,serie_a
Monaco,Reims,3,0,H,1.38,5.0,7.5,2025-02-28,ligue_1
Waalwijk,For Sittard,1,2,A,1.95,3.7,3.7,2025-02-28,eredivisie
Charleroi,Genk,1,1,D,2.55,3.4,2.63,2025-02-28,pro_league
West Ham,Leicester,2,0,H,1.62,4.2,5.0,2025-02-27,premier_league
Bologna,Milan,2,1,H,2.88,3.3,2.5,2025-02-27,serie_a
Brentford,Everton,1,1,D,2.0,3.7,3.5,2025-02-26,premier_league
Man United,Ipswich,3,2,H,1.53,4.33,6.0,2025-02-26,premier_league
Nott'm Forest,Arsenal,0,0,D,3.9,3.6,1.95,2025-02-26,premier_league
Tottenham,Man City,0,1,A,3.25,4.0,2.0,2025-02-26,premier_league
Liverpool,Newcastle,2,0,H,1.5,4.5,5.75,2025-02-26,premier_league
Brighton,Bournemouth,2,1,H,2.0,3.8,3.3,2025-02-25,premier_league
Crystal Palace,Aston Villa,4,1,H,2.45,3.4,2.8,2025-02-25,premier_league
Wolves,Fulham,1,2,A,2.63,3.3,2.63,2025-02-25,premier_league
Chelsea,Southampton,4,0,H,1.17,8.0,13.0,2025-02-25,premier_league
Cardiff,Hull,1,0,H,2.7,3.1,2.7,2025-02-25,championship
Stoke,Middlesbrough,1,3,A,2.9,3.4,2.35,2025-02-25,championship
Sheffield United,Leeds,1,3,A,3.9,3.7,1.85,2025-02-24,championship
Sevilla,Mallorca,1,1,D,2.05,3.2,3.9,2025-02-24,la_liga
Roma,Monza,4,0,H,1.33,4.75,11.0,2025-02-24,serie_a
Porto,Guimaraes,1,1,D,1.67,3.7,5.25,2025-02-24,primeira_liga
Galatasaray,Fenerbahce,0,0,D,2.25,3.6,2.9,2025-02-24,super_lig
Newcastle,Nott'm Forest,4,3,H,1.8,3.8,4.2,2025-02-23,premier_league
Man City,Liverpool,0,2,A,2.88,3.8,2.25,2025-02-23,premier_league
Watford,Luton,2,0,H,2.35,3.5,2.88,2025-02-23,championship
Ath Bilbao,Valladolid,7,1,H,1.17,7.0,19.0,2025-02-23,la_liga
Real Madrid,Girona,2,0,H,1.29,6.25,8.5,2025-02-23,la_liga
Getafe,Betis,1,2,A,2.6,3.1,2.9,2025-02-23,la_liga
Sociedad,Leganes,3,0,H,1.55,3.75,7.0,2025-02-23,la_liga
RB Leipzig,Heidenheim,2,2,D,1.33,5.0,8.5,2025-02-23,bundesliga
Bayern Munich,Ein Frankfurt,4,0,H,1.3,6.5,7.5,2025-02-23,bundesliga
Hoffenheim,Stuttgart,1,1,D,3.5,3.9,1.95,2025-02-23,bundesliga
Como,Napoli,2,1,H,3.6,3.0,2.25,2025-02-23,serie_a
Verona,Fiorentina,1,0,H,4.33,3.4,1.9,2025-02-23,serie_a
Empoli,Atalanta,0,5,A,6.25,3.9,1.57,2025-02-23,serie_a
Cagliari,Juventus,0,1,A,4.1,3.5,1.9,2025-02-23,serie_a
Nantes,Lens,3,1,H,3.7,3.4,2.05,2025-02-23,ligue_1
Le Havre,Toulouse,1,4,A,4.0,3.4,1.95,2025-02-23,ligue_1
Nice,Montpellier,2,0,H,1.38,5.0,7.5,2025-02-23,ligue_1
Strasbourg,Brest,0,0,D,2.0,3.6,3.6,2025-02-23,ligue_1
Lyon,Paris SG,2,3,A,4.2,4.33,1.7,2025-02-23,ligue_1
Ajax,Go Ahead Eagles,2,0,H,1.57,4.5,5.0,2025-02-23,eredivisie
Twente,Nijmegen,2,0,H,1.6,4.2,5.25,2025-02-23,eredivisie
AZ Alkmaar,For Sittard,1,0,H,1.38,4.75,8.5,2025-02-23,eredivisie
Club Brugge,Standard,1,2,A,1.3,5.5,8.5,2025-02-23,pro_league
Genk,Gent,0,0,D,1.55,3.8,5.5,2025-02-23,pro_league
Anderlecht,St. Gilloise,0,2,A,2.63,3.6,2.4,2025-02-23,pro_league
Kortrijk,Cercle Brugge,1,1,D,3.1,3.25,2.2,2025-02-23,pro_league
Arouca,Farense,2,2,D,1.9,3.4,4.2,2025-02-23,primeira_liga
Estrela,Santa Clara,0,0,D,3.6,3.2,2.1,2025-02-23,primeira_liga
AVS,Sp Lisbon,2,2,D,8.0,5.25,1.33,2025-02-23,primeira_liga
Famalicao,Moreirense,2,0,H,2.2,3.2,3.5,2025-02-23,primeira_liga
Kayserispor,Goztep,1,0,H,3.3,3.25,2.2,2025-02-23,super_lig
Alanyaspor,Ad. Demirspor,3,2,H,1.33,5.5,8.0,2025-02-23,super_lig
Trabzonspor,Gaziantep,3,2,H,1.7,4.1,4.2,2025-02-23,super_lig
Everton,Man United,2,2,D,2.5,3.2,2.9,2025-02-22,premier_league
Arsenal,West Ham,0,1,A,1.27,6.0,10.0,2025-02-22,premier_league
Bournemouth,Wolves,0,1,A,1.53,4.5,5.5,2025-02-22,premier_league
Fulham,Crystal Palace,0,2,A,2.05,3.4,3.7,2025-02-22,premier_league
Ipswich,Tottenham,1,4,A,4.1,3.6,1.9,2025-02-22,premier_league
Southampton,Brighton,0,4,A,6.0,4.1,1.55,2025-02-22,premier_league
Aston Villa,Chelsea,2,1,H,2.63,3.4,2.6,2025-02-22,premier_league
Derby,Millwall,0,1,A,2.5,2.9,3.25,2025-02-22,championship
Plymouth,Cardiff,1,1,D,2.63,3.5,2.5,2025-02-22,championship
Sunderland,Hull,0,1,A,1.62,3.8,5.5,2025-02-22,championship
Coventry,Preston,2,1,H,1.75,3.6,4.75,2025-02-22,championship
Norwich,Stoke,4,2,H,1.65,4.0,5.0,2025-02-22,championship
Portsmouth,QPR,2,1,H,2.45,3.25,2.9,2025-02-22,championship
Swansea,Blackburn,3,0,H,2.5,3.3,2.75,2025-02-22,championship
West Brom,Oxford,2,0,H,1.7,3.6,5.25,2025-02-22,championship
Alaves,Espanol,0,1,A,1.8,3.25,5.25,2025-02-22,la_liga
Vallecano,Villarreal,0,1,A,2.88,3.5,2.38,2025-02-22,la_liga
Valencia,Ath Madrid,0,3,A,4.2,3.4,1.91,2025-02-22,la_liga
Las Palmas,Barcelona,0,2,A,8.5,7.0,1.25,2025-02-22,la_liga
Holstein Kiel,Leverkusen,0,2,A,11.0,6.0,1.25,2025-02-22,bundesliga
Mainz,St Pauli,2,0,H,1.8,3.5,4.75,2025-02-22,bundesliga
M'gladbach,Augsburg,0,3,A,1.85,3.75,4.0,2025-02-22,bundesliga
Wolfsburg,Bochum,1,1,D,1.53,4.2,6.0,2025-02-22,bundesliga
Dortmund,Union Berlin,6,0,H,1.53,4.5,5.5,2025-02-22,bundesliga
Parma,Bologna,2,0,H,4.0,3.5,1.91,2025-02-22,serie_a
Venezia,Lazio,0,0,D,5.0,4.0,1.67,2025-02-22,serie_a
Torino,Milan,2,1,H,3.9,3.3,2.0,2025-02-22,serie_a
Inter,Genoa,1,0,H,1.27,5.25,13.0,2025-02-22,serie_a
Lille,Monaco,2,1,H,2.15,3.7,3.1,2025-02-22,ligue_1
St Etienne,Angers,3,3,D,2.4,3.3,3.0,2025-02-22,ligue_1
Auxerre,Marseille,3,0,H,5.5,4.33,1.55,2025-02-22,ligue_1
Feyenoord,Almere City,2,1,H,1.22,6.5,13.0,2025-02-22,eredivisie
Dender,Beerschot VA,0,0,D,1.83,3.5,4.33,2025-02-22,pro_league
Westerlo,Charleroi,1,3,A,2.3,3.5,2.8,2025-02-22,pro_league
Antwerp,Oud-Heverlee Leuven,2,2,D,1.85,3.4,4.0,2025-02-22,pro_league
Casa Pia,Gil Vicente,1,0,H,2.2,3.1,3.5,2025-02-22,primeira_liga
Benfica,Boavista,3,0,H,1.11,9.0,19.0,2025-02-22,primeira_liga
Estoril,Rio Ave,2,1,H,2.05,3.4,3.6,2025-02-22,primeira_liga
Sivasspor,Konyaspor,1,1,D,2.7,3.1,2.7,2025-02-22,super_lig
Antalyaspor,Kasimpasa,2,1,H,2.35,3.6,2.8,2025-02-22,super_lig
Samsunspor,Rizespor,2,3,A,2.05,3.4,3.6,2025-02-22,super_lig
Leicester,Brentford,0,4,A,3.6,3.8,1.91,2025-02-21,premier_league
Bristol City,Middlesbrough,2,1,H,2.3,3.4,3.0,2025-02-21,championship
Burnley,Sheffield Weds,4,0,H,1.77,3.25,5.0,2025-02-21,championship
Celta,Osasuna,1,0,H,1.67,3.75,5.25,2025-02-21,la_liga
Freiburg,Werder Bremen,5,0,H,2.0,3.5,3.75,2025-02-21,bundesliga
Lecce,Udinese,0,1,A,3.0,3.0,2.6,2025-02-21,serie_a
Rennes,Reims,1,0,H,2.15,3.4,3.4,2025-02-21,ligue_1
Mechelen,St Truiden,1,1,D,1.8,3.8,4.1,2025-02-21,pro_league
Sp Braga,Nacional,1,0,H,1.57,3.8,6.0,2025-02-21,primeira_liga
Bodrumspor,Hatayspor,1,0,H,1.67,3.7,5.25,2025-02-21,super_lig
Eyupspor,Besiktas,1,3,A,3.2,3.4,2.2,2025-02-21,super_lig
Aston Villa,Liverpool,2,2,D,3.9,4.0,1.83,2025-02-19,premier_league
Luton,Plymouth,1,1,D,1.73,3.6,4.75,2025-02-19,championship
Preston,Millwall,1,1,D,2.4,2.88,3.3,2025-02-18,championship
Leeds,Sunderland,2,1,H,1.53,4.0,6.0,2025-02-17,championship
Barcelona,Vallecano,1,0,H,1.22,7.0,11.0,2025-02-17,la_liga
Genoa,Venezia,2,0,H,1.85,3.4,4.5,2025-02-17,serie_a
Gil Vicente,Famalicao,0,2,A,2.5,3.0,3.0,2025-02-17,primeira_liga
Rizespor,Galatasaray,1,2,A,4.5,4.33,1.62,2025-02-17,super_lig
Liverpool,Wolves,2,1,H,1.15,8.0,12.0,2025-02-16,premier_league
Tottenham,Man United,1,0,H,2.45,3.75,2.62,2025-02-16,premier_league
Espanol,Ath Bilbao,1,1,D,5.5,3.4,1.73,2025-02-16,la_liga
Valladolid,Sevilla,0,4,A,4.0,3.4,1.95,2025-02-16,la_liga
Mallorca,Las Palmas,3,1,H,1.73,3.5,5.25,2025-02-16,la_liga
Betis,Sociedad,3,0,H,2.55,3.1,2.9,2025-02-16,la_liga
Werder Bremen,Hoffenheim,1,3,A,1.85,3.8,3.9,2025-02-16,bundesliga
Ein Frankfurt,Holstein Kiel,3,1,H,1.33,5.75,7.5,2025-02-16,bundesliga
Heidenheim,Mainz,0,2,A,3.6,3.5,2.05,2025-02-16,bundesliga
Fiorentina,Como,0,2,A,2.0,3.5,3.75,2025-02-16,serie_a
Monza,Lecce,0,0,D,2.7,3.2,2.7,2025-02-16,serie_a
Udinese,Empoli,3,0,H,1.8,3.5,4.75,2025-02-16,serie_a
Parma,Roma,0,1,A,3.6,3.5,2.05,2025-02-16,serie_a
Juventus,Inter,1,0,H,3.4,3.2,2.25,2025-02-16,serie_a
Montpellier,Lyon,1,4,A,4.75,4.5,1.58,2025-02-16,ligue_1
Le Havre,Nice,1,3,A,5.0,4.0,1.62,2025-02-16,ligue_1
Lens,Strasbourg,0,2,A,1.72,3.8,4.75,2025-02-16,ligue_1
Reims,Angers,0,1,A,2.0,3.4,3.9,2025-02-16,ligue_1
Rennes,Lille,0,2,A,2.7,3.25,2.7,2025-02-16,ligue_1
Nijmegen,Almere City,2,2,D,1.5,4.0,7.0,2025-02-16,eredivisie
Twente,Waalwijk,2,0,H,1.36,5.5,7.0,2025-02-16,eredivisie
Zwolle,Heerenveen,1,1,D,2.25,3.5,3.1,2025-02-16,eredivisie
Ajax,Heracles,4,0,H,1.22,7.0,11.0,2025-02-16,eredivisie
Gent,Beerschot VA,3,2,H,1.39,4.75,7.0,2025-02-16,pro_league
St. Gilloise,Mechelen,0,1,A,1.52,4.33,5.25,2025-02-16,pro_league
Charleroi,Anderlecht,0,1,A,2.55,3.4,2.62,2025-02-16,pro_league
Cercle Brugge,Westerlo,1,1,D,2.25,3.5,3.1,2025-02-16,pro_league
Rio Ave,AVS,1,1,D,2.1,3.3,3.5,2025-02-16,primeira_liga
Farense,Porto,0,1,A,7.0,4.75,1.4,2025-02-16,primeira_liga
Guimaraes,Sp Braga,0,0,D,2.55,3.25,2.75,2025-02-16,primeira_liga
Hatayspor,Alanyaspor,1,0,H,2.8,3.6,2.3,2025-02-16,super_lig
Eyupspor,Kayserispor,1,1,D,1.85,3.4,4.0,2025-02-16,super_lig
Konyaspor,Samsunspor,0,1,A,2.5,3.2,2.75,2025-02-16,super_lig
Fenerbahce,Kasimpasa,3,1,H,1.27,6.25,9.0,2025-02-16,super_lig
Leicester,Arsenal,0,2,A,8.5,5.0,1.33,2025-02-15,premier_league
Aston Villa,Ipswich,1,1,D,1.4,4.75,7.0,2025-02-15,premier_league
Fulham,Nott'm Forest,2,1,H,2.2,3.4,3.3,2025-02-15,premier_league
Man City,Newcastle,4,0,H,1.95,4.2,3.3,2025-02-15,premier_league
Southampton,Bournemouth,1,3,A,6.0,4.5,1.5,2025-02-15,premier_league
West Ham,Brentford,0,1,A,2.35,3.6,2.88,2025-02-15,premier_league
Crystal Palace,Everton,1,2,A,1.8,3.4,5.0,2025-02-15,premier_league
Cardiff,Bristol City,1,1,D,2.8,3.25,2.55,2025-02-15,championship
Oxford,Portsmouth,0,2,A,2.35,3.2,3.1,2025-02-15,championship
Preston,Burnley,0,0,D,3.75,3.25,2.05,2025-02-15,championship
Blackburn,Plymouth,2,0,H,1.67,3.8,5.0,2025-02-15,championship
Hull,Norwich,1,1,D,2.63,3.25,2.63,2025-02-15,championship
Luton,Sheffield United,0,1,A,3.2,3.5,2.15,2025-02-15,championship
Middlesbrough,Watford,0,1,A,1.6,3.9,5.5,2025-02-15,championship
Millwall,West Brom,1,1,D,2.63,3.2,2.75,2025-02-15,championship
Sheffield Weds,Coventry,1,2,A,2.45,3.4,2.75,2025-02-15,championship
Stoke,Swansea,3,1,H,2.45,3.4,2.88,2025-02-15,championship
Leganes,Alaves,3,3,D,3.1,2.9,2.6,2025-02-15,la_liga
Osasuna,Real Madrid,1,1,D,5.75,4.1,1.57,2025-02-15,la_liga
Ath Madrid,Celta,1,1,D,1.39,4.5,8.0,2025-02-15,la_liga
Villarreal,Valencia,1,1,D,1.5,4.5,5.5,2025-02-15,la_liga
Bochum,Dortmund,2,0,H,5.0,3.9,1.67,2025-02-15,bundesliga
St Pauli,Freiburg,0,1,A,2.5,3.25,2.88,2025-02-15,bundesliga
Stuttgart,Wolfsburg,1,2,A,1.73,4.2,4.2,2025-02-15,bundesliga
Union Berlin,M'gladbach,1,2,A,2.2,3.5,3.1,2025-02-15,bundesliga
Leverkusen,Bayern Munich,0,0,D,2.9,3.7,2.25,2025-02-15,bundesliga
Atalanta,Cagliari,0,0,D,1.44,4.75,6.5,2025-02-15,serie_a
Lazio,Napoli,2,2,D,2.63,3.2,2.8,2025-02-15,serie_a
Milan,Verona,1,0,H,1.33,4.75,9.5,2025-02-15,serie_a
Marseille,St Etienne,5,1,H,1.25,6.5,9.5,2025-02-15,ligue_1
Monaco,Nantes,7,1,H,1.55,4.2,6.0,2025-02-15,ligue_1
Toulouse,Paris SG,0,1,A,5.75,4.75,1.5,2025-02-15,ligue_1
PSV Eindhoven,Utrecht,2,2,D,1.36,5.5,7.0,2025-02-15,eredivisie
NAC Breda,Feyenoord,0,0,D,4.33,4.75,1.6,2025-02-15,eredivisie
Willem II,Groningen,1,3,A,2.5,3.1,3.0,2025-02-15,eredivisie
Oud-Heverlee Leuven,Dender,3,2,H,2.1,3.2,3.7,2025-02-15,pro_league
Antwerp,Kortrijk,2,1,H,1.67,4.2,4.5,2025-02-15,pro_league
St Truiden,Club Brugge,2,2,D,4.5,4.2,1.67,2025-02-15,pro_league
Moreirense,Casa Pia,3,2,H,2.35,3.0,3.3,2025-02-15,primeira_liga
Nacional,Estoril,2,2,D,2.25,3.2,3.3,2025-02-15,primeira_liga
Santa Clara,Benfica,0,1,A,5.0,3.8,1.67,2025-02-15,primeira_liga
Sp Lisbon,Arouca,2,2,D,1.25,5.5,12.0,2025-02-15,primeira_liga
Gaziantep,Sivasspor,2,1,H,2.05,3.4,3.4,2025-02-15,super_lig
Buyuksehyr,Bodrumspor,0,1,A,1.72,3.4,5.0,2025-02-15,super_lig
Besiktas,Trabzonspor,2,1,H,1.77,3.75,4.2,2025-02-15,super_lig
Brighton,Chelsea,3,0,H,2.7,3.6,2.45,2025-02-14,premier_league
QPR,Derby,4,0,H,2.05,3.2,4.0,2025-02-14,championship
Girona,Getafe,1,2,A,1.95,3.25,4.33,2025-02-14,la_liga
Augsburg,RB Leipzig,0,0,D,2.9,3.3,2.4,2025-02-14,bundesliga
Bologna,Torino,3,2,H,1.8,3.4,5.0,2025-02-14,serie_a
Brest,Auxerre,2,2,D,2.25,3.3,3.3,2025-02-14,ligue_1
Go Ahead Eagles,Sparta Rotterdam,1,0,H,2.1,3.75,3.25,2025-02-14,eredivisie
Standard,Genk,1,2,A,4.5,3.75,1.75,2025-02-14,pro_league
Boavista,Estrela,0,1,A,2.45,3.0,3.1,2025-02-14,primeira_liga
Ad. Demirspor,Antalyaspor,1,1,D,4.2,3.7,1.8,2025-02-14,super_lig
Everton,Liverpool,2,2,D,7.5,4.5,1.44,2025-02-12,premier_league
Bristol City,Stoke,2,0,H,1.73,3.7,5.0,2025-02-12,championship
Burnley,Hull,2,0,H,1.67,3.5,5.5,2025-02-12,championship
Plymouth,Millwall,5,1,H,3.4,3.1,2.2,2025-02-12,championship
Sunderland,Luton,2,0,H,1.67,3.8,5.0,2025-02-12,championship
Swansea,Sheffield Weds,0,1,A,2.55,3.4,2.7,2025-02-12,championship
Sheffield United,Middlesbrough,3,1,H,2.25,3.4,3.1,2025-02-12,championship
West Brom,Blackburn,0,2,A,1.83,3.4,4.33,2025-02-12,championship
Coventry,QPR,1,0,H,1.85,3.4,4.33,2025-02-11,championship
Derby,Oxford,0,0,D,2.2,3.0,3.6,2025-02-11,championship
Portsmouth,Cardiff,2,1,H,2.25,3.3,3.2,2025-02-11,championship
Watford,Leeds,0,4,A,10.0,4.75,1.33,2025-02-11,championship
Norwich,Preston,0,1,A,1.75,3.5,4.75,2025-02-11,championship
Mallorca,Osasuna,1,1,D,2.0,3.0,4.33,2025-02-10,la_liga
Inter,Fiorentina,2,1,H,1.48,4.75,6.5,2025-02-10,serie_a
Arouca,Rio Ave,1,1,D,1.91,3.25,4.2,2025-02-10,primeira_liga
Bodrumspor,Goztep,0,0,D,3.1,3.1,2.15,2025-02-10,super_lig
Trabzonspor,Eyupspor,1,0,H,1.7,3.6,4.2,2025-02-10,super_lig
Bristol City,Swansea,0,1,A,1.85,3.5,4.1,2025-02-09,championship
Alaves,Getafe,0,1,A,2.3,2.9,3.6,2025-02-09,la_liga
Valencia,Leganes,2,0,H,1.73,3.4,5.5,2025-02-09,la_liga
Sociedad,Espanol,2,1,H,1.6,3.9,5.75,2025-02-09,la_liga
Sevilla,Barcelona,1,4,A,5.25,4.5,1.55,2025-02-09,la_liga
Holstein Kiel,Bochum,2,2,D,2.25,3.5,3.0,2025-02-09,bundesliga
RB Leipzig,St Pauli,2,0,H,1.57,4.2,5.25,2025-02-09,bundesliga
Venezia,Roma,0,1,A,5.0,3.7,1.73,2025-02-09,serie_a
Cagliari,Parma,2,1,H,1.85,3.6,4.1,2025-02-09,serie_a
Lazio,Monza,5,1,H,1.38,4.75,8.5,2025-02-09,serie_a
Lecce,Bologna,0,0,D,4.2,3.5,1.91,2025-02-09,serie_a
Napoli,Udinese,1,1,D,1.44,4.5,7.5,2025-02-09,serie_a
Lyon,Reims,4,0,H,1.53,4.5,5.75,2025-02-09,ligue_1
Auxerre,Toulouse,2,2,D,3.0,3.4,2.35,2025-02-09,ligue_1
Strasbourg,Montpellier,2,0,H,1.75,4.1,4.1,2025-02-09,ligue_1
Angers,Marseille,0,2,A,5.5,4.0,1.62,2025-02-09,ligue_1
Utrecht,Almere City,0,1,A,1.38,5.0,7.5,2025-02-09,eredivisie
For Sittard,Ajax,0,2,A,6.0,4.5,1.5,2025-02-09,eredivisie
Waalwijk,NAC Breda,5,0,H,2.6,3.5,2.6,2025-02-09,eredivisie
AZ Alkmaar,Zwolle,2,0,H,1.4,5.0,7.5,2025-02-09,eredivisie
Heerenveen,Twente,3,3,D,3.8,3.8,1.91,2025-02-09,eredivisie
Anderlecht,Antwerp,2,0,H,2.15,3.3,3.4,2025-02-09,pro_league
Kortrijk,St. Gilloise,1,2,A,5.75,4.33,1.5,2025-02-09,pro_league
Westerlo,Standard,4,2,H,1.7,3.9,4.5,2025-02-09,pro_league
Beerschot VA,Charleroi,1,1,D,4.5,3.5,1.8,2025-02-09,pro_league
Estoril,Boavista,2,1,H,1.55,3.9,6.5,2025-02-09,primeira_liga
Farense,Nacional,0,2,A,2.3,3.2,3.1,2025-02-09,primeira_liga
Sp Braga,Gil Vicente,2,0,H,1.55,4.2,5.5,2025-02-09,primeira_liga
Casa Pia,Estrela,1,0,H,1.8,3.4,4.5,2025-02-09,primeira_liga
Kasimpasa,Rizespor,3,2,H,2.0,3.5,3.25,2025-02-09,super_lig
Alanyaspor,Fenerbahce,0,2,A,5.25,4.2,1.5,2025-02-09,super_lig
Antalyaspor,Buyuksehyr,0,0,D,2.88,3.5,2.2,2025-02-09,super_lig
Galatasaray,Ad. Demirspor,3,0,H,1.08,10.0,21.0,2025-02-09,super_lig
Sunderland,Watford,2,2,D,1.5,4.33,5.75,2025-02-08,championship
West Brom,Sheffield Weds,2,1,H,2.15,3.5,3.3,2025-02-08,championship
Norwich,Derby,1,1,D,1.7,3.9,4.75,2025-02-08,championship
Sheffield United,Portsmouth,2,1,H,1.5,4.5,5.75,2025-02-08,championship
Celta,Betis,3,2,H,2.25,3.4,3.2,2025-02-08,la_liga
Ath Bilbao,Girona,3,0,H,1.65,4.0,5.0,2025-02-08,la_liga
Las Palmas,Villarreal,1,2,A,4.75,3.9,1.7,2025-02-08,la_liga
Real Madrid,Ath Madrid,1,1,D,1.85,3.6,4.2,2025-02-08,la_liga
Dortmund,Stuttgart,1,2,A,1.85,3.8,3.9,2025-02-08,bundesliga
Freiburg,Heidenheim,1,0,H,1.7,3.75,4.75,2025-02-08,bundesliga
Hoffenheim,Union Berlin,0,4,A,2.2,3.5,3.2,2025-02-08,bundesliga
Mainz,Augsburg,0,0,D,1.75,3.5,5.0,2025-02-08,bundesliga
Wolfsburg,Leverkusen,0,0,D,4.33,3.6,1.8,2025-02-08,bundesliga
M'gladbach,Ein Frankfurt,1,1,D,2.63,3.5,2.55,2025-02-08,bundesliga
Verona,Atalanta,0,5,A,6.25,4.1,1.53,2025-02-08,serie_a
Empoli,Milan,0,2,A,5.5,3.8,1.65,2025-02-08,serie_a
Torino,Genoa,1,1,D,2.2,3.1,3.6,2025-02-08,serie_a
Nice,Lens,2,0,H,2.35,3.3,3.1,2025-02-08,ligue_1
Lille,Le Havre,1,2,A,1.36,5.5,8.0,2025-02-08,ligue_1
St Etienne,Rennes,0,2,A,3.3,3.4,2.15,2025-02-08,ligue_1
Heracles,Go Ahead Eagles,4,2,H,3.3,3.75,2.05,2025-02-08,eredivisie
PSV Eindhoven,Willem II,1,1,D,1.11,9.0,19.0,2025-02-08,eredivisie
Groningen,Nijmegen,2,1,H,3.1,3.25,2.38,2025-02-08,eredivisie
Feyenoord,Sparta Rotterdam,3,0,H,1.4,5.0,7.0,2025-02-08,eredivisie
Club Brugge,Oud-Heverlee Leuven,1,0,H,1.33,5.0,9.0,2025-02-08,pro_league
Dender,St Truiden,2,1,H,2.7,3.4,2.5,2025-02-08,pro_league
Genk,Cercle Brugge,2,1,H,1.6,4.2,4.75,2025-02-08,pro_league
AVS,Santa Clara,1,2,A,4.2,3.2,1.95,2025-02-08,primeira_liga
Benfica,Moreirense,3,2,H,1.18,7.0,13.0,2025-02-08,primeira_liga
Famalicao,Guimaraes,0,0,D,3.1,3.0,2.4,2025-02-08,primeira_liga
Kayserispor,Konyaspor,3,2,H,2.4,3.4,2.8,2025-02-08,super_lig
Sivasspor,Besiktas,0,2,A,3.6,3.6,1.95,2025-02-08,super_lig
Vallecano,Valladolid,1,0,H,1.5,4.1,7.0,2025-02-07,la_liga
Bayern Munich,Werder Bremen,3,0,H,1.1,11.0,17.0,2025-02-07,bundesliga
Como,Juventus,1,2,A,3.7,3.4,2.05,2025-02-07,serie_a
Nantes,Brest,0,2,A,2.45,3.1,3.1,2025-02-07,ligue_1
Paris SG,Monaco,4,1,H,1.38,5.5,6.5,2025-02-07,ligue_1
Mechelen,Gent,3,3,D,2.25,3.5,3.0,2025-02-07,pro_league
Porto,Sp Lisbon,1,1,D,2.8,3.1,2.55,2025-02-07,primeira_liga
Samsunspor,Hatayspor,2,0,H,1.48,4.5,6.0,2025-02-07,super_lig
Fiorentina,Inter,3,0,H,3.6,3.5,2.05,2025-02-06,serie_a
Coventry,Leeds,0,2,A,4.0,3.6,1.85,2025-02-05,championship
Burnley,Oxford,1,0,H,1.48,3.8,7.5,2025-02-04,championship
QPR,Blackburn,2,1,H,2.63,3.1,2.8,2025-02-04,championship
Chelsea,West Ham,2,1,H,1.36,4.75,8.0,2025-02-03,premier_league
Middlesbrough,Sunderland,2,3,A,2.35,3.4,3.0,2025-02-03,championship
Girona,Las Palmas,2,1,H,1.6,4.2,5.0,2025-02-03,la_liga
Cagliari,Lazio,1,2,A,3.9,3.4,2.0,2025-02-03,serie_a
Moreirense,Sp Braga,1,2,A,4.2,3.5,1.9,2025-02-03,primeira_liga
Rio Ave,Porto,2,2,D,7.0,4.5,1.42,2025-02-03,primeira_liga
Gaziantep,Galatasaray,0,1,A,6.5,4.5,1.4,2025-02-03,super_lig
Brentford,Tottenham,0,2,A,2.1,3.9,3.2,2025-02-02,premier_league
Man United,Crystal Palace,0,2,A,2.0,3.5,3.8,2025-02-02,premier_league
Arsenal,Man City,5,1,H,1.95,3.5,4.0,2025-02-02,premier_league
Barcelona,Alaves,1,0,H,1.2,7.5,13.0,2025-02-02,la_liga
Valencia,Celta,2,1,H,2.3,3.1,3.25,2025-02-02,la_liga
Osasuna,Sociedad,2,1,H,3.0,3.0,2.55,2025-02-02,la_liga
Betis,Ath Bilbao,2,2,D,2.9,3.3,2.45,2025-02-02,la_liga
Ein Frankfurt,Wolfsburg,1,1,D,1.95,3.8,3.6,2025-02-02,bundesliga
Leverkusen,Hoffenheim,3,1,H,1.25,7.0,9.5,2025-02-02,bundesliga
Juventus,Empoli,4,1,H,1.36,4.75,9.0,2025-02-02,serie_a
Fiorentina,Genoa,2,1,H,1.65,3.9,5.25,2025-02-02,serie_a
Milan,Inter,1,1,D,4.0,3.5,1.91,2025-02-02,serie_a
Roma,Napoli,1,1,D,3.1,3.2,2.38,2025-02-02,serie_a
Toulouse,Nice,1,1,D,2.5,3.4,2.75,2025-02-02,ligue_1
Angers,Le Havre,1,1,D,1.95,3.4,3.9,2025-02-02,ligue_1
Reims,Nantes,1,2,A,2.15,3.4,3.4,2025-02-02,ligue_1
Rennes,Strasbourg,1,0,H,2.05,3.5,3.6,2025-02-02,ligue_1
Marseille,Lyon,3,2,H,2.0,3.9,3.3,2025-02-02,ligue_1
Almere City,Waalwijk,1,4,A,2.2,3.5,3.25,2025-02-02,eredivisie
Ajax,Feyenoord,2,1,H,2.2,3.6,3.0,2025-02-02,eredivisie
Go Ahead Eagles,Twente,2,2,D,2.55,3.6,2.55,2025-02-02,eredivisie
Sparta Rotterdam,Groningen,1,0,H,1.8,3.6,4.75,2025-02-02,eredivisie
Willem II,AZ Alkmaar,0,2,A,5.0,3.5,1.73,2025-02-02,eredivisie
Antwerp,Club Brugge,2,1,H,4.75,3.6,1.73,2025-02-02,pro_league
St. Gilloise,St Truiden,2,1,H,1.44,4.33,7.0,2025-02-02,pro_league
Gent,Anderlecht,1,0,H,2.3,3.4,2.88,2025-02-02,pro_league
Kortrijk,Westerlo,1,2,A,3.1,3.4,2.2,2025-02-02,pro_league
Sp Lisbon,Farense,3,1,H,1.14,8.0,17.0,2025-02-02,primeira_liga
Estrela,Benfica,2,3,A,9.0,5.75,1.29,2025-02-02,primeira_liga
Ad. Demirspor,Kasimpasa,3,5,A,3.9,3.8,1.75,2025-02-02,super_lig
Goztep,Alanyaspor,0,1,A,1.7,3.5,4.33,2025-02-02,super_lig
Fenerbahce,Rizespor,3,2,H,1.36,4.75,8.5,2025-02-02,super_lig
Nott'm Forest,Brighton,7,0,H,2.38,3.5,2.8,2025-02-01,premier_league
Bournemouth,Liverpool,0,2,A,4.5,4.33,1.67,2025-02-01,premier_league
Everton,Leicester,4,0,H,1.75,3.75,4.5,2025-02-01,premier_league
Ipswich,Southampton,1,2,A,1.95,3.6,3.8,2025-02-01,premier_league
Newcastle,Fulham,1,2,A,1.7,4.0,4.75,2025-02-01,premier_league
Wolves,Aston Villa,2,0,H,3.3,3.6,2.1,2025-02-01,premier_league
Oxford,Bristol City,1,1,D,3.1,3.3,2.25,2025-02-01,championship
Plymouth,West Brom,2,1,H,5.0,3.75,1.67,2025-02-01,championship
Watford,Norwich,0,1,A,2.63,3.3,2.63,2025-02-01,championship
Derby,Sheffield United,0,1,A,3.6,3.1,2.15,2025-02-01,championship
Hull,Stoke,1,2,A,1.91,3.4,4.0,2025-02-01,championship
Leeds,Cardiff,7,0,H,1.29,5.5,9.0,2025-02-01,championship
Millwall,QPR,2,1,H,2.2,3.1,3.5,2025-02-01,championship
Portsmouth,Burnley,0,0,D,5.0,3.4,1.75,2025-02-01,championship
Sheffield Weds,Luton,1,1,D,2.1,3.25,3.7,2025-02-01,championship
Swansea,Coventry,0,2,A,2.55,3.4,2.7,2025-02-01,championship
Getafe,Sevilla,0,0,D,2.45,2.9,3.25,2025-02-01,la_liga
Villarreal,Valladolid,5,1,H,1.22,7.0,10.0,2025-02-01,la_liga
Ath Madrid,Mallorca,2,0,H,1.4,4.33,8.5,2025-02-01,la_liga
Espanol,Real Madrid,1,0,H,9.0,5.75,1.3,2025-02-01,la_liga
Bayern Munich,Holstein Kiel,4,3,H,1.05,17.0,26.0,2025-02-01,bundesliga
Bochum,Freiburg,0,1,A,2.8,3.4,2.5,2025-02-01,bundesliga
Heidenheim,Dortmund,1,2,A,4.33,3.9,1.75,2025-02-01,bundesliga
St Pauli,Augsburg,1,1,D,2.35,3.3,3.1,2025-02-01,bundesliga
Stuttgart,M'gladbach,1,2,A,1.57,4.5,5.0,2025-02-01,bundesliga
Union Berlin,RB Leipzig,0,0,D,3.1,3.5,2.25,2025-02-01,bundesliga
Monza,Verona,0,1,A,2.3,3.0,3.5,2025-02-01,serie_a
Udinese,Venezia,3,2,H,1.83,3.4,4.5,2025-02-01,serie_a
Atalanta,Torino,1,1,D,1.42,4.5,7.5,2025-02-01,serie_a
Bologna,Como,2,0,H,1.9,3.5,4.2,2025-02-01,serie_a
Brest,Paris SG,2,5,A,6.25,5.0,1.44,2025-02-01,ligue_1
Monaco,Auxerre,4,2,H,1.33,5.5,8.5,2025-02-01,ligue_1
Lille,St Etienne,4,1,H,1.4,4.5,8.0,2025-02-01,ligue_1
Zwolle,Utrecht,3,3,D,3.1,3.5,2.25,2025-02-01,eredivisie
Heerenveen,For Sittard,2,2,D,1.95,3.5,3.9,2025-02-01,eredivisie
Nijmegen,PSV Eindhoven,3,3,D,5.75,5.0,1.48,2025-02-01,eredivisie
Charleroi,Dender,5,0,H,1.73,3.8,4.5,2025-02-01,pro_league
Cercle Brugge,Standard,1,1,D,1.83,3.4,4.33,2025-02-01,pro_league
Genk,Beerschot VA,1,0,H,1.25,5.5,10.0,2025-02-01,pro_league
Nacional,Arouca,1,2,A,2.5,3.2,2.88,2025-02-01,primeira_liga
Santa Clara,Casa Pia,2,1,H,2.1,3.1,3.8,2025-02-01,primeira_liga
Gil Vicente,Estoril,1,2,A,2.15,3.25,3.4,2025-02-01,primeira_liga
Guimaraes,AVS,2,0,H,1.36,5.25,7.0,2025-02-01,primeira_liga
Hatayspor,Antalyaspor,2,3,A,2.2,3.3,3.0,2025-02-01,super_lig
Kayserispor,Trabzonspor,0,0,D,3.75,3.5,1.83,2025-02-01,super_lig
Buyuksehyr,Samsunspor,4,0,H,2.15,3.3,3.25,2025-02-01,super_lig
Blackburn,Preston,2,1,H,2.2,3.1,3.6,2025-01-31,championship
Leganes,Vallecano,0,1,A,3.3,3.0,2.38,2025-01-31,la_liga
Werder Bremen,Mainz,1,0,H,2.25,3.3,3.2,2025-01-31,bundesliga
Parma,Lecce,1,3,A,2.15,3.4,3.5,2025-01-31,serie_a
Montpellier,Lens,0,2,A,4.33,3.7,1.83,2025-01-31,ligue_1
NAC Breda,Heracles,1,1,D,1.83,3.5,4.33,2025-01-31,eredivisie
Oud-Heverlee Leuven,Mechelen,1,0,H,2.35,3.25,3.0,2025-01-31,pro_league
Boavista,Famalicao,0,2,A,3.6,2.9,2.2,2025-01-31,primeira_liga
Eyupspor,Sivasspor,1,0,H,1.83,3.5,3.8,2025-01-31,super_lig
Konyaspor,Bodrumspor,3,1,H,1.9,3.3,3.9,2025-01-31,super_lig
Portsmouth,Millwall,0,1,A,2.5,3.0,3.1,2025-01-28,championship
Heracles,Groningen,1,1,D,2.2,3.5,3.1,2025-01-28,eredivisie
Burnley,Leeds,0,0,D,3.0,3.3,2.3,2025-01-27,championship
Alaves,Celta,1,1,D,2.63,3.0,3.0,2025-01-27,la_liga
Venezia,Verona,1,1,D,2.15,3.5,3.25,2025-01-27,serie_a
Genoa,Monza,2,0,H,2.25,3.0,3.6,2025-01-27,serie_a
AVS,Gil Vicente,1,0,H,2.9,3.0,2.55,2025-01-27,primeira_liga
Kasimpasa,Hatayspor,5,4,H,1.7,4.0,4.5,2025-01-27,super_lig
Crystal Palace,Brentford,1,2,A,2.05,3.75,3.3,2025-01-26,premier_league
Tottenham,Leicester,1,2,A,1.45,5.5,5.5,2025-01-26,premier_league
Aston Villa,West Ham,1,1,D,1.53,4.33,5.75,2025-01-26,premier_league
Fulham,Man United,0,1,A,2.3,3.4,3.1,2025-01-26,premier_league
Vallecano,Girona,2,1,H,2.75,2.9,2.88,2025-01-26,la_liga
Sociedad,Getafe,0,3,A,1.75,3.4,5.5,2025-01-26,la_liga
Ath Bilbao,Leganes,0,0,D,1.38,5.0,7.5,2025-01-26,la_liga
Barcelona,Valencia,7,1,H,1.22,7.5,10.0,2025-01-26,la_liga
Hoffenheim,Ein Frankfurt,2,2,D,3.1,3.6,2.2,2025-01-26,bundesliga
St Pauli,Union Berlin,3,0,H,2.55,3.1,3.0,2025-01-26,bundesliga
Milan,Parma,3,2,H,1.3,6.0,8.5,2025-01-26,serie_a
Udinese,Roma,1,2,A,3.3,3.3,2.25,2025-01-26,serie_a
Lecce,Inter,0,4,A,9.5,5.25,1.33,2025-01-26,serie_a
Lazio,Fiorentina,1,2,A,2.0,3.5,3.8,2025-01-26,serie_a
Le Havre,Brest,0,1,A,3.3,3.1,2.35,2025-01-26,ligue_1
Lens,Angers,1,0,H,1.42,4.33,7.5,2025-01-26,ligue_1
Nantes,Lyon,1,1,D,3.3,3.5,2.1,2025-01-26,ligue_1
Toulouse,Montpellier,1,2,A,1.62,4.0,5.25,2025-01-26,ligue_1
Nice,Marseille,2,0,H,2.8,3.5,2.45,2025-01-26,ligue_1
For Sittard,Zwolle,1,4,A,2.1,3.5,3.4,2025-01-26,eredivisie
Waalwijk,Willem II,2,0,H,2.55,3.4,2.7,2025-01-26,eredivisie
AZ Alkmaar,Sparta Rotterdam,1,2,A,1.57,4.0,6.0,2025-01-26,eredivisie
Standard,Dender,1,0,H,2.2,3.25,3.4,2025-01-26,pro_league
Beerschot VA,St. Gilloise,0,4,A,5.5,4.33,1.53,2025-01-26,pro_league
Anderlecht,Mechelen,4,1,H,1.85,3.6,3.9,2025-01-26,pro_league
Oud-Heverlee Leuven,Gent,0,0,D,2.5,3.3,2.75,2025-01-26,pro_league
Estoril,Guimaraes,1,0,H,4.2,3.6,1.83,2025-01-26,primeira_liga
Porto,Santa Clara,1,1,D,1.45,4.1,7.5,2025-01-26,primeira_liga
Sp Braga,Boavista,3,0,H,1.22,6.5,11.0,2025-01-26,primeira_liga
Rizespor,Ad. Demirspor,3,2,H,1.33,5.0,9.0,2025-01-26,super_lig
Antalyaspor,Besiktas,1,1,D,3.9,3.75,1.85,2025-01-26,super_lig
Bodrumspor,Eyupspor,0,1,A,2.7,3.25,2.7,2025-01-26,super_lig
Fenerbahce,Goztep,3,2,H,1.4,4.75,7.0,2025-01-26,super_lig
Bournemouth,Nott'm Forest,5,0,H,2.05,3.7,3.4,2025-01-25,premier_league
Brighton,Everton,0,1,A,1.67,3.75,5.5,2025-01-25,premier_league
Liverpool,Ipswich,4,1,H,1.08,12.0,15.0,2025-01-25,premier_league
Southampton,Newcastle,1,3,A,6.5,5.25,1.42,2025-01-25,premier_league
Wolves,Arsenal,0,1,A,7.0,4.5,1.45,2025-01-25,premier_league
Man City,Chelsea,3,1,H,2.05,4.0,3.3,2025-01-25,premier_league
Luton,Millwall,0,1,A,2.2,3.3,3.25,2025-01-25,championship
Norwich,Swansea,5,1,H,2.15,3.2,3.6,2025-01-25,championship
Stoke,Oxford,0,0,D,2.0,3.3,3.8,2025-01-25,championship
Bristol City,Blackburn,2,1,H,1.95,3.5,3.75,2025-01-25,championship
Cardiff,Derby,2,1,H,2.2,3.1,3.4,2025-01-25,championship
Coventry,Watford,2,1,H,1.73,3.6,4.75,2025-01-25,championship
Preston,Middlesbrough,2,1,H,3.25,3.25,2.25,2025-01-25,championship
QPR,Sheffield Weds,0,2,A,2.5,3.2,2.9,2025-01-25,championship
Sunderland,Plymouth,2,2,D,1.25,6.0,10.0,2025-01-25,championship
West Brom,Portsmouth,5,1,H,1.62,3.9,5.0,2025-01-25,championship
Mallorca,Betis,0,1,A,2.25,3.0,3.5,2025-01-25,la_liga
Ath Madrid,Villarreal,1,1,D,1.7,4.0,4.75,2025-01-25,la_liga
Sevilla,Espanol,1,1,D,1.7,3.8,4.75,2025-01-25,la_liga
Valladolid,Real Madrid,0,3,A,10.0,6.0,1.27,2025-01-25,la_liga
Augsburg,Heidenheim,2,1,H,1.82,3.6,4.0,2025-01-25,bundesliga
Dortmund,Werder Bremen,2,2,D,1.62,4.33,4.75,2025-01-25,bundesliga
Freiburg,Bayern Munich,1,2,A,7.5,5.75,1.33,2025-01-25,bundesliga
Mainz,Stuttgart,2,0,H,2.8,3.5,2.45,2025-01-25,bundesliga
RB Leipzig,Leverkusen,2,2,D,3.7,3.9,1.9,2025-01-25,bundesliga
M'gladbach,Bochum,3,0,H,1.73,4.0,4.5,2025-01-25,bundesliga
Como,Atalanta,1,2,A,4.2,3.6,1.85,2025-01-25,serie_a
Napoli,Juventus,2,1,H,2.15,3.1,3.8,2025-01-25,serie_a
Empoli,Bologna,1,1,D,3.8,3.3,2.0,2025-01-25,serie_a
Monaco,Rennes,3,2,H,1.7,3.9,4.75,2025-01-25,ligue_1
Strasbourg,Lille,2,1,H,2.75,3.4,2.55,2025-01-25,ligue_1
Paris SG,Reims,1,1,D,1.27,6.5,9.0,2025-01-25,ligue_1
PSV Eindhoven,NAC Breda,3,2,H,1.11,10.0,19.0,2025-01-25,eredivisie
Groningen,Heerenveen,1,0,H,2.25,3.5,3.1,2025-01-25,eredivisie
Westerlo,Genk,1,2,A,3.3,3.75,2.05,2025-01-25,pro_league
Charleroi,Cercle Brugge,1,1,D,1.92,3.5,3.75,2025-01-25,pro_league
Club Brugge,Kortrijk,1,1,D,1.18,6.5,15.0,2025-01-25,pro_league
Famalicao,Estrela,0,0,D,1.82,3.4,4.33,2025-01-25,primeira_liga
Farense,Rio Ave,1,2,A,2.55,2.9,3.0,2025-01-25,primeira_liga
Casa Pia,Benfica,3,1,H,8.5,4.75,1.38,2025-01-25,primeira_liga
Sp Lisbon,Nacional,2,0,H,1.14,9.5,12.0,2025-01-25,primeira_liga
Sivasspor,Kayserispor,5,2,H,2.15,3.5,3.2,2025-01-25,super_lig
Alanyaspor,Buyuksehyr,5,4,H,2.55,3.2,2.9,2025-01-25,super_lig
Galatasaray,Konyaspor,1,0,H,1.22,7.0,9.0,2025-01-25,super_lig
Sheffield United,Hull,0,3,A,1.73,3.7,4.75,2025-01-24,championship
Las Palmas,Osasuna,1,1,D,2.5,3.1,3.0,2025-01-24,la_liga
Wolfsburg,Holstein Kiel,2,2,D,1.42,5.0,7.0,2025-01-24,bundesliga
Torino,Cagliari,2,0,H,2.2,3.2,3.6,2025-01-24,serie_a
Auxerre,St Etienne,1,1,D,1.91,3.7,3.8,2025-01-24,ligue_1
Heracles,Utrecht,1,1,D,3.9,3.7,1.9,2025-01-24,eredivisie
St Truiden,Antwerp,1,1,D,2.55,3.6,2.6,2025-01-24,pro_league
Arouca,Moreirense,1,0,H,2.3,3.1,3.25,2025-01-24,primeira_liga
Samsunspor,Gaziantep,2,1,H,1.67,3.9,4.75,2025-01-24,super_lig
Leeds,Norwich,2,0,H,1.38,4.5,8.0,2025-01-22,championship
Portsmouth,Stoke,3,1,H,2.45,3.25,2.88,2025-01-22,championship
Sheffield Weds,Bristol City,2,2,D,2.5,3.2,2.88,2025-01-22,championship
Plymouth,Burnley,0,5,A,6.0,3.6,1.6,2025-01-22,championship
Blackburn,Coventry,0,2,A,2.55,3.3,2.75,2025-01-21,championship
Derby,Sunderland,0,1,A,3.5,3.3,2.1,2025-01-21,championship
Hull,QPR,1,2,A,2.1,3.25,3.7,2025-01-21,championship
Middlesbrough,West Brom,2,0,H,1.95,3.4,3.75,2025-01-21,championship
Oxford,Luton,3,2,H,2.9,3.2,2.5,2025-01-21,championship
Swansea,Sheffield United,1,2,A,2.88,3.2,2.5,2025-01-21,championship
Watford,Preston,1,2,A,2.1,3.4,3.4,2025-01-21,championship
Millwall,Cardiff,2,2,D,2.15,2.9,3.9,2025-01-21,championship
Chelsea,Wolves,3,1,H,1.36,5.75,6.5,2025-01-20,premier_league
Villarreal,Mallorca,4,0,H,1.73,3.5,5.25,2025-01-20,la_liga
Como,Udinese,4,1,H,2.15,3.4,3.4,2025-01-20,serie_a
Boavista,Casa Pia,2,3,A,3.4,3.0,2.3,2025-01-20,primeira_liga
Trabzonspor,Sivasspor,4,0,H,1.48,4.5,5.5,2025-01-20,super_lig
Everton,Tottenham,3,2,H,2.8,3.5,2.45,2025-01-19,premier_league
Man United,Brighton,1,3,A,2.1,3.6,3.3,2025-01-19,premier_league
Nott'm Forest,Southampton,3,2,H,1.38,4.75,8.0,2025-01-19,premier_league
Ipswich,Man City,0,6,A,7.5,5.25,1.36,2025-01-19,premier_league
Leeds,Sheffield Weds,3,0,H,1.36,5.0,7.5,2025-01-19,championship
Celta,Ath Bilbao,1,2,A,2.8,3.2,2.6,2025-01-19,la_liga
Real Madrid,Las Palmas,4,1,H,1.14,7.5,17.0,2025-01-19,la_liga
Osasuna,Vallecano,1,1,D,2.15,3.0,3.8,2025-01-19,la_liga
Valencia,Sociedad,1,0,H,3.1,3.0,2.55,2025-01-19,la_liga
Union Berlin,Mainz,2,1,H,2.55,3.2,2.88,2025-01-19,bundesliga
Werder Bremen,Augsburg,0,2,A,1.85,3.8,4.0,2025-01-19,bundesliga
Fiorentina,Torino,1,1,D,1.73,3.4,5.5,2025-01-19,serie_a
Cagliari,Lecce,4,1,H,1.95,3.3,4.1,2025-01-19,serie_a
Parma,Venezia,1,1,D,2.15,3.7,3.1,2025-01-19,serie_a
Verona,Lazio,0,3,A,5.0,3.5,1.75,2025-01-19,serie_a
Inter,Empoli,3,1,H,1.25,5.75,13.0,2025-01-19,serie_a
St Etienne,Nantes,1,1,D,2.45,3.25,2.9,2025-01-19,ligue_1
Angers,Auxerre,2,0,H,2.4,3.2,3.0,2025-01-19,ligue_1
Reims,Le Havre,1,1,D,1.62,4.0,5.25,2025-01-19,ligue_1
Marseille,Strasbourg,1,1,D,1.57,4.33,5.25,2025-01-19,ligue_1
NAC Breda,Twente,2,1,H,4.75,4.1,1.65,2025-01-19,eredivisie
Almere City,Heracles,0,2,A,2.38,3.3,3.0,2025-01-19,eredivisie
Heerenveen,Ajax,0,2,A,5.75,4.1,1.6,2025-01-19,eredivisie
Nijmegen,For Sittard,4,1,H,1.83,3.6,4.33,2025-01-19,eredivisie
Sparta Rotterdam,Waalwijk,1,1,D,1.53,4.5,5.75,2025-01-19,eredivisie
Kortrijk,Anderlecht,0,2,A,3.9,3.75,1.85,2025-01-19,pro_league
St. Gilloise,Oud-Heverlee Leuven,1,0,H,1.45,4.75,6.0,2025-01-19,pro_league
St Truiden,Standard,1,2,A,2.05,3.3,3.75,2025-01-19,pro_league
Antwerp,Westerlo,3,2,H,1.75,3.9,4.1,2025-01-19,pro_league
Moreirense,Farense,0,0,D,1.9,3.2,4.33,2025-01-19,primeira_liga
Nacional,AVS,3,1,H,2.05,3.2,3.75,2025-01-19,primeira_liga
Estrela,Sp Braga,0,1,A,5.0,3.8,1.67,2025-01-19,primeira_liga
Gil Vicente,Porto,3,1,H,7.5,4.5,1.4,2025-01-19,primeira_liga
Goztep,Antalyaspor,1,0,H,1.55,3.9,5.5,2025-01-19,super_lig
Konyaspor,Kasimpasa,3,3,D,2.05,3.25,3.5,2025-01-19,super_lig
Ad. Demirspor,Fenerbahce,0,4,A,13.0,7.5,1.17,2025-01-19,super_lig
Eyupspor,Alanyaspor,3,0,H,2.1,3.25,3.4,2025-01-19,super_lig
Newcastle,Bournemouth,1,4,A,1.62,4.2,5.0,2025-01-18,premier_league
Brentford,Liverpool,0,2,A,6.5,5.0,1.42,2025-01-18,premier_league
Leicester,Fulham,0,2,A,4.33,3.7,1.8,2025-01-18,premier_league
West Ham,Crystal Palace,0,2,A,2.6,3.5,2.63,2025-01-18,premier_league
Arsenal,Aston Villa,2,2,D,1.5,4.1,7.0,2025-01-18,premier_league
Cardiff,Swansea,3,0,H,2.63,3.25,2.63,2025-01-18,championship
Millwall,Hull,0,1,A,2.05,3.2,3.75,2025-01-18,championship
Plymouth,QPR,0,1,A,3.0,3.25,2.4,2025-01-18,championship
Coventry,Bristol City,1,0,H,2.1,3.3,3.5,2025-01-18,championship
Derby,Watford,0,2,A,2.2,3.4,3.2,2025-01-18,championship
Luton,Preston,0,0,D,2.2,3.1,3.5,2025-01-18,championship
Oxford,Blackburn,1,0,H,3.0,3.4,2.3,2025-01-18,championship
Portsmouth,Middlesbrough,2,1,H,4.5,3.6,1.75,2025-01-18,championship
Sheffield United,Norwich,2,0,H,2.1,3.4,3.4,2025-01-18,championship
West Brom,Stoke,1,1,D,1.73,3.8,4.5,2025-01-18,championship
Girona,Sevilla,1,2,A,1.91,3.5,4.0,2025-01-18,la_liga
Leganes,Ath Madrid,1,0,H,7.0,4.0,1.5,2025-01-18,la_liga
Betis,Alaves,1,3,A,1.75,3.6,4.75,2025-01-18,la_liga
Getafe,Barcelona,1,1,D,6.5,4.2,1.5,2025-01-18,la_liga
Bayern Munich,Wolfsburg,3,2,H,1.17,7.5,15.0,2025-01-18,bundesliga
Bochum,RB Leipzig,3,3,D,3.7,3.6,2.0,2025-01-18,bundesliga
Heidenheim,St Pauli,0,2,A,2.38,3.5,2.8,2025-01-18,bundesliga
Holstein Kiel,Hoffenheim,1,3,A,3.0,3.4,2.35,2025-01-18,bundesliga
Stuttgart,Freiburg,4,0,H,1.65,4.5,4.5,2025-01-18,bundesliga
Leverkusen,M'gladbach,3,1,H,1.27,5.75,11.0,2025-01-18,bundesliga
Bologna,Monza,3,1,H,1.6,3.75,6.0,2025-01-18,serie_a
Juventus,Milan,2,0,H,2.15,3.3,3.4,2025-01-18,serie_a
Atalanta,Napoli,2,3,A,2.25,3.25,3.25,2025-01-18,serie_a
Lens,Paris SG,1,2,A,4.5,3.9,1.73,2025-01-18,ligue_1
Rennes,Brest,1,2,A,2.0,3.4,3.9,2025-01-18,ligue_1
Lyon,Toulouse,0,0,D,1.85,3.9,4.0,2025-01-18,ligue_1
Zwolle,PSV Eindhoven,3,1,H,12.0,7.0,1.22,2025-01-18,eredivisie
Utrecht,AZ Alkmaar,0,0,D,2.88,3.3,2.45,2025-01-18,eredivisie
Willem II,Feyenoord,1,1,D,9.0,5.0,1.33,2025-01-18,eredivisie
Go Ahead Eagles,Groningen,2,1,H,1.57,4.0,6.0,2025-01-18,eredivisie
Dender,Cercle Brugge,0,1,A,2.9,3.2,2.5,2025-01-18,pro_league
Mechelen,Genk,1,2,A,2.9,3.6,2.3,2025-01-18,pro_league
Club Brugge,Beerschot VA,4,2,H,1.14,8.5,13.0,2025-01-18,pro_league
Santa Clara,Estoril,2,3,A,1.7,3.4,5.5,2025-01-18,primeira_liga
Rio Ave,Sp Lisbon,0,3,A,9.5,5.5,1.3,2025-01-18,primeira_liga
Guimaraes,Arouca,2,2,D,1.55,3.9,6.25,2025-01-18,primeira_liga
Buyuksehyr,Rizespor,2,0,H,2.2,3.4,3.1,2025-01-18,super_lig
Gaziantep,Bodrumspor,0,0,D,2.0,3.2,3.7,2025-01-18,super_lig
Besiktas,Samsunspor,0,0,D,2.1,3.4,3.2,2025-01-18,super_lig
Burnley,Sunderland,0,0,D,2.15,3.3,3.4,2025-01-17,championship
Espanol,Valladolid,2,1,H,1.75,3.4,5.25,2025-01-17,la_liga
Ein Frankfurt,Dortmund,2,0,H,2.55,3.6,2.63,2025-01-17,bundesliga
Roma,Genoa,3,1,H,1.5,4.1,6.5,2025-01-17,serie_a
Montpellier,Monaco,2,1,H,5.25,4.5,1.55,2025-01-17,ligue_1
Lille,Nice,2,1,H,2.1,3.4,3.6,2025-01-17,ligue_1
Gent,Charleroi,1,1,D,2.2,3.6,3.0,2025-01-17,pro_league
Benfica,Famalicao,4,0,H,1.25,6.25,9.5,2025-01-17,primeira_liga
Hatayspor,Galatasaray,1,1,D,8.5,5.5,1.27,2025-01-17,super_lig
Ipswich,Brighton,0,2,A,3.9,3.7,1.91,2025-01-16,premier_league
Man United,Southampton,3,1,H,1.29,6.0,9.5,2025-01-16,premier_league
Everton,Aston Villa,0,1,A,3.25,3.2,2.3,2025-01-15,premier_league
Leicester,Crystal Palace,0,2,A,3.9,3.6,1.91,2025-01-15,premier_league
Newcastle,Wolves,3,0,H,1.36,5.5,8.0,2025-01-15,premier_league
Arsenal,Tottenham,2,1,H,1.4,5.25,7.0,2025-01-15,premier_league
Blackburn,Portsmouth,3,0,H,1.73,3.8,4.75,2025-01-15,championship
Bochum,St Pauli,1,0,H,2.6,3.25,2.75,2025-01-15,bundesliga
Bayern Munich,Hoffenheim,5,0,H,1.13,9.0,17.0,2025-01-15,bundesliga
Stuttgart,RB Leipzig,2,1,H,1.95,3.9,3.4,2025-01-15,bundesliga
Union Berlin,Augsburg,0,2,A,1.83,3.5,4.5,2025-01-15,bundesliga
Werder Bremen,Heidenheim,3,3,D,1.6,4.2,4.75,2025-01-15,bundesliga
Inter,Bologna,2,2,D,1.48,4.2,7.0,2025-01-15,serie_a
Brentford,Man City,2,2,D,4.75,4.2,1.62,2025-01-14,premier_league
Chelsea,Bournemouth,2,2,D,1.48,4.75,6.0,2025-01-14,premier_league
West Ham,Fulham,3,2,H,3.0,3.4,2.38,2025-01-14,premier_league
Nott'm Forest,Liverpool,1,1,D,5.25,4.1,1.62,2025-01-14,premier_league
Cardiff,Watford,1,1,D,2.25,3.3,3.2,2025-01-14,championship
Plymouth,Oxford,1,1,D,2.35,3.4,3.0,2025-01-14,championship
Holstein Kiel,Dortmund,4,2,H,5.25,4.5,1.55,2025-01-14,bundesliga
Ein Frankfurt,Freiburg,4,1,H,1.7,4.2,4.33,2025-01-14,bundesliga
Leverkusen,Mainz,1,0,H,1.36,5.25,7.5,2025-01-14,bundesliga
Wolfsburg,M'gladbach,5,1,H,1.91,3.8,3.75,2025-01-14,bundesliga
Como,Milan,1,2,A,4.2,3.5,1.9,2025-01-14,serie_a
Atalanta,Juventus,1,1,D,2.1,3.25,3.7,2025-01-14,serie_a
Sociedad,Villarreal,1,0,H,2.0,3.3,4.0,2025-01-13,la_liga
Monza,Fiorentina,2,1,H,4.2,3.5,1.85,2025-01-13,serie_a
Goztep,Kasimpasa,5,0,H,1.9,3.4,3.6,2025-01-13,super_lig
Konyaspor,Fenerbahce,2,3,A,5.5,4.0,1.5,2025-01-13,super_lig
Las Palmas,Getafe,1,2,A,2.45,2.9,3.3,2025-01-12,la_liga
Ath Madrid,Osasuna,1,0,H,1.33,5.0,10.0,2025-01-12,la_liga
RB Leipzig,Werder Bremen,4,2,H,1.75,4.0,4.2,2025-01-12,bundesliga
Augsburg,Stuttgart,0,1,A,3.6,3.6,2.0,2025-01-12,bundesliga
Genoa,Parma,1,0,H,1.91,3.5,4.0,2025-01-12,serie_a
Venezia,Inter,0,1,A,11.0,5.25,1.29,2025-01-12,serie_a
Bologna,Roma,2,2,D,2.8,3.2,2.6,2025-01-12,serie_a
Napoli,Verona,2,0,H,1.25,5.5,13.0,2025-01-12,serie_a
Le Havre,Lens,1,2,A,5.5,3.8,1.62,2025-01-12,ligue_1
Montpellier,Angers,1,3,A,2.1,3.5,3.4,2025-01-12,ligue_1
Toulouse,Strasbourg,1,2,A,1.75,3.8,4.5,2025-01-12,ligue_1
Paris SG,St Etienne,2,1,H,1.09,9.5,23.0,2025-01-12,ligue_1
Twente,Willem II,6,2,H,1.38,5.0,7.5,2025-01-12,eredivisie
Feyenoord,Utrecht,1,2,A,1.42,5.0,6.25,2025-01-12,eredivisie
Groningen,Almere City,0,0,D,1.75,3.8,4.5,2025-01-12,eredivisie
NAC Breda,Heerenveen,2,4,A,2.15,3.6,3.2,2025-01-12,eredivisie
Beerschot VA,Antwerp,1,1,D,4.5,3.9,1.7,2025-01-12,pro_league
Dender,Gent,0,0,D,3.2,3.5,2.15,2025-01-12,pro_league
Anderlecht,Club Brugge,0,3,A,3.7,3.4,2.0,2025-01-12,pro_league
Cercle Brugge,Mechelen,1,0,H,2.3,3.4,3.0,2025-01-12,pro_league
Nacional,Porto,2,0,H,8.5,4.75,1.36,2025-01-12,primeira_liga
Sivasspor,Alanyaspor,1,1,D,2.75,3.4,2.35,2025-01-12,super_lig
Trabzonspor,Antalyaspor,5,0,H,1.53,4.2,5.0,2025-01-12,super_lig
Buyuksehyr,Galatasaray,1,2,A,5.0,4.1,1.57,2025-01-12,super_lig
Gaziantep,Ad. Demirspor,1,0,H,1.45,4.5,5.25,2025-01-12,super_lig
Alaves,Girona,0,1,A,2.75,3.1,2.75,2025-01-11,la_liga
Valladolid,Betis,1,0,H,4.5,3.5,1.83,2025-01-11,la_liga
Espanol,Leganes,1,1,D,2.1,3.0,4.0,2025-01-11,la_liga
Sevilla,Valencia,1,1,D,2.0,3.3,4.0,2025-01-11,la_liga
Freiburg,Holstein Kiel,3,2,H,1.4,4.75,7.5,2025-01-11,bundesliga
Heidenheim,Union Berlin,2,0,H,3.1,3.3,2.3,2025-01-11,bundesliga
Hoffenheim,Wolfsburg,0,1,A,2.35,3.6,2.88,2025-01-11,bundesliga
Mainz,Bochum,2,0,H,1.53,4.33,5.75,2025-01-11,bundesliga
St Pauli,Ein Frankfurt,0,1,A,3.7,3.5,2.05,2025-01-11,bundesliga
M'gladbach,Bayern Munich,0,1,A,7.0,5.0,1.4,2025-01-11,bundesliga
Empoli,Lecce,1,3,A,2.0,3.1,4.33,2025-01-11,serie_a
Udinese,Atalanta,0,0,D,5.25,3.8,1.65,2025-01-11,serie_a
Torino,Juventus,1,1,D,5.0,3.2,1.8,2025-01-11,serie_a
Milan,Cagliari,1,1,D,1.33,5.0,9.5,2025-01-11,serie_a
Brest,Lyon,2,1,H,3.1,3.5,2.25,2025-01-11,ligue_1
Reims,Nice,2,4,A,2.6,3.5,2.6,2025-01-11,ligue_1
Rennes,Marseille,1,2,A,3.0,3.25,2.4,2025-01-11,ligue_1
Heracles,Sparta Rotterdam,1,1,D,2.7,3.4,2.6,2025-01-11,eredivisie
Ajax,Waalwijk,2,1,H,1.13,10.0,15.0,2025-01-11,eredivisie
Zwolle,Nijmegen,0,1,A,2.7,3.3,2.63,2025-01-11,eredivisie
PSV Eindhoven,AZ Alkmaar,2,2,D,1.36,5.25,7.5,2025-01-11,eredivisie
Westerlo,St Truiden,1,2,A,2.0,3.8,3.2,2025-01-11,pro_league
Genk,Oud-Heverlee Leuven,2,0,H,1.57,4.0,5.0,2025-01-11,pro_league
Charleroi,St. Gilloise,1,2,A,3.25,3.4,2.15,2025-01-11,pro_league
Kayserispor,Samsunspor,0,1,A,3.2,3.3,2.1,2025-01-11,super_lig
Hatayspor,Rizespor,1,2,A,3.1,3.5,2.05,2025-01-11,super_lig
Besiktas,Bodrumspor,2,1,H,1.48,4.33,5.25,2025-01-11,super_lig
Vallecano,Celta,2,1,H,2.75,3.1,2.7,2025-01-10,la_liga
Dortmund,Leverkusen,2,3,A,2.7,3.6,2.45,2025-01-10,bundesliga
Lazio,Como,1,1,D,1.9,3.4,4.2,2025-01-10,serie_a
Nantes,Monaco,2,2,D,5.0,3.75,1.73,2025-01-10,ligue_1
Auxerre,Lille,0,0,D,4.6,3.8,1.75,2025-01-10,ligue_1
For Sittard,Go Ahead Eagles,0,3,A,3.0,3.3,2.4,2025-01-10,eredivisie
Standard,Kortrijk,1,0,H,2.05,3.4,3.6,2025-01-10,pro_league
Wolves,Nott'm Forest,0,3,A,3.3,3.2,2.3,2025-01-06,premier_league
QPR,Luton,2,1,H,2.4,3.25,2.9,2025-01-06,championship
Gil Vicente,Rio Ave,1,1,D,2.2,3.2,3.4,2025-01-06,primeira_liga
Fulham,Ipswich,2,2,D,1.55,4.2,5.75,2025-01-05,premier_league
Liverpool,Man United,2,2,D,1.29,6.25,8.0,2025-01-05,premier_league
Sunderland,Portsmouth,1,0,H,1.48,4.5,6.0,2025-01-05,championship
Monza,Cagliari,1,2,A,2.4,3.25,3.0,2025-01-05,serie_a
Lecce,Genoa,0,0,D,2.63,3.0,2.9,2025-01-05,serie_a
Torino,Parma,0,0,D,1.85,3.4,4.5,2025-01-05,serie_a
Roma,Lazio,2,0,H,2.55,3.1,3.0,2025-01-05,serie_a
Angers,Brest,2,0,H,3.2,3.3,2.3,2025-01-05,ligue_1
Lens,Toulouse,0,1,A,1.91,3.4,4.33,2025-01-05,ligue_1
Strasbourg,Auxerre,3,1,H,1.85,3.6,4.2,2025-01-05,ligue_1
Marseille,Le Havre,5,1,H,1.3,6.0,8.0,2025-01-05,ligue_1
Santa Clara,Farense,0,0,D,1.67,3.4,6.0,2025-01-05,primeira_liga
Casa Pia,Famalicao,1,1,D,2.35,3.1,3.2,2025-01-05,primeira_liga
Estrela,Estoril,2,4,A,2.25,3.1,3.3,2025-01-05,primeira_liga
Kasimpasa,Gaziantep,2,2,D,1.8,3.7,3.9,2025-01-05,super_lig
Bodrumspor,Kayserispor,1,1,D,2.1,3.2,3.4,2025-01-05,super_lig
Fenerbahce,Hatayspor,2,1,H,1.08,9.0,23.0,2025-01-05,super_lig
Tottenham,Newcastle,1,2,A,2.88,3.8,2.25,2025-01-04,premier_league
Aston Villa,Leicester,2,1,H,1.33,5.5,8.5,2025-01-04,premier_league
Bournemouth,Everton,1,0,H,1.73,3.75,4.75,2025-01-04,premier_league
Crystal Palace,Chelsea,1,1,D,3.8,3.75,1.91,2025-01-04,premier_league
Man City,West Ham,4,1,H,1.3,6.25,7.5,2025-01-04,premier_league
Southampton,Brentford,0,5,A,3.0,3.4,2.4,2025-01-04,premier_league
Brighton,Arsenal,1,1,D,4.33,3.75,1.8,2025-01-04,premier_league
Blackburn,Burnley,0,1,A,3.2,3.4,2.2,2025-01-04,championship
Stoke,Plymouth,0,0,D,1.65,4.33,4.33,2025-01-04,championship
Swansea,West Brom,1,1,D,2.55,3.3,2.7,2025-01-04,championship
Bristol City,Derby,1,0,H,1.9,3.3,4.2,2025-01-04,championship
Hull,Leeds,3,3,D,5.5,4.2,1.55,2025-01-04,championship
Middlesbrough,Cardiff,1,1,D,1.57,4.2,5.25,2025-01-04,championship
Norwich,Coventry,2,1,H,2.4,3.4,2.8,2025-01-04,championship
Preston,Oxford,1,1,D,1.85,3.4,4.33,2025-01-04,championship
Sheffield Weds,Millwall,2,2,D,2.1,3.4,3.4,2025-01-04,championship
Watford,Sheffield United,1,2,A,2.75,3.5,2.4,2025-01-04,championship
Venezia,Empoli,1,1,D,2.3,3.1,3.4,2025-01-04,serie_a
Fiorentina,Napoli,0,3,A,2.88,3.25,2.55,2025-01-04,serie_a
Verona,Udinese,0,0,D,3.0,3.0,2.55,2025-01-04,serie_a
St Etienne,Reims,3,1,H,3.6,3.3,2.1,2025-01-04,ligue_1
Lille,Nantes,1,1,D,1.5,4.33,6.25,2025-01-04,ligue_1
Lyon,Montpellier,1,0,H,1.33,5.5,8.0,2025-01-04,ligue_1
Moreirense,AVS,1,1,D,1.8,3.4,4.5,2025-01-04,primeira_liga
Benfica,Sp Braga,1,2,A,1.42,4.5,7.0,2025-01-04,primeira_liga
Boavista,Arouca,1,3,A,2.75,3.1,2.63,2025-01-04,primeira_liga
Ad. Demirspor,Buyuksehyr,0,1,A,4.75,4.0,1.57,2025-01-04,super_lig
Antalyaspor,Eyupspor,1,4,A,2.4,3.4,2.63,2025-01-04,super_lig
Galatasaray,Goztep,2,1,H,1.33,5.5,7.0,2025-01-04,super_lig
Samsunspor,Trabzonspor,2,1,H,2.1,3.5,3.2,2025-01-04,super_lig
Valencia,Real Madrid,1,2,A,7.0,4.5,1.42,2025-01-03,la_liga
Nice,Rennes,3,2,H,2.2,3.3,3.4,2025-01-03,ligue_1
Guimaraes,Sp Lisbon,4,4,D,3.8,3.5,1.95,2025-01-03,primeira_liga
Alanyaspor,Konyaspor,2,1,H,2.05,3.25,3.5,2025-01-03,super_lig
Rizespor,Besiktas,1,1,D,2.5,3.4,2.5,2025-01-03,super_lig
Brentford,Arsenal,1,3,A,6.5,4.75,1.44,2025-01-01,premier_league
Plymouth,Bristol City,2,2,D,4.0,3.75,1.83,2025-01-01,championship
QPR,Watford,3,1,H,2.55,3.4,2.7,2025-01-01,championship
Millwall,Oxford,0,1,A,1.67,3.75,5.0,2025-01-01,championship
Burnley,Stoke,0,0,D,1.53,3.8,6.5,2025-01-01,championship
Cardiff,Coventry,1,1,D,2.88,3.5,2.3,2025-01-01,championship
Leeds,Blackburn,1,1,D,1.36,5.0,7.5,2025-01-01,championship
Luton,Norwich,0,1,A,2.5,3.4,2.7,2025-01-01,championship
Portsmouth,Swansea,4,0,H,2.88,3.4,2.38,2025-01-01,championship
Sheffield Weds,Derby,4,2,H,2.0,3.4,3.8,2025-01-01,championship
West Brom,Preston,3,1,H,1.83,3.5,4.33,2025-01-01,championship
Hull,Middlesbrough,0,1,A,3.25,3.5,2.1,2025-01-01,championship
Sunderland,Sheffield United,2,1,H,2.3,3.4,3.0,2025-01-01,championship
Aston Villa,Brighton,2,2,D,1.9,3.8,3.6,2024-12-30,premier_league
Ipswich,Chelsea,2,0,H,6.5,4.75,1.42,2024-12-30,premier_league
Man United,Newcastle,0,2,A,2.75,3.5,2.55,2024-12-30,premier_league
Como,Lecce,2,0,H,1.7,3.7,5.0,2024-12-30,serie_a
Bologna,Verona,2,3,A,1.5,4.1,7.0,2024-12-30,serie_a
Famalicao,Santa Clara,1,2,A,2.7,2.9,2.88,2024-12-30,primeira_liga
Leicester,Man City,0,2,A,7.5,5.5,1.36,2024-12-29,premier_league
Crystal Palace,Southampton,2,1,H,1.57,3.9,5.5,2024-12-29,premier_league
Everton,Nott'm Forest,0,2,A,2.6,3.2,2.8,2024-12-29,premier_league
Fulham,Bournemouth,2,2,D,2.3,3.6,2.88,2024-12-29,premier_league
Tottenham,Wolves,2,2,D,1.6,5.0,4.2,2024-12-29,premier_league
West Ham,Liverpool,0,5,A,7.0,5.0,1.4,2024-12-29,premier_league
Norwich,QPR,1,1,D,1.75,3.7,4.33,2024-12-29,championship
Preston,Sheffield Weds,3,1,H,2.45,2.9,3.1,2024-12-29,championship
Sheffield United,West Brom,1,1,D,1.95,3.2,4.2,2024-12-29,championship
Blackburn,Hull,0,1,A,2.0,3.5,3.6,2024-12-29,championship
Bristol City,Portsmouth,3,0,H,1.67,3.75,4.75,2024-12-29,championship
Coventry,Millwall,0,0,D,1.8,3.7,4.33,2024-12-29,championship
Oxford,Plymouth,2,0,H,1.85,3.5,4.2,2024-12-29,championship
Stoke,Sunderland,1,0,H,3.0,3.6,2.2,2024-12-29,championship
Swansea,Luton,2,1,H,2.2,3.5,3.1,2024-12-29,championship
Watford,Cardiff,1,2,A,1.95,3.4,3.9,2024-12-29,championship
Derby,Leeds,0,1,A,5.0,4.2,1.6,2024-12-29,championship
Middlesbrough,Burnley,0,0,D,2.25,3.25,3.1,2024-12-29,championship
Udinese,Torino,2,2,D,2.25,3.1,3.5,2024-12-29,serie_a
Napoli,Venezia,1,0,H,1.27,5.5,11.0,2024-12-29,serie_a
Juventus,Fiorentina,2,2,D,1.95,3.3,4.2,2024-12-29,serie_a
Milan,Roma,1,1,D,2.25,3.4,3.2,2024-12-29,serie_a
Farense,Guimaraes,2,2,D,4.2,3.5,1.85,2024-12-29,primeira_liga
Rio Ave,Nacional,2,1,H,2.2,3.1,3.5,2024-12-29,primeira_liga
Sp Braga,Casa Pia,1,2,A,1.42,4.5,7.5,2024-12-29,primeira_liga
Sp Lisbon,Benfica,1,0,H,2.5,3.6,2.6,2024-12-29,primeira_liga
Empoli,Genoa,1,2,A,2.55,2.9,3.1,2024-12-28,serie_a
Parma,Monza,2,1,H,2.3,3.5,3.0,2024-12-28,serie_a
Cagliari,Inter,0,3,A,6.5,4.75,1.44,2024-12-28,serie_a
Lazio,Atalanta,1,1,D,3.0,3.3,2.4,2024-12-28,serie_a
AVS,Estrela,1,1,D,2.45,3.0,3.1,2024-12-28,primeira_liga
Estoril,Moreirense,2,2,D,3.25,3.0,2.4,2024-12-28,primeira_liga
Porto,Boavista,4,0,H,1.13,9.0,15.0,2024-12-28,primeira_liga
Brighton,Brentford,0,0,D,1.62,4.33,4.75,2024-12-27,premier_league
Arsenal,Ipswich,1,0,H,1.14,9.0,15.0,2024-12-27,premier_league
Oud-Heverlee Leuven,Beerschot VA,2,0,H,1.65,3.8,4.5,2024-12-27,pro_league
Anderlecht,Dender,2,3,A,1.44,4.2,6.0,2024-12-27,pro_league
St Truiden,Cercle Brugge,1,1,D,2.2,3.4,2.9,2024-12-27,pro_league
Arouca,Gil Vicente,1,1,D,2.25,3.25,3.2,2024-12-27,primeira_liga
Man City,Everton,1,1,D,1.33,5.5,7.5,2024-12-26,premier_league
Bournemouth,Crystal Palace,0,0,D,1.9,3.8,3.8,2024-12-26,premier_league
Chelsea,Fulham,1,2,A,1.48,4.75,6.0,2024-12-26,premier_league
Newcastle,Aston Villa,3,0,H,1.91,3.8,3.75,2024-12-26,premier_league
Nott'm Forest,Tottenham,1,0,H,2.3,3.75,2.88,2024-12-26,premier_league
Southampton,West Ham,0,1,A,3.25,3.5,2.2,2024-12-26,premier_league
Wolves,Man United,2,0,H,3.9,3.7,1.91,2024-12-26,premier_league
Liverpool,Leicester,3,1,H,1.08,12.0,23.0,2024-12-26,premier_league
Blackburn,Sunderland,2,2,D,2.8,3.25,2.5,2024-12-26,championship
Bristol City,Luton,1,0,H,2.25,3.4,3.1,2024-12-26,championship
Coventry,Plymouth,4,0,H,1.33,5.75,7.5,2024-12-26,championship
Middlesbrough,Sheffield Weds,3,3,D,1.65,3.9,5.0,2024-12-26,championship
Norwich,Millwall,2,1,H,2.15,3.2,3.5,2024-12-26,championship
Oxford,Cardiff,3,2,H,2.88,3.2,2.5,2024-12-26,championship
Preston,Hull,1,0,H,2.25,3.3,3.2,2024-12-26,championship
Sheffield United,Burnley,0,2,A,2.4,3.2,3.0,2024-12-26,championship
Swansea,QPR,3,0,H,1.85,3.4,4.33,2024-12-26,championship
Watford,Portsmouth,2,1,H,1.8,3.6,4.33,2024-12-26,championship
Derby,West Brom,2,1,H,2.7,3.2,2.7,2024-12-26,championship
Stoke,Leeds,0,2,A,6.25,4.2,1.5,2024-12-26,championship
Antwerp,Genk,2,2,D,2.55,3.6,2.38,2024-12-26,pro_league
Club Brugge,Westerlo,4,3,H,1.27,5.5,7.5,2024-12-26,pro_league
Kortrijk,Charleroi,0,1,A,3.2,3.4,2.1,2024-12-26,pro_league
Mechelen,Standard,0,0,D,1.8,3.5,4.0,2024-12-26,pro_league
Gent,St. Gilloise,1,3,A,3.2,3.5,2.0,2024-12-26,pro_league
Fiorentina,Udinese,1,2,A,1.6,3.8,6.0,2024-12-23,serie_a
Inter,Como,2,0,H,1.2,6.5,15.0,2024-12-23,serie_a
Benfica,Estoril,3,0,H,1.08,9.5,23.0,2024-12-23,primeira_liga
Guimaraes,Nacional,2,2,D,1.53,3.9,6.25,2024-12-23,primeira_liga
Estrela,Rio Ave,1,0,H,2.35,3.3,3.0,2024-12-23,primeira_liga
Buyuksehyr,Kasimpasa,2,2,D,2.05,3.4,3.3,2024-12-23,super_lig
Hatayspor,Ad. Demirspor,1,3,A,1.6,4.0,4.33,2024-12-23,super_lig
Everton,Chelsea,0,0,D,5.0,4.2,1.62,2024-12-22,premier_league
Fulham,Southampton,0,0,D,1.42,4.75,7.0,2024-12-22,premier_league
Leicester,Wolves,0,3,A,2.55,3.4,2.7,2024-12-22,premier_league
Man United,Bournemouth,0,3,A,1.8,3.8,4.2,2024-12-22,premier_league
Tottenham,Liverpool,3,6,A,4.5,4.0,1.73,2024-12-22,premier_league
West Brom,Bristol City,2,0,H,2.1,3.3,3.5,2024-12-22,championship
Valencia,Alaves,2,2,D,2.25,3.1,3.5,2024-12-22,la_liga
Real Madrid,Sevilla,4,2,H,1.33,5.5,9.0,2024-12-22,la_liga
Las Palmas,Espanol,1,0,H,1.85,3.6,4.33,2024-12-22,la_liga
Leganes,Villarreal,2,5,A,4.2,3.4,1.91,2024-12-22,la_liga
Betis,Vallecano,1,1,D,1.8,3.5,4.75,2024-12-22,la_liga
Bochum,Heidenheim,2,0,H,2.3,3.5,3.0,2024-12-22,bundesliga
Wolfsburg,Dortmund,1,3,A,3.1,3.6,2.2,2024-12-22,bundesliga
Roma,Parma,5,0,H,1.53,4.2,6.25,2024-12-22,serie_a
Venezia,Cagliari,2,1,H,2.5,3.3,2.88,2024-12-22,serie_a
Atalanta,Empoli,3,2,H,1.29,5.5,11.0,2024-12-22,serie_a
Monza,Juventus,1,2,A,6.25,3.5,1.65,2024-12-22,serie_a
Sparta Rotterdam,Ajax,0,2,A,4.75,4.1,1.67,2024-12-22,eredivisie
PSV Eindhoven,Feyenoord,3,0,H,1.67,4.33,4.5,2024-12-22,eredivisie
Utrecht,For Sittard,2,5,A,1.62,4.0,5.5,2024-12-22,eredivisie
Willem II,Nijmegen,4,1,H,2.8,3.6,2.4,2024-12-22,eredivisie
Genk,Anderlecht,2,0,H,2.2,3.5,3.1,2024-12-22,pro_league
Standard,Gent,0,1,A,2.8,3.2,2.5,2024-12-22,pro_league
St. Gilloise,Club Brugge,2,2,D,2.6,3.25,2.6,2024-12-22,pro_league
Cercle Brugge,Oud-Heverlee Leuven,1,0,H,2.15,3.3,3.3,2024-12-22,pro_league
Santa Clara,Sp Braga,0,2,A,3.1,3.2,2.3,2024-12-22,primeira_liga
Gil Vicente,Sp Lisbon,0,0,D,7.0,5.25,1.38,2024-12-22,primeira_liga
Gaziantep,Antalyaspor,2,0,H,2.15,3.4,3.25,2024-12-22,super_lig
Goztep,Rizespor,3,0,H,2.05,3.3,3.7,2024-12-22,super_lig
Kayserispor,Galatasaray,1,5,A,7.5,5.0,1.36,2024-12-22,super_lig
Trabzonspor,Bodrumspor,1,0,H,1.57,3.9,5.5,2024-12-22,super_lig
Aston Villa,Man City,2,1,H,3.25,3.7,2.1,2024-12-21,premier_league
Brentford,Nott'm Forest,0,2,A,2.3,3.6,2.9,2024-12-21,premier_league
Ipswich,Newcastle,0,4,A,4.75,3.75,1.73,2024-12-21,premier_league
West Ham,Brighton,1,1,D,2.88,3.7,2.35,2024-12-21,premier_league
Crystal Palace,Arsenal,1,5,A,6.25,4.2,1.55,2024-12-21,premier_league
Hull,Swansea,2,1,H,2.5,3.4,2.75,2024-12-21,championship
Portsmouth,Coventry,4,1,H,3.9,3.6,1.91,2024-12-21,championship
Sheffield Weds,Stoke,2,0,H,1.91,3.4,4.0,2024-12-21,championship
Burnley,Watford,2,1,H,1.7,3.7,5.25,2024-12-21,championship
Cardiff,Sheffield United,0,2,A,3.7,3.4,2.0,2024-12-21,championship
Leeds,Oxford,4,0,H,1.14,7.5,19.0,2024-12-21,championship
Millwall,Blackburn,1,0,H,2.3,3.25,3.2,2024-12-21,championship
Plymouth,Middlesbrough,3,3,D,6.0,4.5,1.48,2024-12-21,championship
QPR,Preston,2,1,H,2.55,3.1,2.9,2024-12-21,championship
Sunderland,Norwich,2,1,H,1.8,3.5,4.33,2024-12-21,championship
Getafe,Mallorca,0,1,A,2.3,2.75,3.9,2024-12-21,la_liga
Celta,Sociedad,2,0,H,2.9,3.1,2.6,2024-12-21,la_liga
Osasuna,Ath Bilbao,1,2,A,3.9,3.1,2.1,2024-12-21,la_liga
Barcelona,Ath Madrid,1,2,A,1.9,3.8,3.9,2024-12-21,la_liga
Ein Frankfurt,Mainz,1,3,A,1.83,4.0,3.9,2024-12-21,bundesliga
Hoffenheim,M'gladbach,1,2,A,2.3,3.6,2.9,2024-12-21,bundesliga
Holstein Kiel,Augsburg,5,1,H,3.0,3.4,2.35,2024-12-21,bundesliga
Stuttgart,St Pauli,0,1,A,1.45,4.75,6.5,2024-12-21,bundesliga
Werder Bremen,Union Berlin,4,1,H,2.05,3.3,3.75,2024-12-21,bundesliga
Leverkusen,Freiburg,5,1,H,1.38,5.0,7.5,2024-12-21,bundesliga
Torino,Bologna,0,2,A,3.3,2.9,2.45,2024-12-21,serie_a
Genoa,Napoli,1,2,A,5.25,3.6,1.7,2024-12-21,serie_a
Lecce,Lazio,1,2,A,5.0,3.6,1.73,2024-12-21,serie_a
Go Ahead Eagles,NAC Breda,2,1,H,1.62,4.0,5.5,2024-12-21,eredivisie
Almere City,Heerenveen,3,0,H,3.1,3.7,2.15,2024-12-21,eredivisie
AZ Alkmaar,Twente,1,0,H,2.35,3.75,2.8,2024-12-21,eredivisie
Charleroi,St Truiden,2,1,H,1.95,3.5,3.7,2024-12-21,pro_league
Dender,Antwerp,1,3,A,3.75,3.5,1.95,2024-12-21,pro_league
Beerschot VA,Kortrijk,2,2,D,2.63,3.3,2.63,2024-12-21,pro_league
Famalicao,Farense,1,2,A,1.75,3.4,5.25,2024-12-21,primeira_liga
Boavista,AVS,0,0,D,2.25,3.2,3.3,2024-12-21,primeira_liga
Moreirense,Porto,0,3,A,7.0,4.1,1.48,2024-12-21,primeira_liga
Sivasspor,Samsunspor,0,0,D,3.75,3.5,1.95,2024-12-21,super_lig
Besiktas,Alanyaspor,1,1,D,1.67,4.0,4.5,2024-12-21,super_lig
Luton,Derby,2,1,H,2.15,3.2,3.5,2024-12-20,championship
Girona,Valladolid,3,0,H,1.38,5.0,8.0,2024-12-20,la_liga
Bayern Munich,RB Leipzig,5,1,H,1.2,7.5,11.0,2024-12-20,bundesliga
Verona,Milan,0,1,A,5.5,4.1,1.57,2024-12-20,serie_a
Waalwijk,Zwolle,1,1,D,2.55,3.5,2.63,2024-12-20,eredivisie
Westerlo,Mechelen,1,1,D,2.3,3.5,2.9,2024-12-20,pro_league
Casa Pia,Arouca,3,1,H,2.3,3.1,3.5,2024-12-20,primeira_liga
Eyupspor,Fenerbahce,1,1,D,5.0,4.5,1.55,2024-12-20,super_lig
Nacional,Benfica,0,2,A,8.5,7.0,1.25,2024-12-19,primeira_liga
Espanol,Valencia,1,1,D,2.6,3.0,3.0,2024-12-18,la_liga
Villarreal,Vallecano,1,1,D,1.8,3.6,4.5,2024-12-18,la_liga
Monaco,Paris SG,2,4,A,4.0,3.8,1.85,2024-12-18,ligue_1
Bournemouth,West Ham,1,1,D,1.7,4.0,4.75,2024-12-16,premier_league
Lazio,Inter,0,6,A,3.6,3.4,2.1,2024-12-16,serie_a
Sp Braga,Famalicao,3,3,D,1.48,4.2,6.5,2024-12-16,primeira_liga
Porto,Estrela,2,0,H,1.14,7.5,19.0,2024-12-16,primeira_liga
Rio Ave,Guimaraes,2,2,D,3.7,3.3,2.05,2024-12-16,primeira_liga
Ad. Demirspor,Besiktas,2,1,H,7.5,5.0,1.36,2024-12-16,super_lig
Galatasaray,Trabzonspor,4,3,H,1.33,5.75,6.5,2024-12-16,super_lig
Brighton,Crystal Palace,1,3,A,1.85,3.8,3.9,2024-12-15,premier_league
Man City,Man United,1,2,A,1.57,4.5,5.0,2024-12-15,premier_league
Chelsea,Brentford,2,1,H,1.33,6.0,7.5,2024-12-15,premier_league
Southampton,Tottenham,0,5,A,4.33,4.5,1.67,2024-12-15,premier_league
Watford,West Brom,2,1,H,2.75,3.25,2.55,2024-12-15,championship
Norwich,Burnley,1,2,A,2.88,3.2,2.5,2024-12-15,championship
Ath Madrid,Getafe,1,0,H,1.4,4.33,9.0,2024-12-15,la_liga
Alaves,Ath Bilbao,1,1,D,3.6,3.1,2.15,2024-12-15,la_liga
Sociedad,Las Palmas,0,0,D,1.4,4.33,8.0,2024-12-15,la_liga
Villarreal,Betis,1,2,A,1.75,3.8,4.33,2024-12-15,la_liga
Barcelona,Leganes,0,1,A,1.13,8.0,19.0,2024-12-15,la_liga
Heidenheim,Stuttgart,1,3,A,4.0,4.0,1.8,2024-12-15,bundesliga
Dortmund,Hoffenheim,1,1,D,1.44,5.0,6.0,2024-12-15,bundesliga
RB Leipzig,Ein Frankfurt,2,1,H,2.05,4.0,3.2,2024-12-15,bundesliga
Lecce,Monza,2,1,H,2.45,3.0,3.2,2024-12-15,serie_a
Bologna,Fiorentina,1,0,H,2.7,3.1,2.75,2024-12-15,serie_a
Parma,Verona,2,3,A,1.85,3.75,4.0,2024-12-15,serie_a
Como,Roma,2,0,H,3.25,3.4,2.2,2024-12-15,serie_a
Milan,Genoa,0,0,D,1.33,5.25,8.0,2024-12-15,serie_a
Montpellier,Nice,2,2,D,2.9,3.6,2.3,2024-12-15,ligue_1
Brest,Nantes,4,1,H,2.05,3.4,3.6,2024-12-15,ligue_1
Le Havre,Strasbourg,0,3,A,3.1,3.2,2.4,2024-12-15,ligue_1
Rennes,Angers,2,0,H,1.62,4.0,5.5,2024-12-15,ligue_1
Paris SG,Lyon,3,1,H,1.4,6.0,5.75,2024-12-15,ligue_1
Utrecht,Go Ahead Eagles,3,3,D,1.95,3.75,3.6,2024-12-15,eredivisie
Nijmegen,Sparta Rotterdam,1,1,D,2.0,3.4,3.9,2024-12-15,eredivisie
Twente,Groningen,2,0,H,1.42,4.33,8.0,2024-12-15,eredivisie
Ajax,Almere City,3,0,H,1.14,9.0,15.0,2024-12-15,eredivisie
NAC Breda,AZ Alkmaar,1,2,A,3.75,3.5,2.0,2024-12-15,eredivisie
Club Brugge,Genk,2,0,H,1.7,4.0,4.33,2024-12-15,pro_league
St. Gilloise,Westerlo,3,1,H,1.48,4.75,5.75,2024-12-15,pro_league
St Truiden,Anderlecht,0,2,A,3.6,3.6,1.95,2024-12-15,pro_league
Gent,Cercle Brugge,1,1,D,1.9,3.7,3.8,2024-12-15,pro_league
Arouca,Santa Clara,1,0,H,3.1,3.2,2.3,2024-12-15,primeira_liga
AVS,Benfica,1,1,D,13.0,7.0,1.18,2024-12-15,primeira_liga
Estoril,Casa Pia,0,2,A,2.63,3.1,2.75,2024-12-15,primeira_liga
Hatayspor,Goztep,1,1,D,2.9,3.4,2.35,2024-12-15,super_lig
Antalyaspor,Kayserispor,2,0,H,2.05,3.5,3.4,2024-12-15,super_lig
Fenerbahce,Buyuksehyr,3,1,H,1.38,5.75,6.25,2024-12-15,super_lig
Arsenal,Everton,0,0,D,1.22,6.5,12.0,2024-12-14,premier_league
Liverpool,Fulham,2,2,D,1.33,5.5,8.0,2024-12-14,premier_league
Newcastle,Leicester,4,0,H,1.3,6.0,8.5,2024-12-14,premier_league
Wolves,Ipswich,1,2,A,1.9,3.8,3.8,2024-12-14,premier_league
Nott'm Forest,Aston Villa,2,1,H,2.63,3.3,2.7,2024-12-14,premier_league
Bristol City,QPR,1,1,D,1.85,3.6,4.0,2024-12-14,championship
Coventry,Hull,2,1,H,1.73,3.6,4.75,2024-12-14,championship
Preston,Leeds,1,1,D,4.75,4.0,1.67,2024-12-14,championship
Blackburn,Luton,2,0,H,2.15,3.4,3.3,2024-12-14,championship
Middlesbrough,Millwall,1,0,H,1.7,3.8,4.75,2024-12-14,championship
Oxford,Sheffield Weds,1,3,A,3.25,3.25,2.25,2024-12-14,championship
Sheffield United,Plymouth,2,0,H,1.25,6.0,10.0,2024-12-14,championship
Stoke,Cardiff,2,2,D,2.25,3.3,3.25,2024-12-14,championship
Swansea,Sunderland,2,3,A,2.63,3.2,2.7,2024-12-14,championship
Espanol,Osasuna,0,0,D,2.75,3.2,2.6,2024-12-14,la_liga
Mallorca,Girona,2,1,H,2.3,3.1,3.25,2024-12-14,la_liga
Sevilla,Celta,1,0,H,2.2,3.25,3.3,2024-12-14,la_liga
Vallecano,Real Madrid,3,3,D,6.0,3.8,1.57,2024-12-14,la_liga
Augsburg,Leverkusen,0,2,A,5.75,4.0,1.57,2024-12-14,bundesliga
Mainz,Bayern Munich,2,1,H,6.5,4.5,1.48,2024-12-14,bundesliga
M'gladbach,Holstein Kiel,4,1,H,1.44,4.75,6.5,2024-12-14,bundesliga
Union Berlin,Bochum,0,2,A,1.6,3.8,6.0,2024-12-14,bundesliga
St Pauli,Werder Bremen,0,2,A,2.63,3.4,2.63,2024-12-14,bundesliga
Cagliari,Atalanta,0,1,A,5.5,4.33,1.55,2024-12-14,serie_a
Udinese,Napoli,1,3,A,5.25,3.5,1.73,2024-12-14,serie_a
Juventus,Venezia,2,2,D,1.3,5.25,9.0,2024-12-14,serie_a
Marseille,Lille,1,1,D,2.15,3.5,3.3,2024-12-14,ligue_1
Auxerre,Lens,2,2,D,3.8,3.6,1.95,2024-12-14,ligue_1
Reims,Monaco,0,0,D,3.7,3.6,2.0,2024-12-14,ligue_1
Heerenveen,PSV Eindhoven,1,0,H,13.0,6.5,1.2,2024-12-14,eredivisie
For Sittard,Waalwijk,3,2,H,1.62,4.0,5.5,2024-12-14,eredivisie
Feyenoord,Heracles,5,2,H,1.2,6.5,15.0,2024-12-14,eredivisie
Beerschot VA,Standard,0,0,D,3.1,3.4,2.2,2024-12-14,pro_league
Oud-Heverlee Leuven,Charleroi,1,0,H,2.2,3.3,3.1,2024-12-14,pro_league
Kortrijk,Dender,0,3,A,2.25,3.3,3.2,2024-12-14,pro_league
Farense,Gil Vicente,0,1,A,2.8,3.1,2.63,2024-12-14,primeira_liga
Nacional,Moreirense,1,0,H,2.8,3.1,2.6,2024-12-14,primeira_liga
Sp Lisbon,Boavista,3,2,H,1.08,10.0,23.0,2024-12-14,primeira_liga
Rizespor,Konyaspor,1,1,D,2.1,3.4,3.4,2024-12-14,super_lig
Alanyaspor,Gaziantep,3,0,H,1.95,3.6,3.75,2024-12-14,super_lig
Derby,Portsmouth,4,0,H,2.05,3.2,3.75,2024-12-13,championship
Valladolid,Valencia,1,0,H,3.1,3.1,2.38,2024-12-13,la_liga
Freiburg,Wolfsburg,3,2,H,2.2,3.3,3.3,2024-12-13,bundesliga
Empoli,Torino,0,1,A,2.7,2.88,3.0,2024-12-13,serie_a
Toulouse,St Etienne,2,1,H,1.36,5.0,8.5,2024-12-13,ligue_1
Zwolle,Willem II,0,1,A,2.0,3.25,4.2,2024-12-13,eredivisie
Mechelen,Antwerp,1,1,D,2.45,3.5,2.63,2024-12-13,pro_league
Bodrumspor,Sivasspor,2,0,H,1.95,3.7,3.6,2024-12-13,super_lig
Kasimpasa,Eyupspor,2,0,H,2.38,3.4,2.88,2024-12-13,super_lig
Cardiff,Preston,0,2,A,2.25,3.2,3.2,2024-12-11,championship
Hull,Watford,1,1,D,2.3,3.4,3.0,2024-12-11,championship
Millwall,Sheffield United,0,1,A,2.8,3.2,2.55,2024-12-11,championship
QPR,Oxford,2,0,H,1.95,3.6,3.6,2024-12-11,championship
West Brom,Coventry,2,0,H,2.25,3.3,3.2,2024-12-11,championship
Burnley,Derby,0,0,D,1.7,3.5,5.25,2024-12-10,championship
Luton,Stoke,2,1,H,2.05,3.3,3.6,2024-12-10,championship
Plymouth,Swansea,1,2,A,4.5,3.9,1.7,2024-12-10,championship
Portsmouth,Norwich,0,0,D,3.3,3.4,2.15,2024-12-10,championship
Sheffield Weds,Blackburn,0,1,A,2.25,3.3,3.1,2024-12-10,championship
Sunderland,Bristol City,1,1,D,1.85,3.4,4.33,2024-12-10,championship
Leeds,Middlesbrough,3,1,H,1.7,3.7,4.75,2024-12-10,championship
West Ham,Wolves,2,1,H,1.9,3.9,3.75,2024-12-09,premier_league
Getafe,Espanol,1,0,H,1.8,3.1,5.75,2024-12-09,la_liga
Monza,Udinese,1,2,A,2.7,3.0,2.88,2024-12-09,serie_a
Estrela,Arouca,2,1,H,2.55,3.2,2.8,2024-12-09,primeira_liga
Gaziantep,Rizespor,1,0,H,2.5,3.4,2.6,2024-12-09,super_lig
Fulham,Arsenal,1,1,D,5.0,4.33,1.6,2024-12-08,premier_league
Ipswich,Bournemouth,1,2,A,3.5,3.75,2.0,2024-12-08,premier_league
Leicester,Brighton,2,2,D,4.5,3.8,1.73,2024-12-08,premier_league
Tottenham,Chelsea,3,4,A,3.4,3.9,2.0,2024-12-08,premier_league
West Brom,Sheffield United,2,2,D,2.4,3.2,3.0,2024-12-08,championship
Leganes,Sociedad,0,3,A,4.75,3.1,1.91,2024-12-08,la_liga
Ath Bilbao,Villarreal,2,0,H,1.95,3.6,3.8,2024-12-08,la_liga
Osasuna,Alaves,2,2,D,2.05,3.3,3.75,2024-12-08,la_liga
Ath Madrid,Sevilla,4,3,H,1.38,4.75,8.5,2024-12-08,la_liga
Wolfsburg,Mainz,4,3,H,2.15,3.3,3.5,2024-12-08,bundesliga
Hoffenheim,Freiburg,1,1,D,2.7,3.4,2.55,2024-12-08,bundesliga
Fiorentina,Cagliari,1,0,H,1.5,4.5,6.0,2024-12-08,serie_a
Verona,Empoli,1,4,A,2.63,2.75,3.25,2024-12-08,serie_a
Venezia,Como,2,2,D,2.75,3.3,2.6,2024-12-08,serie_a
Napoli,Lazio,0,1,A,1.9,3.4,4.33,2024-12-08,serie_a
Lens,Montpellier,2,0,H,1.36,5.25,7.5,2024-12-08,ligue_1
Nantes,Rennes,1,0,H,3.0,3.25,2.4,2024-12-08,ligue_1
Strasbourg,Reims,0,0,D,2.38,3.3,3.0,2024-12-08,ligue_1
St Etienne,Marseille,0,2,A,5.25,3.9,1.65,2024-12-08,ligue_1
Groningen,Zwolle,0,0,D,1.95,3.3,4.1,2024-12-08,eredivisie
AZ Alkmaar,Ajax,2,1,H,3.1,3.6,2.2,2024-12-08,eredivisie
Willem II,Heerenveen,1,2,A,2.45,3.3,2.9,2024-12-08,eredivisie
Almere City,Utrecht,1,3,A,4.75,3.8,1.7,2024-12-08,eredivisie
Antwerp,Charleroi,1,3,A,1.91,3.6,3.75,2024-12-08,pro_league
Cercle Brugge,St. Gilloise,0,0,D,3.9,3.6,1.9,2024-12-08,pro_league
Anderlecht,Beerschot VA,2,1,H,1.27,5.5,10.0,2024-12-08,pro_league
Dender,Westerlo,1,0,H,3.0,3.5,2.25,2024-12-08,pro_league
Boavista,Farense,1,1,D,2.4,3.1,3.1,2024-12-08,primeira_liga
Casa Pia,AVS,1,1,D,1.85,3.4,4.33,2024-12-08,primeira_liga
Eyupspor,Samsunspor,3,0,H,2.88,3.3,2.38,2024-12-08,super_lig
Kayserispor,Alanyaspor,2,0,H,2.3,3.3,3.0,2024-12-08,super_lig
Sivasspor,Galatasaray,2,3,A,5.75,5.0,1.42,2024-12-08,super_lig
Buyuksehyr,Hatayspor,3,0,H,1.7,3.7,4.2,2024-12-08,super_lig
Aston Villa,Southampton,1,0,H,1.36,5.5,7.0,2024-12-07,premier_league
Brentford,Newcastle,4,2,H,2.88,3.75,2.3,2024-12-07,premier_league
Crystal Palace,Man City,2,2,D,5.5,4.2,1.57,2024-12-07,premier_league
Man United,Nott'm Forest,2,3,A,1.65,3.9,5.25,2024-12-07,premier_league
Leeds,Derby,2,0,H,1.36,4.75,8.5,2024-12-07,championship
Sheffield Weds,Preston,1,1,D,1.91,3.25,4.2,2024-12-07,championship
Sunderland,Stoke,2,1,H,1.75,3.7,4.75,2024-12-07,championship
Hull,Blackburn,0,1,A,2.55,3.25,2.75,2024-12-07,championship
Luton,Swansea,1,1,D,2.25,3.25,3.25,2024-12-07,championship
Millwall,Coventry,0,1,A,2.5,3.1,2.9,2024-12-07,championship
Portsmouth,Bristol City,3,0,H,3.2,3.4,2.2,2024-12-07,championship
QPR,Norwich,3,0,H,3.0,3.3,2.35,2024-12-07,championship
Las Palmas,Valladolid,2,1,H,1.8,3.6,4.5,2024-12-07,la_liga
Betis,Barcelona,2,2,D,5.0,4.5,1.57,2024-12-07,la_liga
Valencia,Vallecano,0,1,A,2.25,2.9,3.75,2024-12-07,la_liga
Girona,Real Madrid,0,3,A,4.5,3.9,1.73,2024-12-07,la_liga
Bayern Munich,Heidenheim,4,2,H,1.1,11.0,19.0,2024-12-07,bundesliga
Bochum,Werder Bremen,0,1,A,3.2,3.5,2.2,2024-12-07,bundesliga
Ein Frankfurt,Augsburg,2,2,D,1.53,4.1,6.25,2024-12-07,bundesliga
Holstein Kiel,RB Leipzig,0,2,A,5.75,4.2,1.57,2024-12-07,bundesliga
Leverkusen,St Pauli,2,1,H,1.25,6.5,10.0,2024-12-07,bundesliga
M'gladbach,Dortmund,1,1,D,3.2,3.75,2.1,2024-12-07,bundesliga
Genoa,Torino,0,0,D,2.5,3.1,3.0,2024-12-07,serie_a
Juventus,Bologna,2,2,D,1.7,3.6,5.25,2024-12-07,serie_a
Roma,Lecce,4,1,H,1.57,4.0,6.25,2024-12-07,serie_a
Monaco,Toulouse,2,0,H,1.7,3.8,5.0,2024-12-07,ligue_1
Nice,Le Havre,2,1,H,1.6,3.75,6.0,2024-12-07,ligue_1
Angers,Lyon,0,3,A,5.0,4.0,1.67,2024-12-07,ligue_1
Go Ahead Eagles,Nijmegen,5,0,H,2.05,3.5,3.5,2024-12-07,eredivisie
Sparta Rotterdam,NAC Breda,0,2,A,2.0,3.3,3.9,2024-12-07,eredivisie
Waalwijk,Feyenoord,2,3,A,11.0,6.5,1.22,2024-12-07,eredivisie
Heracles,For Sittard,2,2,D,2.5,3.3,2.8,2024-12-07,eredivisie
Genk,Kortrijk,3,2,H,1.36,5.25,7.5,2024-12-07,pro_league
Mechelen,Club Brugge,1,2,A,4.75,4.1,1.67,2024-12-07,pro_league
Standard,Oud-Heverlee Leuven,1,1,D,2.63,3.1,2.75,2024-12-07,pro_league
Gent,St Truiden,2,0,H,1.8,3.8,4.0,2024-12-07,pro_league
Gil Vicente,Nacional,2,1,H,2.0,3.3,3.8,2024-12-07,primeira_liga
Benfica,Guimaraes,1,0,H,1.33,5.0,10.0,2024-12-07,primeira_liga
Santa Clara,Rio Ave,1,0,H,1.83,3.3,4.75,2024-12-07,primeira_liga
Famalicao,Porto,1,1,D,6.0,4.33,1.5,2024-12-07,primeira_liga
Konyaspor,Antalyaspor,1,1,D,2.0,3.3,3.7,2024-12-07,super_lig
Goztep,Ad. Demirspor,3,1,H,1.3,5.25,9.0,2024-12-07,super_lig
Besiktas,Fenerbahce,1,0,H,3.6,3.5,1.85,2024-12-07,super_lig
Burnley,Middlesbrough,1,1,D,2.45,3.3,2.9,2024-12-06,championship
Celta,Mallorca,2,0,H,1.85,3.4,4.5,2024-12-06,la_liga
Stuttgart,Union Berlin,3,2,H,1.8,3.6,4.5,2024-12-06,bundesliga
Inter,Parma,3,1,H,1.18,7.0,15.0,2024-12-06,serie_a
Atalanta,Milan,2,1,H,2.15,3.4,3.3,2024-12-06,serie_a
Lille,Brest,3,1,H,1.65,3.6,6.0,2024-12-06,ligue_1
Auxerre,Paris SG,0,0,D,9.0,5.75,1.3,2024-12-06,ligue_1
PSV Eindhoven,Twente,6,1,H,1.33,5.5,8.5,2024-12-06,eredivisie
Sp Braga,Estoril,2,2,D,1.22,7.0,10.0,2024-12-06,primeira_liga
Trabzonspor,Kasimpasa,2,2,D,1.85,3.6,4.0,2024-12-06,super_lig
Fulham,Brighton,3,1,H,2.35,3.6,2.88,2024-12-05,premier_league
Bournemouth,Tottenham,1,0,H,2.63,3.75,2.45,2024-12-05,premier_league
Moreirense,Sp Lisbon,2,1,H,8.5,4.75,1.36,2024-12-05,primeira_liga
Everton,Wolves,4,0,H,2.1,3.4,3.5,2024-12-04,premier_league
Man City,Nott'm Forest,3,0,H,1.36,4.75,9.0,2024-12-04,premier_league
Newcastle,Liverpool,3,3,D,4.2,4.0,1.75,2024-12-04,premier_league
Southampton,Chelsea,1,5,A,8.5,5.25,1.33,2024-12-04,premier_league
Arsenal,Man United,2,0,H,1.44,4.5,7.0,2024-12-04,premier_league
Aston Villa,Brentford,3,1,H,1.8,3.75,4.33,2024-12-04,premier_league
Ath Bilbao,Real Madrid,2,1,H,3.2,3.3,2.25,2024-12-04,la_liga
Ajax,Utrecht,2,2,D,1.45,4.33,7.0,2024-12-04,eredivisie
Ipswich,Crystal Palace,0,1,A,3.0,3.4,2.35,2024-12-03,premier_league
Leicester,West Ham,3,1,H,2.9,3.4,2.38,2024-12-03,premier_league
Mallorca,Barcelona,1,5,A,5.75,4.33,1.53,2024-12-03,la_liga
Sevilla,Osasuna,1,1,D,2.1,3.4,3.5,2024-12-02,la_liga
Roma,Atalanta,0,2,A,3.2,3.5,2.2,2024-12-02,serie_a
Guimaraes,Gil Vicente,4,0,H,1.67,3.8,5.0,2024-12-02,primeira_liga
Porto,Casa Pia,2,0,H,1.2,6.25,13.0,2024-12-02,primeira_liga
Fenerbahce,Gaziantep,3,1,H,1.25,6.5,9.0,2024-12-02,super_lig
Hatayspor,Besiktas,1,1,D,4.1,3.6,1.83,2024-12-02,super_lig
Chelsea,Aston Villa,3,0,H,1.7,4.1,4.5,2024-12-01,premier_league
Man United,Everton,4,0,H,1.53,4.2,6.0,2024-12-01,premier_league
Tottenham,Fulham,1,1,D,1.7,4.5,4.1,2024-12-01,premier_league
Liverpool,Man City,2,0,H,2.1,3.6,3.3,2024-12-01,premier_league
Derby,Sheffield Weds,1,2,A,2.4,3.2,3.0,2024-12-01,championship
Villarreal,Girona,2,2,D,1.83,3.7,4.2,2024-12-01,la_liga
Real Madrid,Getafe,2,0,H,1.36,4.5,10.0,2024-12-01,la_liga
Vallecano,Ath Bilbao,1,2,A,2.8,3.1,2.7,2024-12-01,la_liga
Sociedad,Betis,2,0,H,1.8,3.6,4.5,2024-12-01,la_liga
Mainz,Hoffenheim,2,0,H,2.1,3.4,3.5,2024-12-01,bundesliga
Heidenheim,Ein Frankfurt,0,4,A,3.7,3.7,1.95,2024-12-01,bundesliga
Udinese,Genoa,0,2,A,2.0,3.3,4.0,2024-12-01,serie_a
Parma,Lazio,3,1,H,4.2,3.8,1.8,2024-12-01,serie_a
Torino,Napoli,0,1,A,5.0,3.4,1.8,2024-12-01,serie_a
Lecce,Juventus,1,1,D,5.25,3.6,1.7,2024-12-01,serie_a
Montpellier,Lille,2,2,D,4.5,3.6,1.8,2024-12-01,ligue_1
Le Havre,Angers,0,1,A,2.3,3.2,3.3,2024-12-01,ligue_1
Lyon,Nice,4,1,H,1.91,3.8,3.7,2024-12-01,ligue_1
Toulouse,Auxerre,2,0,H,1.7,3.6,5.25,2024-12-01,ligue_1
Marseille,Monaco,2,1,H,2.63,3.4,2.63,2024-12-01,ligue_1
Utrecht,PSV Eindhoven,2,5,A,6.5,4.33,1.5,2024-12-01,eredivisie
AZ Alkmaar,Heracles,1,0,H,1.33,5.25,8.5,2024-12-01,eredivisie
Twente,Go Ahead Eagles,3,2,H,1.57,4.5,5.25,2024-12-01,eredivisie
Nijmegen,Ajax,1,2,A,4.33,4.0,1.7,2024-12-01,eredivisie
St Truiden,Genk,2,2,D,4.5,4.0,1.73,2024-12-01,pro_league
Beerschot VA,Cercle Brugge,3,2,H,3.9,3.5,1.9,2024-12-01,pro_league
Oud-Heverlee Leuven,Anderlecht,0,0,D,3.1,3.4,2.2,2024-12-01,pro_league
St. Gilloise,Antwerp,2,1,H,1.8,3.6,4.1,2024-12-01,pro_league
Westerlo,Gent,2,2,D,2.2,3.75,2.9,2024-12-01,pro_league
Estoril,Famalicao,2,1,H,3.2,3.4,2.2,2024-12-01,primeira_liga
Arouca,Benfica,0,2,A,9.5,5.75,1.27,2024-12-01,primeira_liga
AVS,Sp Braga,0,1,A,5.5,3.9,1.6,2024-12-01,primeira_liga
Rizespor,Kayserispor,3,0,H,1.83,3.6,4.2,2024-12-01,super_lig
Galatasaray,Eyupspor,2,2,D,1.25,7.0,8.5,2024-12-01,super_lig
Brentford,Leicester,4,1,H,1.65,4.2,4.75,2024-11-30,premier_league
Crystal Palace,Newcastle,1,1,D,2.9,3.6,2.3,2024-11-30,premier_league
Nott'm Forest,Ipswich,1,0,H,1.7,3.8,4.75,2024-11-30,premier_league
Wolves,Bournemouth,2,4,A,2.8,3.6,2.4,2024-11-30,premier_league
West Ham,Arsenal,2,5,A,7.0,4.5,1.45,2024-11-30,premier_league
Middlesbrough,Hull,3,1,H,1.5,4.5,6.0,2024-11-30,championship
Oxford,Millwall,1,1,D,3.4,3.5,2.1,2024-11-30,championship
Watford,QPR,0,0,D,1.85,3.6,4.0,2024-11-30,championship
Blackburn,Leeds,1,0,H,4.2,3.7,1.8,2024-11-30,championship
Bristol City,Plymouth,4,0,H,1.5,4.33,6.0,2024-11-30,championship
Coventry,Cardiff,2,2,D,1.7,4.0,4.33,2024-11-30,championship
Norwich,Luton,4,2,H,2.0,3.7,3.4,2024-11-30,championship
Preston,West Brom,1,1,D,2.8,3.5,2.4,2024-11-30,championship
Stoke,Burnley,0,2,A,3.0,3.4,2.3,2024-11-30,championship
Swansea,Portsmouth,2,2,D,1.7,4.1,4.33,2024-11-30,championship
Barcelona,Las Palmas,1,2,A,1.17,8.5,13.0,2024-11-30,la_liga
Alaves,Leganes,1,1,D,1.8,3.4,5.0,2024-11-30,la_liga
Espanol,Celta,3,1,H,3.3,3.4,2.2,2024-11-30,la_liga
Valladolid,Ath Madrid,0,5,A,6.0,4.2,1.53,2024-11-30,la_liga
Augsburg,Bochum,1,0,H,1.73,4.0,4.5,2024-11-30,bundesliga
Freiburg,M'gladbach,3,1,H,1.95,3.8,3.6,2024-11-30,bundesliga
RB Leipzig,Wolfsburg,1,5,A,1.7,4.0,4.75,2024-11-30,bundesliga
Union Berlin,Leverkusen,1,2,A,4.75,3.7,1.75,2024-11-30,bundesliga
Werder Bremen,Stuttgart,2,2,D,3.0,3.75,2.2,2024-11-30,bundesliga
Dortmund,Bayern Munich,1,1,D,4.75,4.1,1.67,2024-11-30,bundesliga
Como,Monza,1,1,D,2.0,3.25,3.9,2024-11-30,serie_a
Milan,Empoli,3,0,H,1.36,4.75,9.0,2024-11-30,serie_a
Bologna,Venezia,3,0,H,1.65,3.9,5.25,2024-11-30,serie_a
Rennes,St Etienne,5,0,H,1.48,4.75,6.0,2024-11-30,ligue_1
Brest,Strasbourg,3,1,H,2.2,3.4,3.3,2024-11-30,ligue_1
Paris SG,Nantes,1,1,D,1.22,7.0,11.0,2024-11-30,ligue_1
NAC Breda,Almere City,1,0,H,1.95,3.4,3.9,2024-11-30,eredivisie
Groningen,Willem II,2,0,H,2.2,3.25,3.4,2024-11-30,eredivisie
Feyenoord,For Sittard,1,1,D,1.25,6.5,9.5,2024-11-30,eredivisie
Zwolle,Sparta Rotterdam,1,0,H,2.8,3.5,2.38,2024-11-30,eredivisie
Club Brugge,Dender,4,1,H,1.25,7.0,8.0,2024-11-30,pro_league
Charleroi,Standard,1,1,D,1.95,3.4,3.9,2024-11-30,pro_league
Rio Ave,Moreirense,3,2,H,2.8,3.2,2.55,2024-11-30,primeira_liga
Nacional,Boavista,0,0,D,1.91,3.4,4.0,2024-11-30,primeira_liga
Sp Lisbon,Santa Clara,0,1,A,1.17,6.5,17.0,2024-11-30,primeira_liga
Samsunspor,Bodrumspor,4,0,H,1.67,3.5,5.5,2024-11-30,super_lig
Ad. Demirspor,Konyaspor,0,1,A,3.4,3.25,2.15,2024-11-30,super_lig
Alanyaspor,Trabzonspor,2,1,H,2.5,3.25,2.8,2024-11-30,super_lig
Buyuksehyr,Goztep,4,1,H,2.38,3.25,3.0,2024-11-30,super_lig
Brighton,Southampton,1,1,D,1.38,5.0,7.5,2024-11-29,premier_league
Sheffield United,Sunderland,1,0,H,2.0,3.3,3.9,2024-11-29,championship
Mallorca,Valencia,2,1,H,2.0,3.0,4.5,2024-11-29,la_liga
St Pauli,Holstein Kiel,3,1,H,1.67,3.75,5.25,2024-11-29,bundesliga
Cagliari,Verona,1,0,H,1.91,3.4,4.1,2024-11-29,serie_a
Reims,Lens,0,2,A,3.1,3.3,2.3,2024-11-29,ligue_1
Heerenveen,Waalwijk,1,1,D,1.7,3.9,4.75,2024-11-29,eredivisie
Kortrijk,Mechelen,3,1,H,3.4,3.6,2.05,2024-11-29,pro_league
Farense,Estrela,1,0,H,2.2,3.25,3.4,2024-11-29,primeira_liga
Antalyaspor,Sivasspor,2,1,H,1.95,3.5,3.7,2024-11-29,super_lig
Cardiff,QPR,0,2,A,1.95,3.5,3.8,2024-11-27,championship
Leeds,Luton,3,0,H,1.42,4.2,8.0,2024-11-27,championship
Middlesbrough,Blackburn,0,1,A,1.53,4.1,6.25,2024-11-27,championship
Derby,Swansea,1,2,A,2.4,3.4,2.8,2024-11-27,championship
Burnley,Coventry,2,0,H,2.2,3.3,3.25,2024-11-26,championship
Hull,Sheffield Weds,0,2,A,2.3,3.4,3.0,2024-11-26,championship
Norwich,Plymouth,6,1,H,1.45,4.5,6.5,2024-11-26,championship
Sheffield United,Oxford,3,0,H,1.4,4.33,8.5,2024-11-26,championship
Stoke,Preston,0,0,D,2.0,3.5,3.6,2024-11-26,championship
Watford,Bristol City,1,0,H,2.2,3.4,3.25,2024-11-26,championship
Sunderland,West Brom,0,0,D,2.38,3.4,2.9,2024-11-26,championship
Newcastle,West Ham,0,2,A,1.5,4.5,6.0,2024-11-25,premier_league
Empoli,Udinese,1,1,D,2.8,2.9,2.8,2024-11-25,serie_a
Venezia,Lecce,0,1,A,2.3,3.25,3.2,2024-11-25,serie_a
Trabzonspor,Ad. Demirspor,5,0,H,1.48,4.5,6.0,2024-11-25,super_lig
Southampton,Liverpool,2,3,A,11.0,5.75,1.27,2024-11-24,premier_league
Ipswich,Man United,1,1,D,5.25,4.0,1.62,2024-11-24,premier_league
Swansea,Leeds,3,4,A,4.1,3.9,1.8,2024-11-24,championship
Osasuna,Villarreal,2,2,D,2.55,3.4,2.75,2024-11-24,la_liga
Sevilla,Vallecano,1,0,H,2.3,3.2,3.3,2024-11-24,la_liga
Leganes,Real Madrid,0,3,A,7.5,4.5,1.42,2024-11-24,la_liga
Ath Bilbao,Sociedad,1,0,H,2.25,3.0,3.6,2024-11-24,la_liga
Holstein Kiel,Mainz,0,3,A,3.1,3.4,2.3,2024-11-24,bundesliga
M'gladbach,St Pauli,2,0,H,1.8,3.8,4.2,2024-11-24,bundesliga
Genoa,Cagliari,2,2,D,2.63,3.1,2.9,2024-11-24,serie_a
Como,Fiorentina,0,2,A,3.3,3.1,2.3,2024-11-24,serie_a
Torino,Monza,1,1,D,2.0,3.0,4.33,2024-11-24,serie_a
Napoli,Roma,1,0,H,1.73,3.6,5.0,2024-11-24,serie_a
Lazio,Bologna,3,0,H,1.9,3.5,4.2,2024-11-24,serie_a
Lille,Rennes,1,0,H,1.91,3.6,3.9,2024-11-24,ligue_1
Auxerre,Angers,1,0,H,1.8,3.7,4.33,2024-11-24,ligue_1
Nantes,Le Havre,0,2,A,1.85,3.4,4.5,2024-11-24,ligue_1
Nice,Strasbourg,2,1,H,1.75,3.6,4.75,2024-11-24,ligue_1
Nijmegen,Utrecht,1,2,A,2.63,3.25,2.7,2024-11-24,eredivisie
Sparta Rotterdam,AZ Alkmaar,1,2,A,3.6,3.4,2.05,2024-11-24,eredivisie
Willem II,NAC Breda,2,2,D,2.05,3.4,3.6,2024-11-24,eredivisie
Ajax,Zwolle,2,0,H,1.17,7.0,17.0,2024-11-24,eredivisie
Mechelen,Beerschot VA,3,0,H,1.42,5.0,6.0,2024-11-24,pro_league
Oud-Heverlee Leuven,St. Gilloise,1,1,D,4.0,3.4,1.9,2024-11-24,pro_league
Anderlecht,Gent,6,0,H,1.91,3.5,3.75,2024-11-24,pro_league
Westerlo,Kortrijk,4,0,H,1.67,3.75,4.5,2024-11-24,pro_league
Sivasspor,Kasimpasa,0,0,D,2.75,3.4,2.45,2024-11-24,super_lig
Konyaspor,Hatayspor,1,1,D,1.95,3.5,3.8,2024-11-24,super_lig
Samsunspor,Alanyaspor,1,1,D,1.73,3.6,4.75,2024-11-24,super_lig
Besiktas,Goztep,2,4,A,1.48,4.33,6.25,2024-11-24,super_lig
Leicester,Chelsea,1,2,A,6.5,4.75,1.44,2024-11-23,premier_league
Arsenal,Nott'm Forest,3,0,H,1.38,4.75,9.0,2024-11-23,premier_league
Aston Villa,Crystal Palace,2,2,D,1.62,4.0,5.5,2024-11-23,premier_league
Bournemouth,Brighton,1,2,A,2.4,3.6,2.8,2024-11-23,premier_league
Everton,Brentford,0,0,D,2.45,3.4,2.88,2024-11-23,premier_league
Fulham,Wolves,1,4,A,1.62,4.0,5.25,2024-11-23,premier_league
Man City,Tottenham,0,4,A,1.48,4.75,6.0,2024-11-23,premier_league
Bristol City,Burnley,0,1,A,2.7,3.25,2.63,2024-11-23,championship
Coventry,Sheffield United,2,2,D,2.55,3.3,2.75,2024-11-23,championship
Sheffield Weds,Cardiff,1,1,D,2.0,3.5,3.6,2024-11-23,championship
Luton,Hull,1,0,H,1.95,3.5,3.75,2024-11-23,championship
Millwall,Sunderland,1,1,D,2.3,3.25,3.2,2024-11-23,championship
Oxford,Middlesbrough,2,6,A,5.0,4.2,1.6,2024-11-23,championship
Preston,Derby,1,1,D,2.2,3.2,3.4,2024-11-23,championship
QPR,Stoke,1,1,D,2.6,3.3,2.7,2024-11-23,championship
West Brom,Norwich,2,2,D,1.83,3.6,4.2,2024-11-23,championship
Valencia,Betis,4,2,H,3.0,3.0,2.6,2024-11-23,la_liga
Ath Madrid,Alaves,2,1,H,1.36,4.75,9.0,2024-11-23,la_liga
Girona,Espanol,4,1,H,1.67,3.9,5.25,2024-11-23,la_liga
Las Palmas,Mallorca,2,3,A,2.8,3.0,2.7,2024-11-23,la_liga
Celta,Barcelona,2,2,D,4.75,4.33,1.65,2024-11-23,la_liga
Dortmund,Freiburg,4,0,H,1.67,4.2,4.5,2024-11-23,bundesliga
Hoffenheim,RB Leipzig,4,3,H,3.4,3.5,2.1,2024-11-23,bundesliga
Leverkusen,Heidenheim,5,2,H,1.2,6.5,15.0,2024-11-23,bundesliga
Stuttgart,Bochum,2,0,H,1.29,6.0,9.0,2024-11-23,bundesliga
Wolfsburg,Union Berlin,1,0,H,2.3,3.3,3.2,2024-11-23,bundesliga
Ein Frankfurt,Werder Bremen,1,0,H,1.7,4.1,4.5,2024-11-23,bundesliga
Verona,Inter,0,5,A,7.0,5.25,1.38,2024-11-23,serie_a
Milan,Juventus,0,0,D,2.15,3.3,3.5,2024-11-23,serie_a
Parma,Atalanta,1,3,A,5.0,4.2,1.62,2024-11-23,serie_a
Lens,Marseille,1,3,A,2.25,3.5,3.1,2024-11-23,ligue_1
St Etienne,Montpellier,1,0,H,2.3,3.6,2.9,2024-11-23,ligue_1
Reims,Lyon,1,1,D,2.75,3.75,2.35,2024-11-23,ligue_1
Go Ahead Eagles,Almere City,3,0,H,1.57,4.0,6.0,2024-11-23,eredivisie
Feyenoord,Heerenveen,3,0,H,1.27,5.5,11.0,2024-11-23,eredivisie
Heracles,Waalwijk,2,2,D,1.8,3.8,4.2,2024-11-23,eredivisie
For Sittard,Twente,1,2,A,4.75,3.5,1.8,2024-11-23,eredivisie
PSV Eindhoven,Groningen,5,0,H,1.14,8.5,15.0,2024-11-23,eredivisie
Club Brugge,St Truiden,7,0,H,1.36,5.25,8.0,2024-11-23,pro_league
Standard,Cercle Brugge,1,0,H,2.45,3.3,2.7,2024-11-23,pro_league
Genk,Charleroi,3,0,H,1.53,4.1,5.75,2024-11-23,pro_league
Eyupspor,Rizespor,1,2,A,1.95,3.4,3.8,2024-11-23,super_lig
Gaziantep,Buyuksehyr,3,0,H,2.6,3.4,2.6,2024-11-23,super_lig
Kayserispor,Fenerbahce,2,6,A,7.0,4.33,1.44,2024-11-23,super_lig
Bodrumspor,Galatasaray,0,1,A,7.5,4.5,1.42,2024-11-23,super_lig
Plymouth,Watford,2,2,D,3.1,3.4,2.25,2024-11-22,championship
Getafe,Valladolid,2,0,H,1.65,3.4,6.5,2024-11-22,la_liga
Bayern Munich,Augsburg,3,0,H,1.13,10.0,15.0,2024-11-22,bundesliga
Monaco,Brest,3,2,H,1.5,4.33,6.5,2024-11-22,ligue_1
Paris SG,Toulouse,3,0,H,1.36,5.5,7.0,2024-11-22,ligue_1
Antwerp,Dender,1,1,D,1.48,4.5,6.0,2024-11-22,pro_league
Man United,Leicester,3,0,H,1.38,5.5,6.5,2024-11-10,premier_league
Nott'm Forest,Newcastle,1,3,A,2.7,3.3,2.7,2024-11-10,premier_league
Tottenham,Ipswich,1,2,A,1.25,6.5,9.0,2024-11-10,premier_league
Chelsea,Arsenal,1,1,D,2.7,3.4,2.55,2024-11-10,premier_league
Sheffield United,Sheffield Weds,1,0,H,1.85,3.7,4.0,2024-11-10,championship
Hull,West Brom,1,2,A,2.7,3.3,2.6,2024-11-10,championship
Burnley,Swansea,1,0,H,1.9,3.5,3.9,2024-11-10,championship
Betis,Celta,2,2,D,1.95,3.4,4.0,2024-11-10,la_liga
Mallorca,Ath Madrid,0,1,A,3.6,3.1,2.2,2024-11-10,la_liga
Getafe,Girona,0,1,A,2.45,3.2,3.0,2024-11-10,la_liga
Valladolid,Ath Bilbao,1,1,D,4.5,3.4,1.85,2024-11-10,la_liga
Sociedad,Barcelona,1,0,H,4.75,4.1,1.65,2024-11-10,la_liga
Augsburg,Hoffenheim,0,0,D,2.05,3.75,3.25,2024-11-10,bundesliga
Stuttgart,Ein Frankfurt,2,3,A,1.9,4.0,3.7,2024-11-10,bundesliga
Heidenheim,Wolfsburg,1,3,A,2.75,3.4,2.45,2024-11-10,bundesliga
Atalanta,Udinese,2,1,H,1.38,5.0,7.5,2024-11-10,serie_a
Fiorentina,Verona,3,1,H,1.44,4.5,7.0,2024-11-10,serie_a
Roma,Bologna,2,3,A,2.05,3.4,3.6,2024-11-10,serie_a
Monza,Lazio,0,1,A,4.1,3.8,1.83,2024-11-10,serie_a
Inter,Napoli,1,1,D,1.85,3.7,4.1,2024-11-10,serie_a
Nice,Lille,2,2,D,2.55,3.2,2.9,2024-11-10,ligue_1
Le Havre,Reims,0,3,A,3.3,3.2,2.3,2024-11-10,ligue_1
Montpellier,Brest,3,1,H,3.25,3.5,2.2,2024-11-10,ligue_1
Rennes,Toulouse,0,2,A,2.15,3.4,3.4,2024-11-10,ligue_1
Lyon,St Etienne,1,0,H,1.33,5.5,8.0,2024-11-10,ligue_1
Almere City,Feyenoord,1,4,A,11.0,4.75,1.3,2024-11-10,eredivisie
Heerenveen,Go Ahead Eagles,1,0,H,2.35,3.5,2.88,2024-11-10,eredivisie
Twente,Ajax,2,2,D,2.55,3.4,2.7,2024-11-10,eredivisie
AZ Alkmaar,Willem II,1,2,A,1.48,4.2,7.0,2024-11-10,eredivisie
Cercle Brugge,Anderlecht,0,5,A,2.7,3.6,2.45,2024-11-10,pro_league
Gent,Standard,5,0,H,1.73,3.7,4.5,2024-11-10,pro_league
St. Gilloise,Genk,4,0,H,2.45,3.4,2.75,2024-11-10,pro_league
Beerschot VA,Club Brugge,2,2,D,7.5,6.5,1.29,2024-11-10,pro_league
Estrela,Nacional,2,0,H,2.2,3.4,3.2,2024-11-10,primeira_liga
Santa Clara,Guimaraes,1,0,H,2.9,3.0,2.6,2024-11-10,primeira_liga
Sp Braga,Sp Lisbon,2,4,A,5.25,4.2,1.57,2024-11-10,primeira_liga
Benfica,Porto,4,1,H,2.1,3.3,3.5,2024-11-10,primeira_liga
Goztep,Konyaspor,2,0,H,2.0,3.5,3.75,2024-11-10,super_lig
Galatasaray,Samsunspor,3,2,H,1.42,4.75,6.5,2024-11-10,super_lig
Buyuksehyr,Besiktas,0,0,D,3.0,3.3,2.38,2024-11-10,super_lig
Fenerbahce,Sivasspor,4,0,H,1.2,7.0,12.0,2024-11-10,super_lig
Brentford,Bournemouth,3,2,H,2.5,3.5,2.7,2024-11-09,premier_league
Crystal Palace,Fulham,0,2,A,2.7,3.5,2.55,2024-11-09,premier_league
West Ham,Everton,0,0,D,2.15,3.4,3.4,2024-11-09,premier_league
Wolves,Southampton,2,0,H,1.91,3.75,3.75,2024-11-09,premier_league
Brighton,Man City,2,1,H,4.1,4.2,1.73,2024-11-09,premier_league
Liverpool,Aston Villa,2,0,H,1.42,5.25,6.5,2024-11-09,premier_league
Cardiff,Blackburn,1,3,A,2.3,3.4,3.0,2024-11-09,championship
Middlesbrough,Luton,5,1,H,1.73,4.0,4.33,2024-11-09,championship
Stoke,Millwall,1,1,D,2.5,3.25,2.8,2024-11-09,championship
Derby,Plymouth,1,1,D,1.65,3.9,5.0,2024-11-09,championship
Leeds,QPR,2,0,H,1.25,5.5,12.0,2024-11-09,championship
Norwich,Bristol City,0,2,A,2.3,3.4,3.1,2024-11-09,championship
Portsmouth,Preston,3,1,H,2.8,3.4,2.4,2024-11-09,championship
Sunderland,Coventry,2,2,D,2.15,3.2,3.5,2024-11-09,championship
Real Madrid,Osasuna,4,0,H,1.2,7.0,13.0,2024-11-09,la_liga
Villarreal,Alaves,3,0,H,1.62,4.0,5.5,2024-11-09,la_liga
Leganes,Sevilla,1,0,H,2.88,3.2,2.55,2024-11-09,la_liga
Bochum,Leverkusen,1,1,D,9.5,6.5,1.27,2024-11-09,bundesliga
Mainz,Dortmund,3,1,H,3.5,3.6,2.0,2024-11-09,bundesliga
St Pauli,Bayern Munich,0,1,A,9.0,7.0,1.25,2024-11-09,bundesliga
Werder Bremen,Holstein Kiel,2,1,H,1.62,4.33,4.75,2024-11-09,bundesliga
RB Leipzig,M'gladbach,0,0,D,1.57,4.33,5.25,2024-11-09,bundesliga
Venezia,Parma,1,2,A,2.55,3.4,2.7,2024-11-09,serie_a
Cagliari,Milan,3,3,D,5.5,4.1,1.6,2024-11-09,serie_a
Juventus,Torino,2,0,H,1.57,3.8,6.5,2024-11-09,serie_a
Strasbourg,Monaco,1,3,A,3.4,3.7,2.0,2024-11-09,ligue_1
Lens,Nantes,3,2,H,1.6,3.9,5.75,2024-11-09,ligue_1
Angers,Paris SG,2,4,A,12.0,6.25,1.22,2024-11-09,ligue_1
Groningen,Sparta Rotterdam,1,0,H,2.63,3.3,2.7,2024-11-09,eredivisie
Zwolle,For Sittard,3,1,H,2.63,3.4,2.63,2024-11-09,eredivisie
NAC Breda,PSV Eindhoven,0,3,A,8.5,7.0,1.27,2024-11-09,eredivisie
Waalwijk,Nijmegen,0,3,A,4.2,3.6,1.85,2024-11-09,eredivisie
Kortrijk,Antwerp,1,2,A,3.9,3.6,1.9,2024-11-09,pro_league
Dender,Oud-Heverlee Leuven,1,1,D,2.9,3.4,2.35,2024-11-09,pro_league
Charleroi,Westerlo,1,0,H,2.15,3.4,3.2,2024-11-09,pro_league
Casa Pia,Farense,1,1,D,1.95,3.3,4.0,2024-11-09,primeira_liga
Estoril,AVS,0,0,D,2.25,3.0,3.5,2024-11-09,primeira_liga
Famalicao,Arouca,0,0,D,1.91,3.5,4.0,2024-11-09,primeira_liga
Boavista,Rio Ave,0,2,A,2.75,3.1,2.7,2024-11-09,primeira_liga
Antalyaspor,Bodrumspor,3,2,H,2.4,3.0,3.25,2024-11-09,super_lig
Hatayspor,Gaziantep,3,1,H,2.5,3.4,2.75,2024-11-09,super_lig
Ad. Demirspor,Eyupspor,0,1,A,4.75,4.0,1.7,2024-11-09,super_lig
Rizespor,Trabzonspor,3,1,H,2.7,3.4,2.5,2024-11-09,super_lig
Watford,Oxford,1,0,H,1.67,3.7,5.0,2024-11-08,championship
Vallecano,Las Palmas,1,3,A,1.83,3.4,4.5,2024-11-08,la_liga
Union Berlin,Freiburg,0,0,D,2.45,3.25,2.9,2024-11-08,bundesliga
Lecce,Empoli,1,1,D,2.4,3.0,3.3,2024-11-08,serie_a
Marseille,Auxerre,1,3,A,1.4,5.0,7.5,2024-11-08,ligue_1
Utrecht,Heracles,1,0,H,1.44,4.75,7.0,2024-11-08,eredivisie
St Truiden,Mechelen,2,1,H,2.45,3.4,2.75,2024-11-08,pro_league
Moreirense,Gil Vicente,3,2,H,2.3,3.0,3.4,2024-11-08,primeira_liga
Kasimpasa,Kayserispor,1,2,A,1.8,3.6,4.2,2024-11-08,super_lig
West Brom,Burnley,0,0,D,2.25,3.2,3.25,2024-11-07,championship
Genoa,Como,1,1,D,2.88,3.3,2.45,2024-11-07,serie_a
Blackburn,Stoke,0,2,A,2.0,3.5,3.6,2024-11-06,championship
Coventry,Derby,1,2,A,1.75,3.7,4.5,2024-11-06,championship
Millwall,Leeds,1,0,H,4.1,3.4,1.9,2024-11-06,championship
Luton,Cardiff,1,0,H,1.85,3.5,4.2,2024-11-06,championship
Preston,Sunderland,0,0,D,3.3,3.1,2.3,2024-11-06,championship
Bristol City,Sheffield United,1,2,A,3.1,3.25,2.3,2024-11-05,championship
Oxford,Hull,1,0,H,3.0,3.3,2.3,2024-11-05,championship
QPR,Middlesbrough,1,4,A,3.5,3.6,1.95,2024-11-05,championship
Sheffield Weds,Norwich,2,0,H,2.2,3.25,3.2,2024-11-05,championship
Plymouth,Portsmouth,1,0,H,2.2,3.6,3.0,2024-11-05,championship
Swansea,Watford,1,0,H,1.95,3.4,3.9,2024-11-05,championship
Fulham,Brentford,2,1,H,2.0,3.7,3.5,2024-11-04,premier_league
Celta,Getafe,1,0,H,1.95,3.2,4.5,2024-11-04,la_liga
Empoli,Como,1,0,H,2.7,3.1,2.63,2024-11-04,serie_a
Parma,Genoa,0,1,A,1.85,3.4,4.33,2024-11-04,serie_a
Lazio,Cagliari,2,1,H,1.5,3.75,7.5,2024-11-04,serie_a
Nacional,Santa Clara,2,0,H,3.3,3.1,2.25,2024-11-04,primeira_liga
Samsunspor,Antalyaspor,2,0,H,1.75,3.5,4.5,2024-11-04,super_lig
Tottenham,Aston Villa,4,1,H,1.91,4.0,3.6,2024-11-03,premier_league
Man United,Chelsea,1,1,D,2.6,3.5,2.6,2024-11-03,premier_league
Millwall,Burnley,1,0,H,2.75,3.1,2.7,2024-11-03,championship
Ath Madrid,Las Palmas,2,0,H,1.27,6.0,9.5,2024-11-03,la_liga
Barcelona,Espanol,3,1,H,1.13,9.0,19.0,2024-11-03,la_liga
Sevilla,Sociedad,0,2,A,2.9,3.0,2.63,2024-11-03,la_liga
Ath Bilbao,Betis,1,1,D,1.91,3.5,4.0,2024-11-03,la_liga
Freiburg,Mainz,0,0,D,1.7,3.9,4.75,2024-11-03,bundesliga
M'gladbach,Werder Bremen,4,1,H,2.1,3.8,3.2,2024-11-03,bundesliga
Napoli,Atalanta,0,3,A,2.05,3.4,3.7,2024-11-03,serie_a
Torino,Fiorentina,0,1,A,3.2,3.3,2.25,2024-11-03,serie_a
Verona,Roma,3,2,H,5.0,3.5,1.8,2024-11-03,serie_a
Inter,Venezia,1,0,H,1.17,7.0,15.0,2024-11-03,serie_a
Toulouse,Reims,1,0,H,2.0,3.5,3.75,2024-11-03,ligue_1
Auxerre,Rennes,4,0,H,3.5,3.6,2.05,2024-11-03,ligue_1
Le Havre,Montpellier,1,0,H,2.2,3.5,3.2,2024-11-03,ligue_1
Nantes,Marseille,1,2,A,3.7,3.5,2.05,2024-11-03,ligue_1
Go Ahead Eagles,Zwolle,2,2,D,1.62,4.0,5.5,2024-11-03,eredivisie
Nijmegen,Groningen,6,0,H,1.85,3.3,4.75,2024-11-03,eredivisie
Sparta Rotterdam,Utrecht,1,4,A,2.63,3.5,2.55,2024-11-03,eredivisie
Waalwijk,Almere City,2,0,H,2.75,3.3,2.6,2024-11-03,eredivisie
Genk,Antwerp,2,0,H,1.95,3.75,3.6,2024-11-03,pro_league
Cercle Brugge,Charleroi,2,0,H,2.4,3.4,2.8,2024-11-03,pro_league
Anderlecht,Kortrijk,4,0,H,1.45,5.0,5.5,2024-11-03,pro_league
Beerschot VA,Gent,0,0,D,4.0,4.0,1.8,2024-11-03,pro_league
AVS,Famalicao,2,3,A,3.1,3.0,2.45,2024-11-03,primeira_liga
Arouca,Sp Braga,1,2,A,4.33,3.9,1.73,2024-11-03,primeira_liga
Guimaraes,Moreirense,1,0,H,1.7,3.6,5.25,2024-11-03,primeira_liga
Porto,Estoril,4,0,H,1.14,8.0,15.0,2024-11-03,primeira_liga
Konyaspor,Buyuksehyr,3,2,H,2.45,3.2,2.8,2024-11-03,super_lig
Bodrumspor,Alanyaspor,0,0,D,2.63,2.8,3.0,2024-11-03,super_lig
Eyupspor,Hatayspor,2,0,H,1.7,3.75,4.75,2024-11-03,super_lig
Trabzonspor,Fenerbahce,2,3,A,4.5,3.6,1.75,2024-11-03,super_lig
Newcastle,Arsenal,1,0,H,3.75,3.75,1.95,2024-11-02,premier_league
Bournemouth,Man City,2,1,H,5.5,4.2,1.57,2024-11-02,premier_league
Ipswich,Leicester,1,1,D,2.25,3.5,3.1,2024-11-02,premier_league
Liverpool,Brighton,2,1,H,1.4,5.0,7.5,2024-11-02,premier_league
Nott'm Forest,West Ham,3,0,H,2.15,3.5,3.4,2024-11-02,premier_league
Southampton,Everton,1,0,H,2.63,3.4,2.63,2024-11-02,premier_league
Wolves,Crystal Palace,2,2,D,2.5,3.4,2.88,2024-11-02,premier_league
Blackburn,Sheffield United,0,2,A,2.88,3.1,2.63,2024-11-02,championship
Oxford,Swansea,1,2,A,2.75,3.2,2.7,2024-11-02,championship
Stoke,Derby,2,1,H,2.2,3.4,3.25,2024-11-02,championship
Cardiff,Norwich,2,1,H,2.63,3.4,2.63,2024-11-02,championship
Hull,Portsmouth,1,1,D,1.67,4.0,5.0,2024-11-02,championship
Leeds,Plymouth,3,0,H,1.18,8.0,11.0,2024-11-02,championship
Middlesbrough,Coventry,0,3,A,1.7,4.1,4.5,2024-11-02,championship
Preston,Bristol City,1,3,A,2.45,3.4,2.8,2024-11-02,championship
QPR,Sunderland,0,0,D,3.6,3.4,2.05,2024-11-02,championship
Sheffield Weds,Watford,2,6,A,1.91,3.5,3.9,2024-11-02,championship
Osasuna,Valladolid,1,0,H,1.6,3.7,6.25,2024-11-02,la_liga
Girona,Leganes,4,3,H,1.7,3.5,5.5,2024-11-02,la_liga
Bayern Munich,Union Berlin,3,0,H,1.18,7.5,13.0,2024-11-02,bundesliga
Ein Frankfurt,Bochum,7,2,H,1.33,5.75,7.5,2024-11-02,bundesliga
Hoffenheim,St Pauli,0,2,A,1.83,3.8,4.0,2024-11-02,bundesliga
Holstein Kiel,Heidenheim,1,0,H,2.7,3.5,2.45,2024-11-02,bundesliga
Wolfsburg,Augsburg,1,1,D,2.0,3.75,3.5,2024-11-02,bundesliga
Dortmund,RB Leipzig,2,1,H,2.2,3.8,3.0,2024-11-02,bundesliga
Bologna,Lecce,1,0,H,1.62,3.5,6.5,2024-11-02,serie_a
Udinese,Juventus,0,2,A,4.2,3.2,1.95,2024-11-02,serie_a
Monza,Milan,0,1,A,5.0,3.6,1.7,2024-11-02,serie_a
Paris SG,Lens,1,0,H,1.42,5.0,6.25,2024-11-02,ligue_1
Brest,Nice,0,1,A,2.63,3.25,2.75,2024-11-02,ligue_1
St Etienne,Strasbourg,2,0,H,3.8,3.7,1.91,2024-11-02,ligue_1
Willem II,Twente,0,1,A,5.75,3.6,1.65,2024-11-02,eredivisie
Ajax,PSV Eindhoven,3,2,H,2.88,3.75,2.25,2024-11-02,eredivisie
Heracles,NAC Breda,2,0,H,2.4,3.3,3.0,2024-11-02,eredivisie
Feyenoord,AZ Alkmaar,3,2,H,1.67,3.8,5.25,2024-11-02,eredivisie
For Sittard,Heerenveen,3,0,H,2.05,3.4,3.75,2024-11-02,eredivisie
Standard,St Truiden,2,1,H,2.2,3.2,3.3,2024-11-02,pro_league
Oud-Heverlee Leuven,Club Brugge,0,1,A,4.0,3.6,1.85,2024-11-02,pro_league
Mechelen,St. Gilloise,1,1,D,3.6,3.75,1.91,2024-11-02,pro_league
Rio Ave,Casa Pia,2,2,D,2.2,3.25,3.3,2024-11-02,primeira_liga
Farense,Benfica,1,2,A,11.0,6.5,1.22,2024-11-02,primeira_liga
Gil Vicente,Boavista,1,2,A,1.67,3.6,5.5,2024-11-02,primeira_liga
Sivasspor,Rizespor,2,1,H,2.55,3.3,2.75,2024-11-02,super_lig
Kayserispor,Ad. Demirspor,0,0,D,1.6,4.5,4.75,2024-11-02,super_lig
Besiktas,Kasimpasa,1,3,A,1.57,4.5,5.0,2024-11-02,super_lig
Luton,West Brom,1,1,D,2.7,3.4,2.5,2024-11-01,championship
Alaves,Mallorca,1,0,H,2.25,3.0,3.4,2024-11-01,la_liga
Leverkusen,Stuttgart,0,0,D,1.55,4.75,5.25,2024-11-01,bundesliga
Monaco,Angers,0,1,A,1.22,6.5,12.0,2024-11-01,ligue_1
Lille,Lyon,1,1,D,2.15,3.75,3.1,2024-11-01,ligue_1
Westerlo,Dender,2,0,H,1.83,3.9,3.8,2024-11-01,pro_league
Sp Lisbon,Estrela,5,1,H,1.08,11.0,19.0,2024-11-01,primeira_liga
Gaziantep,Goztep,2,1,H,2.45,3.5,2.75,2024-11-01,super_lig
Genoa,Fiorentina,0,1,A,4.2,3.9,1.8,2024-10-31,serie_a
Como,Lazio,1,5,A,2.88,3.3,2.45,2024-10-31,serie_a
Roma,Torino,1,0,H,1.7,3.8,5.0,2024-10-31,serie_a
Empoli,Inter,0,3,A,7.5,4.33,1.44,2024-10-30,serie_a
Venezia,Udinese,3,2,H,2.7,3.25,2.65,2024-10-30,serie_a
Atalanta,Monza,2,0,H,1.3,5.0,10.0,2024-10-30,serie_a
Juventus,Parma,2,2,D,1.4,4.75,8.0,2024-10-30,serie_a
Feyenoord,Ajax,0,2,A,1.95,3.5,3.9,2024-10-30,eredivisie
Cagliari,Bologna,0,2,A,3.0,3.25,2.35,2024-10-29,serie_a
Lecce,Verona,1,0,H,2.25,3.25,3.25,2024-10-29,serie_a
Milan,Napoli,0,2,A,2.45,3.4,2.8,2024-10-29,serie_a
Mallorca,Ath Bilbao,0,0,D,2.9,3.1,2.55,2024-10-28,la_liga
AVS,Porto,0,5,A,9.0,5.5,1.3,2024-10-28,primeira_liga
Buyuksehyr,Eyupspor,1,1,D,2.1,3.4,3.4,2024-10-28,super_lig
Galatasaray,Besiktas,2,1,H,1.82,3.9,3.7,2024-10-28,super_lig
Chelsea,Newcastle,2,1,H,1.73,4.33,4.2,2024-10-27,premier_league
Crystal Palace,Tottenham,1,0,H,3.9,4.0,1.83,2024-10-27,premier_league
West Ham,Man United,2,1,H,2.88,3.75,2.3,2024-10-27,premier_league
Arsenal,Liverpool,2,2,D,2.5,3.25,2.9,2024-10-27,premier_league
Norwich,Middlesbrough,3,3,D,2.75,3.3,2.5,2024-10-27,championship
Leganes,Celta,3,0,H,3.25,3.25,2.3,2024-10-27,la_liga
Getafe,Valencia,1,1,D,2.1,3.1,3.8,2024-10-27,la_liga
Betis,Ath Madrid,1,0,H,3.1,3.4,2.3,2024-10-27,la_liga
Sociedad,Osasuna,0,2,A,1.75,3.6,5.0,2024-10-27,la_liga
Bochum,Bayern Munich,0,5,A,12.0,9.5,1.17,2024-10-27,bundesliga
Union Berlin,Ein Frankfurt,1,1,D,2.55,3.3,2.75,2024-10-27,bundesliga
Heidenheim,Hoffenheim,0,0,D,2.25,3.5,3.1,2024-10-27,bundesliga
Parma,Empoli,1,1,D,2.15,3.3,3.5,2024-10-27,serie_a
Lazio,Genoa,3,0,H,1.53,4.2,6.25,2024-10-27,serie_a
Monza,Venezia,2,2,D,2.15,3.25,3.6,2024-10-27,serie_a
Inter,Juventus,4,4,D,1.72,3.5,5.0,2024-10-27,serie_a
Fiorentina,Roma,5,1,H,2.55,3.4,2.75,2024-10-27,serie_a
Lyon,Auxerre,2,2,D,1.48,5.0,5.5,2024-10-27,ligue_1
Montpellier,Toulouse,0,3,A,3.1,3.6,2.2,2024-10-27,ligue_1
Nice,Monaco,2,1,H,3.2,3.5,2.2,2024-10-27,ligue_1
Strasbourg,Nantes,3,1,H,1.85,3.6,4.2,2024-10-27,ligue_1
Marseille,Paris SG,0,3,A,3.9,3.7,1.9,2024-10-27,ligue_1
Utrecht,Feyenoord,0,2,A,4.1,3.9,1.8,2024-10-27,eredivisie
Twente,Heracles,5,0,H,1.22,7.0,11.0,2024-10-27,eredivisie
Ajax,Willem II,1,0,H,1.29,6.0,9.5,2024-10-27,eredivisie
AZ Alkmaar,Go Ahead Eagles,2,2,D,1.53,4.2,6.0,2024-10-27,eredivisie
Club Brugge,Anderlecht,2,1,H,1.62,4.2,4.75,2024-10-27,pro_league
Antwerp,Standard,3,0,H,1.55,4.2,5.5,2024-10-27,pro_league
Gent,Genk,0,2,A,3.1,3.6,2.15,2024-10-27,pro_league
St. Gilloise,Cercle Brugge,1,3,A,1.47,4.5,5.5,2024-10-27,pro_league
Sp Braga,Farense,2,0,H,1.33,6.0,7.0,2024-10-27,primeira_liga
Benfica,Rio Ave,5,0,H,1.17,7.5,13.0,2024-10-27,primeira_liga
Estrela,Guimaraes,2,2,D,4.75,3.4,1.8,2024-10-27,primeira_liga
Gaziantep,Konyaspor,3,1,H,2.5,3.3,2.8,2024-10-27,super_lig
Alanyaspor,Antalyaspor,1,2,A,1.95,3.5,3.8,2024-10-27,super_lig
Fenerbahce,Bodrumspor,2,0,H,1.22,6.5,11.0,2024-10-27,super_lig
Aston Villa,Bournemouth,1,1,D,1.85,3.9,3.8,2024-10-26,premier_league
Brentford,Ipswich,4,3,H,1.65,4.33,4.75,2024-10-26,premier_league
Brighton,Wolves,2,2,D,1.62,4.5,4.5,2024-10-26,premier_league
Man City,Southampton,1,0,H,1.11,10.0,17.0,2024-10-26,premier_league
Everton,Fulham,1,1,D,2.75,3.25,2.63,2024-10-26,premier_league
Bristol City,Leeds,0,0,D,4.1,3.6,1.82,2024-10-26,championship
Coventry,Luton,3,2,H,2.2,3.4,3.2,2024-10-26,championship
Watford,Blackburn,1,0,H,2.4,3.4,2.8,2024-10-26,championship
Burnley,QPR,0,0,D,1.65,3.6,5.5,2024-10-26,championship
Derby,Hull,1,1,D,2.3,3.3,3.1,2024-10-26,championship
Plymouth,Preston,3,3,D,2.7,3.4,2.5,2024-10-26,championship
Sheffield United,Stoke,2,0,H,1.75,3.6,4.75,2024-10-26,championship
Sunderland,Oxford,2,0,H,1.55,4.2,5.5,2024-10-26,championship
Swansea,Millwall,0,1,A,2.45,3.25,2.88,2024-10-26,championship
West Brom,Cardiff,0,0,D,1.65,3.9,5.0,2024-10-26,championship
Valladolid,Villarreal,1,2,A,3.5,3.75,2.0,2024-10-26,la_liga
Vallecano,Alaves,1,0,H,2.25,3.1,3.5,2024-10-26,la_liga
Las Palmas,Girona,1,0,H,2.88,3.4,2.45,2024-10-26,la_liga
Real Madrid,Barcelona,0,4,A,2.0,4.1,3.25,2024-10-26,la_liga
Augsburg,Dortmund,2,1,H,3.6,4.0,1.9,2024-10-26,bundesliga
RB Leipzig,Freiburg,3,1,H,1.73,4.1,4.5,2024-10-26,bundesliga
St Pauli,Wolfsburg,0,0,D,2.55,3.5,2.63,2024-10-26,bundesliga
Stuttgart,Holstein Kiel,2,1,H,1.22,7.5,9.5,2024-10-26,bundesliga
Werder Bremen,Leverkusen,2,2,D,5.25,5.0,1.5,2024-10-26,bundesliga
Napoli,Lecce,1,0,H,1.25,6.0,12.0,2024-10-26,serie_a
Atalanta,Verona,6,1,H,1.38,4.75,8.0,2024-10-26,serie_a
Angers,St Etienne,4,2,H,2.45,3.3,2.9,2024-10-26,ligue_1
Reims,Brest,1,2,A,2.15,3.5,3.25,2024-10-26,ligue_1
Lens,Lille,0,2,A,2.3,3.4,3.1,2024-10-26,ligue_1
For Sittard,Groningen,1,0,H,2.05,3.5,3.5,2024-10-26,eredivisie
PSV Eindhoven,Zwolle,6,0,H,1.09,12.0,19.0,2024-10-26,eredivisie
NAC Breda,Waalwijk,4,1,H,1.85,4.1,3.6,2024-10-26,eredivisie
Heerenveen,Sparta Rotterdam,2,0,H,2.55,3.4,2.7,2024-10-26,eredivisie
Charleroi,Oud-Heverlee Leuven,0,2,A,,,,2024-10-26,pro_league
Dender,Mechelen,2,5,A,2.7,3.4,2.45,2024-10-26,pro_league
St Truiden,Westerlo,2,0,H,2.7,3.5,2.45,2024-10-26,pro_league
Estoril,Arouca,4,1,H,3.0,3.2,2.4,2024-10-26,primeira_liga
Boavista,Moreirense,0,2,A,3.4,3.1,2.25,2024-10-26,primeira_liga
Famalicao,Sp Lisbon,0,3,A,7.0,5.5,1.36,2024-10-26,primeira_liga
Hatayspor,Kayserispor,0,1,A,2.15,3.5,3.2,2024-10-26,super_lig
Kasimpasa,Samsunspor,1,4,A,2.62,3.25,2.7,2024-10-26,super_lig
Goztep,Trabzonspor,2,1,H,2.35,3.3,3.0,2024-10-26,super_lig
Leicester,Nott'm Forest,1,3,A,3.0,3.3,2.4,2024-10-25,premier_league
Portsmouth,Sheffield Weds,1,2,A,3.4,3.4,2.1,2024-10-25,championship
Espanol,Sevilla,0,2,A,3.0,3.25,2.4,2024-10-25,la_liga
Mainz,M'gladbach,1,1,D,2.3,3.75,2.8,2024-10-25,bundesliga
Udinese,Cagliari,2,0,H,2.2,3.3,3.3,2024-10-25,serie_a
Torino,Como,1,0,H,2.63,3.0,2.9,2024-10-25,serie_a
Rennes,Le Havre,1,0,H,1.45,4.0,7.5,2024-10-25,ligue_1
Almere City,Nijmegen,1,0,H,2.9,3.2,2.5,2024-10-25,eredivisie
Kortrijk,Beerschot VA,1,0,H,1.85,3.5,4.1,2024-10-25,pro_league
Casa Pia,Nacional,1,0,H,2.1,3.4,3.4,2024-10-25,primeira_liga
Santa Clara,Gil Vicente,2,1,H,2.1,3.1,3.9,2024-10-25,primeira_liga
Ad. Demirspor,Sivasspor,2,4,A,2.75,3.4,2.45,2024-10-25,super_lig
Blackburn,West Brom,0,0,D,2.7,3.4,2.5,2024-10-23,championship
Hull,Burnley,1,1,D,2.63,3.5,2.55,2024-10-23,championship
Luton,Sunderland,1,2,A,2.55,3.3,2.75,2024-10-23,championship
Millwall,Plymouth,1,0,H,1.57,4.1,5.25,2024-10-23,championship
Middlesbrough,Sheffield United,1,0,H,2.0,3.6,3.4,2024-10-23,championship
Cardiff,Portsmouth,2,0,H,1.91,3.4,4.2,2024-10-22,championship
Leeds,Watford,2,1,H,1.33,5.0,9.5,2024-10-22,championship
Oxford,Derby,1,1,D,2.55,3.25,2.75,2024-10-22,championship
Preston,Norwich,2,2,D,2.7,3.25,2.7,2024-10-22,championship
Sheffield Weds,Swansea,0,0,D,2.1,3.4,3.4,2024-10-22,championship
Stoke,Bristol City,2,2,D,2.38,3.4,2.9,2024-10-22,championship
QPR,Coventry,1,1,D,2.9,3.4,2.38,2024-10-22,championship
Nott'm Forest,Crystal Palace,1,0,H,2.3,3.5,3.0,2024-10-21,premier_league
Valencia,Las Palmas,2,3,A,1.62,3.8,5.5,2024-10-21,la_liga
Verona,Monza,0,3,A,2.3,3.0,3.5,2024-10-21,serie_a
Bodrumspor,Rizespor,0,1,A,2.38,3.2,3.1,2024-10-21,super_lig
Wolves,Man City,1,2,A,8.0,6.0,1.33,2024-10-20,premier_league
Liverpool,Chelsea,2,1,H,1.62,4.1,5.0,2024-10-20,premier_league
Hull,Sunderland,0,1,A,2.88,3.4,2.38,2024-10-20,championship
Mallorca,Vallecano,1,0,H,2.05,3.1,4.0,2024-10-20,la_liga
Ath Madrid,Leganes,3,1,H,1.33,4.75,10.0,2024-10-20,la_liga
Villarreal,Getafe,1,1,D,1.67,3.8,5.0,2024-10-20,la_liga
Barcelona,Sevilla,5,1,H,1.3,5.75,8.0,2024-10-20,la_liga
Holstein Kiel,Union Berlin,0,2,A,3.5,3.3,2.15,2024-10-20,bundesliga
Wolfsburg,Werder Bremen,2,4,A,2.1,3.6,3.3,2024-10-20,bundesliga
Empoli,Napoli,0,1,A,6.0,3.5,1.67,2024-10-20,serie_a
Lecce,Fiorentina,0,6,A,3.2,3.3,2.3,2024-10-20,serie_a
Venezia,Atalanta,0,2,A,5.5,4.0,1.62,2024-10-20,serie_a
Cagliari,Torino,3,2,H,2.8,3.1,2.7,2024-10-20,serie_a
Roma,Inter,0,1,A,4.2,3.7,1.85,2024-10-20,serie_a
Le Havre,Lyon,0,4,A,3.75,3.5,2.0,2024-10-20,ligue_1
Auxerre,Reims,2,1,H,2.63,3.4,2.6,2024-10-20,ligue_1
Nantes,Nice,1,1,D,3.25,3.1,2.38,2024-10-20,ligue_1
Toulouse,Angers,1,1,D,1.57,3.75,6.5,2024-10-20,ligue_1
Montpellier,Marseille,0,5,A,4.33,4.0,1.73,2024-10-20,ligue_1
Willem II,For Sittard,0,0,D,2.25,3.4,3.2,2024-10-20,eredivisie
Groningen,Utrecht,0,1,A,3.6,3.7,2.0,2024-10-20,eredivisie
Heracles,Ajax,3,4,A,6.25,5.0,1.45,2024-10-20,eredivisie
Zwolle,NAC Breda,1,2,A,1.91,3.5,4.1,2024-10-20,eredivisie
Genk,St Truiden,3,2,H,1.38,4.5,7.0,2024-10-20,pro_league
Oud-Heverlee Leuven,Antwerp,1,1,D,2.9,3.4,2.2,2024-10-20,pro_league
Standard,Charleroi,2,1,H,2.9,3.2,2.25,2024-10-20,pro_league
Mechelen,Kortrijk,3,0,H,1.73,3.9,4.1,2024-10-20,pro_league
Sivasspor,Hatayspor,3,2,H,2.15,3.4,3.25,2024-10-20,super_lig
Besiktas,Konyaspor,2,0,H,1.4,5.0,6.5,2024-10-20,super_lig
Alanyaspor,Kasimpasa,1,2,A,2.25,3.4,3.1,2024-10-20,super_lig
Samsunspor,Fenerbahce,2,2,D,4.2,3.5,1.85,2024-10-20,super_lig
Tottenham,West Ham,4,1,H,1.5,5.0,5.25,2024-10-19,premier_league
Fulham,Aston Villa,1,3,A,2.45,3.5,2.8,2024-10-19,premier_league
Ipswich,Everton,0,2,A,2.38,3.3,3.0,2024-10-19,premier_league
Man United,Brentford,2,1,H,1.7,4.2,4.5,2024-10-19,premier_league
Newcastle,Brighton,0,1,A,1.95,3.7,3.6,2024-10-19,premier_league
Southampton,Leicester,2,3,A,2.3,3.5,3.0,2024-10-19,premier_league
Bournemouth,Arsenal,2,0,H,5.0,3.9,1.65,2024-10-19,premier_league
Cardiff,Plymouth,5,0,H,2.05,3.5,3.5,2024-10-19,championship
Luton,Watford,3,0,H,2.0,3.2,4.0,2024-10-19,championship
Oxford,West Brom,1,1,D,3.9,3.5,1.95,2024-10-19,championship
Preston,Coventry,1,0,H,2.75,3.3,2.5,2024-10-19,championship
Blackburn,Swansea,1,0,H,2.1,3.4,3.4,2024-10-19,championship
Middlesbrough,Bristol City,0,2,A,1.7,3.8,4.75,2024-10-19,championship
Millwall,Derby,1,1,D,1.95,3.2,4.1,2024-10-19,championship
QPR,Portsmouth,1,2,A,1.85,3.6,4.2,2024-10-19,championship
Sheffield Weds,Burnley,0,2,A,2.7,3.25,2.6,2024-10-19,championship
Stoke,Norwich,1,1,D,2.55,3.4,2.63,2024-10-19,championship
Ath Bilbao,Espanol,4,1,H,1.45,4.2,7.5,2024-10-19,la_liga
Osasuna,Betis,1,2,A,2.5,3.4,2.7,2024-10-19,la_liga
Girona,Sociedad,0,1,A,2.4,3.4,2.88,2024-10-19,la_liga
Celta,Real Madrid,1,2,A,4.75,4.5,1.6,2024-10-19,la_liga
Freiburg,Augsburg,3,1,H,1.73,3.75,4.75,2024-10-19,bundesliga
Hoffenheim,Bochum,3,1,H,1.7,4.5,4.2,2024-10-19,bundesliga
Leverkusen,Ein Frankfurt,2,1,H,1.44,4.75,6.5,2024-10-19,bundesliga
Mainz,RB Leipzig,0,2,A,3.9,3.8,1.85,2024-10-19,bundesliga
M'gladbach,Heidenheim,3,2,H,1.85,3.7,4.1,2024-10-19,bundesliga
Bayern Munich,Stuttgart,4,0,H,1.36,5.25,7.5,2024-10-19,bundesliga
Como,Parma,1,1,D,1.95,3.6,3.8,2024-10-19,serie_a
Genoa,Bologna,2,2,D,3.75,3.1,2.15,2024-10-19,serie_a
Milan,Udinese,1,0,H,1.38,4.75,8.5,2024-10-19,serie_a
Juventus,Lazio,1,0,H,2.05,3.3,3.8,2024-10-19,serie_a
Brest,Rennes,1,1,D,2.9,3.25,2.5,2024-10-19,ligue_1
St Etienne,Lens,0,2,A,5.25,3.75,1.67,2024-10-19,ligue_1
Paris SG,Strasbourg,4,2,H,1.27,5.75,10.0,2024-10-19,ligue_1
Sparta Rotterdam,Almere City,2,2,D,1.55,4.33,5.5,2024-10-19,eredivisie
AZ Alkmaar,PSV Eindhoven,1,2,A,4.33,4.0,1.75,2024-10-19,eredivisie
Nijmegen,Heerenveen,3,0,H,1.91,3.75,3.8,2024-10-19,eredivisie
Waalwijk,Twente,2,2,D,6.5,5.5,1.4,2024-10-19,eredivisie
Go Ahead Eagles,Feyenoord,1,5,A,4.5,4.5,1.65,2024-10-19,eredivisie
Westerlo,Club Brugge,1,2,A,3.9,4.0,1.7,2024-10-19,pro_league
Cercle Brugge,Dender,0,0,D,1.75,3.7,4.1,2024-10-19,pro_league
St. Gilloise,Gent,0,0,D,1.62,3.8,4.75,2024-10-19,pro_league
Kayserispor,Gaziantep,2,2,D,2.15,3.5,3.2,2024-10-19,super_lig
Trabzonspor,Buyuksehyr,1,0,H,2.0,3.5,3.6,2024-10-19,super_lig
Antalyaspor,Galatasaray,0,3,A,6.5,5.25,1.38,2024-10-19,super_lig
Eyupspor,Goztep,1,0,H,2.15,3.5,3.2,2024-10-19,super_lig
Leeds,Sheffield United,2,0,H,1.9,3.6,3.8,2024-10-18,championship
Alaves,Valladolid,2,3,A,1.62,3.9,5.75,2024-10-18,la_liga
Dortmund,St Pauli,2,1,H,1.3,5.25,9.5,2024-10-18,bundesliga
Monaco,Lille,0,0,D,1.91,3.6,3.8,2024-10-18,ligue_1
Beerschot VA,Anderlecht,2,1,H,5.25,4.33,1.48,2024-10-18,pro_league
Aston Villa,Man United,0,0,D,2.2,3.75,3.0,2024-10-06,premier_league
Chelsea,Nott'm Forest,1,1,D,1.48,4.5,6.5,2024-10-06,premier_league
Brighton,Tottenham,3,2,H,2.9,4.0,2.2,2024-10-06,premier_league
Bristol City,Cardiff,1,1,D,1.75,3.9,4.2,2024-10-06,championship
Girona,Ath Bilbao,2,1,H,2.35,3.3,3.1,2024-10-06,la_liga
Alaves,Barcelona,0,3,A,5.25,4.5,1.57,2024-10-06,la_liga
Sevilla,Betis,1,0,H,2.45,3.2,3.0,2024-10-06,la_liga
Sociedad,Ath Madrid,1,1,D,3.3,3.2,2.3,2024-10-06,la_liga
Heidenheim,RB Leipzig,0,1,A,4.5,4.33,1.67,2024-10-06,bundesliga
Ein Frankfurt,Bayern Munich,3,3,D,5.5,4.5,1.53,2024-10-06,bundesliga
Stuttgart,Hoffenheim,1,1,D,1.3,6.0,8.0,2024-10-06,bundesliga
Juventus,Cagliari,1,1,D,1.38,5.0,8.0,2024-10-06,serie_a
Bologna,Parma,0,0,D,1.8,3.7,4.33,2024-10-06,serie_a
Lazio,Empoli,2,1,H,1.57,4.0,6.0,2024-10-06,serie_a
Monza,Roma,1,1,D,4.2,3.4,1.91,2024-10-06,serie_a
Fiorentina,Milan,2,1,H,3.1,3.6,2.2,2024-10-06,serie_a
Lyon,Nantes,2,0,H,1.75,3.6,4.75,2024-10-06,ligue_1
Brest,Le Havre,2,0,H,1.8,3.6,4.5,2024-10-06,ligue_1
Reims,Montpellier,4,2,H,1.8,3.8,4.33,2024-10-06,ligue_1
Strasbourg,Lens,2,2,D,3.0,3.3,2.4,2024-10-06,ligue_1
Nice,Paris SG,1,1,D,4.75,4.0,1.7,2024-10-06,ligue_1
Go Ahead Eagles,Heracles,4,1,H,1.62,4.2,5.0,2024-10-06,eredivisie
Feyenoord,Twente,2,1,H,1.6,4.33,5.25,2024-10-06,eredivisie
Heerenveen,Zwolle,1,1,D,1.65,4.1,5.0,2024-10-06,eredivisie
Ajax,Groningen,3,1,H,1.36,5.25,8.0,2024-10-06,eredivisie
For Sittard,AZ Alkmaar,1,0,H,6.25,3.8,1.57,2024-10-06,eredivisie
Anderlecht,Standard,3,0,H,1.55,4.1,5.75,2024-10-06,pro_league
Antwerp,Cercle Brugge,3,0,H,1.65,4.0,4.75,2024-10-06,pro_league
Club Brugge,St. Gilloise,1,1,D,1.91,3.6,3.75,2024-10-06,pro_league
St Truiden,Gent,1,1,D,3.3,3.7,2.05,2024-10-06,pro_league
Farense,Estoril,1,0,H,2.25,3.4,3.1,2024-10-06,primeira_liga
Guimaraes,Boavista,2,2,D,1.42,4.2,8.5,2024-10-06,primeira_liga
Porto,Sp Braga,2,1,H,1.6,3.75,6.0,2024-10-06,primeira_liga
Konyaspor,Eyupspor,2,1,H,2.2,3.2,3.4,2024-10-06,super_lig
Ad. Demirspor,Samsunspor,1,3,A,4.75,3.8,1.7,2024-10-06,super_lig
Galatasaray,Alanyaspor,1,0,H,1.3,6.0,8.0,2024-10-06,super_lig
Gaziantep,Besiktas,1,1,D,5.0,3.8,1.67,2024-10-06,super_lig
Crystal Palace,Liverpool,0,1,A,6.0,4.5,1.5,2024-10-05,premier_league
Arsenal,Southampton,3,1,H,1.14,9.0,17.0,2024-10-05,premier_league
Brentford,Wolves,5,3,H,2.05,3.6,3.4,2024-10-05,premier_league
Leicester,Bournemouth,1,0,H,3.1,3.75,2.15,2024-10-05,premier_league
Man City,Fulham,3,2,H,1.25,7.0,9.5,2024-10-05,premier_league
West Ham,Ipswich,4,1,H,1.8,3.8,4.33,2024-10-05,premier_league
Everton,Newcastle,0,0,D,3.2,3.6,2.2,2024-10-05,premier_league
Burnley,Preston,0,0,D,1.67,3.8,5.0,2024-10-05,championship
Norwich,Hull,4,0,H,1.95,3.6,3.75,2024-10-05,championship
Portsmouth,Oxford,1,1,D,2.45,3.4,2.75,2024-10-05,championship
Coventry,Sheffield Weds,1,2,A,1.85,3.5,4.2,2024-10-05,championship
Derby,QPR,2,0,H,2.2,3.5,3.1,2024-10-05,championship
Plymouth,Blackburn,2,1,H,3.1,3.7,2.1,2024-10-05,championship
Sheffield United,Luton,2,0,H,1.9,3.7,3.9,2024-10-05,championship
Swansea,Stoke,0,0,D,2.2,3.5,3.1,2024-10-05,championship
Watford,Middlesbrough,2,1,H,3.5,3.8,1.95,2024-10-05,championship
West Brom,Millwall,0,0,D,1.91,3.4,4.0,2024-10-05,championship
Espanol,Mallorca,2,1,H,3.1,3.0,2.55,2024-10-05,la_liga
Getafe,Osasuna,1,1,D,2.2,2.9,3.9,2024-10-05,la_liga
Las Palmas,Celta,0,1,A,3.1,3.5,2.25,2024-10-05,la_liga
Valladolid,Vallecano,1,2,A,3.1,3.0,2.5,2024-10-05,la_liga
Real Madrid,Villarreal,2,0,H,1.27,6.25,8.5,2024-10-05,la_liga
Bochum,Wolfsburg,1,3,A,3.0,3.7,2.2,2024-10-05,bundesliga
Leverkusen,Holstein Kiel,2,2,D,1.09,11.0,21.0,2024-10-05,bundesliga
Union Berlin,Dortmund,2,1,H,3.3,3.5,2.15,2024-10-05,bundesliga
Werder Bremen,Freiburg,0,1,A,2.6,3.5,2.6,2024-10-05,bundesliga
St Pauli,Mainz,0,3,A,2.4,3.3,2.9,2024-10-05,bundesliga
Udinese,Lecce,1,0,H,2.2,3.3,3.3,2024-10-05,serie_a
Atalanta,Genoa,5,1,H,1.45,4.75,6.5,2024-10-05,serie_a
Inter,Torino,3,2,H,1.3,5.0,11.0,2024-10-05,serie_a
St Etienne,Auxerre,3,1,H,2.7,3.4,2.6,2024-10-05,ligue_1
Lille,Toulouse,2,1,H,1.73,4.1,4.5,2024-10-05,ligue_1
Rennes,Monaco,1,2,A,2.7,3.5,2.55,2024-10-05,ligue_1
NAC Breda,Nijmegen,1,0,H,2.88,3.4,2.5,2024-10-05,eredivisie
PSV Eindhoven,Sparta Rotterdam,2,1,H,1.17,8.0,13.0,2024-10-05,eredivisie
Utrecht,Waalwijk,3,2,H,1.38,4.75,8.0,2024-10-05,eredivisie
Mechelen,Oud-Heverlee Leuven,5,0,H,2.15,3.6,3.1,2024-10-05,pro_league
Kortrijk,Genk,2,1,H,6.0,4.75,1.45,2024-10-05,pro_league
Dender,Charleroi,1,0,H,3.2,3.4,2.2,2024-10-05,pro_league
Gil Vicente,Estrela,3,0,H,1.85,3.5,4.2,2024-10-05,primeira_liga
Moreirense,Santa Clara,1,0,H,2.4,3.25,2.88,2024-10-05,primeira_liga
Arouca,AVS,1,1,D,2.05,3.5,3.3,2024-10-05,primeira_liga
Sp Lisbon,Casa Pia,2,0,H,1.13,10.0,13.0,2024-10-05,primeira_liga
Kasimpasa,Bodrumspor,0,0,D,1.95,3.4,4.0,2024-10-05,super_lig
Goztep,Sivasspor,3,2,H,1.75,3.6,4.5,2024-10-05,super_lig
Buyuksehyr,Kayserispor,1,1,D,1.57,4.0,5.75,2024-10-05,super_lig
Hatayspor,Trabzonspor,1,1,D,3.75,3.3,2.05,2024-10-05,super_lig
Sunderland,Leeds,2,2,D,3.0,3.2,2.4,2024-10-04,championship
Leganes,Valencia,0,0,D,2.9,2.88,2.8,2024-10-04,la_liga
Augsburg,M'gladbach,2,1,H,2.38,3.7,2.7,2024-10-04,bundesliga
Napoli,Como,3,1,H,1.45,4.33,7.0,2024-10-04,serie_a
Verona,Venezia,2,1,H,2.5,3.2,2.9,2024-10-04,serie_a
Marseille,Angers,1,1,D,1.25,6.0,12.0,2024-10-04,ligue_1
Almere City,Willem II,0,1,A,2.7,3.2,2.75,2024-10-04,eredivisie
Westerlo,Beerschot VA,2,2,D,1.36,5.0,7.5,2024-10-04,pro_league
Rio Ave,Famalicao,1,1,D,2.9,3.0,2.6,2024-10-04,primeira_liga
Rizespor,Antalyaspor,2,1,H,1.73,3.8,4.33,2024-10-04,super_lig
Preston,Watford,3,0,H,2.45,3.3,2.75,2024-10-02,championship
Sheffield United,Swansea,1,0,H,1.73,3.75,4.5,2024-10-02,championship
Stoke,Portsmouth,6,1,H,1.8,3.6,4.33,2024-10-02,championship
Bristol City,Sheffield Weds,0,0,D,2.15,3.5,3.2,2024-10-02,championship
Burnley,Plymouth,1,0,H,1.42,4.75,6.5,2024-10-01,championship
Cardiff,Millwall,1,0,H,3.0,3.2,2.4,2024-10-01,championship
Coventry,Blackburn,3,0,H,2.15,3.25,3.5,2024-10-01,championship
Luton,Oxford,2,2,D,1.67,3.9,4.5,2024-10-01,championship
Norwich,Leeds,1,1,D,3.9,3.4,1.95,2024-10-01,championship
QPR,Hull,1,3,A,2.45,3.4,2.8,2024-10-01,championship
Sunderland,Derby,2,0,H,1.67,3.9,4.75,2024-10-01,championship
West Brom,Middlesbrough,0,1,A,2.4,3.4,2.8,2024-10-01,championship
Bournemouth,Southampton,3,1,H,1.65,4.1,5.0,2024-09-30,premier_league
Villarreal,Las Palmas,3,1,H,1.45,4.33,6.5,2024-09-30,la_liga
Parma,Cagliari,2,3,A,2.1,3.6,3.4,2024-09-30,serie_a
AVS,Farense,0,0,D,1.91,3.5,4.0,2024-09-30,primeira_liga
Kayserispor,Besiktas,0,3,A,5.0,4.0,1.62,2024-09-30,super_lig
Ipswich,Aston Villa,2,2,D,4.0,3.75,1.85,2024-09-29,premier_league
Man United,Tottenham,0,3,A,2.35,3.75,2.75,2024-09-29,premier_league
Swansea,Bristol City,1,1,D,2.3,3.7,2.8,2024-09-29,championship
Celta,Girona,1,1,D,2.1,3.6,3.25,2024-09-29,la_liga
Ath Bilbao,Sevilla,1,1,D,1.7,3.7,5.0,2024-09-29,la_liga
Betis,Espanol,1,0,H,1.65,3.4,5.75,2024-09-29,la_liga
Ath Madrid,Real Madrid,1,1,D,2.8,3.3,2.5,2024-09-29,la_liga
Holstein Kiel,Ein Frankfurt,2,4,A,4.2,4.2,1.73,2024-09-29,bundesliga
Hoffenheim,Werder Bremen,3,4,A,2.38,3.8,2.7,2024-09-29,bundesliga
Torino,Lazio,2,3,A,2.9,3.1,2.55,2024-09-29,serie_a
Como,Verona,3,2,H,2.1,3.4,3.6,2024-09-29,serie_a
Roma,Venezia,2,1,H,1.4,4.75,8.0,2024-09-29,serie_a
Empoli,Fiorentina,0,0,D,3.4,3.3,2.2,2024-09-29,serie_a
Napoli,Monza,2,0,H,1.36,5.0,8.5,2024-09-29,serie_a
Toulouse,Lyon,1,2,A,2.45,3.4,2.88,2024-09-29,ligue_1
Angers,Reims,1,3,A,3.6,3.2,2.2,2024-09-29,ligue_1
Nantes,St Etienne,2,2,D,1.73,3.8,4.75,2024-09-29,ligue_1
Strasbourg,Marseille,1,0,H,3.4,3.9,2.0,2024-09-29,ligue_1
Zwolle,Almere City,1,0,H,2.0,3.6,3.6,2024-09-29,eredivisie
Groningen,Go Ahead Eagles,0,1,A,2.2,3.6,3.1,2024-09-29,eredivisie
Twente,NAC Breda,1,0,H,1.2,8.5,9.5,2024-09-29,eredivisie
Waalwijk,Ajax,0,2,A,6.5,5.75,1.38,2024-09-29,eredivisie
AZ Alkmaar,Utrecht,1,2,A,1.62,4.1,5.25,2024-09-29,eredivisie
Antwerp,Beerschot VA,5,0,H,1.27,5.75,9.0,2024-09-29,pro_league
St. Gilloise,Kortrijk,3,0,H,1.38,4.33,8.0,2024-09-29,pro_league
Gent,Oud-Heverlee Leuven,3,0,H,1.75,3.9,3.8,2024-09-29,pro_league
Cercle Brugge,St Truiden,1,1,D,1.65,3.75,4.5,2024-09-29,pro_league
Famalicao,Nacional,0,0,D,1.6,3.75,5.75,2024-09-29,primeira_liga
Porto,Arouca,4,0,H,1.2,6.25,15.0,2024-09-29,primeira_liga
Santa Clara,Boavista,1,0,H,1.57,4.0,5.5,2024-09-29,primeira_liga
Sp Braga,Rio Ave,4,0,H,1.36,4.75,8.0,2024-09-29,primeira_liga
Eyupspor,Gaziantep,3,2,H,1.9,3.5,4.1,2024-09-29,super_lig
Trabzonspor,Konyaspor,3,2,H,1.85,3.4,4.33,2024-09-29,super_lig
Antalyaspor,Fenerbahce,0,2,A,7.0,4.75,1.4,2024-09-29,super_lig
Bodrumspor,Ad. Demirspor,3,1,H,1.75,3.7,4.5,2024-09-29,super_lig
Newcastle,Man City,1,1,D,5.25,4.33,1.6,2024-09-28,premier_league
Arsenal,Leicester,4,2,H,1.17,8.0,15.0,2024-09-28,premier_league
Brentford,West Ham,1,1,D,2.2,3.5,3.2,2024-09-28,premier_league
Chelsea,Brighton,4,2,H,1.73,4.2,4.2,2024-09-28,premier_league
Everton,Crystal Palace,2,1,H,2.7,3.3,2.63,2024-09-28,premier_league
Nott'm Forest,Fulham,0,1,A,2.38,3.3,3.0,2024-09-28,premier_league
Wolves,Liverpool,1,2,A,8.0,5.75,1.33,2024-09-28,premier_league
Blackburn,QPR,2,0,H,2.0,3.6,3.4,2024-09-28,championship
Derby,Norwich,2,3,A,2.63,3.6,2.5,2024-09-28,championship
Sheffield Weds,West Brom,3,2,H,3.0,3.4,2.3,2024-09-28,championship
Hull,Cardiff,4,1,H,1.85,4.1,3.5,2024-09-28,championship
Leeds,Coventry,3,0,H,1.55,4.5,5.0,2024-09-28,championship
Middlesbrough,Stoke,2,0,H,1.6,4.0,5.0,2024-09-28,championship
Millwall,Preston,3,1,H,1.9,3.5,4.0,2024-09-28,championship
Oxford,Burnley,0,0,D,3.4,3.75,2.0,2024-09-28,championship
Portsmouth,Sheffield United,0,0,D,3.75,3.9,1.85,2024-09-28,championship
Watford,Sunderland,2,1,H,2.75,3.6,2.35,2024-09-28,championship
Getafe,Alaves,2,0,H,2.55,2.88,3.1,2024-09-28,la_liga
Vallecano,Leganes,1,1,D,1.9,3.0,5.0,2024-09-28,la_liga
Sociedad,Valencia,3,0,H,1.85,3.25,4.75,2024-09-28,la_liga
Osasuna,Barcelona,4,2,H,7.0,4.5,1.45,2024-09-28,la_liga
Freiburg,St Pauli,0,3,A,1.62,4.0,5.5,2024-09-28,bundesliga
Mainz,Heidenheim,0,2,A,1.83,3.75,4.2,2024-09-28,bundesliga
M'gladbach,Union Berlin,1,0,H,2.1,3.5,3.4,2024-09-28,bundesliga
RB Leipzig,Augsburg,4,0,H,1.4,5.25,6.5,2024-09-28,bundesliga
Wolfsburg,Stuttgart,2,2,D,3.2,3.9,2.05,2024-09-28,bundesliga
Bayern Munich,Leverkusen,1,1,D,1.73,4.33,4.2,2024-09-28,bundesliga
Udinese,Inter,2,3,A,7.0,4.33,1.48,2024-09-28,serie_a
Genoa,Juventus,0,3,A,5.5,3.5,1.7,2024-09-28,serie_a
Bologna,Atalanta,1,1,D,3.0,3.3,2.4,2024-09-28,serie_a
Lens,Nice,0,0,D,2.05,3.4,3.75,2024-09-28,ligue_1
Le Havre,Lille,0,3,A,4.75,3.7,1.75,2024-09-28,ligue_1
Monaco,Montpellier,2,1,H,1.33,5.5,7.5,2024-09-28,ligue_1
Willem II,PSV Eindhoven,0,2,A,10.0,7.0,1.22,2024-09-28,eredivisie
Nijmegen,Feyenoord,1,1,D,5.75,4.33,1.55,2024-09-28,eredivisie
Sparta Rotterdam,For Sittard,1,1,D,1.75,3.7,4.75,2024-09-28,eredivisie
Genk,Mechelen,2,1,H,1.53,4.33,5.25,2024-09-28,pro_league
Standard,Westerlo,1,2,A,2.63,3.3,2.6,2024-09-28,pro_league
Dender,Anderlecht,1,1,D,3.2,3.4,2.15,2024-09-28,pro_league
Estrela,Moreirense,2,1,H,2.9,3.2,2.45,2024-09-28,primeira_liga
Casa Pia,Guimaraes,1,1,D,3.9,3.25,2.0,2024-09-28,primeira_liga
Benfica,Gil Vicente,5,1,H,1.2,7.0,11.0,2024-09-28,primeira_liga
Samsunspor,Goztep,4,3,H,1.95,3.3,3.9,2024-09-28,super_lig
Alanyaspor,Rizespor,1,0,H,2.05,3.4,3.5,2024-09-28,super_lig
Galatasaray,Kasimpasa,3,3,D,1.27,6.5,8.0,2024-09-28,super_lig
Plymouth,Luton,3,1,H,4.0,3.7,1.85,2024-09-27,championship
Valladolid,Mallorca,1,2,A,3.0,2.9,2.63,2024-09-27,la_liga
Dortmund,Bochum,4,2,H,1.25,7.0,9.0,2024-09-27,bundesliga
Milan,Lecce,3,0,H,1.33,5.75,8.0,2024-09-27,serie_a
Auxerre,Brest,3,0,H,2.75,3.4,2.55,2024-09-27,ligue_1
Paris SG,Rennes,3,1,H,1.38,5.25,7.5,2024-09-27,ligue_1
Heracles,Heerenveen,2,1,H,2.88,3.6,2.38,2024-09-27,eredivisie
Charleroi,Club Brugge,1,1,D,3.6,3.75,1.9,2024-09-27,pro_league
Estoril,Sp Lisbon,0,3,A,13.0,7.5,1.17,2024-09-27,primeira_liga
Sivasspor,Buyuksehyr,1,2,A,2.8,3.25,2.5,2024-09-27,super_lig
Espanol,Villarreal,1,2,A,3.25,3.5,2.15,2024-09-26,la_liga
Las Palmas,Betis,1,1,D,3.1,3.1,2.38,2024-09-26,la_liga
Celta,Ath Madrid,0,1,A,3.8,3.7,1.91,2024-09-26,la_liga
Cercle Brugge,Gent,2,1,H,2.63,3.6,2.38,2024-09-26,pro_league
Girona,Vallecano,0,0,D,1.73,3.7,4.5,2024-09-25,la_liga
Barcelona,Getafe,1,0,H,1.25,6.25,10.0,2024-09-25,la_liga
Sevilla,Valladolid,2,1,H,1.65,3.8,5.5,2024-09-24,la_liga
Valencia,Osasuna,0,0,D,2.0,3.1,4.0,2024-09-24,la_liga
Real Madrid,Alaves,3,2,H,1.2,6.5,13.0,2024-09-24,la_liga
Atalanta,Como,2,3,A,1.44,4.5,7.0,2024-09-24,serie_a
Betis,Mallorca,1,2,A,1.85,3.3,4.75,2024-09-23,la_liga
Boavista,Benfica,0,3,A,11.0,6.0,1.25,2024-09-23,primeira_liga
Gaziantep,Trabzonspor,0,0,D,3.3,3.4,2.15,2024-09-23,super_lig
Goztep,Kayserispor,3,0,H,1.83,3.7,4.2,2024-09-23,super_lig
Brighton,Nott'm Forest,2,2,D,1.75,3.75,4.75,2024-09-22,premier_league
Man City,Arsenal,2,2,D,1.8,3.6,4.5,2024-09-22,premier_league
Preston,Blackburn,0,0,D,2.63,3.3,2.55,2024-09-22,championship
Getafe,Leganes,1,1,D,2.05,2.8,4.75,2024-09-22,la_liga
Ath Bilbao,Celta,3,1,H,1.7,3.7,5.25,2024-09-22,la_liga
Villarreal,Barcelona,1,5,A,3.9,3.9,1.85,2024-09-22,la_liga
Vallecano,Ath Madrid,1,1,D,5.0,3.4,1.8,2024-09-22,la_liga
Leverkusen,Wolfsburg,4,3,H,1.3,5.75,8.0,2024-09-22,bundesliga
Stuttgart,Dortmund,5,1,H,2.3,3.75,2.9,2024-09-22,bundesliga
St Pauli,RB Leipzig,0,0,D,5.75,3.9,1.62,2024-09-22,bundesliga
Fiorentina,Lazio,2,1,H,2.25,3.4,3.2,2024-09-22,serie_a
Monza,Bologna,1,2,A,3.3,3.1,2.4,2024-09-22,serie_a
Roma,Udinese,3,0,H,1.62,4.2,5.25,2024-09-22,serie_a
Inter,Milan,1,2,A,1.65,4.0,5.25,2024-09-22,serie_a
Monaco,Le Havre,3,1,H,1.36,4.75,8.5,2024-09-22,ligue_1
Angers,Nantes,1,1,D,3.2,3.3,2.3,2024-09-22,ligue_1
Brest,Toulouse,2,0,H,2.15,3.5,3.4,2024-09-22,ligue_1
Montpellier,Auxerre,3,2,H,2.3,3.3,3.2,2024-09-22,ligue_1
Lyon,Marseille,2,3,A,2.9,3.8,2.2,2024-09-22,ligue_1
Heerenveen,Groningen,2,1,H,2.5,3.6,2.7,2024-09-22,eredivisie
Almere City,Twente,0,5,A,5.5,5.0,1.5,2024-09-22,eredivisie
Feyenoord,NAC Breda,2,0,H,1.14,8.5,17.0,2024-09-22,eredivisie
For Sittard,PSV Eindhoven,1,3,A,11.0,6.5,1.22,2024-09-22,eredivisie
Club Brugge,Gent,2,4,A,1.5,4.1,5.25,2024-09-22,pro_league
Mechelen,Cercle Brugge,2,0,H,2.5,3.6,2.45,2024-09-22,pro_league
Genk,Dender,4,0,H,1.48,4.33,5.0,2024-09-22,pro_league
Oud-Heverlee Leuven,Kortrijk,1,1,D,1.8,3.4,4.2,2024-09-22,pro_league
Gil Vicente,Casa Pia,1,1,D,2.1,3.1,3.8,2024-09-22,primeira_liga
Farense,Arouca,0,1,A,2.7,3.1,2.7,2024-09-22,primeira_liga
Sp Lisbon,AVS,3,0,H,1.07,12.0,23.0,2024-09-22,primeira_liga
Kasimpasa,Antalyaspor,0,0,D,1.9,3.75,3.8,2024-09-22,super_lig
Rizespor,Samsunspor,0,1,A,2.3,3.5,2.9,2024-09-22,super_lig
Ad. Demirspor,Alanyaspor,0,2,A,3.0,3.5,2.25,2024-09-22,super_lig
Besiktas,Eyupspor,2,1,H,1.44,4.75,6.0,2024-09-22,super_lig
West Ham,Chelsea,0,3,A,3.6,3.9,1.95,2024-09-21,premier_league
Aston Villa,Wolves,3,1,H,1.57,4.2,5.25,2024-09-21,premier_league
Fulham,Newcastle,3,1,H,3.0,3.4,2.4,2024-09-21,premier_league
Leicester,Everton,1,1,D,2.45,3.4,2.88,2024-09-21,premier_league
Liverpool,Bournemouth,3,0,H,1.3,6.25,9.0,2024-09-21,premier_league
Southampton,Ipswich,1,1,D,2.25,3.5,3.2,2024-09-21,premier_league
Tottenham,Brentford,3,1,H,1.55,4.5,5.5,2024-09-21,premier_league
Crystal Palace,Man United,0,0,D,2.88,3.75,2.3,2024-09-21,premier_league
Norwich,Watford,4,1,H,2.15,3.5,3.2,2024-09-21,championship
QPR,Millwall,1,1,D,2.3,3.4,3.1,2024-09-21,championship
Sunderland,Middlesbrough,1,0,H,2.4,3.4,2.8,2024-09-21,championship
Bristol City,Oxford,2,1,H,1.75,3.6,4.75,2024-09-21,championship
Burnley,Portsmouth,2,1,H,1.48,4.2,7.0,2024-09-21,championship
Cardiff,Leeds,0,2,A,5.25,4.0,1.62,2024-09-21,championship
Coventry,Swansea,1,2,A,1.7,3.6,5.0,2024-09-21,championship
Luton,Sheffield Weds,2,1,H,1.9,3.5,4.0,2024-09-21,championship
Sheffield United,Derby,1,0,H,1.57,4.1,5.5,2024-09-21,championship
West Brom,Plymouth,1,0,H,1.38,4.5,8.0,2024-09-21,championship
Valladolid,Sociedad,0,0,D,3.9,3.0,2.2,2024-09-21,la_liga
Osasuna,Las Palmas,2,1,H,1.9,3.4,4.2,2024-09-21,la_liga
Valencia,Girona,2,0,H,2.88,3.3,2.5,2024-09-21,la_liga
Real Madrid,Espanol,4,1,H,1.17,7.0,19.0,2024-09-21,la_liga
Bochum,Holstein Kiel,2,2,D,1.91,3.5,4.0,2024-09-21,bundesliga
Heidenheim,Freiburg,0,3,A,2.7,3.5,2.55,2024-09-21,bundesliga
Union Berlin,Hoffenheim,2,1,H,2.0,3.6,3.7,2024-09-21,bundesliga
Werder Bremen,Bayern Munich,0,5,A,8.0,5.5,1.36,2024-09-21,bundesliga
Ein Frankfurt,M'gladbach,2,0,H,1.75,4.0,4.33,2024-09-21,bundesliga
Venezia,Genoa,2,0,H,3.25,3.2,2.35,2024-09-21,serie_a
Juventus,Napoli,0,0,D,2.2,3.4,3.3,2024-09-21,serie_a
Lecce,Parma,2,2,D,2.2,3.5,3.25,2024-09-21,serie_a
Lille,Strasbourg,3,3,D,1.7,4.0,4.75,2024-09-21,ligue_1
Rennes,Lens,1,1,D,2.35,3.4,3.0,2024-09-21,ligue_1
Reims,Paris SG,1,1,D,6.5,4.75,1.44,2024-09-21,ligue_1
Utrecht,Willem II,3,2,H,1.57,4.0,5.75,2024-09-21,eredivisie
Waalwijk,Sparta Rotterdam,1,2,A,3.4,3.7,2.05,2024-09-21,eredivisie
Go Ahead Eagles,Ajax,1,1,D,4.2,4.0,1.75,2024-09-21,eredivisie
Nijmegen,Heracles,1,2,A,1.57,4.33,5.5,2024-09-21,eredivisie
Beerschot VA,St Truiden,0,3,A,2.4,3.3,2.7,2024-09-21,pro_league
Westerlo,Antwerp,1,2,A,2.88,3.6,2.1,2024-09-21,pro_league
Anderlecht,Charleroi,0,0,D,1.95,3.4,3.5,2024-09-21,pro_league
Rio Ave,Estoril,2,2,D,1.91,3.4,4.1,2024-09-21,primeira_liga
Santa Clara,Estrela,1,0,H,1.75,3.5,5.0,2024-09-21,primeira_liga
Guimaraes,Porto,0,3,A,3.5,3.1,2.2,2024-09-21,primeira_liga
Moreirense,Famalicao,0,0,D,2.55,3.0,3.0,2024-09-21,primeira_liga
Konyaspor,Sivasspor,0,0,D,2.1,3.4,3.4,2024-09-21,super_lig
Fenerbahce,Galatasaray,1,3,A,2.15,3.4,3.25,2024-09-21,super_lig
Stoke,Hull,1,3,A,2.1,3.3,3.5,2024-09-20,championship
Alaves,Sevilla,2,1,H,2.15,3.1,3.7,2024-09-20,la_liga
Augsburg,Mainz,2,3,A,2.38,3.5,2.9,2024-09-20,bundesliga
Cagliari,Empoli,0,2,A,2.15,3.4,3.4,2024-09-20,serie_a
Verona,Torino,2,3,A,2.7,3.0,2.8,2024-09-20,serie_a
Nice,St Etienne,8,0,H,1.53,4.1,6.5,2024-09-20,ligue_1
Zwolle,AZ Alkmaar,1,2,A,6.5,5.0,1.42,2024-09-20,eredivisie
Standard,St. Gilloise,0,0,D,3.9,3.3,1.85,2024-09-20,pro_league
Nacional,Sp Braga,0,3,A,5.25,3.8,1.65,2024-09-20,primeira_liga
Hatayspor,Bodrumspor,0,1,A,2.63,3.1,2.8,2024-09-20,super_lig
Leganes,Ath Bilbao,0,2,A,3.75,3.2,2.05,2024-09-19,la_liga
Trabzonspor,Kayserispor,2,2,D,1.65,3.75,5.25,2024-09-19,super_lig
Betis,Getafe,2,1,H,1.91,3.0,5.0,2024-09-18,la_liga
Ajax,For Sittard,5,0,H,1.4,5.0,6.5,2024-09-18,eredivisie
Samsunspor,Buyuksehyr,2,0,H,2.4,3.2,3.0,2024-09-18,super_lig
Mallorca,Sociedad,1,0,H,2.9,2.75,3.0,2024-09-17,la_liga
Twente,Heerenveen,2,0,H,1.36,6.25,7.0,2024-09-17,eredivisie
Anderlecht,Genk,0,2,A,2.6,3.7,2.5,2024-09-17,pro_league
Galatasaray,Gaziantep,3,1,H,1.2,7.5,10.0,2024-09-17,super_lig
Vallecano,Osasuna,3,1,H,2.05,3.1,4.0,2024-09-16,la_liga
Parma,Udinese,2,3,A,2.25,3.4,3.2,2024-09-16,serie_a
Lazio,Verona,2,1,H,1.62,3.8,6.0,2024-09-16,serie_a
Estrela,Boavista,2,2,D,1.91,3.3,4.2,2024-09-16,primeira_liga
Antalyaspor,Ad. Demirspor,2,1,H,1.73,3.9,4.33,2024-09-16,super_lig
Tottenham,Arsenal,0,1,A,3.0,3.5,2.3,2024-09-15,premier_league
Wolves,Newcastle,1,2,A,3.4,3.5,2.1,2024-09-15,premier_league
Portsmouth,West Brom,0,3,A,4.0,3.5,1.9,2024-09-15,championship
Celta,Valladolid,3,1,H,1.67,3.75,5.5,2024-09-15,la_liga
Girona,Barcelona,1,4,A,4.2,3.8,1.8,2024-09-15,la_liga
Las Palmas,Ath Bilbao,2,3,A,3.8,3.4,2.0,2024-09-15,la_liga
Ath Madrid,Valencia,3,0,H,1.33,4.5,11.0,2024-09-15,la_liga
Augsburg,St Pauli,3,1,H,2.1,3.6,3.4,2024-09-15,bundesliga
Mainz,Werder Bremen,1,2,A,2.0,3.7,3.5,2024-09-15,bundesliga
Genoa,Roma,1,1,D,3.25,3.3,2.25,2024-09-15,serie_a
Atalanta,Fiorentina,3,2,H,1.8,3.6,4.5,2024-09-15,serie_a
Torino,Lecce,0,0,D,1.8,3.5,4.75,2024-09-15,serie_a
Cagliari,Napoli,0,4,A,4.33,3.75,1.8,2024-09-15,serie_a
Monza,Inter,1,1,D,8.0,4.75,1.4,2024-09-15,serie_a
Rennes,Montpellier,3,0,H,1.62,4.0,5.25,2024-09-15,ligue_1
Nantes,Reims,1,2,A,2.38,3.4,3.0,2024-09-15,ligue_1
Strasbourg,Angers,1,1,D,1.7,3.8,5.25,2024-09-15,ligue_1
Toulouse,Le Havre,2,0,H,1.8,3.6,4.5,2024-09-15,ligue_1
Lens,Lyon,0,0,D,1.8,3.75,4.33,2024-09-15,ligue_1
Sparta Rotterdam,Go Ahead Eagles,1,2,A,2.05,3.6,3.5,2024-09-15,eredivisie
Willem II,Waalwijk,3,0,H,1.91,3.6,4.0,2024-09-15,eredivisie
Heracles,Almere City,0,0,D,2.2,3.5,3.2,2024-09-15,eredivisie
Antwerp,St. Gilloise,2,0,H,2.35,3.5,2.88,2024-09-15,pro_league
St Truiden,Oud-Heverlee Leuven,2,1,H,2.9,3.4,2.35,2024-09-15,pro_league
Charleroi,Beerschot VA,3,0,H,1.6,4.1,5.25,2024-09-15,pro_league
Gent,Mechelen,2,0,H,1.67,4.0,4.75,2024-09-15,pro_league
Porto,Farense,2,1,H,1.14,7.5,21.0,2024-09-15,primeira_liga
Estoril,Nacional,1,0,H,2.3,3.3,3.1,2024-09-15,primeira_liga
Sp Braga,Guimaraes,0,2,A,2.0,3.6,3.5,2024-09-15,primeira_liga
Kasimpasa,Fenerbahce,0,2,A,5.5,5.0,1.48,2024-09-15,super_lig
Kayserispor,Eyupspor,2,2,D,3.0,3.5,2.25,2024-09-15,super_lig
Alanyaspor,Hatayspor,0,0,D,1.75,3.75,4.5,2024-09-15,super_lig
Trabzonspor,Besiktas,1,1,D,3.3,3.5,2.1,2024-09-15,super_lig
Southampton,Man United,0,3,A,4.5,4.0,1.7,2024-09-14,premier_league
Brighton,Ipswich,0,0,D,1.38,5.0,7.5,2024-09-14,premier_league
Crystal Palace,Leicester,2,2,D,1.62,4.0,5.5,2024-09-14,premier_league
Fulham,West Ham,1,1,D,2.38,3.25,3.0,2024-09-14,premier_league
Liverpool,Nott'm Forest,0,1,A,1.22,6.5,12.0,2024-09-14,premier_league
Man City,Brentford,2,1,H,1.18,8.0,12.0,2024-09-14,premier_league
Aston Villa,Everton,3,2,H,1.5,4.2,6.5,2024-09-14,premier_league
Bournemouth,Chelsea,0,1,A,3.4,3.8,2.0,2024-09-14,premier_league
Leeds,Burnley,0,1,A,1.73,3.8,4.75,2024-09-14,championship
Millwall,Luton,0,1,A,2.63,3.3,2.63,2024-09-14,championship
Oxford,Stoke,1,0,H,3.1,3.4,2.25,2024-09-14,championship
Blackburn,Bristol City,3,0,H,2.05,3.4,3.4,2024-09-14,championship
Derby,Cardiff,1,0,H,2.35,3.4,3.0,2024-09-14,championship
Middlesbrough,Preston,1,1,D,1.45,4.2,7.0,2024-09-14,championship
Plymouth,Sunderland,3,2,H,4.5,3.6,1.75,2024-09-14,championship
Sheffield Weds,QPR,1,1,D,2.3,3.3,3.2,2024-09-14,championship
Swansea,Norwich,1,0,H,2.3,3.3,3.0,2024-09-14,championship
Watford,Coventry,1,1,D,2.6,3.4,2.7,2024-09-14,championship
Mallorca,Villarreal,1,2,A,2.45,3.4,2.88,2024-09-14,la_liga
Espanol,Alaves,3,2,H,2.63,3.2,2.8,2024-09-14,la_liga
Sevilla,Getafe,1,0,H,2.2,3.0,3.7,2024-09-14,la_liga
Sociedad,Real Madrid,0,2,A,4.75,3.9,1.67,2024-09-14,la_liga
Freiburg,Bochum,2,1,H,1.7,3.9,5.0,2024-09-14,bundesliga
Hoffenheim,Leverkusen,1,4,A,5.75,4.5,1.48,2024-09-14,bundesliga
M'gladbach,Stuttgart,1,3,A,2.75,4.0,2.3,2024-09-14,bundesliga
RB Leipzig,Union Berlin,0,0,D,1.48,4.5,6.5,2024-09-14,bundesliga
Wolfsburg,Ein Frankfurt,1,2,A,2.63,3.6,2.5,2024-09-14,bundesliga
Holstein Kiel,Bayern Munich,1,6,A,11.0,7.0,1.22,2024-09-14,bundesliga
Como,Bologna,2,2,D,3.0,3.25,2.45,2024-09-14,serie_a
Empoli,Juventus,0,0,D,5.25,3.6,1.7,2024-09-14,serie_a
Milan,Venezia,4,0,H,1.3,5.75,9.0,2024-09-14,serie_a
Marseille,Nice,2,0,H,1.7,3.9,4.5,2024-09-14,ligue_1
Auxerre,Monaco,0,3,A,3.9,3.75,1.85,2024-09-14,ligue_1
Paris SG,Brest,3,1,H,1.27,6.0,10.0,2024-09-14,ligue_1
PSV Eindhoven,Nijmegen,2,0,H,1.13,9.0,19.0,2024-09-14,eredivisie
Twente,Zwolle,1,1,D,1.29,6.0,9.0,2024-09-14,eredivisie
Groningen,Feyenoord,2,2,D,6.25,4.75,1.45,2024-09-14,eredivisie
NAC Breda,For Sittard,1,0,H,2.9,3.6,2.3,2024-09-14,eredivisie
AZ Alkmaar,Heerenveen,9,1,H,1.42,4.75,7.5,2024-09-14,eredivisie
Cercle Brugge,Genk,2,3,A,2.75,3.6,2.4,2024-09-14,pro_league
Kortrijk,Club Brugge,0,3,A,6.0,4.5,1.45,2024-09-14,pro_league
Anderlecht,Westerlo,2,2,D,1.7,3.8,4.5,2024-09-14,pro_league
Casa Pia,Moreirense,3,1,H,2.7,3.0,2.8,2024-09-14,primeira_liga
AVS,Rio Ave,1,0,H,2.7,3.1,2.75,2024-09-14,primeira_liga
Benfica,Santa Clara,4,1,H,1.25,6.0,10.0,2024-09-14,primeira_liga
Famalicao,Gil Vicente,1,1,D,1.85,3.3,4.5,2024-09-14,primeira_liga
Samsunspor,Konyaspor,0,1,A,1.8,3.5,4.5,2024-09-14,super_lig
Sivasspor,Gaziantep,3,2,H,2.15,3.3,3.3,2024-09-14,super_lig
Bodrumspor,Buyuksehyr,0,1,A,3.1,3.2,2.38,2024-09-14,super_lig
Galatasaray,Rizespor,5,0,H,1.25,7.0,9.0,2024-09-14,super_lig
Hull,Sheffield United,0,2,A,3.25,3.5,2.1,2024-09-13,championship
Betis,Leganes,2,0,H,1.62,3.7,6.25,2024-09-13,la_liga
Dortmund,Heidenheim,4,2,H,1.4,5.5,6.5,2024-09-13,bundesliga
St Etienne,Lille,1,0,H,5.5,3.6,1.7,2024-09-13,ligue_1
Dender,Standard,0,2,A,2.0,3.3,3.7,2024-09-13,pro_league
Arouca,Sp Lisbon,0,3,A,13.0,6.0,1.22,2024-09-13,primeira_liga
Chelsea,Crystal Palace,1,1,D,1.6,4.33,5.0,2024-09-01,premier_league
Newcastle,Tottenham,2,1,H,2.5,4.0,2.5,2024-09-01,premier_league
Man United,Liverpool,0,3,A,3.7,4.2,1.85,2024-09-01,premier_league
Sheffield United,Watford,1,0,H,1.75,3.75,4.33,2024-09-01,championship
Alaves,Las Palmas,2,0,H,1.95,3.4,4.0,2024-09-01,la_liga
Osasuna,Celta,3,2,H,2.45,3.25,3.0,2024-09-01,la_liga
Sevilla,Girona,0,2,A,2.35,3.8,2.75,2024-09-01,la_liga
Getafe,Sociedad,0,0,D,3.5,2.9,2.38,2024-09-01,la_liga
Real Madrid,Betis,2,0,H,1.29,5.75,9.5,2024-09-01,la_liga
Heidenheim,Augsburg,4,0,H,2.38,3.5,2.9,2024-09-01,bundesliga
Bayern Munich,Freiburg,2,0,H,1.2,8.0,11.0,2024-09-01,bundesliga
Fiorentina,Monza,2,2,D,1.67,3.9,5.0,2024-09-01,serie_a
Genoa,Verona,0,2,A,2.0,3.3,4.0,2024-09-01,serie_a
Juventus,Roma,0,0,D,1.75,3.6,5.0,2024-09-01,serie_a
Udinese,Como,1,0,H,2.05,3.4,3.75,2024-09-01,serie_a
Monaco,Lens,1,1,D,1.85,3.9,3.9,2024-09-01,ligue_1
Angers,Nice,1,4,A,4.0,3.3,2.0,2024-09-01,ligue_1
Le Havre,Auxerre,3,1,H,2.75,3.3,2.6,2024-09-01,ligue_1
Reims,Rennes,2,1,H,2.9,3.5,2.38,2024-09-01,ligue_1
Lille,Paris SG,1,3,A,3.9,3.8,1.85,2024-09-01,ligue_1
Utrecht,Twente,2,1,H,2.88,3.5,2.4,2024-09-01,eredivisie
Zwolle,Heracles,3,0,H,2.0,3.8,3.5,2024-09-01,eredivisie
PSV Eindhoven,Go Ahead Eagles,3,0,H,1.13,9.5,19.0,2024-09-01,eredivisie
Club Brugge,Cercle Brugge,3,0,H,1.53,4.2,5.75,2024-09-01,pro_league
Gent,Antwerp,1,1,D,2.5,3.5,2.6,2024-09-01,pro_league
St. Gilloise,Anderlecht,0,0,D,2.05,3.7,3.3,2024-09-01,pro_league
Kortrijk,St Truiden,1,1,D,2.05,3.5,3.3,2024-09-01,pro_league
Nacional,Farense,2,0,H,2.2,3.4,3.2,2024-09-01,primeira_liga
Rio Ave,Arouca,1,0,H,2.3,3.25,3.1,2024-09-01,primeira_liga
Gil Vicente,Sp Braga,0,0,D,4.5,3.8,1.73,2024-09-01,primeira_liga
Guimaraes,Famalicao,2,1,H,1.95,3.4,3.9,2024-09-01,primeira_liga
Buyuksehyr,Antalyaspor,5,2,H,1.75,3.6,4.5,2024-09-01,super_lig
Eyupspor,Trabzonspor,0,0,D,2.35,3.3,3.0,2024-09-01,super_lig
Besiktas,Sivasspor,2,0,H,1.44,4.33,7.0,2024-09-01,super_lig
Hatayspor,Samsunspor,0,3,A,2.8,3.25,2.5,2024-09-01,super_lig
Arsenal,Brighton,1,1,D,1.33,5.5,8.5,2024-08-31,premier_league
Brentford,Southampton,3,1,H,1.75,3.9,4.33,2024-08-31,premier_league
Everton,Bournemouth,2,3,A,2.75,3.4,2.55,2024-08-31,premier_league
Ipswich,Fulham,1,1,D,3.0,3.5,2.3,2024-08-31,premier_league
Leicester,Aston Villa,1,2,A,4.5,4.0,1.7,2024-08-31,premier_league
Nott'm Forest,Wolves,1,1,D,2.0,3.7,3.7,2024-08-31,premier_league
West Ham,Man City,1,3,A,7.0,5.5,1.38,2024-08-31,premier_league
Burnley,Blackburn,1,1,D,1.91,3.6,3.8,2024-08-31,championship
Cardiff,Middlesbrough,0,2,A,3.9,3.75,1.85,2024-08-31,championship
Coventry,Norwich,0,1,A,1.83,3.75,4.0,2024-08-31,championship
Derby,Bristol City,3,0,H,2.9,3.25,2.4,2024-08-31,championship
Leeds,Hull,2,0,H,1.33,5.25,9.0,2024-08-31,championship
Millwall,Sheffield Weds,3,0,H,2.38,3.3,2.9,2024-08-31,championship
Oxford,Preston,3,1,H,2.4,3.3,2.9,2024-08-31,championship
Plymouth,Stoke,0,1,A,3.1,3.6,2.15,2024-08-31,championship
Portsmouth,Sunderland,1,3,A,3.3,3.7,2.05,2024-08-31,championship
West Brom,Swansea,1,0,H,1.8,3.5,4.5,2024-08-31,championship
Barcelona,Valladolid,7,0,H,1.25,6.25,10.0,2024-08-31,la_liga
Ath Bilbao,Ath Madrid,0,1,A,3.0,3.3,2.38,2024-08-31,la_liga
Espanol,Vallecano,2,1,H,2.8,3.0,2.8,2024-08-31,la_liga
Leganes,Mallorca,0,1,A,2.5,3.0,3.2,2024-08-31,la_liga
Valencia,Villarreal,1,1,D,2.8,3.4,2.45,2024-08-31,la_liga
Bochum,M'gladbach,0,2,A,2.6,3.6,2.6,2024-08-31,bundesliga
Ein Frankfurt,Hoffenheim,3,1,H,1.8,4.2,3.9,2024-08-31,bundesliga
Holstein Kiel,Wolfsburg,0,2,A,3.2,3.7,2.15,2024-08-31,bundesliga
Stuttgart,Mainz,3,3,D,1.62,4.33,5.25,2024-08-31,bundesliga
Werder Bremen,Dortmund,0,0,D,4.1,4.0,1.8,2024-08-31,bundesliga
Leverkusen,RB Leipzig,2,3,A,1.75,4.2,4.1,2024-08-31,bundesliga
Bologna,Empoli,1,1,D,1.62,3.75,6.0,2024-08-31,serie_a
Lecce,Cagliari,1,0,H,2.25,3.2,3.4,2024-08-31,serie_a
Lazio,Milan,2,2,D,2.9,3.4,2.4,2024-08-31,serie_a
Napoli,Parma,2,1,H,1.48,4.33,7.0,2024-08-31,serie_a
Brest,St Etienne,4,0,H,1.8,3.8,4.33,2024-08-31,ligue_1
Montpellier,Nantes,1,3,A,2.25,3.4,3.2,2024-08-31,ligue_1
Toulouse,Marseille,1,3,A,3.8,3.8,1.9,2024-08-31,ligue_1
Almere City,Groningen,1,1,D,3.4,3.4,2.15,2024-08-31,eredivisie
For Sittard,Nijmegen,0,3,A,2.2,3.5,3.2,2024-08-31,eredivisie
Heerenveen,NAC Breda,4,0,H,1.73,3.8,4.75,2024-08-31,eredivisie
Willem II,Sparta Rotterdam,1,2,A,2.8,3.4,2.5,2024-08-31,eredivisie
Mechelen,Charleroi,5,2,H,2.7,3.3,2.55,2024-08-31,pro_league
Beerschot VA,Dender,1,2,A,2.9,3.3,2.4,2024-08-31,pro_league
Oud-Heverlee Leuven,Standard,2,0,H,1.91,3.5,4.0,2024-08-31,pro_league
Santa Clara,AVS,2,1,H,1.8,3.4,4.75,2024-08-31,primeira_liga
Boavista,Estoril,0,0,D,2.25,3.1,3.3,2024-08-31,primeira_liga
Estrela,Casa Pia,0,1,A,2.3,3.2,3.2,2024-08-31,primeira_liga
Sp Lisbon,Porto,2,0,H,1.75,3.8,4.33,2024-08-31,primeira_liga
Konyaspor,Kayserispor,0,0,D,1.83,3.5,4.33,2024-08-31,super_lig
Rizespor,Kasimpasa,0,1,A,2.2,3.5,3.1,2024-08-31,super_lig
Ad. Demirspor,Galatasaray,1,5,A,5.75,5.25,1.42,2024-08-31,super_lig
Goztep,Bodrumspor,2,0,H,2.0,3.4,3.75,2024-08-31,super_lig
Luton,QPR,1,2,A,1.91,3.5,3.7,2024-08-30,championship
Union Berlin,St Pauli,1,0,H,1.91,3.5,4.1,2024-08-30,bundesliga
Venezia,Torino,0,1,A,3.4,3.3,2.2,2024-08-30,serie_a
Inter,Atalanta,4,0,H,1.57,4.33,5.5,2024-08-30,serie_a
Lyon,Strasbourg,4,3,H,1.85,3.75,4.0,2024-08-30,ligue_1
Waalwijk,AZ Alkmaar,0,3,A,7.5,4.5,1.44,2024-08-30,eredivisie
Genk,Westerlo,1,0,H,1.62,4.2,4.75,2024-08-30,pro_league
Moreirense,Benfica,1,1,D,7.0,4.33,1.44,2024-08-30,primeira_liga
Fenerbahce,Alanyaspor,3,0,H,1.3,5.25,9.5,2024-08-30,super_lig
Girona,Osasuna,4,0,H,1.7,4.0,4.33,2024-08-29,la_liga
Las Palmas,Real Madrid,1,1,D,8.0,5.0,1.38,2024-08-29,la_liga
Ath Bilbao,Valencia,1,0,H,1.62,3.9,5.75,2024-08-28,la_liga
Valladolid,Leganes,0,0,D,2.3,3.0,3.6,2024-08-28,la_liga
Ath Madrid,Espanol,0,0,D,1.3,5.25,11.0,2024-08-28,la_liga
Sociedad,Alaves,1,2,A,1.7,3.5,5.75,2024-08-28,la_liga
Mallorca,Sevilla,0,0,D,2.38,3.1,3.25,2024-08-27,la_liga
Vallecano,Barcelona,1,2,A,5.25,3.8,1.62,2024-08-27,la_liga
Villarreal,Celta,4,3,H,1.91,3.4,3.8,2024-08-26,la_liga
Cagliari,Como,1,1,D,2.1,3.4,3.4,2024-08-26,serie_a
Verona,Juventus,0,3,A,5.25,3.75,1.67,2024-08-26,serie_a
Bournemouth,Newcastle,1,1,D,2.9,3.8,2.2,2024-08-25,premier_league
Wolves,Chelsea,2,6,A,4.33,4.0,1.75,2024-08-25,premier_league
Liverpool,Brentford,2,0,H,1.27,5.75,11.0,2024-08-25,premier_league
Swansea,Cardiff,1,1,D,1.95,3.5,3.9,2024-08-25,championship
Real Madrid,Valladolid,3,0,H,1.18,7.5,15.0,2024-08-25,la_liga
Leganes,Las Palmas,2,1,H,2.25,3.0,3.6,2024-08-25,la_liga
Alaves,Betis,0,0,D,2.38,3.1,3.25,2024-08-25,la_liga
Ath Madrid,Girona,3,0,H,1.6,4.1,5.5,2024-08-25,la_liga
Wolfsburg,Bayern Munich,2,3,A,6.25,4.75,1.45,2024-08-25,bundesliga
St Pauli,Heidenheim,0,2,A,2.1,3.5,3.4,2024-08-25,bundesliga
Fiorentina,Venezia,0,0,D,1.42,4.75,7.0,2024-08-25,serie_a
Torino,Atalanta,2,1,H,3.2,3.1,2.38,2024-08-25,serie_a
Napoli,Bologna,3,0,H,1.9,3.5,4.1,2024-08-25,serie_a
Roma,Empoli,1,2,A,1.5,4.33,6.5,2024-08-25,serie_a
Lens,Brest,2,0,H,1.8,3.7,4.5,2024-08-25,ligue_1
Nantes,Auxerre,2,0,H,2.25,3.3,3.25,2024-08-25,ligue_1
Nice,Toulouse,1,1,D,1.85,3.4,4.5,2024-08-25,ligue_1
Strasbourg,Rennes,3,1,H,3.1,3.5,2.25,2024-08-25,ligue_1
Marseille,Reims,2,2,D,1.53,4.5,5.5,2024-08-25,ligue_1
Groningen,AZ Alkmaar,0,0,D,3.7,3.7,1.95,2024-08-25,eredivisie
Heracles,Willem II,1,1,D,2.45,3.6,2.75,2024-08-25,eredivisie
Sparta Rotterdam,Feyenoord,1,1,D,7.5,4.33,1.45,2024-08-25,eredivisie
Go Ahead Eagles,Waalwijk,2,0,H,1.73,3.9,4.75,2024-08-25,eredivisie
Dender,Club Brugge,1,2,A,4.75,4.2,1.55,2024-08-25,pro_league
St Truiden,St. Gilloise,0,0,D,5.5,4.1,1.48,2024-08-25,pro_league
Standard,Beerschot VA,1,0,H,1.73,3.6,4.1,2024-08-25,pro_league
Charleroi,Kortrijk,1,0,H,1.7,3.6,4.33,2024-08-25,pro_league
Arouca,Nacional,1,0,H,2.05,3.4,3.5,2024-08-25,primeira_liga
Estoril,Gil Vicente,0,0,D,2.6,3.3,2.63,2024-08-25,primeira_liga
AVS,Guimaraes,1,0,H,4.2,3.3,1.91,2024-08-25,primeira_liga
Sp Braga,Moreirense,3,1,H,1.57,4.33,5.25,2024-08-25,primeira_liga
Kasimpasa,Ad. Demirspor,2,2,D,1.57,4.2,5.25,2024-08-25,super_lig
Antalyaspor,Hatayspor,3,2,H,2.2,3.3,3.3,2024-08-25,super_lig
Rizespor,Fenerbahce,0,5,A,4.75,3.8,1.7,2024-08-25,super_lig
Brighton,Man United,2,1,H,2.5,3.7,2.63,2024-08-24,premier_league
Crystal Palace,West Ham,0,2,A,2.15,3.6,3.2,2024-08-24,premier_league
Fulham,Leicester,2,1,H,1.8,3.75,4.2,2024-08-24,premier_league
Man City,Ipswich,4,1,H,1.08,12.0,21.0,2024-08-24,premier_league
Southampton,Nott'm Forest,0,1,A,2.55,3.3,2.8,2024-08-24,premier_league
Tottenham,Everton,4,0,H,1.44,4.75,6.5,2024-08-24,premier_league
Aston Villa,Arsenal,0,2,A,4.33,3.8,1.75,2024-08-24,premier_league
Bristol City,Coventry,1,1,D,2.45,3.4,2.8,2024-08-24,championship
Hull,Millwall,0,0,D,2.2,3.25,3.3,2024-08-24,championship
QPR,Plymouth,1,1,D,1.7,3.8,4.75,2024-08-24,championship
Blackburn,Oxford,2,1,H,1.75,3.75,4.33,2024-08-24,championship
Middlesbrough,Portsmouth,2,2,D,1.45,4.33,7.0,2024-08-24,championship
Norwich,Sheffield United,1,1,D,2.7,3.4,2.5,2024-08-24,championship
Preston,Luton,1,0,H,3.2,3.4,2.2,2024-08-24,championship
Stoke,West Brom,1,2,A,2.55,3.2,2.8,2024-08-24,championship
Sunderland,Burnley,1,0,H,3.0,3.4,2.3,2024-08-24,championship
Watford,Derby,2,1,H,1.85,3.5,4.1,2024-08-24,championship
Osasuna,Mallorca,1,0,H,2.45,3.1,3.1,2024-08-24,la_liga
Barcelona,Ath Bilbao,2,1,H,1.62,4.2,5.0,2024-08-24,la_liga
Espanol,Sociedad,0,1,A,3.9,3.2,2.05,2024-08-24,la_liga
Getafe,Vallecano,0,0,D,2.45,3.0,3.2,2024-08-24,la_liga
Augsburg,Werder Bremen,2,2,D,2.2,3.6,3.1,2024-08-24,bundesliga
Freiburg,Stuttgart,3,1,H,3.5,3.6,2.05,2024-08-24,bundesliga
Hoffenheim,Holstein Kiel,3,2,H,1.65,4.5,4.5,2024-08-24,bundesliga
Mainz,Union Berlin,1,1,D,2.0,3.4,3.9,2024-08-24,bundesliga
RB Leipzig,Bochum,1,0,H,1.25,7.0,9.0,2024-08-24,bundesliga
Dortmund,Ein Frankfurt,2,0,H,1.7,4.1,4.5,2024-08-24,bundesliga
Parma,Milan,2,1,H,4.75,3.9,1.7,2024-08-24,serie_a
Udinese,Lazio,2,1,H,3.3,3.1,2.35,2024-08-24,serie_a
Inter,Lecce,2,0,H,1.2,7.0,13.0,2024-08-24,serie_a
Monza,Genoa,0,1,A,2.6,3.1,2.88,2024-08-24,serie_a
Lyon,Monaco,0,2,A,2.5,3.8,2.6,2024-08-24,ligue_1
Lille,Angers,2,0,H,1.36,4.75,9.0,2024-08-24,ligue_1
St Etienne,Le Havre,0,2,A,2.1,3.4,3.5,2024-08-24,ligue_1
Nijmegen,Zwolle,1,0,H,1.57,4.0,6.0,2024-08-24,eredivisie
Almere City,PSV Eindhoven,1,7,A,13.0,8.0,1.17,2024-08-24,eredivisie
NAC Breda,Utrecht,1,2,A,4.75,3.75,1.75,2024-08-24,eredivisie
Westerlo,Oud-Heverlee Leuven,1,1,D,1.95,3.5,3.4,2024-08-24,pro_league
Antwerp,Mechelen,0,1,A,1.53,4.1,5.0,2024-08-24,pro_league
Casa Pia,Santa Clara,0,2,A,2.75,3.1,2.63,2024-08-24,primeira_liga
Porto,Rio Ave,2,0,H,1.25,6.25,10.0,2024-08-24,primeira_liga
Benfica,Estrela,1,0,H,1.18,7.5,13.0,2024-08-24,primeira_liga
Famalicao,Boavista,1,0,H,1.55,3.8,6.5,2024-08-24,primeira_liga
Sivasspor,Eyupspor,0,1,A,2.3,3.3,3.1,2024-08-24,super_lig
Bodrumspor,Konyaspor,3,1,H,2.9,3.1,2.5,2024-08-24,super_lig
Sheffield Weds,Leeds,0,2,A,4.1,3.4,1.91,2024-08-23,championship
Celta,Valencia,3,1,H,2.1,3.4,3.6,2024-08-23,la_liga
Sevilla,Villarreal,1,2,A,2.4,3.6,2.8,2024-08-23,la_liga
M'gladbach,Leverkusen,2,3,A,5.25,4.5,1.55,2024-08-23,bundesliga
Paris SG,Montpellier,6,0,H,1.25,7.0,10.0,2024-08-23,ligue_1
Farense,Sp Lisbon,0,5,A,10.0,8.0,1.2,2024-08-23,primeira_liga
Alanyaspor,Goztep,1,1,D,1.91,3.4,4.0,2024-08-23,super_lig
Leicester,Tottenham,1,1,D,5.0,4.33,1.62,2024-08-19,premier_league
Valladolid,Espanol,1,0,H,2.38,3.0,3.4,2024-08-19,la_liga
Villarreal,Ath Madrid,2,2,D,3.3,3.7,2.1,2024-08-19,la_liga
Lecce,Atalanta,0,4,A,4.2,3.7,1.85,2024-08-19,serie_a
Juventus,Como,3,0,H,1.33,5.0,9.5,2024-08-19,serie_a
Estrela,Famalicao,0,3,A,2.5,3.2,2.88,2024-08-19,primeira_liga
Eyupspor,Bodrumspor,4,1,H,2.0,3.3,3.9,2024-08-19,super_lig
Hatayspor,Kasimpasa,1,1,D,2.35,3.4,2.9,2024-08-19,super_lig
Brentford,Crystal Palace,2,1,H,2.4,3.4,2.9,2024-08-18,premier_league
Chelsea,Man City,0,2,A,4.1,3.9,1.8,2024-08-18,premier_league
Sunderland,Sheffield Weds,4,0,H,2.2,3.3,3.3,2024-08-18,championship
Sociedad,Vallecano,1,2,A,1.57,3.75,7.0,2024-08-18,la_liga
Mallorca,Real Madrid,1,1,D,8.0,4.2,1.45,2024-08-18,la_liga
Bologna,Udinese,1,1,D,1.91,3.4,4.33,2024-08-18,serie_a
Verona,Napoli,3,0,H,4.75,3.6,1.75,2024-08-18,serie_a
Cagliari,Roma,0,0,D,4.1,3.4,1.95,2024-08-18,serie_a
Lazio,Venezia,3,1,H,1.48,4.1,7.5,2024-08-18,serie_a
Auxerre,Nice,2,1,H,3.1,3.25,2.35,2024-08-18,ligue_1
Angers,Lens,0,1,A,5.75,3.8,1.62,2024-08-18,ligue_1
Montpellier,Strasbourg,1,1,D,2.0,3.3,3.75,2024-08-18,ligue_1
Toulouse,Nantes,0,0,D,2.1,3.3,3.7,2024-08-18,ligue_1
Rennes,Lyon,3,0,H,2.35,3.5,2.9,2024-08-18,ligue_1
Heracles,PSV Eindhoven,1,3,A,13.0,8.5,1.17,2024-08-18,eredivisie
Willem II,Go Ahead Eagles,2,0,H,3.1,3.5,2.3,2024-08-18,eredivisie
Zwolle,Feyenoord,1,5,A,9.0,6.5,1.27,2024-08-18,eredivisie
NAC Breda,Ajax,2,1,H,8.5,6.5,1.29,2024-08-18,eredivisie
Club Brugge,Antwerp,1,0,H,1.75,3.7,4.5,2024-08-18,pro_league
Oud-Heverlee Leuven,Cercle Brugge,1,1,D,2.8,3.25,2.5,2024-08-18,pro_league
Kortrijk,Standard,1,0,H,2.7,3.2,2.63,2024-08-18,pro_league
Gent,Westerlo,4,1,H,1.9,3.8,3.7,2024-08-18,pro_league
Moreirense,Arouca,3,1,H,2.3,3.25,3.1,2024-08-18,primeira_liga
Guimaraes,Estoril,1,0,H,1.57,4.0,5.5,2024-08-18,primeira_liga
Boavista,Sp Braga,0,1,A,5.5,3.9,1.6,2024-08-18,primeira_liga
Buyuksehyr,Alanyaspor,4,2,H,2.05,3.5,3.5,2024-08-18,super_lig
Besiktas,Antalyaspor,4,2,H,1.5,4.33,5.75,2024-08-18,super_lig
Gaziantep,Samsunspor,0,1,A,2.63,3.2,2.75,2024-08-18,super_lig
Ipswich,Liverpool,0,2,A,8.5,5.5,1.33,2024-08-17,premier_league
Arsenal,Wolves,2,0,H,1.18,7.5,13.0,2024-08-17,premier_league
Everton,Brighton,0,3,A,2.63,3.3,2.63,2024-08-17,premier_league
Newcastle,Southampton,1,0,H,1.36,5.25,8.0,2024-08-17,premier_league
Nott'm Forest,Bournemouth,1,1,D,2.45,3.5,2.8,2024-08-17,premier_league
West Ham,Aston Villa,1,2,A,2.45,3.6,2.75,2024-08-17,premier_league
Derby,Middlesbrough,1,0,H,3.5,3.5,2.0,2024-08-17,championship
Portsmouth,Luton,0,0,D,3.1,3.4,2.25,2024-08-17,championship
West Brom,Leeds,0,0,D,3.4,3.5,2.1,2024-08-17,championship
Bristol City,Millwall,4,3,H,2.0,3.2,4.1,2024-08-17,championship
Burnley,Cardiff,5,0,H,1.45,4.2,7.0,2024-08-17,championship
Norwich,Blackburn,2,2,D,2.0,3.4,3.7,2024-08-17,championship
Plymouth,Hull,1,1,D,2.8,3.7,2.3,2024-08-17,championship
Sheffield United,QPR,2,2,D,1.8,3.75,4.2,2024-08-17,championship
Swansea,Preston,3,0,H,1.95,3.4,3.9,2024-08-17,championship
Watford,Stoke,3,0,H,2.63,3.25,2.7,2024-08-17,championship
Osasuna,Leganes,1,1,D,1.85,3.3,4.5,2024-08-17,la_liga
Valencia,Barcelona,1,2,A,4.75,3.8,1.73,2024-08-17,la_liga
Genoa,Inter,2,2,D,6.5,4.0,1.53,2024-08-17,serie_a
Parma,Fiorentina,1,1,D,3.5,3.2,2.2,2024-08-17,serie_a
Empoli,Monza,0,0,D,2.5,3.2,3.0,2024-08-17,serie_a
Milan,Torino,2,2,D,1.62,3.8,5.75,2024-08-17,serie_a
Brest,Marseille,1,5,A,3.0,3.3,2.4,2024-08-17,ligue_1
Reims,Lille,0,2,A,3.3,3.4,2.2,2024-08-17,ligue_1
Monaco,St Etienne,1,0,H,1.48,4.5,6.25,2024-08-17,ligue_1
Heerenveen,Utrecht,1,1,D,2.63,3.5,2.6,2024-08-17,eredivisie
Twente,Sparta Rotterdam,1,1,D,1.5,4.5,6.0,2024-08-17,eredivisie
AZ Alkmaar,Nijmegen,1,0,H,1.48,4.5,6.25,2024-08-17,eredivisie
Waalwijk,Groningen,1,2,A,2.35,3.6,2.88,2024-08-17,eredivisie
Beerschot VA,Genk,3,4,A,4.75,4.0,1.65,2024-08-17,pro_league
St Truiden,Dender,3,3,D,2.55,3.4,2.7,2024-08-17,pro_league
Mechelen,Anderlecht,1,3,A,3.4,3.5,2.1,2024-08-17,pro_league
Rio Ave,Farense,1,0,H,2.0,3.3,3.9,2024-08-17,primeira_liga
Nacional,Sp Lisbon,1,6,A,10.0,6.0,1.25,2024-08-17,primeira_liga
Benfica,Casa Pia,3,0,H,1.18,7.5,12.0,2024-08-17,primeira_liga
Kayserispor,Sivasspor,1,2,A,2.4,3.2,3.0,2024-08-17,super_lig
Ad. Demirspor,Rizespor,1,2,A,3.0,3.5,2.25,2024-08-17,super_lig
Goztep,Fenerbahce,2,2,D,8.0,4.75,1.38,2024-08-17,super_lig
Man United,Fulham,1,0,H,1.6,4.2,5.25,2024-08-16,premier_league
Coventry,Oxford,3,2,H,1.7,3.9,4.75,2024-08-16,championship
Celta,Alaves,2,1,H,2.0,3.2,4.1,2024-08-16,la_liga
Las Palmas,Sevilla,2,2,D,2.8,3.25,2.63,2024-08-16,la_liga
Le Havre,Paris SG,1,4,A,7.0,4.75,1.42,2024-08-16,ligue_1
For Sittard,Almere City,3,0,H,1.8,3.6,4.5,2024-08-16,eredivisie
St. Gilloise,Charleroi,1,0,H,1.8,3.8,4.1,2024-08-16,pro_league
Santa Clara,Porto,0,2,A,6.0,4.1,1.53,2024-08-16,primeira_liga
Gil Vicente,AVS,4,2,H,2.2,3.25,3.3,2024-08-16,primeira_liga
Konyaspor,Galatasaray,1,2,A,4.5,4.2,1.67,2024-08-16,super_lig
Ath Bilbao,Getafe,1,1,D,1.48,4.0,8.0,2024-08-15,la_liga
Betis,Girona,1,1,D,2.35,3.4,3.0,2024-08-15,la_liga
Luton,Burnley,1,4,A,2.38,3.4,2.88,2024-08-12,championship
Arouca,Guimaraes,0,1,A,2.88,3.4,2.38,2024-08-12,primeira_liga
Bodrumspor,Gaziantep,0,1,A,2.3,3.5,2.9,2024-08-12,super_lig
Rizespor,Buyuksehyr,1,1,D,3.0,3.4,2.3,2024-08-12,super_lig
Sheffield Weds,Plymouth,4,0,H,1.8,3.5,4.5,2024-08-11,championship
Sparta Rotterdam,Heracles,0,0,D,1.5,4.5,6.0,2024-08-11,eredivisie
Go Ahead Eagles,For Sittard,0,2,A,2.0,3.4,3.9,2024-08-11,eredivisie
Utrecht,Zwolle,1,0,H,1.45,4.5,7.0,2024-08-11,eredivisie
Ajax,Heerenveen,1,0,H,1.45,4.5,6.5,2024-08-11,eredivisie
Genk,Club Brugge,3,2,H,3.3,3.7,2.05,2024-08-11,pro_league
Antwerp,St Truiden,6,1,H,1.38,4.5,8.0,2024-08-11,pro_league
Charleroi,Gent,1,0,H,2.9,3.5,2.3,2024-08-11,pro_league
Cercle Brugge,Beerschot VA,4,1,H,1.5,4.33,5.5,2024-08-11,pro_league
Estoril,Santa Clara,1,4,A,2.15,3.1,3.6,2024-08-11,primeira_liga
Famalicao,Benfica,2,0,H,7.0,4.33,1.44,2024-08-11,primeira_liga
Farense,Moreirense,1,2,A,2.9,3.25,2.4,2024-08-11,primeira_liga
Sp Braga,Estrela,1,1,D,1.38,4.75,7.5,2024-08-11,primeira_liga
Sivasspor,Trabzonspor,0,0,D,3.4,3.5,2.05,2024-08-11,super_lig
Alanyaspor,Eyupspor,1,1,D,1.91,3.8,3.6,2024-08-11,super_lig
Samsunspor,Besiktas,0,2,A,3.8,3.7,1.9,2024-08-11,super_lig
Cardiff,Sunderland,0,2,A,2.8,3.3,2.5,2024-08-10,championship
Hull,Bristol City,1,1,D,2.63,3.25,2.63,2024-08-10,championship
Leeds,Portsmouth,3,3,D,1.36,5.0,8.0,2024-08-10,championship
Middlesbrough,Swansea,1,0,H,1.8,3.5,4.33,2024-08-10,championship
Millwall,Watford,2,3,A,2.3,3.25,3.25,2024-08-10,championship
Oxford,Norwich,2,0,H,3.0,3.6,2.2,2024-08-10,championship
QPR,West Brom,1,3,A,2.45,3.3,2.8,2024-08-10,championship
Stoke,Coventry,1,0,H,2.45,3.6,2.7,2024-08-10,championship
Feyenoord,Willem II,1,1,D,1.13,8.0,21.0,2024-08-10,eredivisie
Nijmegen,Twente,1,2,A,3.75,3.6,1.95,2024-08-10,eredivisie
Almere City,AZ Alkmaar,0,1,A,5.75,4.0,1.6,2024-08-10,eredivisie
PSV Eindhoven,Waalwijk,5,1,H,1.09,11.0,21.0,2024-08-10,eredivisie
Dender,Kortrijk,4,1,H,2.15,3.4,3.2,2024-08-10,pro_league
Westerlo,St. Gilloise,4,3,H,3.6,3.7,1.95,2024-08-10,pro_league
Anderlecht,Oud-Heverlee Leuven,1,1,D,1.9,3.5,4.0,2024-08-10,pro_league
AVS,Nacional,1,1,D,2.25,3.25,3.2,2024-08-10,primeira_liga
Casa Pia,Boavista,0,1,A,1.91,3.4,4.0,2024-08-10,primeira_liga
Porto,Gil Vicente,3,0,H,1.18,6.5,15.0,2024-08-10,primeira_liga
Kasimpasa,Konyaspor,2,3,A,2.1,3.5,3.3,2024-08-10,super_lig
Antalyaspor,Goztep,0,0,D,1.95,3.7,3.6,2024-08-10,super_lig
Fenerbahce,Ad. Demirspor,1,0,H,1.14,8.5,14.0,2024-08-10,super_lig
Blackburn,Derby,4,2,H,2.2,3.5,3.1,2024-08-09,championship
Preston,Sheffield United,0,2,A,3.1,3.4,2.25,2024-08-09,championship
Groningen,NAC Breda,4,1,H,1.62,4.0,5.5,2024-08-09,eredivisie
Standard,Mechelen,0,0,D,2.45,3.4,2.8,2024-08-09,pro_league
Sp Lisbon,Rio Ave,3,1,H,1.17,8.0,13.0,2024-08-09,primeira_liga
Galatasaray,Hatayspor,2,1,H,1.25,6.5,9.5,2024-08-09,super_lig
Antwerp,Anderlecht,1,2,A,2.63,3.3,2.5,2024-08-04,pro_league
Cercle Brugge,Kortrijk,1,2,A,1.6,4.0,4.75,2024-08-04,pro_league
Standard,Club Brugge,1,0,H,5.25,4.2,1.53,2024-08-04,pro_league
Gent,Dender,1,2,A,1.3,5.0,8.5,2024-08-04,pro_league
Mechelen,Westerlo,2,4,A,1.9,3.7,3.5,2024-08-03,pro_league
Oud-Heverlee Leuven,Genk,3,1,H,3.25,3.3,2.1,2024-08-03,pro_league
St Truiden,Charleroi,1,4,A,2.4,3.2,2.75,2024-08-03,pro_league
St. Gilloise,Beerschot VA,3,1,H,1.33,4.75,7.5,2024-08-02,pro_league
Charleroi,Antwerp,0,1,A,3.0,3.5,2.1,2024-07-28,pro_league
Genk,Standard,0,0,D,1.48,3.9,6.5,2024-07-28,pro_league
Kortrijk,Gent,0,1,A,4.75,3.9,1.57,2024-07-28,pro_league
Westerlo,Cercle Brugge,3,0,H,2.88,3.4,2.25,2024-07-28,pro_league
Anderlecht,St Truiden,1,0,H,1.5,3.9,5.75,2024-07-27,pro_league
Beerschot VA,Oud-Heverlee Leuven,0,0,D,2.7,3.25,2.45,2024-07-27,pro_league
Dender,St. Gilloise,0,0,D,6.5,4.2,1.42,2024-07-27,pro_league
Club Brugge,Mechelen,1,1,D,1.36,4.33,8.5,2024-07-26,pro_league
Atalanta,Fiorentina,2,3,A,1.48,4.75,6.0,2024-06-02,serie_a
Genk,Gent,0,1,A,2.25,3.5,2.75,2024-06-02,pro_league
Real Madrid,Borussia Dortmund,2,0,H,,,,2024-06-01,champions_league
Getafe,Mallorca,1,2,A,2.3,3.25,3.2,2024-05-26,la_liga
Celta,Valencia,2,2,D,1.95,3.5,3.8,2024-05-26,la_liga
Las Palmas,Alaves,1,1,D,2.4,3.3,3.0,2024-05-26,la_liga
Sevilla,Barcelona,1,2,A,4.0,4.0,1.8,2024-05-26,la_liga
Atalanta,Torino,3,0,H,3.3,3.5,2.1,2024-05-26,serie_a
Napoli,Lecce,0,0,D,1.42,5.0,6.25,2024-05-26,serie_a
Empoli,Roma,2,1,H,1.95,3.6,3.6,2024-05-26,serie_a
Frosinone,Udinese,0,1,A,2.38,3.25,3.0,2024-05-26,serie_a
Lazio,Sassuolo,1,1,D,1.36,5.25,7.5,2024-05-26,serie_a
Verona,Inter,2,2,D,5.5,4.0,1.53,2024-05-26,serie_a
Antwerp,Anderlecht,3,1,H,3.75,3.5,1.75,2024-05-26,pro_league
Club Brugge,Cercle Brugge,0,0,D,1.5,4.33,5.0,2024-05-26,pro_league
St. Gilloise,Genk,2,0,H,1.65,3.8,4.5,2024-05-26,pro_league
Ad. Demirspor,Buyuksehyr,2,6,A,3.5,3.9,1.75,2024-05-26,super_lig
Fenerbahce,Istanbulspor,6,0,H,1.06,12.0,26.0,2024-05-26,super_lig
Hatayspor,Rizespor,2,0,H,1.53,4.33,4.33,2024-05-26,super_lig
Kasimpasa,Besiktas,2,1,H,3.42,3.77,1.94,2024-05-26,super_lig
Konyaspor,Galatasaray,1,3,A,9.0,1.95,2.05,2024-05-26,super_lig
Pendikspor,Gaziantep,0,1,A,3.1,3.1,2.15,2024-05-26,super_lig
Trabzonspor,Ankaragucu,4,2,H,2.75,3.4,2.15,2024-05-26,super_lig
Osasuna,Villarreal,1,1,D,2.9,3.6,2.3,2024-05-25,la_liga
Sociedad,Ath Madrid,0,2,A,2.4,3.3,3.0,2024-05-25,la_liga
Almeria,Cadiz,6,1,H,2.05,3.6,3.5,2024-05-25,la_liga
Vallecano,Ath Bilbao,0,1,A,2.88,3.5,2.38,2024-05-25,la_liga
Real Madrid,Betis,0,0,D,1.33,6.0,7.5,2024-05-25,la_liga
Juventus,Monza,2,0,H,1.33,5.5,8.5,2024-05-25,serie_a
Milan,Salernitana,3,3,D,1.18,8.0,12.0,2024-05-25,serie_a
Gent,St Truiden,2,0,H,1.5,4.5,5.25,2024-05-25,pro_league
Mechelen,Standard,3,2,H,1.85,3.7,3.8,2024-05-25,pro_league
Oud-Heverlee Leuven,Westerlo,1,2,A,2.05,3.7,3.2,2024-05-25,pro_league
Karagumruk,Samsunspor,3,1,H,1.8,3.8,4.1,2024-05-25,super_lig
Sivasspor,Kayserispor,2,1,H,1.91,4.0,3.4,2024-05-25,super_lig
Girona,Granada,7,0,H,1.22,6.5,12.0,2024-05-24,la_liga
Genoa,Bologna,2,0,H,3.4,3.4,2.15,2024-05-24,serie_a
Alanyaspor,Antalyaspor,1,1,D,1.67,4.0,4.75,2024-05-24,super_lig
Cagliari,Fiorentina,2,3,A,4.2,3.75,1.8,2024-05-23,serie_a
Salernitana,Verona,1,2,A,5.0,3.8,1.7,2024-05-20,serie_a
Bologna,Juventus,3,3,D,2.45,3.1,3.1,2024-05-20,serie_a
Genk,Antwerp,1,0,H,1.8,3.9,3.9,2024-05-20,pro_league
Real Madrid,Villarreal,3,4,A,,,,2024-05-19,la_liga
Arsenal,Everton,2,1,H,1.18,8.0,12.0,2024-05-19,premier_league
Brentford,Newcastle,2,4,A,2.9,3.9,2.2,2024-05-19,premier_league
Brighton,Man United,0,2,A,2.15,4.0,2.9,2024-05-19,premier_league
Burnley,Nott'm Forest,1,2,A,3.0,3.5,2.3,2024-05-19,premier_league
Chelsea,Bournemouth,2,1,H,1.45,5.0,6.0,2024-05-19,premier_league
Crystal Palace,Aston Villa,5,0,H,1.85,4.33,3.6,2024-05-19,premier_league
Liverpool,Wolves,2,0,H,1.17,8.0,15.0,2024-05-19,premier_league
Luton,Fulham,2,4,A,2.9,3.9,2.2,2024-05-19,premier_league
Man City,West Ham,3,1,H,1.08,12.0,21.0,2024-05-19,premier_league
Sheffield United,Tottenham,0,3,A,7.0,6.0,1.33,2024-05-19,premier_league
Ath Bilbao,Sevilla,2,0,H,1.7,3.9,4.75,2024-05-19,la_liga
Ath Madrid,Osasuna,1,4,A,1.4,4.5,8.0,2024-05-19,la_liga
Barcelona,Vallecano,3,0,H,1.25,6.0,12.0,2024-05-19,la_liga
Betis,Sociedad,0,2,A,2.55,3.2,2.88,2024-05-19,la_liga
Cadiz,Las Palmas,0,0,D,1.8,3.5,4.75,2024-05-19,la_liga
Granada,Celta,1,2,A,3.7,3.6,2.0,2024-05-19,la_liga
Mallorca,Almeria,2,2,D,1.5,4.1,7.0,2024-05-19,la_liga
Valencia,Girona,1,3,A,3.0,3.5,2.3,2024-05-19,la_liga
Villarreal,Real Madrid,4,4,D,3.2,3.75,2.05,2024-05-19,la_liga
Sassuolo,Cagliari,0,2,A,2.35,3.3,3.1,2024-05-19,serie_a
Monza,Frosinone,0,1,A,3.0,3.4,2.3,2024-05-19,serie_a
Udinese,Empoli,1,1,D,2.0,3.4,3.8,2024-05-19,serie_a
Inter,Lazio,1,1,D,1.62,4.0,5.0,2024-05-19,serie_a
Roma,Genoa,1,0,H,1.48,4.2,7.0,2024-05-19,serie_a
Le Havre,Marseille,1,2,A,4.5,3.6,1.8,2024-05-19,ligue_1
Lens,Montpellier,2,2,D,1.44,4.75,6.5,2024-05-19,ligue_1
Lille,Nice,2,2,D,1.65,4.0,5.0,2024-05-19,ligue_1
Lorient,Clermont,5,0,H,1.67,4.0,4.75,2024-05-19,ligue_1
Lyon,Strasbourg,2,1,H,1.42,4.75,7.5,2024-05-19,ligue_1
Metz,Paris SG,0,2,A,5.5,4.0,1.62,2024-05-19,ligue_1
Monaco,Nantes,4,0,H,1.38,5.0,7.5,2024-05-19,ligue_1
Reims,Rennes,2,1,H,2.88,3.3,2.5,2024-05-19,ligue_1
Toulouse,Brest,0,3,A,4.0,3.75,1.9,2024-05-19,ligue_1
Almere City,Nijmegen,1,4,A,3.2,3.5,2.2,2024-05-19,eredivisie
AZ Alkmaar,Utrecht,3,3,D,1.44,4.75,6.5,2024-05-19,eredivisie
Feyenoord,Excelsior,4,0,H,1.25,7.0,9.0,2024-05-19,eredivisie
Heracles,For Sittard,0,0,D,2.5,3.6,2.63,2024-05-19,eredivisie
PSV Eindhoven,Waalwijk,3,1,H,1.22,7.0,12.0,2024-05-19,eredivisie
Sparta Rotterdam,Heerenveen,2,1,H,1.95,3.6,3.7,2024-05-19,eredivisie
Vitesse,Ajax,2,2,D,5.25,4.2,1.57,2024-05-19,eredivisie
Volendam,Go Ahead Eagles,1,2,A,5.25,4.5,1.55,2024-05-19,eredivisie
Zwolle,Twente,1,2,A,9.5,6.0,1.29,2024-05-19,eredivisie
Cercle Brugge,St. Gilloise,1,2,A,3.3,3.5,2.05,2024-05-19,pro_league
Anderlecht,Club Brugge,0,1,A,2.88,3.5,2.3,2024-05-19,pro_league
Galatasaray,Fenerbahce,0,1,A,2.25,3.75,2.8,2024-05-19,super_lig
Alaves,Getafe,1,0,H,2.0,3.2,4.1,2024-05-18,la_liga
Dortmund,Darmstadt,4,0,H,1.17,8.5,13.0,2024-05-18,bundesliga
Ein Frankfurt,RB Leipzig,2,2,D,2.8,3.8,2.3,2024-05-18,bundesliga
Heidenheim,FC Koln,4,1,H,2.3,4.0,2.7,2024-05-18,bundesliga
Hoffenheim,Bayern Munich,4,2,H,2.88,4.5,2.0,2024-05-18,bundesliga
Leverkusen,Augsburg,2,1,H,1.3,6.0,9.0,2024-05-18,bundesliga
Stuttgart,M'gladbach,4,0,H,1.29,6.25,8.5,2024-05-18,bundesliga
Union Berlin,Freiburg,2,1,H,2.1,3.4,3.5,2024-05-18,bundesliga
Werder Bremen,Bochum,4,1,H,2.38,3.6,2.8,2024-05-18,bundesliga
Wolfsburg,Mainz,1,3,A,3.2,3.5,2.2,2024-05-18,bundesliga
Lecce,Atalanta,0,2,A,4.5,3.8,1.75,2024-05-18,serie_a
Torino,Milan,3,1,H,2.8,3.2,2.6,2024-05-18,serie_a
Westerlo,Mechelen,0,2,A,2.6,3.6,2.45,2024-05-18,pro_league
Standard,Gent,1,4,A,3.5,4.0,1.85,2024-05-18,pro_league
Arouca,Guimaraes,1,3,A,2.8,3.4,2.4,2024-05-18,primeira_liga
Boavista,Vizela,2,2,D,1.6,3.9,5.75,2024-05-18,primeira_liga
Estrela,Gil Vicente,1,0,H,1.67,3.9,4.75,2024-05-18,primeira_liga
Farense,Portimonense,1,3,A,2.6,3.8,2.4,2024-05-18,primeira_liga
Moreirense,Estoril,2,1,H,2.3,3.3,3.1,2024-05-18,primeira_liga
Sp Lisbon,Chaves,3,0,H,1.07,11.0,23.0,2024-05-18,primeira_liga
Sp Braga,Porto,0,1,A,3.2,3.6,2.1,2024-05-18,primeira_liga
Ankaragucu,Pendikspor,0,0,D,1.95,3.5,3.8,2024-05-18,super_lig
Besiktas,Hatayspor,2,2,D,1.53,4.33,6.0,2024-05-18,super_lig
Buyuksehyr,Trabzonspor,0,1,A,2.6,3.4,2.6,2024-05-18,super_lig
Gaziantep,Karagumruk,3,1,H,2.38,3.4,2.88,2024-05-18,super_lig
Kayserispor,Konyaspor,2,2,D,3.0,2.4,3.1,2024-05-18,super_lig
Rizespor,Kasimpasa,0,0,D,2.3,3.6,2.8,2024-05-18,super_lig
Samsunspor,Alanyaspor,1,1,D,2.15,3.25,3.4,2024-05-18,super_lig
Fiorentina,Napoli,2,2,D,2.25,3.4,3.1,2024-05-17,serie_a
St Truiden,Oud-Heverlee Leuven,1,1,D,2.1,3.6,3.1,2024-05-17,pro_league
Famalicao,Casa Pia,1,2,A,1.73,3.75,4.5,2024-05-17,primeira_liga
Rio Ave,Benfica,1,1,D,6.25,5.0,1.4,2024-05-17,primeira_liga
Istanbulspor,Sivasspor,1,3,A,3.0,3.6,2.2,2024-05-17,super_lig
Antalyaspor,Ad. Demirspor,2,1,H,2.2,3.6,3.1,2024-05-17,super_lig
Las Palmas,Betis,2,2,D,4.0,3.5,1.91,2024-05-16,la_liga
Almeria,Barcelona,0,2,A,6.5,5.0,1.44,2024-05-16,la_liga
Sociedad,Valencia,1,0,H,1.6,3.9,5.75,2024-05-16,la_liga
Brighton,Chelsea,1,2,A,3.3,4.0,1.95,2024-05-15,premier_league
Man United,Newcastle,3,2,H,2.75,4.0,2.3,2024-05-15,premier_league
Sevilla,Cadiz,0,1,A,1.9,3.6,4.0,2024-05-15,la_liga
Vallecano,Granada,2,1,H,1.65,3.8,5.5,2024-05-15,la_liga
Celta,Ath Bilbao,2,1,H,2.63,3.3,2.7,2024-05-15,la_liga
Getafe,Ath Madrid,0,3,A,4.75,3.4,1.83,2024-05-15,la_liga
Nice,Paris SG,1,2,A,2.5,3.6,2.63,2024-05-15,ligue_1
Reims,Marseille,1,0,H,3.25,3.5,2.15,2024-05-15,ligue_1
Tottenham,Manchester City,0,2,A,,,,2024-05-14,epl
Tottenham,Man City,0,2,A,6.5,6.0,1.36,2024-05-14,premier_league
Osasuna,Mallorca,1,1,D,2.8,2.9,2.88,2024-05-14,la_liga
Real Madrid,Alaves,5,0,H,1.22,7.5,11.0,2024-05-14,la_liga
Girona,Villarreal,0,1,A,1.7,4.5,4.2,2024-05-14,la_liga
Aston Villa,Liverpool,3,3,D,4.2,4.33,1.7,2024-05-13,premier_league
Barcelona,Sociedad,2,0,H,1.8,3.6,4.5,2024-05-13,la_liga
Lecce,Udinese,0,2,A,2.63,3.1,2.8,2024-05-13,serie_a
Fiorentina,Monza,2,1,H,1.55,4.2,5.75,2024-05-13,serie_a
Club Brugge,St. Gilloise,2,2,D,2.1,3.5,3.3,2024-05-13,pro_league
Man United,Arsenal,0,1,A,7.0,5.5,1.36,2024-05-12,premier_league
Cadiz,Getafe,1,0,H,2.1,3.2,3.8,2024-05-12,la_liga
Ath Madrid,Celta,1,0,H,1.42,4.75,7.0,2024-05-12,la_liga
Valencia,Vallecano,0,0,D,2.25,3.1,3.5,2024-05-12,la_liga
Betis,Almeria,3,2,H,1.33,5.5,8.5,2024-05-12,la_liga
Darmstadt,Hoffenheim,0,6,A,4.75,4.5,1.62,2024-05-12,bundesliga
Bayern Munich,Wolfsburg,2,0,H,1.33,6.0,7.5,2024-05-12,bundesliga
Bochum,Leverkusen,0,5,A,4.2,4.33,1.7,2024-05-12,bundesliga
Lazio,Empoli,2,0,H,1.57,4.0,5.75,2024-05-12,serie_a
Genoa,Sassuolo,2,1,H,2.2,3.5,3.2,2024-05-12,serie_a
Verona,Torino,1,2,A,3.0,3.0,2.55,2024-05-12,serie_a
Juventus,Salernitana,1,1,D,1.14,8.5,17.0,2024-05-12,serie_a
Atalanta,Roma,2,1,H,2.0,3.6,3.6,2024-05-12,serie_a
Clermont,Lyon,0,1,A,5.25,4.5,1.55,2024-05-12,ligue_1
Marseille,Lorient,3,1,H,1.44,5.0,6.5,2024-05-12,ligue_1
Montpellier,Monaco,0,2,A,3.8,4.0,1.83,2024-05-12,ligue_1
Nantes,Lille,1,2,A,4.0,3.5,1.91,2024-05-12,ligue_1
Paris SG,Toulouse,1,3,A,1.4,6.0,5.75,2024-05-12,ligue_1
Rennes,Lens,1,1,D,2.5,3.4,2.8,2024-05-12,ligue_1
Strasbourg,Metz,2,1,H,2.2,3.6,3.1,2024-05-12,ligue_1
Ajax,Almere City,3,0,H,1.25,6.0,11.0,2024-05-12,eredivisie
Excelsior,Heracles,4,0,H,1.85,3.75,3.8,2024-05-12,eredivisie
For Sittard,PSV Eindhoven,1,1,D,8.5,6.0,1.25,2024-05-12,eredivisie
Go Ahead Eagles,AZ Alkmaar,0,3,A,4.2,3.8,1.8,2024-05-12,eredivisie
Heerenveen,Vitesse,1,3,A,1.45,4.75,6.0,2024-05-12,eredivisie
Nijmegen,Feyenoord,2,3,A,5.75,4.2,1.53,2024-05-12,eredivisie
Twente,Volendam,7,2,H,1.07,11.0,26.0,2024-05-12,eredivisie
Utrecht,Sparta Rotterdam,0,1,A,1.73,4.0,4.33,2024-05-12,eredivisie
Waalwijk,Zwolle,1,1,D,1.67,4.0,4.75,2024-05-12,eredivisie
Gent,Oud-Heverlee Leuven,0,1,A,1.4,5.0,6.5,2024-05-12,pro_league
St Truiden,Mechelen,2,1,H,2.3,3.5,2.88,2024-05-12,pro_league
Antwerp,Cercle Brugge,1,2,A,2.25,3.5,3.0,2024-05-12,pro_league
Gil Vicente,Farense,2,0,H,2.0,3.5,3.6,2024-05-12,primeira_liga
Benfica,Arouca,5,0,H,1.25,6.5,9.0,2024-05-12,primeira_liga
Casa Pia,Moreirense,0,1,A,2.6,3.0,2.9,2024-05-12,primeira_liga
Porto,Boavista,2,1,H,1.17,7.0,15.0,2024-05-12,primeira_liga
Ad. Demirspor,Gaziantep,1,6,A,2.1,3.6,3.25,2024-05-12,super_lig
Alanyaspor,Besiktas,1,1,D,2.55,3.5,2.6,2024-05-12,super_lig
Fenerbahce,Kayserispor,3,0,H,1.18,7.5,12.0,2024-05-12,super_lig
Hatayspor,Ankaragucu,2,1,H,2.45,3.4,2.75,2024-05-12,super_lig
Karagumruk,Galatasaray,2,3,A,6.5,4.5,1.45,2024-05-12,super_lig
Kasimpasa,Antalyaspor,3,1,H,2.0,3.75,3.4,2024-05-12,super_lig
Konyaspor,Samsunspor,3,0,H,2.2,3.2,3.3,2024-05-12,super_lig
Pendikspor,Rizespor,2,1,H,1.95,3.8,3.4,2024-05-12,super_lig
Sivasspor,Buyuksehyr,0,1,A,3.4,3.4,2.1,2024-05-12,super_lig
Trabzonspor,Istanbulspor,3,0,H,1.18,7.5,12.0,2024-05-12,super_lig
Mainz,Bayer Leverkusen,0,2,A,,,,2024-05-11,bundesliga
Manchester City,Fulham,2,0,H,,,,2024-05-11,epl
Rennes,PSG,0,1,A,,,,2024-05-11,ligue_1
Wolverhampton,Manchester City,2,4,A,,,,2024-05-11,epl
Fulham,Man City,0,4,A,13.0,7.0,1.2,2024-05-11,premier_league
Bournemouth,Brentford,1,2,A,1.95,4.0,3.5,2024-05-11,premier_league
Everton,Sheffield United,1,0,H,1.4,4.8,7.5,2024-05-11,premier_league
Newcastle,Brighton,1,1,D,1.57,4.75,4.75,2024-05-11,premier_league
Tottenham,Burnley,2,1,H,1.36,5.75,7.0,2024-05-11,premier_league
West Ham,Luton,3,1,H,1.8,4.2,3.8,2024-05-11,premier_league
Wolves,Crystal Palace,1,3,A,2.88,3.5,2.38,2024-05-11,premier_league
Nott'm Forest,Chelsea,2,3,A,3.4,3.8,2.0,2024-05-11,premier_league
Mallorca,Las Palmas,1,0,H,1.65,3.5,6.5,2024-05-11,la_liga
Villarreal,Sevilla,3,2,H,1.83,4.0,3.8,2024-05-11,la_liga
Granada,Real Madrid,0,4,A,5.5,4.6,1.53,2024-05-11,la_liga
Ath Bilbao,Osasuna,2,2,D,1.44,4.33,7.5,2024-05-11,la_liga
FC Koln,Union Berlin,3,2,H,2.8,3.3,2.55,2024-05-11,bundesliga
Freiburg,Heidenheim,1,1,D,1.7,4.0,4.5,2024-05-11,bundesliga
M'gladbach,Ein Frankfurt,1,1,D,2.45,3.75,2.63,2024-05-11,bundesliga
RB Leipzig,Werder Bremen,1,1,D,1.29,6.5,8.0,2024-05-11,bundesliga
Mainz,Dortmund,3,0,H,2.2,3.6,3.1,2024-05-11,bundesliga
Napoli,Bologna,0,2,A,2.1,3.4,3.5,2024-05-11,serie_a
Milan,Cagliari,5,1,H,1.4,5.25,6.5,2024-05-11,serie_a
Charleroi,Kortrijk,3,1,H,2.25,3.4,3.1,2024-05-11,pro_league
Eupen,RWD Molenbeek,2,0,H,3.3,3.8,1.95,2024-05-11,pro_league
Anderlecht,Genk,2,1,H,1.95,3.5,3.6,2024-05-11,pro_league
Portimonense,Rio Ave,2,2,D,2.15,3.3,3.3,2024-05-11,primeira_liga
Vizela,Estrela,4,0,H,3.5,3.4,2.05,2024-05-11,primeira_liga
Estoril,Sp Lisbon,0,1,A,6.0,5.0,1.44,2024-05-11,primeira_liga
Guimaraes,Sp Braga,2,3,A,3.25,3.5,2.1,2024-05-11,primeira_liga
Alaves,Girona,2,2,D,3.5,3.6,2.05,2024-05-10,la_liga
Augsburg,Stuttgart,0,1,A,4.0,4.2,1.75,2024-05-10,bundesliga
Frosinone,Inter,0,5,A,4.5,4.0,1.73,2024-05-10,serie_a
Brest,Reims,1,1,D,1.67,4.0,5.0,2024-05-10,ligue_1
Nice,Le Havre,1,0,H,1.53,4.0,6.5,2024-05-10,ligue_1
Chaves,Famalicao,0,1,A,2.63,3.3,2.63,2024-05-10,primeira_liga
PSG,Borussia Dortmund,0,1,A,,,,2024-05-07,champions_league
Crystal Palace,Man United,4,0,H,2.38,3.75,2.8,2024-05-06,premier_league
Salernitana,Atalanta,1,2,A,7.5,5.5,1.36,2024-05-06,serie_a
Udinese,Napoli,1,1,D,3.75,3.6,1.95,2024-05-06,serie_a
Lille,Lyon,3,4,A,1.91,3.8,3.8,2024-05-06,ligue_1
Excelsior,Nijmegen,0,3,A,3.0,3.6,2.3,2024-05-06,eredivisie
Antalyaspor,Pendikspor,1,2,A,2.2,3.75,3.0,2024-05-06,super_lig
Konyaspor,Fenerbahce,0,0,D,6.5,5.5,1.4,2024-05-06,super_lig
Real Madrid,Real Sociedad,4,1,H,,,,2024-05-05,la_liga
Real Madrid,Real Betis,2,0,H,,,,2024-05-05,la_liga
Brighton,Aston Villa,1,0,H,2.75,3.75,2.45,2024-05-05,premier_league
Chelsea,West Ham,5,0,H,1.65,4.5,4.5,2024-05-05,premier_league
Liverpool,Tottenham,4,2,H,1.5,5.75,5.0,2024-05-05,premier_league
Osasuna,Betis,0,2,A,3.2,3.25,2.38,2024-05-05,la_liga
Celta,Villarreal,3,2,H,2.3,3.6,2.88,2024-05-05,la_liga
Valencia,Alaves,0,1,A,2.1,3.0,4.0,2024-05-05,la_liga
Sevilla,Granada,3,0,H,1.65,4.0,5.25,2024-05-05,la_liga
Vallecano,Almeria,0,1,A,1.57,4.0,5.75,2024-05-05,la_liga
Union Berlin,Bochum,3,4,A,1.95,3.5,4.0,2024-05-05,bundesliga
Ein Frankfurt,Leverkusen,1,5,A,3.2,3.5,2.2,2024-05-05,bundesliga
Heidenheim,Mainz,1,1,D,3.0,3.5,2.3,2024-05-05,bundesliga
Cagliari,Lecce,1,1,D,2.15,3.2,3.75,2024-05-05,serie_a
Empoli,Frosinone,0,0,D,2.38,3.3,3.1,2024-05-05,serie_a
Verona,Fiorentina,2,1,H,3.1,3.3,2.3,2024-05-05,serie_a
Milan,Genoa,3,3,D,1.45,4.5,6.5,2024-05-05,serie_a
Roma,Juventus,1,1,D,2.88,3.1,2.7,2024-05-05,serie_a
Heracles,Waalwijk,0,5,A,2.3,3.6,3.0,2024-05-05,eredivisie
PSV Eindhoven,Sparta Rotterdam,4,2,H,1.13,8.5,19.0,2024-05-05,eredivisie
Utrecht,Vitesse,1,0,H,1.36,5.25,8.0,2024-05-05,eredivisie
Volendam,Ajax,1,4,A,8.0,5.5,1.36,2024-05-05,eredivisie
AZ Alkmaar,Twente,2,1,H,2.3,3.4,3.1,2024-05-05,eredivisie
Feyenoord,Zwolle,5,0,H,1.1,10.0,21.0,2024-05-05,eredivisie
Antwerp,Club Brugge,1,2,A,3.8,3.6,1.91,2024-05-05,pro_league
Oud-Heverlee Leuven,Standard,3,1,H,2.3,3.5,2.88,2024-05-05,pro_league
St. Gilloise,Anderlecht,0,0,D,1.7,3.8,4.5,2024-05-05,pro_league
Kortrijk,Eupen,1,0,H,2.05,3.4,3.6,2024-05-05,pro_league
Farense,Estoril,3,2,H,2.55,3.2,2.9,2024-05-05,primeira_liga
Arouca,Estrela,0,0,D,2.05,3.6,3.5,2024-05-05,primeira_liga
Sp Braga,Casa Pia,4,3,H,1.33,5.25,9.0,2024-05-05,primeira_liga
Famalicao,Benfica,2,0,H,8.0,5.0,1.36,2024-05-05,primeira_liga
Buyuksehyr,Kasimpasa,4,1,H,1.95,3.5,4.0,2024-05-05,super_lig
Galatasaray,Sivasspor,6,1,H,1.17,8.5,13.0,2024-05-05,super_lig
Gaziantep,Hatayspor,1,1,D,2.2,3.3,3.4,2024-05-05,super_lig
Newcastle,Arsenal,0,1,A,,,,2024-05-04,epl
Arsenal,Bournemouth,3,0,H,1.22,7.5,11.0,2024-05-04,premier_league
Brentford,Fulham,0,0,D,2.1,3.8,3.2,2024-05-04,premier_league
Burnley,Newcastle,1,4,A,3.4,4.0,1.95,2024-05-04,premier_league
Sheffield United,Nott'm Forest,1,3,A,4.75,4.2,1.65,2024-05-04,premier_league
Man City,Wolves,5,1,H,1.08,12.0,21.0,2024-05-04,premier_league
Birmingham,Norwich,1,0,H,2.38,3.75,2.8,2024-05-04,championship
Coventry,QPR,1,2,A,2.2,3.4,3.3,2024-05-04,championship
Ipswich,Huddersfield,2,0,H,1.25,6.0,12.0,2024-05-04,championship
Leeds,Southampton,1,2,A,1.57,4.33,5.5,2024-05-04,championship
Leicester,Blackburn,0,2,A,1.7,3.75,5.25,2024-05-04,championship
Middlesbrough,Watford,3,1,H,1.7,4.0,4.75,2024-05-04,championship
Plymouth,Hull,1,0,H,3.5,3.75,2.0,2024-05-04,championship
Rotherham,Cardiff,5,2,H,3.4,3.4,2.2,2024-05-04,championship
Stoke,Bristol City,4,0,H,2.05,3.4,3.75,2024-05-04,championship
Sunderland,Sheffield Weds,0,2,A,2.7,3.4,2.55,2024-05-04,championship
Swansea,Millwall,0,1,A,2.05,3.5,3.6,2024-05-04,championship
West Brom,Preston,3,0,H,1.45,4.2,8.0,2024-05-04,championship
Sociedad,Las Palmas,2,0,H,1.33,5.0,10.0,2024-05-04,la_liga
Real Madrid,Cadiz,3,0,H,1.33,5.25,8.5,2024-05-04,la_liga
Girona,Barcelona,4,2,H,2.7,3.75,2.4,2024-05-04,la_liga
Mallorca,Ath Madrid,0,1,A,3.75,3.2,2.15,2024-05-04,la_liga
Dortmund,Augsburg,5,1,H,1.85,4.33,3.6,2024-05-04,bundesliga
Stuttgart,Bayern Munich,3,1,H,2.1,4.0,3.1,2024-05-04,bundesliga
Werder Bremen,M'gladbach,2,2,D,2.25,3.75,3.0,2024-05-04,bundesliga
Wolfsburg,Darmstadt,3,0,H,1.4,5.0,8.0,2024-05-04,bundesliga
FC Koln,Freiburg,0,0,D,2.3,3.75,2.88,2024-05-04,bundesliga
Monza,Lazio,2,2,D,4.33,3.75,1.83,2024-05-04,serie_a
Sassuolo,Inter,1,0,H,6.0,4.5,1.5,2024-05-04,serie_a
Le Havre,Strasbourg,3,1,H,2.38,3.2,3.1,2024-05-04,ligue_1
Monaco,Clermont,4,1,H,1.3,6.0,8.5,2024-05-04,ligue_1
Metz,Rennes,2,3,A,3.5,3.6,2.05,2024-05-04,ligue_1
Brest,Nantes,0,0,D,1.73,3.8,4.75,2024-05-04,ligue_1
RWD Molenbeek,Charleroi,1,3,A,2.5,3.4,2.7,2024-05-04,pro_league
Mechelen,Gent,2,4,A,3.3,3.6,2.05,2024-05-04,pro_league
Cercle Brugge,Genk,4,1,H,2.5,3.6,2.6,2024-05-04,pro_league
Boavista,Gil Vicente,1,1,D,2.63,3.2,2.8,2024-05-04,primeira_liga
Rio Ave,Guimaraes,2,1,H,2.7,3.3,2.63,2024-05-04,primeira_liga
Sp Lisbon,Portimonense,3,0,H,1.08,13.0,19.0,2024-05-04,primeira_liga
Chaves,Porto,0,3,A,10.0,5.5,1.29,2024-05-04,primeira_liga
Istanbulspor,Ad. Demirspor,0,1,A,5.0,4.5,1.57,2024-05-04,super_lig
Kayserispor,Karagumruk,2,2,D,2.38,3.25,3.1,2024-05-04,super_lig
Samsunspor,Trabzonspor,3,1,H,2.7,3.3,2.63,2024-05-04,super_lig
Luton,Everton,1,1,D,2.6,3.6,2.55,2024-05-03,premier_league
Getafe,Ath Bilbao,0,2,A,4.0,3.2,2.05,2024-05-03,la_liga
Hoffenheim,RB Leipzig,1,1,D,5.25,5.0,1.5,2024-05-03,bundesliga
Torino,Bologna,0,0,D,2.88,2.8,2.88,2024-05-03,serie_a
Toulouse,Montpellier,1,2,A,2.05,3.8,3.3,2024-05-03,ligue_1
Lens,Lorient,2,0,H,1.44,5.0,6.5,2024-05-03,ligue_1
Almere City,Heerenveen,1,1,D,2.8,3.4,2.5,2024-05-03,eredivisie
For Sittard,Go Ahead Eagles,0,0,D,2.45,3.6,2.7,2024-05-03,eredivisie
Westerlo,St Truiden,2,2,D,2.38,3.75,2.63,2024-05-03,pro_league
Moreirense,Vizela,1,0,H,2.15,3.25,3.6,2024-05-03,primeira_liga
Ankaragucu,Alanyaspor,1,1,D,2.15,3.4,3.4,2024-05-03,super_lig
Besiktas,Rizespor,3,2,H,1.8,3.8,4.33,2024-05-03,super_lig
Chelsea,Tottenham,2,0,H,2.15,3.8,3.0,2024-05-02,premier_league
Borussia Dortmund,PSG,1,0,H,,,,2024-05-01,champions_league
Coventry,Ipswich,1,2,A,4.33,4.2,1.7,2024-04-30,championship
Preston,Leicester,0,3,A,6.0,4.5,1.45,2024-04-29,championship
Barcelona,Valencia,4,2,H,1.36,5.0,7.5,2024-04-29,la_liga
Genoa,Cagliari,3,0,H,2.25,3.1,3.5,2024-04-29,serie_a
Estrela,Farense,0,3,A,2.2,3.25,3.5,2024-04-29,primeira_liga
Karagumruk,Antalyaspor,4,1,H,2.15,3.4,3.4,2024-04-29,super_lig
Arsenal,Tottenham,3,2,H,,,,2024-04-28,epl
Brest,PSG,2,3,A,,,,2024-04-28,ligue_1
Bournemouth,Brighton,3,0,H,2.25,3.8,2.9,2024-04-28,premier_league
Tottenham,Arsenal,2,3,A,4.2,4.2,1.75,2024-04-28,premier_league
Nott'm Forest,Man City,0,2,A,8.0,6.0,1.3,2024-04-28,premier_league
Cadiz,Mallorca,1,1,D,2.5,2.9,3.2,2024-04-28,la_liga
Granada,Osasuna,3,0,H,2.55,3.1,3.0,2024-04-28,la_liga
Villarreal,Vallecano,3,0,H,1.65,4.0,5.0,2024-04-28,la_liga
Betis,Sevilla,1,1,D,2.05,3.4,3.6,2024-04-28,la_liga
M'gladbach,Union Berlin,0,0,D,2.3,3.5,3.0,2024-04-28,bundesliga
Mainz,FC Koln,1,1,D,1.55,4.33,6.0,2024-04-28,bundesliga
Darmstadt,Heidenheim,0,1,A,3.3,3.75,2.1,2024-04-28,bundesliga
Inter,Torino,2,0,H,1.53,3.8,7.0,2024-04-28,serie_a
Bologna,Udinese,1,1,D,1.6,3.8,6.0,2024-04-28,serie_a
Atalanta,Empoli,2,0,H,1.44,4.5,7.5,2024-04-28,serie_a
Napoli,Roma,2,2,D,1.95,3.6,4.0,2024-04-28,serie_a
Fiorentina,Sassuolo,5,1,H,1.7,3.8,5.0,2024-04-28,serie_a
Metz,Lille,1,2,A,4.5,3.75,1.75,2024-04-28,ligue_1
Clermont,Reims,4,1,H,3.75,3.5,2.0,2024-04-28,ligue_1
Lorient,Toulouse,1,2,A,2.6,3.4,2.63,2024-04-28,ligue_1
Strasbourg,Nice,1,3,A,3.0,3.3,2.38,2024-04-28,ligue_1
Rennes,Brest,4,5,A,2.25,3.3,3.3,2024-04-28,ligue_1
Lyon,Monaco,3,2,H,2.55,3.75,2.55,2024-04-28,ligue_1
Marseille,Lens,2,1,H,2.4,3.4,2.9,2024-04-28,ligue_1
Nijmegen,AZ Alkmaar,0,3,A,3.2,4.0,2.05,2024-04-28,eredivisie
Zwolle,Heracles,3,1,H,2.1,3.8,3.1,2024-04-28,eredivisie
Sparta Rotterdam,Volendam,1,0,H,1.33,5.5,8.0,2024-04-28,eredivisie
Waalwijk,Utrecht,2,2,D,3.0,3.8,2.15,2024-04-28,eredivisie
Vitesse,For Sittard,3,2,H,3.3,4.0,2.0,2024-04-28,eredivisie
Genk,Club Brugge,0,3,A,2.9,3.6,2.25,2024-04-28,pro_league
Cercle Brugge,Anderlecht,1,1,D,2.8,3.5,2.38,2024-04-28,pro_league
St. Gilloise,Antwerp,4,1,H,1.67,4.0,4.75,2024-04-28,pro_league
RWD Molenbeek,Kortrijk,0,1,A,2.38,3.4,2.9,2024-04-28,pro_league
Portimonense,Moreirense,0,2,A,3.0,3.2,2.45,2024-04-28,primeira_liga
Estoril,Famalicao,1,0,H,2.25,3.3,3.25,2024-04-28,primeira_liga
Porto,Sp Lisbon,2,2,D,2.63,3.3,2.7,2024-04-28,primeira_liga
Alanyaspor,Istanbulspor,6,0,H,1.36,5.0,8.5,2024-04-28,super_lig
Pendikspor,Kayserispor,1,2,A,2.1,3.4,3.5,2024-04-28,super_lig
Rizespor,Ankaragucu,2,2,D,2.1,3.4,3.6,2024-04-28,super_lig
Trabzonspor,Gaziantep,4,2,H,1.5,4.33,7.0,2024-04-28,super_lig
Juventus,Inter Milan,2,2,D,,,,2024-04-27,serie_a
Montpellier,PSG,0,6,A,,,,2024-04-27,ligue_1
West Ham,Liverpool,2,2,D,5.5,5.0,1.5,2024-04-27,premier_league
Fulham,Crystal Palace,1,1,D,2.1,3.5,3.5,2024-04-27,premier_league
Man United,Burnley,1,1,D,1.5,4.75,5.5,2024-04-27,premier_league
Newcastle,Sheffield United,5,1,H,1.22,7.0,11.0,2024-04-27,premier_league
Wolves,Luton,2,1,H,1.95,3.8,3.6,2024-04-27,premier_league
Everton,Brentford,1,0,H,2.3,3.5,3.0,2024-04-27,premier_league
Aston Villa,Chelsea,2,2,D,2.15,3.8,3.0,2024-04-27,premier_league
Blackburn,Coventry,0,0,D,2.15,3.6,3.2,2024-04-27,championship
Bristol City,Rotherham,2,0,H,1.36,4.75,9.5,2024-04-27,championship
Cardiff,Middlesbrough,1,4,A,3.6,3.6,2.0,2024-04-27,championship
Huddersfield,Birmingham,1,1,D,2.25,3.4,3.2,2024-04-27,championship
Millwall,Plymouth,1,0,H,2.2,3.4,3.4,2024-04-27,championship
Norwich,Swansea,2,2,D,1.67,4.0,5.0,2024-04-27,championship
Sheffield Weds,West Brom,3,0,H,3.0,3.3,2.45,2024-04-27,championship
Southampton,Stoke,0,1,A,1.75,4.33,4.0,2024-04-27,championship
Watford,Sunderland,1,0,H,2.38,3.2,3.25,2024-04-27,championship
Hull,Ipswich,3,3,D,3.2,3.6,2.15,2024-04-27,championship
Las Palmas,Girona,0,2,A,4.5,3.8,1.75,2024-04-27,la_liga
Almeria,Getafe,1,3,A,2.7,3.4,2.63,2024-04-27,la_liga
Alaves,Celta,3,0,H,2.75,3.1,2.7,2024-04-27,la_liga
Ath Madrid,Ath Bilbao,3,1,H,1.95,3.5,4.0,2024-04-27,la_liga
Augsburg,Werder Bremen,0,3,A,1.8,4.0,4.0,2024-04-27,bundesliga
Bayern Munich,Ein Frankfurt,2,1,H,1.4,5.25,7.0,2024-04-27,bundesliga
Freiburg,Wolfsburg,1,2,A,2.3,3.6,2.88,2024-04-27,bundesliga
RB Leipzig,Dortmund,4,1,H,1.67,4.33,4.5,2024-04-27,bundesliga
Leverkusen,Stuttgart,2,2,D,1.75,4.2,4.33,2024-04-27,bundesliga
Lecce,Monza,1,1,D,2.0,3.25,4.0,2024-04-27,serie_a
Juventus,Milan,0,0,D,2.1,3.3,3.6,2024-04-27,serie_a
Lazio,Verona,1,0,H,1.62,3.8,6.0,2024-04-27,serie_a
Paris SG,Le Havre,3,3,D,1.33,5.75,7.5,2024-04-27,ligue_1
Mechelen,Oud-Heverlee Leuven,3,0,H,1.95,3.75,3.6,2024-04-27,pro_league
Standard,St Truiden,1,1,D,2.25,3.4,3.1,2024-04-27,pro_league
Gent,Westerlo,3,2,H,1.36,5.25,7.0,2024-04-27,pro_league
Casa Pia,Chaves,3,1,H,2.05,3.3,3.75,2024-04-27,primeira_liga
Vizela,Rio Ave,1,1,D,2.7,3.2,2.7,2024-04-27,primeira_liga
Benfica,Sp Braga,3,1,H,1.55,4.33,5.75,2024-04-27,primeira_liga
Guimaraes,Boavista,1,0,H,1.6,4.0,5.5,2024-04-27,primeira_liga
Kasimpasa,Samsunspor,1,0,H,2.25,3.4,3.2,2024-04-27,super_lig
Sivasspor,Konyaspor,1,0,H,2.5,3.2,3.0,2024-04-27,super_lig
Fenerbahce,Besiktas,2,1,H,1.45,4.75,6.0,2024-04-27,super_lig
Hatayspor,Buyuksehyr,1,2,A,3.0,3.3,2.4,2024-04-27,super_lig
QPR,Leeds,4,0,H,5.0,4.5,1.57,2024-04-26,championship
Sociedad,Real Madrid,0,1,A,2.45,3.25,2.9,2024-04-26,la_liga
Bochum,Hoffenheim,3,2,H,2.15,4.0,2.9,2024-04-26,bundesliga
Frosinone,Salernitana,3,0,H,1.4,4.75,7.5,2024-04-26,serie_a
Montpellier,Nantes,1,1,D,1.95,3.6,3.75,2024-04-26,ligue_1
Eupen,Charleroi,1,2,A,3.4,3.2,2.2,2024-04-26,pro_league
Gil Vicente,Arouca,2,2,D,2.5,3.5,2.6,2024-04-26,primeira_liga
Ad. Demirspor,Galatasaray,0,3,A,6.0,5.0,1.45,2024-04-26,super_lig
Brighton,Man City,0,4,A,6.5,5.0,1.4,2024-04-25,premier_league
Udinese,Roma,1,2,A,3.3,3.4,2.15,2024-04-25,serie_a
Heerenveen,PSV Eindhoven,0,8,A,8.0,4.75,1.36,2024-04-25,eredivisie
Go Ahead Eagles,Feyenoord,1,3,A,6.0,4.2,1.53,2024-04-25,eredivisie
Antwerp,St. Gilloise,0,3,A,2.8,3.5,2.38,2024-04-25,pro_league
Wolves,Bournemouth,0,1,A,2.7,3.6,2.5,2024-04-24,premier_league
Crystal Palace,Newcastle,2,0,H,2.75,3.6,2.4,2024-04-24,premier_league
Everton,Liverpool,2,0,H,7.0,5.0,1.4,2024-04-24,premier_league
Man United,Sheffield United,4,2,H,1.3,6.5,7.5,2024-04-24,premier_league
Coventry,Hull,2,3,A,2.25,3.6,3.0,2024-04-24,championship
Lorient,Paris SG,1,4,A,7.5,5.0,1.4,2024-04-24,ligue_1
Marseille,Nice,2,2,D,2.25,3.4,3.25,2024-04-24,ligue_1
Monaco,Lille,1,0,H,2.25,3.6,3.0,2024-04-24,ligue_1
Twente,Almere City,3,1,H,1.29,5.5,11.0,2024-04-24,eredivisie
Ajax,Excelsior,2,2,D,1.29,5.5,10.0,2024-04-24,eredivisie
Anderlecht,Cercle Brugge,3,0,H,1.91,3.6,3.8,2024-04-24,pro_league
Club Brugge,Genk,4,0,H,1.75,3.8,4.33,2024-04-24,pro_league
Arsenal,Chelsea,5,0,H,,,,2024-04-23,epl
Leicester,Southampton,5,0,H,2.05,3.8,3.2,2024-04-23,championship
St Truiden,Gent,0,2,A,3.75,3.75,1.91,2024-04-23,pro_league
Standard,Mechelen,0,0,D,2.4,3.5,2.75,2024-04-23,pro_league
Westerlo,Oud-Heverlee Leuven,1,1,D,2.45,3.6,2.7,2024-04-23,pro_league
AC Milan,Inter Milan,1,2,A,,,,2024-04-22,serie_a
AC Milan,Inter Milan,1,2,A,,,,2024-04-22,serie_a
Middlesbrough,Leeds,3,4,A,4.2,3.8,1.8,2024-04-22,championship
Sevilla,Mallorca,2,1,H,1.95,3.1,4.5,2024-04-22,la_liga
Roma,Bologna,1,3,A,2.4,3.1,3.2,2024-04-22,serie_a
Milan,Inter,1,2,A,3.75,3.6,2.0,2024-04-22,serie_a
Farense,Benfica,1,3,A,6.5,5.5,1.4,2024-04-22,primeira_liga
Sivasspor,Fenerbahce,2,2,D,8.0,4.75,1.4,2024-04-22,super_lig
Barcelona,Real Madrid,1,2,A,,,,2024-04-21,la_liga
PSG,Lyon,3,1,H,,,,2024-04-21,ligue_1
Real Madrid,Barcelona,3,2,H,,,,2024-04-21,la_liga
Everton,Nott'm Forest,2,0,H,2.05,3.5,3.6,2024-04-21,premier_league
Aston Villa,Bournemouth,3,1,H,1.85,4.0,3.6,2024-04-21,premier_league
Crystal Palace,West Ham,5,2,H,2.1,3.6,3.4,2024-04-21,premier_league
Fulham,Liverpool,1,3,A,5.25,4.5,1.57,2024-04-21,premier_league
Blackburn,Sheffield Weds,1,3,A,2.05,3.6,3.5,2024-04-21,championship
Getafe,Sociedad,1,1,D,3.8,3.1,2.15,2024-04-21,la_liga
Almeria,Villarreal,1,2,A,3.4,3.8,2.05,2024-04-21,la_liga
Alaves,Ath Madrid,2,0,H,4.0,3.5,1.95,2024-04-21,la_liga
Werder Bremen,Stuttgart,2,1,H,4.75,4.75,1.57,2024-04-21,bundesliga
Dortmund,Leverkusen,1,1,D,2.55,3.8,2.55,2024-04-21,bundesliga
Freiburg,Mainz,1,1,D,2.6,3.5,2.6,2024-04-21,bundesliga
Sassuolo,Lecce,0,3,A,2.3,3.3,3.2,2024-04-21,serie_a
Torino,Frosinone,0,0,D,1.67,3.8,5.25,2024-04-21,serie_a
Salernitana,Fiorentina,0,2,A,5.0,4.0,1.67,2024-04-21,serie_a
Monza,Atalanta,1,2,A,4.0,3.8,1.85,2024-04-21,serie_a
Le Havre,Metz,0,1,A,2.15,3.2,3.6,2024-04-21,ligue_1
Lille,Strasbourg,1,0,H,1.6,4.0,5.75,2024-04-21,ligue_1
Reims,Montpellier,1,2,A,1.95,3.75,3.6,2024-04-21,ligue_1
Brest,Monaco,0,2,A,2.7,3.5,2.55,2024-04-21,ligue_1
Toulouse,Marseille,2,2,D,2.7,3.3,2.55,2024-04-21,ligue_1
Paris SG,Lyon,4,1,H,1.44,5.25,6.0,2024-04-21,ligue_1
Cercle Brugge,Antwerp,0,1,A,2.63,3.3,2.63,2024-04-21,pro_league
Kortrijk,RWD Molenbeek,2,4,A,2.1,3.4,3.4,2024-04-21,pro_league
St. Gilloise,Club Brugge,1,2,A,2.3,3.4,3.0,2024-04-21,pro_league
Charleroi,Eupen,1,0,H,1.67,3.75,5.0,2024-04-21,pro_league
Chaves,Estoril,2,2,D,2.88,3.3,2.5,2024-04-21,primeira_liga
Famalicao,Portimonense,2,2,D,1.62,3.8,6.0,2024-04-21,primeira_liga
Casa Pia,Porto,1,2,A,8.0,5.0,1.36,2024-04-21,primeira_liga
Sp Lisbon,Guimaraes,3,0,H,1.3,5.5,10.0,2024-04-21,primeira_liga
Buyuksehyr,Rizespor,2,0,H,2.1,3.6,3.4,2024-04-21,super_lig
Antalyaspor,Hatayspor,2,1,H,1.91,3.5,4.2,2024-04-21,super_lig
Galatasaray,Pendikspor,4,1,H,1.25,6.25,11.0,2024-04-21,super_lig
Gaziantep,Kasimpasa,2,0,H,2.3,3.5,3.0,2024-04-21,super_lig
Crystal Palace,Arsenal,0,5,A,,,,2024-04-20,epl
Inter Milan,Lazio,2,0,H,,,,2024-04-20,serie_a
Luton,Brentford,1,5,A,3.1,3.75,2.15,2024-04-20,premier_league
Sheffield United,Burnley,1,4,A,2.75,3.6,2.45,2024-04-20,premier_league
Wolves,Arsenal,0,2,A,8.5,4.5,1.4,2024-04-20,premier_league
Leicester,West Brom,2,1,H,1.55,4.2,6.0,2024-04-20,championship
Cardiff,Southampton,2,1,H,8.0,4.5,1.4,2024-04-20,championship
Huddersfield,Swansea,0,4,A,2.1,3.6,3.4,2024-04-20,championship
Norwich,Bristol City,1,1,D,1.67,4.0,5.0,2024-04-20,championship
Rotherham,Birmingham,0,0,D,5.5,4.0,1.62,2024-04-20,championship
Stoke,Plymouth,3,0,H,1.8,3.5,4.75,2024-04-20,championship
Sunderland,Millwall,0,1,A,2.2,3.25,3.5,2024-04-20,championship
Watford,Hull,0,0,D,2.9,3.5,2.38,2024-04-20,championship
QPR,Preston,1,0,H,1.85,3.5,4.5,2024-04-20,championship
Celta,Las Palmas,4,1,H,1.73,3.75,5.0,2024-04-20,la_liga
Vallecano,Osasuna,2,1,H,2.2,3.1,3.6,2024-04-20,la_liga
Valencia,Betis,1,2,A,2.2,3.2,3.5,2024-04-20,la_liga
Girona,Cadiz,4,1,H,1.4,4.75,8.0,2024-04-20,la_liga
FC Koln,Darmstadt,0,2,A,1.5,4.75,5.75,2024-04-20,bundesliga
Heidenheim,RB Leipzig,1,2,A,5.75,5.25,1.45,2024-04-20,bundesliga
Hoffenheim,M'gladbach,4,3,H,2.1,4.0,3.1,2024-04-20,bundesliga
Wolfsburg,Bochum,1,0,H,1.75,4.0,4.33,2024-04-20,bundesliga
Union Berlin,Bayern Munich,1,5,A,4.75,4.5,1.62,2024-04-20,bundesliga
Empoli,Napoli,1,0,H,4.75,4.0,1.7,2024-04-20,serie_a
Verona,Udinese,1,0,H,2.55,3.1,3.0,2024-04-20,serie_a
Nantes,Rennes,0,3,A,3.0,3.3,2.4,2024-04-20,ligue_1
Lens,Clermont,1,0,H,1.36,4.75,9.0,2024-04-20,ligue_1
Oud-Heverlee Leuven,St Truiden,1,0,H,2.63,3.3,2.63,2024-04-20,pro_league
Westerlo,Standard,3,3,D,2.6,3.4,2.6,2024-04-20,pro_league
Gent,Mechelen,3,1,H,1.55,4.0,6.0,2024-04-20,pro_league
Genk,Anderlecht,2,1,H,2.15,3.6,3.2,2024-04-20,pro_league
Moreirense,Gil Vicente,0,1,A,2.15,3.2,3.6,2024-04-20,primeira_liga
Boavista,Estrela,1,1,D,2.63,3.2,2.75,2024-04-20,primeira_liga
Sp Braga,Vizela,2,1,H,1.29,5.5,11.0,2024-04-20,primeira_liga
Istanbulspor,Karagumruk,1,2,A,5.0,3.8,1.65,2024-04-20,super_lig
Konyaspor,Alanyaspor,0,2,A,2.2,3.5,3.1,2024-04-20,super_lig
Kayserispor,Trabzonspor,1,2,A,3.2,3.5,2.15,2024-04-20,super_lig
Samsunspor,Ad. Demirspor,1,1,D,2.2,3.3,3.2,2024-04-20,super_lig
Ath Bilbao,Granada,1,1,D,1.25,6.0,11.0,2024-04-19,la_liga
Ein Frankfurt,Augsburg,3,1,H,2.0,3.75,3.5,2024-04-19,bundesliga
Genoa,Lazio,0,1,A,3.1,3.1,2.45,2024-04-19,serie_a
Cagliari,Juventus,2,2,D,5.0,3.5,1.75,2024-04-19,serie_a
Nice,Lorient,3,0,H,1.53,4.33,5.75,2024-04-19,ligue_1
Rio Ave,Arouca,1,1,D,2.63,3.2,2.8,2024-04-19,primeira_liga
Besiktas,Ankaragucu,2,0,H,1.8,3.8,4.2,2024-04-19,super_lig
Bayer Leverkusen,Liverpool,0,4,A,,,,2024-04-18,champions_league
Bayern Munich,Arsenal,1,0,H,,,,2024-04-17,champions_league
Manchester City,Real Madrid,1,1,D,,,,2024-04-17,champions_league
Manchester City,Real Madrid,3,3,D,,,,2024-04-17,champions_league
Barcelona,PSG,1,4,A,,,,2024-04-16,champions_league
Borussia Dortmund,Atletico Madrid,4,2,H,,,,2024-04-16,champions_league
Chelsea,Real Madrid,0,2,A,,,,2024-04-16,champions_league
Inter Milan,Atletico Madrid,1,0,H,,,,2024-04-16,champions_league
Southampton,Preston,3,0,H,1.33,5.25,9.0,2024-04-16,championship
Famalicao,Sp Lisbon,0,1,A,9.0,5.75,1.3,2024-04-16,primeira_liga
Chelsea,Everton,6,0,H,1.7,4.2,4.5,2024-04-15,premier_league
Osasuna,Valencia,0,1,A,2.2,3.1,3.75,2024-04-15,la_liga
Fiorentina,Genoa,1,1,D,1.85,3.5,4.33,2024-04-15,serie_a
Atalanta,Verona,2,2,D,1.45,4.5,7.0,2024-04-15,serie_a
Vizela,Chaves,0,1,A,1.95,3.5,4.2,2024-04-15,primeira_liga
Alanyaspor,Galatasaray,0,4,A,5.5,4.75,1.5,2024-04-15,super_lig
Werder Bremen,Bayer Leverkusen,0,5,A,,,,2024-04-14,bundesliga
Arsenal,Aston Villa,2,0,H,,,,2024-04-14,epl
Liverpool,Crystal Palace,0,1,A,1.22,7.0,12.0,2024-04-14,premier_league
West Ham,Fulham,0,2,A,2.38,3.6,2.8,2024-04-14,premier_league
Las Palmas,Sevilla,0,2,A,2.7,3.2,2.7,2024-04-14,la_liga
Granada,Alaves,2,0,H,3.0,3.0,2.55,2024-04-14,la_liga
Ath Bilbao,Villarreal,1,1,D,1.75,4.0,4.33,2024-04-14,la_liga
Sociedad,Almeria,2,2,D,1.33,5.0,10.0,2024-04-14,la_liga
Darmstadt,Freiburg,0,1,A,4.0,3.8,1.83,2024-04-14,bundesliga
Leverkusen,Werder Bremen,5,0,H,1.2,7.0,13.0,2024-04-14,bundesliga
Napoli,Frosinone,2,2,D,1.33,5.5,8.0,2024-04-14,serie_a
Sassuolo,Milan,3,3,D,4.5,3.8,1.75,2024-04-14,serie_a
Inter,Cagliari,2,2,D,1.18,8.0,12.0,2024-04-14,serie_a
Le Havre,Nantes,0,1,A,2.6,3.0,3.0,2024-04-14,ligue_1
Clermont,Montpellier,1,1,D,3.3,3.5,2.15,2024-04-14,ligue_1
Lyon,Brest,4,3,H,2.2,3.25,3.4,2024-04-14,ligue_1
Heracles,Heerenveen,0,2,A,2.88,3.4,2.45,2024-04-14,eredivisie
For Sittard,Feyenoord,0,1,A,7.5,5.5,1.36,2024-04-14,eredivisie
Utrecht,Go Ahead Eagles,2,1,H,1.73,3.8,4.75,2024-04-14,eredivisie
Ajax,Twente,2,1,H,2.8,3.4,2.55,2024-04-14,eredivisie
Nijmegen,Zwolle,2,2,D,1.55,4.5,5.25,2024-04-14,eredivisie
Club Brugge,Antwerp,3,0,H,1.8,3.75,4.2,2024-04-14,pro_league
Kortrijk,Charleroi,1,2,A,2.9,3.2,2.5,2024-04-14,pro_league
Anderlecht,St. Gilloise,2,1,H,2.75,3.3,2.5,2024-04-14,pro_league
Oud-Heverlee Leuven,Gent,2,1,H,4.0,3.75,1.85,2024-04-14,pro_league
Estrela,Rio Ave,2,2,D,2.5,3.25,2.9,2024-04-14,primeira_liga
Arouca,Boavista,2,1,H,1.62,4.0,5.5,2024-04-14,primeira_liga
Portimonense,Casa Pia,2,2,D,2.75,3.2,2.7,2024-04-14,primeira_liga
Benfica,Moreirense,3,0,H,1.25,6.0,11.0,2024-04-14,primeira_liga
Pendikspor,Buyuksehyr,2,3,A,2.6,3.4,2.7,2024-04-14,super_lig
Hatayspor,Istanbulspor,0,3,A,1.45,4.5,6.5,2024-04-14,super_lig
Rizespor,Antalyaspor,3,0,H,2.2,3.4,3.25,2024-04-14,super_lig
Karagumruk,Fenerbahce,1,2,A,7.0,5.0,1.4,2024-04-14,super_lig
Inter Milan,Bologna,2,2,D,,,,2024-04-13,serie_a
Torino,Juventus,0,3,A,,,,2024-04-13,serie_a
Newcastle,Tottenham,4,0,H,2.7,4.0,2.3,2024-04-13,premier_league
Brentford,Sheffield United,2,0,H,1.44,5.0,6.5,2024-04-13,premier_league
Burnley,Brighton,1,1,D,3.5,3.75,2.0,2024-04-13,premier_league
Man City,Luton,5,1,H,1.1,11.0,19.0,2024-04-13,premier_league
Nott'm Forest,Wolves,2,2,D,2.1,3.4,3.5,2024-04-13,premier_league
Bournemouth,Man United,2,2,D,2.4,3.9,2.6,2024-04-13,premier_league
Leeds,Blackburn,0,1,A,1.33,5.0,10.0,2024-04-13,championship
Birmingham,Coventry,3,0,H,3.1,3.4,2.25,2024-04-13,championship
Bristol City,Huddersfield,1,1,D,2.3,3.2,3.3,2024-04-13,championship
Hull,QPR,3,0,H,2.05,3.4,3.75,2024-04-13,championship
Ipswich,Middlesbrough,1,1,D,1.75,4.0,4.2,2024-04-13,championship
Millwall,Cardiff,3,1,H,1.83,3.3,4.75,2024-04-13,championship
Preston,Norwich,0,1,A,3.1,3.2,2.45,2024-04-13,championship
Sheffield Weds,Stoke,1,1,D,2.63,3.1,2.88,2024-04-13,championship
Southampton,Watford,3,2,H,1.44,5.0,6.5,2024-04-13,championship
Swansea,Rotherham,1,0,H,1.36,4.75,9.5,2024-04-13,championship
West Brom,Sunderland,0,1,A,1.8,3.8,4.2,2024-04-13,championship
Ath Madrid,Girona,3,1,H,1.91,3.6,3.8,2024-04-13,la_liga
Vallecano,Getafe,0,0,D,2.2,3.0,3.7,2024-04-13,la_liga
Mallorca,Real Madrid,0,1,A,5.0,3.6,1.75,2024-04-13,la_liga
Cadiz,Barcelona,0,1,A,4.33,3.6,1.83,2024-04-13,la_liga
Bayern Munich,FC Koln,2,0,H,1.22,7.5,11.0,2024-04-13,bundesliga
Bochum,Heidenheim,1,1,D,2.05,3.75,3.3,2024-04-13,bundesliga
Mainz,Hoffenheim,4,1,H,1.95,4.0,3.4,2024-04-13,bundesliga
M'gladbach,Dortmund,1,2,A,3.25,4.0,2.0,2024-04-13,bundesliga
RB Leipzig,Wolfsburg,3,0,H,1.36,5.0,8.0,2024-04-13,bundesliga
Stuttgart,Ein Frankfurt,3,0,H,1.53,4.5,5.5,2024-04-13,bundesliga
Lecce,Empoli,1,0,H,2.25,3.1,3.6,2024-04-13,serie_a
Bologna,Monza,0,0,D,1.55,4.0,6.5,2024-04-13,serie_a
Strasbourg,Reims,3,1,H,2.55,3.25,2.8,2024-04-13,ligue_1
Rennes,Toulouse,1,2,A,1.8,3.6,4.33,2024-04-13,ligue_1
PSV Eindhoven,Vitesse,6,0,H,1.06,15.0,29.0,2024-04-13,eredivisie
AZ Alkmaar,Waalwijk,3,2,H,1.3,5.25,10.0,2024-04-13,eredivisie
Almere City,Sparta Rotterdam,2,3,A,2.75,3.4,2.55,2024-04-13,eredivisie
RWD Molenbeek,Eupen,3,1,H,2.38,3.3,3.0,2024-04-13,pro_league
Mechelen,Westerlo,3,2,H,1.73,3.6,4.75,2024-04-13,pro_league
Genk,Cercle Brugge,1,1,D,1.85,3.6,4.0,2024-04-13,pro_league
Guimaraes,Farense,1,1,D,1.53,4.0,6.5,2024-04-13,primeira_liga
Porto,Famalicao,2,2,D,1.22,6.5,12.0,2024-04-13,primeira_liga
Estoril,Sp Braga,0,1,A,4.5,4.0,1.73,2024-04-13,primeira_liga
Kasimpasa,Konyaspor,0,2,A,2.05,3.5,3.6,2024-04-13,super_lig
Ankaragucu,Gaziantep,3,1,H,1.91,3.4,4.33,2024-04-13,super_lig
Ad. Demirspor,Kayserispor,0,0,D,1.91,3.6,4.0,2024-04-13,super_lig
Besiktas,Samsunspor,1,1,D,1.75,3.75,4.75,2024-04-13,super_lig
Reims,PSG,0,3,A,,,,2024-04-12,ligue_1
Plymouth,Leicester,1,0,H,6.5,4.75,1.44,2024-04-12,championship
Betis,Celta,2,1,H,2.1,3.4,3.5,2024-04-12,la_liga
Augsburg,Union Berlin,2,0,H,2.1,3.4,3.4,2024-04-12,bundesliga
Lazio,Salernitana,4,1,H,1.33,5.0,9.5,2024-04-12,serie_a
Metz,Lens,2,1,H,5.0,3.75,1.7,2024-04-12,ligue_1
Excelsior,Volendam,4,0,H,1.75,4.33,4.0,2024-04-12,eredivisie
St Truiden,Standard,3,3,D,2.15,3.4,3.3,2024-04-12,pro_league
Gil Vicente,Sp Lisbon,0,4,A,11.0,6.0,1.25,2024-04-12,primeira_liga
Trabzonspor,Sivasspor,0,1,A,1.45,4.5,7.0,2024-04-12,super_lig
Liverpool,Bayer Leverkusen,4,0,H,,,,2024-04-11,champions_league
Atletico Madrid,Borussia Dortmund,2,1,H,,,,2024-04-10,champions_league
PSG,Barcelona,3,2,H,,,,2024-04-10,champions_league
Birmingham,Cardiff,0,1,A,1.91,3.5,4.2,2024-04-10,championship
Bristol City,Blackburn,5,0,H,2.5,3.2,3.0,2024-04-10,championship
Hull,Middlesbrough,2,2,D,2.4,3.4,2.9,2024-04-10,championship
Ipswich,Watford,0,0,D,1.5,4.33,6.5,2024-04-10,championship
Swansea,Stoke,3,0,H,2.4,3.3,3.0,2024-04-10,championship
West Brom,Rotherham,2,0,H,1.25,5.5,13.0,2024-04-10,championship
Arsenal,Bayern Munich,2,2,D,,,,2024-04-09,champions_league
Atletico Madrid,Inter Milan,2,1,H,,,,2024-04-09,champions_league
Real Madrid,Chelsea,2,0,H,,,,2024-04-09,champions_league
Real Madrid,Manchester City,3,3,D,,,,2024-04-09,champions_league
Millwall,Leicester,1,0,H,5.0,3.75,1.67,2024-04-09,championship
Plymouth,QPR,1,1,D,3.1,3.25,2.38,2024-04-09,championship
Preston,Huddersfield,4,1,H,2.63,3.1,2.88,2024-04-09,championship
Sheffield Weds,Norwich,2,2,D,3.3,3.3,2.25,2024-04-09,championship
Southampton,Coventry,2,1,H,1.75,4.0,4.2,2024-04-09,championship
Leeds,Sunderland,0,0,D,1.36,4.75,9.0,2024-04-09,championship
Udinese,Inter,1,2,A,6.5,4.5,1.5,2024-04-08,serie_a
Casa Pia,Estoril,0,0,D,2.55,3.1,3.0,2024-04-08,primeira_liga
Juventus,Atalanta,0,0,D,,,,2024-04-07,serie_a
Manchester United,Liverpool,2,2,D,,,,2024-04-07,epl
Luton,Liverpool,0,4,A,,,,2024-04-07,epl
Atletico Madrid,Getafe,1,0,H,,,,2024-04-07,la_liga
Man United,Liverpool,2,2,D,4.75,4.5,1.6,2024-04-07,premier_league
Sheffield United,Chelsea,2,2,D,7.0,5.25,1.4,2024-04-07,premier_league
Tottenham,Nott'm Forest,3,1,H,1.4,5.5,6.5,2024-04-07,premier_league
Hoffenheim,Augsburg,3,1,H,2.2,4.0,2.9,2024-04-07,bundesliga
Wolfsburg,M'gladbach,1,3,A,1.85,4.0,3.8,2024-04-07,bundesliga
Frosinone,Bologna,0,0,D,4.2,3.5,1.91,2024-04-07,serie_a
Monza,Napoli,2,4,A,4.0,3.8,1.85,2024-04-07,serie_a
Cagliari,Atalanta,2,1,H,4.75,3.8,1.73,2024-04-07,serie_a
Verona,Genoa,1,2,A,2.75,3.0,2.8,2024-04-07,serie_a
Juventus,Fiorentina,1,0,H,1.83,3.4,4.75,2024-04-07,serie_a
Brest,Metz,4,3,H,1.53,4.0,7.5,2024-04-07,ligue_1
Montpellier,Lorient,2,0,H,1.75,3.8,4.5,2024-04-07,ligue_1
Reims,Nice,0,0,D,2.5,3.2,2.9,2024-04-07,ligue_1
Toulouse,Strasbourg,0,0,D,2.05,3.6,3.5,2024-04-07,ligue_1
Monaco,Rennes,1,0,H,1.8,4.0,4.0,2024-04-07,ligue_1
Nantes,Lyon,1,3,A,3.3,3.25,2.25,2024-04-07,ligue_1
Vitesse,Nijmegen,0,3,A,2.9,3.75,2.25,2024-04-07,eredivisie
Feyenoord,Ajax,6,0,H,1.44,4.5,7.5,2024-04-07,eredivisie
Go Ahead Eagles,Almere City,1,1,D,1.65,4.0,5.25,2024-04-07,eredivisie
Volendam,Waalwijk,3,2,H,3.8,3.8,1.91,2024-04-07,eredivisie
Heerenveen,Utrecht,2,3,A,2.63,3.5,2.6,2024-04-07,eredivisie
St. Gilloise,Cercle Brugge,2,3,A,1.73,3.8,4.75,2024-04-07,pro_league
Eupen,Kortrijk,1,1,D,2.3,3.2,3.1,2024-04-07,pro_league
Club Brugge,Anderlecht,3,1,H,1.91,3.6,4.0,2024-04-07,pro_league
Westerlo,Gent,0,3,A,4.0,3.75,1.85,2024-04-07,pro_league
Chaves,Portimonense,2,3,A,2.15,3.4,3.4,2024-04-07,primeira_liga
Moreirense,Estrela,2,2,D,2.05,3.4,3.75,2024-04-07,primeira_liga
Porto,Guimaraes,1,2,A,1.36,5.0,7.5,2024-04-07,primeira_liga
Bayer Leverkusen,Stuttgart,2,2,D,,,,2024-04-06,bundesliga
Brighton,Arsenal,0,3,A,,,,2024-04-06,epl
Eintracht Frankfurt,Bayer Leverkusen,2,3,A,,,,2024-04-06,bundesliga
Crystal Palace,Man City,2,4,A,9.5,5.25,1.33,2024-04-06,premier_league
Aston Villa,Brentford,3,3,D,1.7,4.0,4.75,2024-04-06,premier_league
Everton,Burnley,1,0,H,1.65,4.0,5.25,2024-04-06,premier_league
Fulham,Newcastle,0,1,A,2.38,3.8,2.8,2024-04-06,premier_league
Luton,Bournemouth,2,1,H,3.75,3.8,1.91,2024-04-06,premier_league
Wolves,West Ham,1,2,A,2.5,3.6,2.7,2024-04-06,premier_league
Norwich,Ipswich,1,0,H,2.63,3.75,2.45,2024-04-06,championship
Blackburn,Southampton,0,0,D,4.0,4.0,1.8,2024-04-06,championship
Cardiff,Hull,1,3,A,3.1,3.3,2.38,2024-04-06,championship
Coventry,Leeds,2,1,H,3.6,3.8,1.95,2024-04-06,championship
Huddersfield,Millwall,1,0,H,2.45,3.0,3.2,2024-04-06,championship
Leicester,Birmingham,2,1,H,1.33,5.5,8.5,2024-04-06,championship
Middlesbrough,Swansea,2,0,H,1.8,3.8,4.2,2024-04-06,championship
QPR,Sheffield Weds,0,2,A,1.95,3.3,4.2,2024-04-06,championship
Stoke,West Brom,2,2,D,2.6,3.2,2.8,2024-04-06,championship
Sunderland,Bristol City,0,0,D,2.4,3.2,3.1,2024-04-06,championship
Watford,Preston,0,0,D,2.05,3.4,3.75,2024-04-06,championship
FC Koln,Bochum,2,1,H,2.25,3.5,3.1,2024-04-06,bundesliga
Freiburg,RB Leipzig,1,4,A,4.75,4.33,1.65,2024-04-06,bundesliga
Heidenheim,Bayern Munich,3,2,H,6.5,6.0,1.36,2024-04-06,bundesliga
Mainz,Darmstadt,4,0,H,1.4,5.0,7.5,2024-04-06,bundesliga
Union Berlin,Leverkusen,0,1,A,5.75,4.33,1.55,2024-04-06,bundesliga
Dortmund,Stuttgart,0,1,A,2.25,4.0,2.8,2024-04-06,bundesliga
Milan,Lecce,3,0,H,1.36,4.75,8.5,2024-04-06,serie_a
Roma,Lazio,1,0,H,2.2,3.1,3.6,2024-04-06,serie_a
Empoli,Torino,3,2,H,3.5,3.2,2.25,2024-04-06,serie_a
Lens,Le Havre,1,1,D,1.53,4.0,7.0,2024-04-06,ligue_1
Paris SG,Clermont,1,1,D,1.18,8.0,12.0,2024-04-06,ligue_1
Sparta Rotterdam,Heracles,1,2,A,1.67,4.0,5.0,2024-04-06,eredivisie
PSV Eindhoven,AZ Alkmaar,5,1,H,1.44,4.75,6.5,2024-04-06,eredivisie
Zwolle,Excelsior,2,1,H,1.95,3.75,3.6,2024-04-06,eredivisie
Twente,For Sittard,2,0,H,1.4,5.0,7.0,2024-04-06,eredivisie
Charleroi,RWD Molenbeek,0,0,D,1.67,3.75,5.0,2024-04-06,pro_league
Standard,Oud-Heverlee Leuven,0,0,D,1.67,3.6,5.0,2024-04-06,pro_league
Antwerp,Genk,0,1,A,2.25,3.4,3.1,2024-04-06,pro_league
Famalicao,Vizela,3,2,H,1.8,3.5,4.75,2024-04-06,primeira_liga
Rio Ave,Gil Vicente,3,0,H,2.25,3.3,3.3,2024-04-06,primeira_liga
Sp Braga,Arouca,0,3,A,1.45,4.75,7.0,2024-04-06,primeira_liga
Sp Lisbon,Benfica,2,1,H,1.95,3.75,3.75,2024-04-06,primeira_liga
Rotherham,Plymouth,0,1,A,4.2,3.6,1.85,2024-04-05,championship
Ein Frankfurt,Werder Bremen,1,1,D,1.75,3.8,4.5,2024-04-05,bundesliga
Salernitana,Sassuolo,2,2,D,3.25,3.5,2.2,2024-04-05,serie_a
Lille,Marseille,3,1,H,2.0,3.4,3.75,2024-04-05,ligue_1
Mechelen,St Truiden,2,3,A,2.05,3.5,3.4,2024-04-05,pro_league
Farense,Boavista,2,0,H,2.15,3.2,3.6,2024-04-05,primeira_liga
Chelsea,Liverpool,1,4,A,,,,2024-04-04,epl
Liverpool,Sheffield United,3,1,H,1.09,12.0,21.0,2024-04-04,premier_league
Chelsea,Man United,4,3,H,2.0,4.0,3.4,2024-04-04,premier_league
Granada,Valencia,0,1,A,3.4,3.1,2.3,2024-04-04,la_liga
Volendam,Feyenoord,0,0,D,23.0,11.0,1.1,2024-04-04,eredivisie
Waalwijk,Almere City,0,0,D,2.2,3.6,3.2,2024-04-04,eredivisie
Ajax,Go Ahead Eagles,1,1,D,1.5,4.75,5.75,2024-04-04,eredivisie
Buyuksehyr,Besiktas,1,1,D,2.55,3.3,2.8,2024-04-04,super_lig
Samsunspor,Pendikspor,0,0,D,1.85,3.5,4.33,2024-04-04,super_lig
Aston Villa,Manchester City,1,3,A,,,,2024-04-03,epl
Real Madrid,Girona,4,0,H,,,,2024-04-03,la_liga
West Ham,Manchester City,1,3,A,,,,2024-04-03,epl
Arsenal,Luton,2,0,H,1.1,10.0,19.0,2024-04-03,premier_league
Brentford,Brighton,0,0,D,2.38,3.8,2.75,2024-04-03,premier_league
Man City,Aston Villa,4,1,H,1.3,6.0,8.0,2024-04-03,premier_league
Heracles,AZ Alkmaar,5,0,H,6.5,5.0,1.44,2024-04-03,eredivisie
Utrecht,Zwolle,5,1,H,1.5,4.5,6.0,2024-04-03,eredivisie
Heerenveen,Twente,3,3,D,3.6,4.0,1.91,2024-04-03,eredivisie
Sivasspor,Karagumruk,1,0,H,2.6,3.3,2.75,2024-04-03,super_lig
Fenerbahce,Ad. Demirspor,4,2,H,1.25,7.0,9.0,2024-04-03,super_lig
Kayserispor,Kasimpasa,0,2,A,2.15,3.75,3.1,2024-04-03,super_lig
Konyaspor,Trabzonspor,1,3,A,3.5,3.4,2.1,2024-04-03,super_lig
Newcastle,Everton,1,1,D,2.0,3.75,3.5,2024-04-02,premier_league
Nott'm Forest,Fulham,3,1,H,2.7,3.4,2.63,2024-04-02,premier_league
Bournemouth,Crystal Palace,1,0,H,1.95,3.8,3.6,2024-04-02,premier_league
Burnley,Wolves,1,1,D,2.45,3.6,2.75,2024-04-02,premier_league
West Ham,Tottenham,1,1,D,3.3,4.2,1.95,2024-04-02,premier_league
Vitesse,Sparta Rotterdam,1,4,A,2.7,3.6,2.45,2024-04-02,eredivisie
Excelsior,PSV Eindhoven,0,2,A,12.0,8.5,1.18,2024-04-02,eredivisie
For Sittard,Nijmegen,1,1,D,2.3,3.4,3.1,2024-04-02,eredivisie
Istanbulspor,Rizespor,0,4,A,4.5,3.8,1.75,2024-04-02,super_lig
Antalyaspor,Ankaragucu,1,1,D,1.91,3.6,4.2,2024-04-02,super_lig
Galatasaray,Hatayspor,1,0,H,1.2,7.5,12.0,2024-04-02,super_lig
Gaziantep,Alanyaspor,0,3,A,2.25,3.3,3.25,2024-04-02,super_lig
Leicester,Norwich,3,1,H,1.65,4.33,4.75,2024-04-01,championship
Birmingham,Preston,1,0,H,2.3,3.4,3.1,2024-04-01,championship
Coventry,Cardiff,1,2,A,1.53,4.2,6.25,2024-04-01,championship
Middlesbrough,Sheffield Weds,2,0,H,1.8,3.75,4.33,2024-04-01,championship
Plymouth,Bristol City,0,1,A,2.6,3.3,2.75,2024-04-01,championship
Rotherham,Millwall,2,1,H,4.33,3.6,1.85,2024-04-01,championship
Stoke,Huddersfield,1,1,D,2.05,3.4,3.75,2024-04-01,championship
Sunderland,Blackburn,1,5,A,2.1,3.4,3.6,2024-04-01,championship
Swansea,QPR,0,1,A,2.5,3.4,2.8,2024-04-01,championship
West Brom,Watford,2,2,D,1.85,3.5,4.33,2024-04-01,championship
Ipswich,Southampton,3,2,H,2.5,3.6,2.7,2024-04-01,championship
Leeds,Hull,3,1,H,1.4,5.0,7.5,2024-04-01,championship
Villarreal,Ath Madrid,1,2,A,2.9,3.75,2.25,2024-04-01,la_liga
Bologna,Salernitana,3,0,H,1.3,5.5,10.0,2024-04-01,serie_a
Cagliari,Verona,1,1,D,2.15,3.2,3.6,2024-04-01,serie_a
Sassuolo,Udinese,1,1,D,2.75,3.25,2.6,2024-04-01,serie_a
Lecce,Roma,0,0,D,4.5,3.5,1.83,2024-04-01,serie_a
Inter,Empoli,2,0,H,1.22,7.0,12.0,2024-04-01,serie_a
Cercle Brugge,Club Brugge,1,1,D,3.6,3.6,2.0,2024-04-01,pro_league
Genk,St. Gilloise,1,0,H,2.75,3.4,2.5,2024-04-01,pro_league
Portimonense,Sp Braga,3,5,A,7.0,4.5,1.45,2024-04-01,primeira_liga
Arsenal,Manchester City,0,0,D,,,,2024-03-31,epl
Athletic Bilbao,Barcelona,1,1,D,,,,2024-03-31,la_liga
Marseille,PSG,0,2,A,,,,2024-03-31,ligue_1
Liverpool,Brighton,2,1,H,1.36,5.5,7.5,2024-03-31,premier_league
Man City,Arsenal,0,0,D,1.91,3.8,3.8,2024-03-31,premier_league
Celta,Vallecano,0,0,D,1.95,3.3,4.0,2024-03-31,la_liga
Girona,Betis,3,2,H,1.75,3.8,4.75,2024-03-31,la_liga
Alaves,Sociedad,0,1,A,3.5,2.9,2.38,2024-03-31,la_liga
Real Madrid,Ath Bilbao,2,0,H,1.53,4.33,6.0,2024-03-31,la_liga
Augsburg,FC Koln,1,1,D,1.75,4.0,4.5,2024-03-31,bundesliga
Stuttgart,Heidenheim,3,3,D,1.25,6.0,10.0,2024-03-31,bundesliga
Bochum,Darmstadt,2,2,D,1.62,4.0,5.25,2024-03-31,bundesliga
Lorient,Brest,0,1,A,4.2,3.3,1.95,2024-03-31,ligue_1
Clermont,Toulouse,0,3,A,3.1,3.4,2.3,2024-03-31,ligue_1
Le Havre,Montpellier,0,2,A,2.55,3.3,2.8,2024-03-31,ligue_1
Nice,Nantes,1,2,A,1.75,3.5,5.25,2024-03-31,ligue_1
Strasbourg,Rennes,2,0,H,3.1,3.5,2.25,2024-03-31,ligue_1
Marseille,Paris SG,0,2,A,3.25,3.8,2.05,2024-03-31,ligue_1
Zwolle,Ajax,1,3,A,4.75,4.0,1.7,2024-03-31,eredivisie
Feyenoord,Utrecht,4,2,H,1.3,6.0,8.0,2024-03-31,eredivisie
Twente,Heracles,1,0,H,1.22,6.0,12.0,2024-03-31,eredivisie
Almere City,Volendam,1,1,D,1.45,4.75,7.5,2024-03-31,eredivisie
St Truiden,Westerlo,2,0,H,2.2,3.5,3.2,2024-03-31,pro_league
Vizela,Casa Pia,0,4,A,2.38,3.1,3.3,2024-03-31,primeira_liga
Borussia Dortmund,Bayern Munich,1,0,H,,,,2024-03-30,bundesliga
Borussia Dortmund,Bayern Munich,1,0,H,,,,2024-03-30,bundesliga
Stuttgart,Bayern Munich,2,2,D,,,,2024-03-30,bundesliga
Bayer Leverkusen,Union Berlin,3,0,H,,,,2024-03-30,bundesliga
AC Milan,Fiorentina,2,1,H,,,,2024-03-30,serie_a
Newcastle,West Ham,4,3,H,1.83,4.2,3.8,2024-03-30,premier_league
Bournemouth,Everton,2,1,H,2.2,3.6,3.2,2024-03-30,premier_league
Chelsea,Burnley,2,2,D,1.29,6.0,9.5,2024-03-30,premier_league
Nott'm Forest,Crystal Palace,1,1,D,2.2,3.3,3.4,2024-03-30,premier_league
Sheffield United,Fulham,3,3,D,4.5,4.0,1.73,2024-03-30,premier_league
Tottenham,Luton,2,1,H,1.2,8.0,11.0,2024-03-30,premier_league
Aston Villa,Wolves,2,0,H,1.6,4.33,5.0,2024-03-30,premier_league
Brentford,Man United,1,1,D,3.0,3.8,2.2,2024-03-30,premier_league
Getafe,Sevilla,0,1,A,2.55,3.1,3.0,2024-03-30,la_liga
Almeria,Osasuna,0,3,A,2.63,3.2,2.8,2024-03-30,la_liga
Valencia,Mallorca,0,0,D,2.05,3.0,4.2,2024-03-30,la_liga
Barcelona,Las Palmas,1,0,H,1.25,6.5,10.0,2024-03-30,la_liga
Ein Frankfurt,Union Berlin,0,0,D,2.0,3.5,3.8,2024-03-30,bundesliga
Leverkusen,Hoffenheim,2,1,H,1.2,7.5,12.0,2024-03-30,bundesliga
M'gladbach,Freiburg,0,3,A,2.2,3.6,3.2,2024-03-30,bundesliga
RB Leipzig,Mainz,0,0,D,1.4,5.25,7.5,2024-03-30,bundesliga
Werder Bremen,Wolfsburg,0,2,A,2.88,3.5,2.4,2024-03-30,bundesliga
Bayern Munich,Dortmund,0,2,A,1.4,5.75,6.0,2024-03-30,bundesliga
Napoli,Atalanta,0,3,A,2.1,3.6,3.4,2024-03-30,serie_a
Genoa,Frosinone,1,1,D,1.95,3.6,3.8,2024-03-30,serie_a
Torino,Monza,1,0,H,1.83,3.4,4.75,2024-03-30,serie_a
Lazio,Juventus,1,0,H,3.1,3.1,2.45,2024-03-30,serie_a
Fiorentina,Milan,1,2,A,2.88,3.3,2.5,2024-03-30,serie_a
Metz,Monaco,2,5,A,5.25,4.2,1.62,2024-03-30,ligue_1
Lyon,Reims,1,1,D,2.05,3.6,3.5,2024-03-30,ligue_1
Nijmegen,PSV Eindhoven,3,1,H,6.0,5.0,1.44,2024-03-30,eredivisie
Sparta Rotterdam,For Sittard,4,0,H,2.2,3.6,3.1,2024-03-30,eredivisie
Go Ahead Eagles,Excelsior,3,0,H,1.6,4.0,5.75,2024-03-30,eredivisie
Waalwijk,Heerenveen,1,1,D,2.88,3.5,2.38,2024-03-30,eredivisie
AZ Alkmaar,Vitesse,2,0,H,1.29,5.5,11.0,2024-03-30,eredivisie
Oud-Heverlee Leuven,Mechelen,2,3,A,2.75,3.2,2.63,2024-03-30,pro_league
Anderlecht,Antwerp,1,0,H,2.3,3.4,3.0,2024-03-30,pro_league
Arouca,Farense,2,1,H,1.75,3.75,4.75,2024-03-30,primeira_liga
Guimaraes,Moreirense,1,0,H,1.91,3.4,4.2,2024-03-30,primeira_liga
Boavista,Rio Ave,0,0,D,2.75,3.0,2.88,2024-03-30,primeira_liga
Estoril,Porto,1,0,H,9.0,5.0,1.36,2024-03-30,primeira_liga
Bristol City,Leicester,1,0,H,5.0,3.8,1.7,2024-03-29,championship
Millwall,West Brom,1,1,D,3.4,3.1,2.3,2024-03-29,championship
Cardiff,Sunderland,0,2,A,2.55,3.1,2.9,2024-03-29,championship
Huddersfield,Coventry,1,3,A,3.0,3.5,2.3,2024-03-29,championship
Hull,Stoke,0,2,A,1.95,3.75,3.75,2024-03-29,championship
Norwich,Plymouth,2,1,H,1.5,4.5,6.0,2024-03-29,championship
Preston,Rotherham,3,0,H,1.53,4.2,6.0,2024-03-29,championship
QPR,Birmingham,2,1,H,2.0,3.6,3.6,2024-03-29,championship
Sheffield Weds,Swansea,1,1,D,2.45,3.4,2.88,2024-03-29,championship
Southampton,Middlesbrough,1,1,D,1.57,4.5,5.25,2024-03-29,championship
Blackburn,Ipswich,0,1,A,3.75,3.75,1.91,2024-03-29,championship
Watford,Leeds,2,2,D,6.0,4.33,1.55,2024-03-29,championship
Cadiz,Granada,1,0,H,2.0,3.3,4.2,2024-03-29,la_liga
Lille,Lens,2,1,H,2.05,3.3,3.8,2024-03-29,ligue_1
Gent,Standard,5,1,H,1.62,4.0,5.0,2024-03-29,pro_league
Gil Vicente,Famalicao,1,2,A,2.45,3.1,3.2,2024-03-29,primeira_liga
Benfica,Chaves,1,0,H,1.1,10.0,23.0,2024-03-29,primeira_liga
Estrela,Sp Lisbon,1,2,A,13.0,7.0,1.2,2024-03-29,primeira_liga
Atletico Madrid,Barcelona,1,0,H,,,,2024-03-17,la_liga
Marseille,Lyon,2,1,H,,,,2024-03-17,ligue_1
PSG,Lens,2,1,H,,,,2024-03-17,ligue_1
Roma,Inter Milan,2,4,A,,,,2024-03-17,serie_a
Celta Vigo,Atletico Madrid,0,2,A,,,,2024-03-17,la_liga
Real Sociedad,Barcelona,1,1,D,,,,2024-03-17,la_liga
West Ham,Aston Villa,1,1,D,2.63,3.75,2.45,2024-03-17,premier_league
Leeds,Millwall,2,0,H,1.36,5.0,8.5,2024-03-17,championship
Sevilla,Celta,1,2,A,2.0,3.4,3.75,2024-03-17,la_liga
Las Palmas,Almeria,0,1,A,1.95,3.5,4.0,2024-03-17,la_liga
Villarreal,Valencia,1,0,H,2.05,3.5,3.6,2024-03-17,la_liga
Vallecano,Betis,2,0,H,2.5,3.25,3.0,2024-03-17,la_liga
Ath Madrid,Barcelona,0,3,A,2.38,3.6,2.8,2024-03-17,la_liga
Freiburg,Leverkusen,2,3,A,6.0,4.33,1.53,2024-03-17,bundesliga
Dortmund,Ein Frankfurt,3,1,H,1.62,4.2,5.0,2024-03-17,bundesliga
Juventus,Genoa,0,0,D,1.5,4.0,7.0,2024-03-17,serie_a
Verona,Milan,1,3,A,5.25,3.75,1.7,2024-03-17,serie_a
Roma,Sassuolo,1,0,H,1.36,4.75,8.0,2024-03-17,serie_a
Inter,Napoli,1,1,D,1.57,4.0,6.0,2024-03-17,serie_a
Brest,Lille,1,1,D,2.5,3.1,3.0,2024-03-17,ligue_1
Clermont,Le Havre,2,1,H,2.6,3.25,2.8,2024-03-17,ligue_1
Monaco,Lorient,2,2,D,1.36,5.0,9.0,2024-03-17,ligue_1
Reims,Metz,2,1,H,1.57,4.0,6.0,2024-03-17,ligue_1
Rennes,Marseille,2,0,H,2.5,3.3,2.88,2024-03-17,ligue_1
Montpellier,Paris SG,2,6,A,6.0,4.5,1.5,2024-03-17,ligue_1
Volendam,AZ Alkmaar,0,4,A,12.0,6.0,1.25,2024-03-17,eredivisie
Heerenveen,Feyenoord,2,3,A,5.5,5.0,1.5,2024-03-17,eredivisie
Utrecht,Nijmegen,1,0,H,1.91,3.5,4.2,2024-03-17,eredivisie
Sparta Rotterdam,Ajax,2,2,D,3.5,3.5,2.05,2024-03-17,eredivisie
PSV Eindhoven,Twente,1,0,H,1.4,5.0,7.5,2024-03-17,eredivisie
St Truiden,Club Brugge,2,1,H,5.5,4.0,1.6,2024-03-17,pro_league
Antwerp,St. Gilloise,1,1,D,2.6,3.5,2.55,2024-03-17,pro_league
Cercle Brugge,RWD Molenbeek,4,0,H,1.36,5.25,7.5,2024-03-17,pro_league
Gent,Charleroi,5,0,H,1.57,4.0,5.75,2024-03-17,pro_league
Oud-Heverlee Leuven,Mechelen,1,0,H,2.75,3.4,2.45,2024-03-17,pro_league
Westerlo,Genk,1,1,D,3.5,3.75,1.95,2024-03-17,pro_league
Chaves,Guimaraes,1,2,A,4.5,3.5,1.83,2024-03-17,primeira_liga
Moreirense,Arouca,1,0,H,2.5,3.2,3.0,2024-03-17,primeira_liga
Casa Pia,Benfica,0,1,A,8.5,5.5,1.33,2024-03-17,primeira_liga
Sp Lisbon,Boavista,6,1,H,1.14,8.0,17.0,2024-03-17,primeira_liga
Rizespor,Gaziantep,3,1,H,1.8,3.6,4.5,2024-03-17,super_lig
Hatayspor,Samsunspor,3,0,H,2.9,3.4,2.4,2024-03-17,super_lig
Kasimpasa,Galatasaray,3,4,A,6.0,5.0,1.45,2024-03-17,super_lig
Trabzonspor,Fenerbahce,2,3,A,4.75,4.0,1.7,2024-03-17,super_lig
Freiburg,Bayer Leverkusen,0,2,A,,,,2024-03-16,bundesliga
Fulham,Tottenham,0,3,A,,,,2024-03-16,epl
Bayer Leverkusen,Gladbach,3,0,H,,,,2024-03-16,bundesliga
Burnley,Brentford,2,1,H,3.25,3.6,2.15,2024-03-16,premier_league
Luton,Nott'm Forest,1,1,D,2.8,3.5,2.45,2024-03-16,premier_league
Swansea,Cardiff,2,0,H,2.05,3.3,3.8,2024-03-16,championship
Birmingham,Watford,0,1,A,2.45,3.25,3.0,2024-03-16,championship
Ipswich,Sheffield Weds,6,0,H,1.55,4.2,6.0,2024-03-16,championship
Middlesbrough,Blackburn,0,0,D,1.91,3.5,4.2,2024-03-16,championship
Plymouth,Preston,0,1,A,2.5,3.25,2.88,2024-03-16,championship
Rotherham,Huddersfield,0,0,D,4.33,3.3,1.95,2024-03-16,championship
Stoke,Norwich,0,3,A,2.55,3.25,2.8,2024-03-16,championship
Sunderland,QPR,0,0,D,2.45,3.25,3.0,2024-03-16,championship
West Brom,Bristol City,2,0,H,1.8,3.4,5.0,2024-03-16,championship
Mallorca,Granada,1,0,H,1.83,3.3,5.0,2024-03-16,la_liga
Osasuna,Real Madrid,2,4,A,5.75,4.2,1.55,2024-03-16,la_liga
Getafe,Girona,1,0,H,3.1,3.5,2.25,2024-03-16,la_liga
Ath Bilbao,Alaves,2,0,H,1.55,3.75,7.0,2024-03-16,la_liga
Darmstadt,Bayern Munich,2,5,A,17.0,8.0,1.14,2024-03-16,bundesliga
Heidenheim,M'gladbach,1,1,D,2.45,3.6,2.7,2024-03-16,bundesliga
Mainz,Bochum,2,0,H,1.8,3.8,4.33,2024-03-16,bundesliga
Union Berlin,Werder Bremen,2,1,H,2.05,3.4,3.8,2024-03-16,bundesliga
Wolfsburg,Augsburg,1,3,A,2.05,3.5,3.5,2024-03-16,bundesliga
Hoffenheim,Stuttgart,0,3,A,3.8,4.0,1.83,2024-03-16,bundesliga
Monza,Cagliari,1,0,H,2.05,3.5,3.6,2024-03-16,serie_a
Udinese,Torino,0,2,A,2.8,2.9,2.8,2024-03-16,serie_a
Salernitana,Lecce,0,1,A,2.9,3.2,2.5,2024-03-16,serie_a
Frosinone,Lazio,2,3,A,3.5,3.4,2.15,2024-03-16,serie_a
Nantes,Strasbourg,1,3,A,2.25,3.25,3.3,2024-03-16,ligue_1
Lens,Nice,1,3,A,2.0,3.4,4.0,2024-03-16,ligue_1
For Sittard,Zwolle,3,1,H,1.75,3.8,4.5,2024-03-16,eredivisie
Excelsior,Waalwijk,1,1,D,2.25,3.4,3.2,2024-03-16,eredivisie
Vitesse,Almere City,1,1,D,2.2,3.2,3.5,2024-03-16,eredivisie
Standard,Eupen,4,0,H,1.73,3.8,4.5,2024-03-16,pro_league
Anderlecht,Kortrijk,0,1,A,1.25,5.5,10.0,2024-03-16,pro_league
Famalicao,Estrela,0,0,D,2.0,3.4,4.0,2024-03-16,primeira_liga
Farense,Rio Ave,1,1,D,2.7,3.1,2.8,2024-03-16,primeira_liga
Sp Braga,Gil Vicente,2,1,H,1.44,5.0,7.0,2024-03-16,primeira_liga
Porto,Vizela,4,1,H,1.14,7.5,19.0,2024-03-16,primeira_liga
Alanyaspor,Kayserispor,1,0,H,2.1,3.5,3.5,2024-03-16,super_lig
Ankaragucu,Buyuksehyr,2,1,H,2.5,3.25,3.0,2024-03-16,super_lig
Ad. Demirspor,Sivasspor,4,1,H,1.8,3.5,4.75,2024-03-16,super_lig
Besiktas,Antalyaspor,1,2,A,1.91,3.5,4.2,2024-03-16,super_lig
Sociedad,Cadiz,2,0,H,1.5,4.0,8.5,2024-03-15,la_liga
FC Koln,RB Leipzig,1,5,A,6.5,4.75,1.45,2024-03-15,bundesliga
Empoli,Bologna,0,1,A,4.0,3.2,2.0,2024-03-15,serie_a
Toulouse,Lyon,2,3,A,2.88,3.2,2.6,2024-03-15,ligue_1
Heracles,Go Ahead Eagles,2,0,H,3.2,3.6,2.15,2024-03-15,eredivisie
Estoril,Portimonense,1,0,H,1.62,3.8,5.75,2024-03-15,primeira_liga
Karagumruk,Konyaspor,1,1,D,1.95,3.3,4.2,2024-03-15,super_lig
Pendikspor,Istanbulspor,1,0,H,1.6,4.2,5.5,2024-03-15,super_lig
Borussia Dortmund,PSV,2,0,H,,,,2024-03-13,champions_league
Bournemouth,Luton,4,3,H,1.5,4.75,5.75,2024-03-13,premier_league
Arsenal,Porto,1,0,H,,,,2024-03-12,champions_league
Barcelona,Napoli,3,1,H,,,,2024-03-12,champions_league
Birmingham,Middlesbrough,0,1,A,2.8,3.6,2.4,2024-03-12,championship
Newcastle,Chelsea,4,1,H,,,,2024-03-11,epl
Chelsea,Newcastle,3,2,H,1.91,4.0,3.6,2024-03-11,premier_league
Almeria,Sevilla,2,2,D,3.1,3.3,2.38,2024-03-11,la_liga
Lazio,Udinese,1,2,A,1.91,3.5,4.0,2024-03-11,serie_a
Gil Vicente,Chaves,0,0,D,1.83,3.75,4.2,2024-03-11,primeira_liga
Gaziantep,Besiktas,2,0,H,3.75,3.6,1.95,2024-03-11,super_lig
Barcelona,Girona,1,0,H,,,,2024-03-10,la_liga
Fiorentina,Inter Milan,1,1,D,,,,2024-03-10,serie_a
Liverpool,Manchester City,1,1,D,,,,2024-03-10,epl
Aston Villa,Tottenham,0,4,A,2.38,4.0,2.6,2024-03-10,premier_league
Brighton,Nott'm Forest,1,0,H,1.8,4.0,4.0,2024-03-10,premier_league
West Ham,Burnley,2,2,D,1.67,4.0,4.75,2024-03-10,premier_league
Liverpool,Man City,1,1,D,3.0,3.75,2.2,2024-03-10,premier_league
Huddersfield,West Brom,1,4,A,2.75,3.4,2.45,2024-03-10,championship
Bristol City,Swansea,1,0,H,2.3,3.3,3.1,2024-03-10,championship
Alaves,Vallecano,1,0,H,2.15,3.1,3.75,2024-03-10,la_liga
Las Palmas,Ath Bilbao,0,2,A,4.0,3.3,2.0,2024-03-10,la_liga
Real Madrid,Celta,4,0,H,1.3,6.0,8.0,2024-03-10,la_liga
Betis,Villarreal,2,3,A,2.05,3.5,3.4,2024-03-10,la_liga
Bochum,Freiburg,1,2,A,2.2,3.75,3.0,2024-03-10,bundesliga
Ein Frankfurt,Hoffenheim,3,1,H,2.0,4.0,3.3,2024-03-10,bundesliga
Leverkusen,Wolfsburg,2,0,H,1.33,5.75,8.5,2024-03-10,bundesliga
Lecce,Verona,0,1,A,2.2,3.25,3.4,2024-03-10,serie_a
Milan,Empoli,1,0,H,1.44,5.0,6.5,2024-03-10,serie_a
Juventus,Atalanta,2,2,D,2.2,3.3,3.3,2024-03-10,serie_a
Fiorentina,Roma,2,2,D,2.55,3.3,2.75,2024-03-10,serie_a
Paris SG,Reims,2,2,D,1.4,5.0,7.0,2024-03-10,ligue_1
Le Havre,Toulouse,1,0,H,2.8,3.1,2.63,2024-03-10,ligue_1
Metz,Clermont,1,0,H,2.25,3.3,3.25,2024-03-10,ligue_1
Strasbourg,Monaco,0,1,A,3.6,3.75,1.95,2024-03-10,ligue_1
Lille,Rennes,2,2,D,2.05,3.4,3.6,2024-03-10,ligue_1
Marseille,Nantes,2,0,H,1.5,4.2,7.0,2024-03-10,ligue_1
AZ Alkmaar,Excelsior,4,0,H,1.29,6.0,9.5,2024-03-10,eredivisie
Ajax,For Sittard,2,2,D,1.44,4.75,6.5,2024-03-10,eredivisie
Zwolle,Volendam,1,1,D,1.57,4.75,5.0,2024-03-10,eredivisie
Nijmegen,Heerenveen,2,0,H,2.0,3.75,3.4,2024-03-10,eredivisie
Feyenoord,Heracles,3,0,H,1.08,12.0,23.0,2024-03-10,eredivisie
Genk,Standard,1,0,H,1.65,4.0,5.25,2024-03-10,pro_league
Club Brugge,Oud-Heverlee Leuven,3,1,H,1.33,5.5,7.5,2024-03-10,pro_league
St. Gilloise,Gent,1,1,D,1.62,4.2,4.75,2024-03-10,pro_league
Eupen,St Truiden,1,0,H,3.5,3.3,2.1,2024-03-10,pro_league
Arouca,Sp Lisbon,0,3,A,8.0,4.75,1.4,2024-03-10,primeira_liga
Benfica,Estoril,3,1,H,1.17,7.5,15.0,2024-03-10,primeira_liga
Kayserispor,Hatayspor,1,1,D,1.95,3.6,3.8,2024-03-10,super_lig
Istanbulspor,Kasimpasa,1,2,A,4.2,4.0,1.8,2024-03-10,super_lig
Samsunspor,Ankaragucu,2,1,H,2.0,3.4,3.8,2024-03-10,super_lig
Fenerbahce,Pendikspor,4,1,H,1.18,8.0,12.0,2024-03-10,super_lig
Man United,Everton,2,0,H,1.83,3.6,4.0,2024-03-09,premier_league
Bournemouth,Sheffield United,2,2,D,1.33,5.25,8.0,2024-03-09,premier_league
Crystal Palace,Luton,1,1,D,1.75,3.8,4.2,2024-03-09,premier_league
Wolves,Fulham,2,1,H,2.5,3.4,2.75,2024-03-09,premier_league
Arsenal,Brentford,2,1,H,1.22,7.0,11.0,2024-03-09,premier_league
Cardiff,Ipswich,2,1,H,4.75,3.6,1.75,2024-03-09,championship
Blackburn,Plymouth,1,1,D,1.75,3.75,4.75,2024-03-09,championship
Hull,Leicester,2,2,D,3.5,3.4,2.1,2024-03-09,championship
Millwall,Birmingham,1,0,H,2.2,3.2,3.4,2024-03-09,championship
Norwich,Rotherham,5,0,H,1.29,5.5,10.0,2024-03-09,championship
Preston,Stoke,1,2,A,2.4,3.3,3.0,2024-03-09,championship
QPR,Middlesbrough,0,2,A,2.3,3.6,2.88,2024-03-09,championship
Southampton,Sunderland,4,2,H,1.44,4.5,7.0,2024-03-09,championship
Watford,Coventry,1,2,A,2.88,3.4,2.4,2024-03-09,championship
Valencia,Getafe,1,0,H,2.0,3.2,4.2,2024-03-09,la_liga
Cadiz,Ath Madrid,2,0,H,4.75,3.6,1.73,2024-03-09,la_liga
Granada,Sociedad,2,3,A,4.5,3.3,1.85,2024-03-09,la_liga
Girona,Osasuna,2,0,H,1.62,4.2,5.25,2024-03-09,la_liga
Augsburg,Heidenheim,1,0,H,1.85,4.2,3.5,2024-03-09,bundesliga
Bayern Munich,Mainz,8,1,H,1.25,7.0,10.0,2024-03-09,bundesliga
M'gladbach,FC Koln,3,3,D,1.83,4.0,4.0,2024-03-09,bundesliga
RB Leipzig,Darmstadt,2,0,H,1.14,8.5,15.0,2024-03-09,bundesliga
Werder Bremen,Dortmund,1,2,A,3.5,4.33,1.85,2024-03-09,bundesliga
Cagliari,Salernitana,4,2,H,1.83,3.6,4.33,2024-03-09,serie_a
Sassuolo,Frosinone,1,0,H,2.2,3.6,3.1,2024-03-09,serie_a
Bologna,Inter,0,1,A,3.5,3.3,2.15,2024-03-09,serie_a
Genoa,Monza,2,3,A,2.15,3.2,3.5,2024-03-09,serie_a
Lorient,Lyon,0,2,A,3.3,3.4,2.2,2024-03-09,ligue_1
Lens,Brest,1,0,H,2.05,3.3,3.8,2024-03-09,ligue_1
Twente,Sparta Rotterdam,2,1,H,1.4,4.75,7.5,2024-03-09,eredivisie
Almere City,Utrecht,1,1,D,3.75,3.5,2.0,2024-03-09,eredivisie
Waalwijk,Vitesse,3,1,H,2.25,3.5,3.1,2024-03-09,eredivisie
Kortrijk,Antwerp,0,1,A,7.0,4.33,1.5,2024-03-09,pro_league
Charleroi,Cercle Brugge,0,0,D,3.6,3.6,1.95,2024-03-09,pro_league
RWD Molenbeek,Anderlecht,0,3,A,5.75,4.2,1.53,2024-03-09,pro_league
Vizela,Farense,2,1,H,2.38,3.2,3.1,2024-03-09,primeira_liga
Boavista,Moreirense,1,0,H,2.63,3.1,2.88,2024-03-09,primeira_liga
Rio Ave,Sp Braga,0,0,D,4.2,3.8,1.8,2024-03-09,primeira_liga
Guimaraes,Famalicao,1,0,H,1.83,3.75,4.2,2024-03-09,primeira_liga
Sivasspor,Alanyaspor,1,2,A,2.45,3.4,2.88,2024-03-09,super_lig
Konyaspor,Ad. Demirspor,2,2,D,2.4,3.5,2.88,2024-03-09,super_lig
Buyuksehyr,Antalyaspor,1,0,H,2.2,3.4,3.3,2024-03-09,super_lig
Trabzonspor,Karagumruk,5,1,H,1.75,3.8,4.5,2024-03-09,super_lig
Sheffield Weds,Leeds,0,2,A,5.0,4.2,1.62,2024-03-08,championship
Barcelona,Mallorca,1,0,H,1.44,4.75,6.5,2024-03-08,la_liga
Stuttgart,Union Berlin,2,0,H,1.45,4.5,7.0,2024-03-08,bundesliga
Napoli,Torino,1,1,D,1.75,3.6,5.0,2024-03-08,serie_a
Nice,Montpellier,1,2,A,1.75,3.6,4.5,2024-03-08,ligue_1
Go Ahead Eagles,PSV Eindhoven,0,1,A,7.0,5.0,1.4,2024-03-08,eredivisie
Mechelen,Westerlo,3,1,H,1.91,3.6,4.0,2024-03-08,pro_league
Portimonense,Porto,0,3,A,9.5,6.5,1.25,2024-03-08,primeira_liga
Estrela,Casa Pia,3,1,H,2.2,3.0,3.6,2024-03-08,primeira_liga
Galatasaray,Rizespor,6,2,H,1.25,6.0,9.5,2024-03-08,super_lig
Manchester City,Copenhagen,3,1,H,,,,2024-03-06,champions_league
Real Madrid,Napoli,4,2,H,,,,2024-03-06,champions_league
Cardiff,Huddersfield,1,0,H,2.45,3.25,3.0,2024-03-06,championship
Middlesbrough,Norwich,3,1,H,2.3,3.5,3.0,2024-03-06,championship
Watford,Swansea,1,1,D,2.2,3.5,3.25,2024-03-06,championship
QPR,West Brom,2,2,D,3.1,3.1,2.45,2024-03-06,championship
Bayern Munich,Lazio,3,0,H,,,,2024-03-05,champions_league
PSG,Real Sociedad,2,0,H,,,,2024-03-05,champions_league
Real Madrid,Leipzig,1,0,H,,,,2024-03-05,champions_league
Blackburn,Millwall,1,1,D,2.2,3.3,3.4,2024-03-05,championship
Coventry,Rotherham,5,0,H,1.3,5.5,10.0,2024-03-05,championship
Hull,Birmingham,1,1,D,1.73,4.0,4.75,2024-03-05,championship
Leeds,Stoke,1,0,H,1.33,5.5,8.0,2024-03-05,championship
Sheffield Weds,Plymouth,1,0,H,1.95,3.6,3.75,2024-03-05,championship
Sunderland,Leicester,0,1,A,3.8,3.75,1.91,2024-03-05,championship
Ipswich,Bristol City,3,2,H,1.65,3.75,5.5,2024-03-05,championship
Sheffield United,Arsenal,0,6,A,17.0,7.0,1.18,2024-03-04,premier_league
Osasuna,Alaves,1,0,H,2.38,3.1,3.25,2024-03-04,la_liga
Inter,Genoa,2,1,H,1.3,5.75,9.5,2024-03-04,serie_a
Famalicao,Boavista,1,1,D,1.95,3.3,4.2,2024-03-04,primeira_liga
Ad. Demirspor,Karagumruk,1,0,H,2.25,3.5,3.1,2024-03-04,super_lig
Alanyaspor,Trabzonspor,3,1,H,2.88,3.5,2.38,2024-03-04,super_lig
Antalyaspor,Gaziantep,1,0,H,1.83,3.75,4.2,2024-03-04,super_lig
Napoli,Juventus,1,1,D,,,,2024-03-03,serie_a
Napoli,Juventus,2,1,H,,,,2024-03-03,serie_a
Toulouse,Monaco,0,2,A,,,,2024-03-03,ligue_1
Strasbourg,Monaco,0,2,A,,,,2024-03-03,ligue_1
Burnley,Bournemouth,0,2,A,3.75,3.6,1.95,2024-03-03,premier_league
Man City,Man United,3,1,H,1.25,5.75,11.0,2024-03-03,premier_league
Villarreal,Granada,5,1,H,1.65,4.0,5.0,2024-03-03,la_liga
Ath Madrid,Betis,2,1,H,1.57,4.2,5.75,2024-03-03,la_liga
Mallorca,Girona,1,0,H,3.25,3.2,2.3,2024-03-03,la_liga
Ath Bilbao,Barcelona,0,0,D,2.88,3.5,2.4,2024-03-03,la_liga
FC Koln,Leverkusen,0,2,A,9.0,4.75,1.36,2024-03-03,bundesliga
Hoffenheim,Werder Bremen,2,1,H,1.91,4.0,3.6,2024-03-03,bundesliga
Verona,Sassuolo,1,0,H,2.2,3.4,3.25,2024-03-03,serie_a
Empoli,Cagliari,0,1,A,2.15,3.25,3.6,2024-03-03,serie_a
Frosinone,Lecce,1,1,D,2.25,3.3,3.3,2024-03-03,serie_a
Atalanta,Bologna,1,2,A,1.91,3.4,4.2,2024-03-03,serie_a
Toulouse,Nice,2,1,H,3.4,3.2,2.25,2024-03-03,ligue_1
Brest,Le Havre,1,0,H,1.6,4.0,5.75,2024-03-03,ligue_1
Montpellier,Strasbourg,2,2,D,2.0,3.5,3.75,2024-03-03,ligue_1
Nantes,Metz,0,2,A,1.8,3.5,4.75,2024-03-03,ligue_1
Rennes,Lorient,1,2,A,1.4,4.75,8.0,2024-03-03,ligue_1
Lyon,Lens,0,3,A,2.55,3.4,2.75,2024-03-03,ligue_1
Ajax,Utrecht,2,0,H,1.8,4.0,4.0,2024-03-03,eredivisie
Heerenveen,Zwolle,2,0,H,1.62,4.0,5.25,2024-03-03,eredivisie
PSV Eindhoven,Feyenoord,2,2,D,2.05,3.5,3.5,2024-03-03,eredivisie
For Sittard,Excelsior,5,2,H,1.91,3.8,3.8,2024-03-03,eredivisie
Heracles,Almere City,2,2,D,2.55,3.4,2.7,2024-03-03,eredivisie
Genk,Club Brugge,0,3,A,3.0,3.6,2.2,2024-03-03,pro_league
Antwerp,St Truiden,3,0,H,1.62,4.0,4.75,2024-03-03,pro_league
Anderlecht,Eupen,1,0,H,1.3,5.25,8.5,2024-03-03,pro_league
Kortrijk,RWD Molenbeek,3,2,H,2.4,3.5,2.75,2024-03-03,pro_league
Casa Pia,Gil Vicente,0,0,D,2.5,3.1,3.1,2024-03-03,primeira_liga
Portimonense,Vizela,0,0,D,2.63,3.25,2.75,2024-03-03,primeira_liga
Sp Lisbon,Farense,3,2,H,1.13,8.5,21.0,2024-03-03,primeira_liga
Porto,Benfica,5,0,H,2.38,3.5,2.8,2024-03-03,primeira_liga
Buyuksehyr,Samsunspor,1,0,H,2.25,3.4,3.2,2024-03-03,super_lig
Pendikspor,Konyaspor,0,2,A,2.2,3.4,3.3,2024-03-03,super_lig
Besiktas,Galatasaray,0,1,A,3.75,3.75,1.91,2024-03-03,super_lig
Monza,Juventus,0,2,A,,,,2024-03-02,serie_a
Mallorca,Real Madrid,0,1,A,,,,2024-03-02,la_liga
Atalanta,Roma,2,2,D,,,,2024-03-02,serie_a
Brentford,Chelsea,2,2,D,3.1,3.75,2.15,2024-03-02,premier_league
Everton,West Ham,1,3,A,2.05,3.6,3.5,2024-03-02,premier_league
Fulham,Brighton,3,0,H,2.55,3.6,2.63,2024-03-02,premier_league
Newcastle,Wolves,3,0,H,1.91,4.0,3.6,2024-03-02,premier_league
Nott'm Forest,Liverpool,0,1,A,6.0,4.33,1.53,2024-03-02,premier_league
Tottenham,Crystal Palace,3,1,H,1.5,4.33,6.5,2024-03-02,premier_league
Luton,Aston Villa,2,3,A,4.33,4.2,1.73,2024-03-02,premier_league
Bristol City,Cardiff,0,1,A,1.95,3.4,4.0,2024-03-02,championship
Huddersfield,Leeds,1,1,D,5.5,4.2,1.57,2024-03-02,championship
Birmingham,Southampton,3,4,A,4.0,3.8,1.85,2024-03-02,championship
Leicester,QPR,1,2,A,1.36,4.75,9.5,2024-03-02,championship
Millwall,Watford,1,0,H,2.38,3.3,3.0,2024-03-02,championship
Norwich,Sunderland,1,0,H,1.95,3.6,4.0,2024-03-02,championship
Plymouth,Ipswich,0,2,A,4.5,4.0,1.7,2024-03-02,championship
Preston,Hull,0,0,D,2.8,3.25,2.55,2024-03-02,championship
Rotherham,Sheffield Weds,0,1,A,3.5,3.25,2.15,2024-03-02,championship
Stoke,Middlesbrough,2,0,H,2.75,3.3,2.6,2024-03-02,championship
Swansea,Blackburn,2,1,H,2.2,3.5,3.2,2024-03-02,championship
Sevilla,Sociedad,3,2,H,2.6,3.0,3.0,2024-03-02,la_liga
Vallecano,Cadiz,1,1,D,1.8,3.3,5.25,2024-03-02,la_liga
Getafe,Las Palmas,3,3,D,2.0,3.1,4.33,2024-03-02,la_liga
Valencia,Real Madrid,2,2,D,5.25,3.8,1.67,2024-03-02,la_liga
Bochum,RB Leipzig,1,4,A,5.0,4.2,1.62,2024-03-02,bundesliga
Darmstadt,Augsburg,0,6,A,2.9,3.3,2.4,2024-03-02,bundesliga
Heidenheim,Ein Frankfurt,1,2,A,2.8,3.3,2.5,2024-03-02,bundesliga
Mainz,M'gladbach,1,1,D,1.91,3.75,3.75,2024-03-02,bundesliga
Union Berlin,Dortmund,0,2,A,3.4,3.6,2.05,2024-03-02,bundesliga
Wolfsburg,Stuttgart,2,3,A,3.3,3.5,2.15,2024-03-02,bundesliga
Udinese,Salernitana,1,1,D,1.65,3.8,5.75,2024-03-02,serie_a
Monza,Roma,1,4,A,3.75,3.4,2.05,2024-03-02,serie_a
Torino,Fiorentina,0,0,D,2.63,3.0,2.9,2024-03-02,serie_a
Reims,Lille,0,1,A,2.7,3.3,2.63,2024-03-02,ligue_1
Clermont,Marseille,1,5,A,4.2,3.6,1.85,2024-03-02,ligue_1
Go Ahead Eagles,Waalwijk,1,0,H,1.67,4.0,5.0,2024-03-02,eredivisie
Vitesse,Twente,1,2,A,5.25,4.0,1.62,2024-03-02,eredivisie
Sparta Rotterdam,AZ Alkmaar,1,1,D,3.8,3.8,1.85,2024-03-02,eredivisie
Cercle Brugge,Mechelen,2,3,A,1.91,3.6,4.0,2024-03-02,pro_league
Oud-Heverlee Leuven,St. Gilloise,0,2,A,6.5,4.33,1.5,2024-03-02,pro_league
Standard,Gent,4,2,H,3.1,3.4,2.2,2024-03-02,pro_league
Moreirense,Rio Ave,0,0,D,2.2,3.2,3.5,2024-03-02,primeira_liga
Estoril,Guimaraes,1,3,A,3.5,3.5,2.1,2024-03-02,primeira_liga
Sp Braga,Estrela,3,0,H,1.36,5.0,8.5,2024-03-02,primeira_liga
Ankaragucu,Istanbulspor,1,1,D,1.45,4.2,8.0,2024-03-02,super_lig
Rizespor,Kayserispor,3,0,H,2.0,3.6,3.6,2024-03-02,super_lig
Hatayspor,Fenerbahce,0,2,A,8.0,5.5,1.33,2024-03-02,super_lig
Monaco,PSG,1,3,A,,,,2024-03-01,ligue_1
West Brom,Coventry,2,1,H,2.1,3.4,3.6,2024-03-01,championship
Celta,Almeria,1,0,H,1.85,3.6,4.2,2024-03-01,la_liga
Freiburg,Bayern Munich,2,2,D,5.75,4.75,1.5,2024-03-01,bundesliga
Lazio,Milan,0,1,A,3.5,3.2,2.2,2024-03-01,serie_a
Monaco,Paris SG,0,0,D,3.4,3.8,2.0,2024-03-01,ligue_1
Volendam,Nijmegen,2,5,A,5.25,4.5,1.55,2024-03-01,eredivisie
Westerlo,Charleroi,0,1,A,1.85,3.4,4.2,2024-03-01,pro_league
Chaves,Arouca,1,5,A,3.2,3.4,2.3,2024-03-01,primeira_liga
Kasimpasa,Sivasspor,0,0,D,2.05,3.8,3.3,2024-03-01,super_lig
Sassuolo,Napoli,1,6,A,4.0,3.8,1.8,2024-02-28,serie_a
Inter,Atalanta,4,0,H,1.62,4.0,5.5,2024-02-28,serie_a
West Ham,Brentford,4,2,H,2.5,3.5,2.75,2024-02-26,premier_league
Girona,Vallecano,3,0,H,1.65,4.2,4.75,2024-02-26,la_liga
Roma,Torino,3,2,H,1.91,3.25,4.5,2024-02-26,serie_a
Fiorentina,Lazio,2,1,H,2.25,3.1,3.5,2024-02-26,serie_a
Boavista,Sp Braga,0,4,A,4.5,3.5,1.83,2024-02-26,primeira_liga
Galatasaray,Antalyaspor,2,1,H,1.33,5.75,8.0,2024-02-26,super_lig
Real Madrid,Sevilla,5,1,H,,,,2024-02-25,la_liga
Wolves,Sheffield United,1,0,H,1.44,4.75,7.0,2024-02-25,premier_league
Cadiz,Celta,2,2,D,3.1,3.0,2.5,2024-02-25,la_liga
Betis,Ath Bilbao,3,1,H,3.6,3.1,2.2,2024-02-25,la_liga
Las Palmas,Osasuna,1,1,D,2.38,2.9,3.5,2024-02-25,la_liga
Ein Frankfurt,Wolfsburg,2,2,D,2.25,3.4,3.2,2024-02-25,bundesliga
Dortmund,Hoffenheim,2,3,A,1.5,5.0,5.5,2024-02-25,bundesliga
Augsburg,Freiburg,2,1,H,2.2,3.6,3.1,2024-02-25,bundesliga
Juventus,Frosinone,3,2,H,1.3,5.5,10.0,2024-02-25,serie_a
Cagliari,Napoli,1,1,D,4.2,3.75,1.83,2024-02-25,serie_a
Lecce,Inter,0,4,A,7.0,4.5,1.44,2024-02-25,serie_a
Milan,Atalanta,1,1,D,2.38,3.4,3.0,2024-02-25,serie_a
Lens,Monaco,2,3,A,2.38,3.5,2.9,2024-02-25,ligue_1
Le Havre,Reims,1,2,A,3.1,3.25,2.38,2024-02-25,ligue_1
Nice,Clermont,0,0,D,1.44,4.33,7.5,2024-02-25,ligue_1
Toulouse,Lille,3,1,H,4.2,3.4,1.91,2024-02-25,ligue_1
Paris SG,Rennes,1,1,D,1.45,4.75,7.0,2024-02-25,ligue_1
Marseille,Montpellier,4,1,H,1.7,4.0,4.75,2024-02-25,ligue_1
Excelsior,Vitesse,1,2,A,2.1,3.8,3.2,2024-02-25,eredivisie
Almere City,Feyenoord,0,2,A,11.0,5.5,1.29,2024-02-25,eredivisie
Twente,Go Ahead Eagles,3,0,H,1.53,4.5,5.75,2024-02-25,eredivisie
AZ Alkmaar,Ajax,2,0,H,2.0,3.8,3.5,2024-02-25,eredivisie
Volendam,Heerenveen,0,4,A,4.33,4.2,1.73,2024-02-25,eredivisie
Club Brugge,Anderlecht,1,2,A,1.67,3.75,5.0,2024-02-25,pro_league
Gent,Antwerp,2,2,D,2.45,3.25,2.88,2024-02-25,pro_league
St. Gilloise,Standard,2,1,H,1.36,4.75,8.0,2024-02-25,pro_league
Eupen,Cercle Brugge,0,2,A,4.75,3.75,1.7,2024-02-25,pro_league
Vizela,Estoril,3,3,D,2.5,3.25,2.88,2024-02-25,primeira_liga
Benfica,Portimonense,4,0,H,1.13,9.0,19.0,2024-02-25,primeira_liga
Gil Vicente,Porto,1,1,D,7.5,4.75,1.4,2024-02-25,primeira_liga
Rio Ave,Sp Lisbon,3,3,D,8.0,5.0,1.36,2024-02-25,primeira_liga
Sivasspor,Pendikspor,4,1,H,2.15,3.4,3.4,2024-02-25,super_lig
Karagumruk,Alanyaspor,1,1,D,1.91,3.5,4.2,2024-02-25,super_lig
Trabzonspor,Ad. Demirspor,1,0,H,1.73,4.0,4.75,2024-02-25,super_lig
Istanbulspor,Besiktas,0,2,A,6.0,4.2,1.55,2024-02-25,super_lig
Aston Villa,Nott'm Forest,4,2,H,1.53,4.5,5.75,2024-02-24,premier_league
Brighton,Everton,1,1,D,1.83,3.8,4.2,2024-02-24,premier_league
Crystal Palace,Burnley,3,0,H,1.95,3.5,4.0,2024-02-24,premier_league
Man United,Fulham,1,2,A,1.57,4.33,5.5,2024-02-24,premier_league
Bournemouth,Man City,0,1,A,7.0,5.25,1.4,2024-02-24,premier_league
Arsenal,Newcastle,4,1,H,1.36,5.25,8.0,2024-02-24,premier_league
Hull,West Brom,1,1,D,2.5,3.3,2.88,2024-02-24,championship
Blackburn,Norwich,1,1,D,2.55,3.6,2.63,2024-02-24,championship
Cardiff,Stoke,2,1,H,2.75,3.25,2.63,2024-02-24,championship
Ipswich,Birmingham,3,1,H,1.55,4.33,5.5,2024-02-24,championship
Middlesbrough,Plymouth,0,2,A,1.44,4.5,7.0,2024-02-24,championship
QPR,Rotherham,2,1,H,1.65,3.6,6.0,2024-02-24,championship
Sheffield Weds,Bristol City,2,1,H,2.55,3.3,2.8,2024-02-24,championship
Southampton,Millwall,1,2,A,1.36,5.0,8.0,2024-02-24,championship
Sunderland,Swansea,1,2,A,1.83,3.5,4.75,2024-02-24,championship
Watford,Huddersfield,1,2,A,1.95,3.5,4.0,2024-02-24,championship
Barcelona,Getafe,4,0,H,1.4,5.0,7.0,2024-02-24,la_liga
Alaves,Mallorca,1,1,D,1.91,3.0,5.0,2024-02-24,la_liga
Almeria,Ath Madrid,2,2,D,4.75,4.0,1.7,2024-02-24,la_liga
M'gladbach,Bochum,5,2,H,2.0,3.8,3.5,2024-02-24,bundesliga
Stuttgart,FC Koln,1,1,D,1.3,5.25,10.0,2024-02-24,bundesliga
Union Berlin,Heidenheim,2,2,D,2.0,3.5,3.75,2024-02-24,bundesliga
Werder Bremen,Darmstadt,1,1,D,1.65,4.2,5.0,2024-02-24,bundesliga
Bayern Munich,RB Leipzig,2,1,H,1.67,4.33,4.5,2024-02-24,bundesliga
Sassuolo,Empoli,2,3,A,2.2,3.4,3.3,2024-02-24,serie_a
Salernitana,Monza,0,2,A,3.0,3.1,2.5,2024-02-24,serie_a
Genoa,Udinese,2,0,H,2.25,3.0,3.6,2024-02-24,serie_a
Lorient,Nantes,0,1,A,2.6,3.2,2.8,2024-02-24,ligue_1
Strasbourg,Brest,0,3,A,3.1,3.1,2.45,2024-02-24,ligue_1
Waalwijk,For Sittard,0,1,A,2.4,3.5,2.88,2024-02-24,eredivisie
Zwolle,PSV Eindhoven,1,7,A,12.0,6.5,1.22,2024-02-24,eredivisie
Nijmegen,Sparta Rotterdam,2,0,H,1.91,4.0,3.6,2024-02-24,eredivisie
RWD Molenbeek,Oud-Heverlee Leuven,1,1,D,2.75,3.4,2.45,2024-02-24,pro_league
St Truiden,Westerlo,1,0,H,2.05,3.3,3.75,2024-02-24,pro_league
Mechelen,Kortrijk,3,0,H,1.65,3.8,5.0,2024-02-24,pro_league
Farense,Moreirense,0,1,A,2.45,3.3,2.9,2024-02-24,primeira_liga
Estrela,Chaves,1,1,D,2.05,3.3,3.75,2024-02-24,primeira_liga
Guimaraes,Casa Pia,0,2,A,1.6,3.8,6.0,2024-02-24,primeira_liga
Kayserispor,Ankaragucu,3,2,H,2.2,3.4,3.25,2024-02-24,super_lig
Gaziantep,Buyuksehyr,0,2,A,2.75,3.2,2.7,2024-02-24,super_lig
Fenerbahce,Kasimpasa,2,1,H,1.2,7.5,12.0,2024-02-24,super_lig
Konyaspor,Hatayspor,2,0,H,2.3,3.25,3.25,2024-02-24,super_lig
Coventry,Preston,0,3,A,1.73,3.5,4.75,2024-02-23,championship
Leeds,Leicester,3,1,H,2.1,3.4,3.5,2024-02-23,championship
Sociedad,Villarreal,1,3,A,1.73,3.6,5.0,2024-02-23,la_liga
Leverkusen,Mainz,2,1,H,1.22,6.5,13.0,2024-02-23,bundesliga
Bologna,Verona,2,0,H,1.55,3.8,7.0,2024-02-23,serie_a
Metz,Lyon,1,2,A,4.0,3.4,1.91,2024-02-23,ligue_1
Utrecht,Heracles,1,0,H,1.36,4.75,8.0,2024-02-23,eredivisie
Charleroi,Genk,0,1,A,3.6,3.5,2.05,2024-02-23,pro_league
Arouca,Famalicao,3,2,H,2.2,3.25,3.25,2024-02-23,primeira_liga
Samsunspor,Rizespor,3,0,H,1.91,3.6,4.0,2024-02-23,super_lig
Torino,Lazio,0,2,A,2.4,2.9,3.25,2024-02-22,serie_a
Napoli,Barcelona,1,3,A,,,,2024-02-21,champions_league
Porto,Arsenal,1,0,H,,,,2024-02-21,champions_league
Liverpool,Luton,4,1,H,1.2,7.0,13.0,2024-02-21,premier_league
PSV,Borussia Dortmund,1,1,D,,,,2024-02-20,champions_league
Man City,Brentford,1,0,H,1.18,8.0,13.0,2024-02-20,premier_league
Cardiff,Blackburn,0,0,D,3.0,3.25,2.45,2024-02-20,championship
Ipswich,Rotherham,4,3,H,1.22,5.75,15.0,2024-02-20,championship
Plymouth,West Brom,0,3,A,3.6,3.6,2.0,2024-02-20,championship
Southampton,Hull,1,2,A,1.57,4.33,5.5,2024-02-20,championship
Everton,Crystal Palace,1,1,D,1.7,3.6,5.25,2024-02-19,premier_league
Ath Bilbao,Girona,3,2,H,1.91,3.6,4.0,2024-02-19,la_liga
Moreirense,Sp Lisbon,0,2,A,7.5,5.0,1.36,2024-02-19,primeira_liga
Besiktas,Konyaspor,2,0,H,1.57,4.2,5.75,2024-02-19,super_lig
Buyuksehyr,Kayserispor,2,3,A,1.8,3.75,4.5,2024-02-19,super_lig
Sheffield United,Brighton,0,5,A,5.0,4.2,1.62,2024-02-18,premier_league
Luton,Man United,1,2,A,4.0,4.0,1.8,2024-02-18,premier_league
Vallecano,Real Madrid,1,1,D,6.0,3.75,1.62,2024-02-18,la_liga
Granada,Almeria,1,1,D,2.1,3.5,3.4,2024-02-18,la_liga
Mallorca,Sociedad,1,2,A,3.4,2.8,2.5,2024-02-18,la_liga
Betis,Alaves,0,0,D,2.1,3.3,3.75,2024-02-18,la_liga
Freiburg,Ein Frankfurt,3,3,D,2.3,3.4,3.1,2024-02-18,bundesliga
Bochum,Bayern Munich,3,2,H,8.0,5.75,1.33,2024-02-18,bundesliga
Lazio,Bologna,1,2,A,2.3,3.1,3.4,2024-02-18,serie_a
Empoli,Fiorentina,1,1,D,3.75,3.3,2.05,2024-02-18,serie_a
Udinese,Cagliari,1,1,D,1.91,3.6,4.0,2024-02-18,serie_a
Frosinone,Roma,0,3,A,3.8,3.75,1.91,2024-02-18,serie_a
Monza,Milan,4,2,H,4.75,3.5,1.8,2024-02-18,serie_a
Strasbourg,Lorient,1,3,A,1.7,3.8,5.0,2024-02-18,ligue_1
Monaco,Toulouse,1,2,A,1.5,4.33,6.5,2024-02-18,ligue_1
Montpellier,Metz,3,0,H,1.75,3.7,4.75,2024-02-18,ligue_1
Rennes,Clermont,3,1,H,1.53,4.2,6.5,2024-02-18,ligue_1
Reims,Lens,1,1,D,2.8,3.2,2.63,2024-02-18,ligue_1
Brest,Marseille,1,0,H,2.55,3.0,3.1,2024-02-18,ligue_1
Twente,Utrecht,0,1,A,1.62,4.2,5.25,2024-02-18,eredivisie
Ajax,Nijmegen,2,2,D,1.4,5.5,6.0,2024-02-18,eredivisie
Vitesse,Volendam,1,1,D,1.73,4.0,4.5,2024-02-18,eredivisie
Feyenoord,Waalwijk,1,0,H,1.13,10.0,17.0,2024-02-18,eredivisie
Cercle Brugge,Club Brugge,1,1,D,3.4,3.75,2.05,2024-02-18,pro_league
Kortrijk,St. Gilloise,1,3,A,7.5,5.25,1.36,2024-02-18,pro_league
Anderlecht,St Truiden,4,1,H,1.62,3.75,5.75,2024-02-18,pro_league
Eupen,Gent,0,2,A,5.0,4.0,1.67,2024-02-18,pro_league
Casa Pia,Arouca,1,0,H,3.4,3.0,2.3,2024-02-18,primeira_liga
Benfica,Vizela,6,1,H,1.13,8.5,21.0,2024-02-18,primeira_liga
Estoril,Gil Vicente,1,3,A,2.1,3.5,3.5,2024-02-18,primeira_liga
Sp Braga,Farense,2,1,H,1.3,5.5,9.5,2024-02-18,primeira_liga
Alanyaspor,Ad. Demirspor,3,3,D,2.0,3.6,3.6,2024-02-18,super_lig
Gaziantep,Samsunspor,1,1,D,2.55,3.1,3.0,2024-02-18,super_lig
Pendikspor,Trabzonspor,0,2,A,3.1,3.6,2.2,2024-02-18,super_lig
Ankaragucu,Galatasaray,0,3,A,6.0,4.5,1.5,2024-02-18,super_lig
Bayer Leverkusen,RB Leipzig,2,1,H,,,,2024-02-17,bundesliga
Inter Milan,Napoli,2,0,H,,,,2024-02-17,serie_a
Osasuna,Barcelona,1,2,A,,,,2024-02-17,la_liga
Brentford,Liverpool,1,4,A,5.5,4.33,1.57,2024-02-17,premier_league
Burnley,Arsenal,0,5,A,10.0,5.75,1.29,2024-02-17,premier_league
Fulham,Aston Villa,1,2,A,2.9,3.75,2.2,2024-02-17,premier_league
Newcastle,Bournemouth,2,2,D,1.83,4.2,3.75,2024-02-17,premier_league
Nott'm Forest,West Ham,2,0,H,2.38,3.5,2.9,2024-02-17,premier_league
Tottenham,Wolves,1,2,A,1.53,4.75,5.25,2024-02-17,premier_league
Man City,Chelsea,1,1,D,1.33,5.5,8.0,2024-02-17,premier_league
Plymouth,Leeds,0,2,A,6.5,4.75,1.44,2024-02-17,championship
Birmingham,Sunderland,2,1,H,2.8,3.3,2.55,2024-02-17,championship
Bristol City,QPR,0,1,A,1.95,3.5,4.0,2024-02-17,championship
Huddersfield,Hull,1,2,A,3.2,3.3,2.3,2024-02-17,championship
Leicester,Middlesbrough,1,2,A,1.57,4.5,5.0,2024-02-17,championship
Millwall,Sheffield Weds,0,2,A,2.15,3.3,3.5,2024-02-17,championship
Norwich,Cardiff,4,1,H,1.8,3.6,4.5,2024-02-17,championship
Preston,Blackburn,2,2,D,2.45,3.25,3.0,2024-02-17,championship
Rotherham,Watford,0,1,A,4.33,3.5,1.85,2024-02-17,championship
Stoke,Coventry,0,1,A,2.8,3.4,2.5,2024-02-17,championship
Swansea,Ipswich,1,2,A,4.2,3.5,1.91,2024-02-17,championship
Ath Madrid,Las Palmas,5,0,H,1.5,4.75,6.5,2024-02-17,la_liga
Osasuna,Cadiz,2,0,H,1.75,3.3,5.5,2024-02-17,la_liga
Celta,Barcelona,1,2,A,3.8,3.8,1.85,2024-02-17,la_liga
Valencia,Sevilla,0,0,D,2.25,3.3,3.3,2024-02-17,la_liga
Darmstadt,Stuttgart,1,2,A,6.5,4.75,1.44,2024-02-17,bundesliga
Heidenheim,Leverkusen,1,2,A,8.0,5.75,1.33,2024-02-17,bundesliga
Hoffenheim,Union Berlin,0,1,A,2.0,3.6,3.6,2024-02-17,bundesliga
Mainz,Augsburg,1,0,H,2.0,3.5,3.8,2024-02-17,bundesliga
Wolfsburg,Dortmund,1,1,D,3.2,3.8,2.1,2024-02-17,bundesliga
RB Leipzig,M'gladbach,2,0,H,1.36,5.5,7.0,2024-02-17,bundesliga
Napoli,Genoa,1,1,D,1.6,3.75,6.0,2024-02-17,serie_a
Verona,Juventus,2,2,D,5.75,3.5,1.67,2024-02-17,serie_a
Atalanta,Sassuolo,3,0,H,1.36,5.5,8.0,2024-02-17,serie_a
Lille,Le Havre,3,0,H,1.53,4.33,6.5,2024-02-17,ligue_1
Nantes,Paris SG,0,2,A,6.0,4.5,1.5,2024-02-17,ligue_1
For Sittard,AZ Alkmaar,1,2,A,4.33,3.6,1.85,2024-02-17,eredivisie
Sparta Rotterdam,Excelsior,4,2,H,1.85,3.6,4.2,2024-02-17,eredivisie
Heerenveen,Go Ahead Eagles,0,2,A,1.95,3.6,3.8,2024-02-17,eredivisie
Zwolle,Almere City,0,1,A,2.1,3.5,3.5,2024-02-17,eredivisie
Genk,RWD Molenbeek,3,1,H,1.29,6.0,9.5,2024-02-17,pro_league
Oud-Heverlee Leuven,Charleroi,0,0,D,2.4,3.4,2.88,2024-02-17,pro_league
Antwerp,Mechelen,0,1,A,1.57,4.0,5.75,2024-02-17,pro_league
Chaves,Boavista,2,1,H,2.4,3.25,3.1,2024-02-17,primeira_liga
Portimonense,Guimaraes,1,1,D,4.5,3.6,1.8,2024-02-17,primeira_liga
Porto,Estrela,2,0,H,1.22,6.5,13.0,2024-02-17,primeira_liga
Antalyaspor,Istanbulspor,2,2,D,1.5,4.33,6.5,2024-02-17,super_lig
Hatayspor,Sivasspor,1,1,D,2.25,3.25,3.3,2024-02-17,super_lig
Rizespor,Fenerbahce,1,3,A,6.0,4.75,1.45,2024-02-17,super_lig
Nice,PSG,0,2,A,,,,2024-02-16,ligue_1
West Brom,Southampton,0,2,A,2.88,3.6,2.3,2024-02-16,championship
Villarreal,Getafe,1,1,D,1.95,3.5,3.8,2024-02-16,la_liga
FC Koln,Werder Bremen,0,1,A,2.4,3.4,2.88,2024-02-16,bundesliga
Torino,Lecce,2,0,H,1.8,3.4,4.75,2024-02-16,serie_a
Inter,Salernitana,4,0,H,1.14,8.5,15.0,2024-02-16,serie_a
Lyon,Nice,1,0,H,2.63,3.2,2.8,2024-02-16,ligue_1
PSV Eindhoven,Heracles,2,0,H,1.08,13.0,19.0,2024-02-16,eredivisie
Westerlo,Standard,2,1,H,2.38,3.3,3.0,2024-02-16,pro_league
Famalicao,Rio Ave,2,1,H,2.1,3.1,3.8,2024-02-16,primeira_liga
Kasimpasa,Karagumruk,1,1,D,2.55,3.75,2.6,2024-02-16,super_lig
Lazio,Bayern Munich,1,0,H,,,,2024-02-14,champions_league
Real Sociedad,PSG,1,2,A,,,,2024-02-14,champions_league
Huddersfield,Sunderland,1,0,H,3.6,3.3,2.1,2024-02-14,championship
Plymouth,Coventry,2,2,D,3.5,3.8,1.95,2024-02-14,championship
Preston,Middlesbrough,2,1,H,3.25,3.4,2.2,2024-02-14,championship
Stoke,QPR,1,0,H,2.05,3.4,3.5,2024-02-14,championship
Millwall,Ipswich,0,4,A,3.5,3.5,2.05,2024-02-14,championship
Bologna,Fiorentina,2,0,H,2.3,3.2,3.2,2024-02-14,serie_a
Copenhagen,Manchester City,1,3,A,,,,2024-02-13,champions_league
Leipzig,Real Madrid,0,1,A,,,,2024-02-13,champions_league
Birmingham,Blackburn,1,0,H,2.25,3.6,3.0,2024-02-13,championship
Leicester,Sheffield Weds,2,0,H,1.3,5.5,9.5,2024-02-13,championship
Norwich,Watford,4,2,H,2.1,3.4,3.4,2024-02-13,championship
Rotherham,Hull,1,2,A,5.0,3.4,1.8,2024-02-13,championship
Swansea,Leeds,0,4,A,5.25,4.33,1.57,2024-02-13,championship
Bristol City,Southampton,3,1,H,4.2,3.6,1.8,2024-02-13,championship
West Brom,Cardiff,2,0,H,1.65,3.75,5.75,2024-02-13,championship
Gil Vicente,Vizela,0,1,A,2.05,3.5,3.5,2024-02-13,primeira_liga
Crystal Palace,Chelsea,1,3,A,4.2,3.8,1.85,2024-02-12,premier_league
Almeria,Ath Bilbao,0,0,D,4.33,4.0,1.73,2024-02-12,la_liga
Juventus,Udinese,0,1,A,1.44,4.5,8.0,2024-02-12,serie_a
Arouca,Porto,3,2,H,7.5,4.0,1.5,2024-02-12,primeira_liga
Trabzonspor,Hatayspor,2,0,H,1.75,3.6,5.0,2024-02-12,super_lig
Kayserispor,Besiktas,0,0,D,3.6,3.75,1.95,2024-02-12,super_lig
Samsunspor,Antalyaspor,2,0,H,2.38,3.3,3.1,2024-02-12,super_lig
West Ham,Arsenal,0,6,A,6.0,4.33,1.53,2024-02-11,premier_league
Aston Villa,Man United,1,2,A,2.15,3.75,3.1,2024-02-11,premier_league
Coventry,Millwall,2,1,H,1.75,3.8,4.75,2024-02-11,championship
Getafe,Celta,3,2,H,2.2,3.1,3.6,2024-02-11,la_liga
Mallorca,Vallecano,2,1,H,2.3,3.0,3.4,2024-02-11,la_liga
Sevilla,Ath Madrid,1,0,H,3.5,3.5,2.05,2024-02-11,la_liga
Barcelona,Granada,3,3,D,1.22,7.5,10.0,2024-02-11,la_liga
Stuttgart,Mainz,3,1,H,1.44,4.5,7.5,2024-02-11,bundesliga
Hoffenheim,FC Koln,1,1,D,1.8,3.8,4.33,2024-02-11,bundesliga
Fiorentina,Frosinone,5,1,H,1.5,4.33,6.5,2024-02-11,serie_a
Bologna,Lecce,4,0,H,1.73,3.6,5.25,2024-02-11,serie_a
Monza,Verona,0,0,D,2.05,3.4,3.75,2024-02-11,serie_a
Genoa,Atalanta,1,4,A,3.75,3.3,2.05,2024-02-11,serie_a
Milan,Napoli,1,0,H,1.95,3.6,3.8,2024-02-11,serie_a
Le Havre,Rennes,0,1,A,3.6,3.3,2.15,2024-02-11,ligue_1
Clermont,Brest,1,1,D,3.8,3.3,2.05,2024-02-11,ligue_1
Lorient,Reims,2,0,H,3.75,3.5,2.05,2024-02-11,ligue_1
Toulouse,Nantes,1,2,A,2.15,3.3,3.4,2024-02-11,ligue_1
Montpellier,Lyon,1,2,A,3.1,3.4,2.38,2024-02-11,ligue_1
Nice,Monaco,2,3,A,2.3,3.4,3.1,2024-02-11,ligue_1
Go Ahead Eagles,Zwolle,1,1,D,1.75,4.0,4.33,2024-02-11,eredivisie
Heerenveen,Ajax,3,2,H,4.0,4.5,1.73,2024-02-11,eredivisie
Utrecht,For Sittard,4,0,H,1.75,3.8,4.75,2024-02-11,eredivisie
Volendam,PSV Eindhoven,1,5,A,21.0,10.0,1.1,2024-02-11,eredivisie
Feyenoord,Sparta Rotterdam,2,0,H,1.14,8.5,17.0,2024-02-11,eredivisie
RWD Molenbeek,Antwerp,0,4,A,5.0,4.2,1.62,2024-02-11,pro_league
Mechelen,Genk,1,1,D,3.75,3.6,1.91,2024-02-11,pro_league
Charleroi,Anderlecht,1,3,A,3.75,3.4,2.0,2024-02-11,pro_league
Gent,Cercle Brugge,1,2,A,2.05,3.75,3.25,2024-02-11,pro_league
Rio Ave,Casa Pia,1,0,H,2.0,3.3,4.0,2024-02-11,primeira_liga
Sp Lisbon,Sp Braga,5,0,H,1.5,4.5,6.0,2024-02-11,primeira_liga
Guimaraes,Benfica,2,2,D,5.5,4.0,1.62,2024-02-11,primeira_liga
Sivasspor,Rizespor,1,0,H,2.38,3.3,3.1,2024-02-11,super_lig
Istanbulspor,Gaziantep,1,3,A,3.0,3.1,2.55,2024-02-11,super_lig
Konyaspor,Ankaragucu,1,0,H,2.55,3.3,2.8,2024-02-11,super_lig
Fenerbahce,Alanyaspor,2,2,D,1.22,6.5,13.0,2024-02-11,super_lig
Bayern Munich,Bayer Leverkusen,0,3,A,,,,2024-02-10,bundesliga
Bayern Munich,Bayer Leverkusen,2,0,H,,,,2024-02-10,bundesliga
West Ham,Liverpool,2,4,A,,,,2024-02-10,epl
PSG,Metz,3,0,H,,,,2024-02-10,ligue_1
Man City,Everton,2,0,H,1.18,8.0,13.0,2024-02-10,premier_league
Fulham,Bournemouth,3,1,H,2.38,3.5,2.8,2024-02-10,premier_league
Liverpool,Burnley,3,1,H,1.17,8.0,17.0,2024-02-10,premier_league
Luton,Sheffield United,1,3,A,1.75,3.75,4.75,2024-02-10,premier_league
Tottenham,Brighton,2,1,H,1.8,4.2,3.8,2024-02-10,premier_league
Wolves,Brentford,0,2,A,2.1,3.6,3.4,2024-02-10,premier_league
Nott'm Forest,Newcastle,2,3,A,3.3,3.75,2.05,2024-02-10,premier_league
Ipswich,West Brom,2,2,D,2.1,3.4,3.5,2024-02-10,championship
Blackburn,Stoke,3,1,H,2.4,3.6,2.88,2024-02-10,championship
Cardiff,Preston,0,2,A,2.3,3.2,3.3,2024-02-10,championship
Hull,Swansea,0,1,A,1.73,3.8,4.75,2024-02-10,championship
Leeds,Rotherham,3,0,H,1.17,7.5,15.0,2024-02-10,championship
Middlesbrough,Bristol City,1,2,A,1.7,4.0,4.5,2024-02-10,championship
QPR,Norwich,2,2,D,2.63,3.5,2.6,2024-02-10,championship
Southampton,Huddersfield,5,3,H,1.3,5.5,10.0,2024-02-10,championship
Sunderland,Plymouth,3,1,H,1.55,4.33,5.75,2024-02-10,championship
Watford,Leicester,1,2,A,4.5,4.0,1.7,2024-02-10,championship
Alaves,Villarreal,1,1,D,2.2,3.4,3.3,2024-02-10,la_liga
Sociedad,Osasuna,0,1,A,1.85,3.2,5.0,2024-02-10,la_liga
Real Madrid,Girona,4,0,H,1.45,5.0,6.0,2024-02-10,la_liga
Las Palmas,Valencia,2,0,H,2.75,3.0,2.9,2024-02-10,la_liga
Augsburg,RB Leipzig,2,2,D,4.0,4.2,1.75,2024-02-10,bundesliga
Ein Frankfurt,Bochum,1,1,D,1.73,3.8,4.75,2024-02-10,bundesliga
M'gladbach,Darmstadt,0,0,D,1.6,4.5,5.0,2024-02-10,bundesliga
Union Berlin,Wolfsburg,1,0,H,2.25,3.4,3.2,2024-02-10,bundesliga
Werder Bremen,Heidenheim,1,2,A,1.8,3.8,4.33,2024-02-10,bundesliga
Leverkusen,Bayern Munich,3,0,H,2.63,3.8,2.4,2024-02-10,bundesliga
Cagliari,Lazio,1,3,A,3.5,3.3,2.15,2024-02-10,serie_a
Roma,Inter,2,4,A,4.2,3.5,1.91,2024-02-10,serie_a
Sassuolo,Torino,1,1,D,3.4,3.3,2.2,2024-02-10,serie_a
Lens,Strasbourg,3,1,H,1.62,3.8,5.75,2024-02-10,ligue_1
Paris SG,Lille,3,1,H,1.62,4.2,5.25,2024-02-10,ligue_1
Excelsior,Twente,0,3,A,5.5,4.33,1.55,2024-02-10,eredivisie
Almere City,AZ Alkmaar,0,0,D,4.75,4.0,1.7,2024-02-10,eredivisie
Heracles,Vitesse,3,2,H,2.05,3.6,3.5,2024-02-10,eredivisie
Standard,Oud-Heverlee Leuven,1,0,H,1.91,3.6,3.75,2024-02-10,pro_league
St. Gilloise,Westerlo,2,2,D,1.29,6.0,9.0,2024-02-10,pro_league
Club Brugge,Eupen,4,0,H,1.22,7.0,9.5,2024-02-10,pro_league
Farense,Famalicao,1,1,D,2.7,3.2,2.75,2024-02-10,primeira_liga
Moreirense,Chaves,1,0,H,1.83,3.5,4.5,2024-02-10,primeira_liga
Boavista,Estoril,2,1,H,2.38,3.25,3.1,2024-02-10,primeira_liga
Karagumruk,Pendikspor,2,0,H,2.15,3.4,3.3,2024-02-10,super_lig
Galatasaray,Buyuksehyr,2,0,H,1.3,5.5,10.0,2024-02-10,super_lig
Sheffield Weds,Birmingham,2,0,H,2.25,3.3,3.25,2024-02-09,championship
Cadiz,Betis,0,2,A,3.0,3.0,2.6,2024-02-09,la_liga
Dortmund,Freiburg,3,0,H,1.45,4.75,6.5,2024-02-09,bundesliga
Salernitana,Empoli,1,3,A,2.38,3.2,3.2,2024-02-09,serie_a
Marseille,Metz,1,1,D,1.4,4.75,7.0,2024-02-09,ligue_1
Waalwijk,Nijmegen,2,0,H,2.8,3.75,2.4,2024-02-09,eredivisie
St Truiden,Kortrijk,1,0,H,1.5,4.33,6.0,2024-02-09,pro_league
Estrela,Portimonense,3,0,H,1.85,3.6,4.2,2024-02-09,primeira_liga
Ad. Demirspor,Kasimpasa,1,3,A,2.2,4.0,2.9,2024-02-09,super_lig
Mainz,Union Berlin,1,1,D,2.15,3.3,3.5,2024-02-07,bundesliga
Brentford,Man City,1,3,A,7.0,4.75,1.4,2024-02-05,premier_league
Vallecano,Sevilla,1,2,A,2.15,3.3,3.5,2024-02-05,la_liga
Roma,Cagliari,4,0,H,1.44,4.33,7.5,2024-02-05,serie_a
Casa Pia,Boavista,0,0,D,2.3,3.25,3.1,2024-02-05,primeira_liga
Arsenal,Liverpool,3,1,H,,,,2024-02-04,epl
Atletico Madrid,Real Madrid,3,1,H,,,,2024-02-04,la_liga
Atletico Madrid,Real Madrid,3,1,H,,,,2024-02-04,la_liga
Girona,Barcelona,4,2,H,,,,2024-02-04,la_liga
Inter Milan,Juventus,1,0,H,,,,2024-02-04,serie_a
Inter Milan,Juventus,1,1,D,,,,2024-02-04,serie_a
Bournemouth,Nott'm Forest,1,1,D,1.7,4.2,4.5,2024-02-04,premier_league
Chelsea,Wolves,2,4,A,1.62,4.0,5.5,2024-02-04,premier_league
Man United,West Ham,3,0,H,1.62,4.2,5.0,2024-02-04,premier_league
Middlesbrough,Sunderland,1,1,D,2.0,3.5,3.75,2024-02-04,championship
Villarreal,Cadiz,0,0,D,1.62,4.0,5.5,2024-02-04,la_liga
Osasuna,Celta,0,3,A,2.38,3.1,3.3,2024-02-04,la_liga
Betis,Getafe,1,1,D,1.91,3.4,4.2,2024-02-04,la_liga
Real Madrid,Ath Madrid,1,1,D,1.73,4.0,4.5,2024-02-04,la_liga
Wolfsburg,Hoffenheim,2,2,D,2.1,3.75,3.2,2024-02-04,bundesliga
RB Leipzig,Union Berlin,2,0,H,1.4,5.0,7.5,2024-02-04,bundesliga
Torino,Salernitana,0,0,D,1.5,4.0,7.5,2024-02-04,serie_a
Napoli,Verona,2,1,H,1.4,4.5,8.5,2024-02-04,serie_a
Atalanta,Lazio,3,1,H,2.05,3.4,3.75,2024-02-04,serie_a
Inter,Juventus,1,0,H,1.8,3.5,4.75,2024-02-04,serie_a
Monaco,Le Havre,1,1,D,1.45,4.5,7.0,2024-02-04,ligue_1
Lille,Clermont,4,0,H,1.4,4.5,8.5,2024-02-04,ligue_1
Metz,Lorient,1,2,A,2.25,3.1,3.5,2024-02-04,ligue_1
Reims,Toulouse,2,3,A,1.75,3.5,4.75,2024-02-04,ligue_1
Brest,Nice,0,0,D,2.45,3.25,3.0,2024-02-04,ligue_1
Lyon,Marseille,1,0,H,2.9,3.4,2.45,2024-02-04,ligue_1
Vitesse,Go Ahead Eagles,0,2,A,2.9,3.3,2.45,2024-02-04,eredivisie
AZ Alkmaar,Feyenoord,0,1,A,4.5,3.8,1.75,2024-02-04,eredivisie
Utrecht,Volendam,4,2,H,1.33,5.0,9.5,2024-02-04,eredivisie
Sparta Rotterdam,Zwolle,0,2,A,1.91,3.5,4.2,2024-02-04,eredivisie
Antwerp,Club Brugge,2,1,H,3.6,3.5,1.91,2024-02-04,pro_league
Eupen,Mechelen,0,1,A,3.0,3.4,2.25,2024-02-04,pro_league
Anderlecht,Gent,1,0,H,2.2,3.5,3.0,2024-02-04,pro_league
Cercle Brugge,St Truiden,4,1,H,1.85,3.6,3.8,2024-02-04,pro_league
Chaves,Farense,1,1,D,2.5,3.3,2.7,2024-02-04,primeira_liga
Vizela,Guimaraes,0,1,A,3.4,3.4,2.15,2024-02-04,primeira_liga
Benfica,Gil Vicente,3,0,H,1.17,7.0,17.0,2024-02-04,primeira_liga
Estoril,Estrela,1,0,H,1.95,3.6,3.6,2024-02-04,primeira_liga
Sp Braga,Moreirense,1,0,H,1.5,4.2,6.5,2024-02-04,primeira_liga
Pendikspor,Ad. Demirspor,2,1,H,2.25,3.6,2.9,2024-02-04,super_lig
Kasimpasa,Alanyaspor,2,1,H,2.25,3.6,2.8,2024-02-04,super_lig
Besiktas,Trabzonspor,2,0,H,1.95,3.6,3.6,2024-02-04,super_lig
Bayer Leverkusen,Borussia Dortmund,4,0,H,,,,2024-02-03,bundesliga
Bayer Leverkusen,Borussia Dortmund,4,0,H,,,,2024-02-03,bundesliga
Las Palmas,Barcelona,1,2,A,,,,2024-02-03,la_liga
Everton,Tottenham,2,2,D,3.0,3.6,2.25,2024-02-03,premier_league
Brighton,Crystal Palace,4,1,H,1.7,4.0,4.75,2024-02-03,premier_league
Burnley,Fulham,2,2,D,2.9,3.4,2.38,2024-02-03,premier_league
Newcastle,Luton,4,4,D,1.44,4.75,6.5,2024-02-03,premier_league
Sheffield United,Aston Villa,0,5,A,5.25,4.2,1.62,2024-02-03,premier_league
Blackburn,QPR,1,2,A,1.95,3.5,4.0,2024-02-03,championship
Huddersfield,Sheffield Weds,4,0,H,2.4,3.4,2.88,2024-02-03,championship
Hull,Millwall,1,0,H,2.0,3.5,3.75,2024-02-03,championship
Norwich,Coventry,2,1,H,2.45,3.4,2.88,2024-02-03,championship
Preston,Ipswich,3,2,H,3.6,3.6,2.0,2024-02-03,championship
Rotherham,Southampton,0,2,A,9.5,5.0,1.33,2024-02-03,championship
Stoke,Leicester,0,5,A,4.2,3.75,1.83,2024-02-03,championship
Swansea,Plymouth,0,1,A,2.0,3.6,3.6,2024-02-03,championship
Watford,Cardiff,0,1,A,1.83,3.6,4.33,2024-02-03,championship
West Brom,Birmingham,1,0,H,1.7,4.0,4.75,2024-02-03,championship
Valencia,Almeria,2,1,H,1.65,3.75,5.5,2024-02-03,la_liga
Granada,Las Palmas,1,1,D,2.3,3.2,3.3,2024-02-03,la_liga
Alaves,Barcelona,1,3,A,4.33,3.6,1.85,2024-02-03,la_liga
Girona,Sociedad,0,0,D,2.1,3.4,3.5,2024-02-03,la_liga
Bayern Munich,M'gladbach,3,1,H,1.14,9.5,13.0,2024-02-03,bundesliga
Bochum,Augsburg,1,1,D,2.15,3.4,3.4,2024-02-03,bundesliga
Darmstadt,Leverkusen,0,2,A,9.5,6.5,1.25,2024-02-03,bundesliga
Freiburg,Stuttgart,1,3,A,3.1,3.6,2.2,2024-02-03,bundesliga
Mainz,Werder Bremen,0,1,A,2.1,3.5,3.5,2024-02-03,bundesliga
FC Koln,Ein Frankfurt,2,0,H,3.25,3.4,2.2,2024-02-03,bundesliga
Empoli,Genoa,0,0,D,3.0,3.0,2.6,2024-02-03,serie_a
Udinese,Monza,0,0,D,2.25,3.3,3.3,2024-02-03,serie_a
Frosinone,Milan,2,3,A,5.0,4.2,1.62,2024-02-03,serie_a
Bologna,Sassuolo,4,2,H,1.7,3.75,5.0,2024-02-03,serie_a
Rennes,Montpellier,2,1,H,1.62,4.0,5.5,2024-02-03,ligue_1
Nantes,Lens,0,1,A,3.4,3.3,2.2,2024-02-03,ligue_1
Twente,Waalwijk,3,0,H,1.3,5.5,10.0,2024-02-03,eredivisie
For Sittard,Heerenveen,3,3,D,2.4,3.3,3.0,2024-02-03,eredivisie
Ajax,PSV Eindhoven,1,1,D,3.3,4.33,1.95,2024-02-03,eredivisie
Nijmegen,Heracles,3,1,H,1.73,4.0,4.75,2024-02-03,eredivisie
RWD Molenbeek,Standard,2,2,D,3.0,3.3,2.3,2024-02-03,pro_league
Kortrijk,Charleroi,1,0,H,3.2,3.5,2.1,2024-02-03,pro_league
Westerlo,Oud-Heverlee Leuven,0,3,A,2.0,3.6,3.4,2024-02-03,pro_league
Genk,St. Gilloise,0,1,A,2.8,3.4,2.38,2024-02-03,pro_league
Portimonense,Arouca,1,2,A,2.9,3.4,2.38,2024-02-03,primeira_liga
Porto,Rio Ave,0,0,D,1.22,6.5,11.0,2024-02-03,primeira_liga
Rizespor,Konyaspor,0,0,D,1.85,3.6,4.0,2024-02-03,super_lig
Buyuksehyr,Istanbulspor,2,0,H,1.53,4.33,5.5,2024-02-03,super_lig
Antalyaspor,Fenerbahce,0,2,A,5.75,4.0,1.55,2024-02-03,super_lig
Gaziantep,Kayserispor,1,1,D,2.15,3.5,3.25,2024-02-03,super_lig
Bristol City,Leeds,0,1,A,4.75,3.8,1.73,2024-02-02,championship
Ath Bilbao,Mallorca,4,0,H,1.53,3.9,7.0,2024-02-02,la_liga
Heidenheim,Dortmund,0,0,D,3.75,4.5,1.8,2024-02-02,bundesliga
Lecce,Fiorentina,3,2,H,3.75,3.2,2.1,2024-02-02,serie_a
Strasbourg,Paris SG,1,2,A,6.0,4.5,1.5,2024-02-02,ligue_1
Almere City,Excelsior,2,1,H,2.15,3.25,3.5,2024-02-02,eredivisie
Ankaragucu,Sivasspor,0,0,D,1.91,3.5,4.0,2024-02-02,super_lig
Hatayspor,Karagumruk,3,1,H,2.8,3.1,2.5,2024-02-02,super_lig
Samsunspor,Galatasaray,0,2,A,4.75,3.75,1.67,2024-02-02,super_lig
West Ham,Bournemouth,1,1,D,2.4,3.75,2.75,2024-02-01,premier_league
Wolves,Man United,3,4,A,2.63,3.6,2.55,2024-02-01,premier_league
Getafe,Real Madrid,0,2,A,6.0,4.2,1.55,2024-02-01,la_liga
Mechelen,Anderlecht,2,2,D,3.25,3.5,2.15,2024-02-01,pro_league
St Truiden,Gent,4,1,H,3.6,3.6,1.95,2024-02-01,pro_league
Liverpool,Chelsea,4,1,H,,,,2024-01-31,epl
Man City,Burnley,3,1,H,1.08,12.0,21.0,2024-01-31,premier_league
Tottenham,Brentford,3,2,H,1.67,4.2,4.75,2024-01-31,premier_league
Sheffield Weds,Watford,0,0,D,2.63,3.3,2.63,2024-01-31,championship
Barcelona,Osasuna,1,0,H,1.33,5.0,10.0,2024-01-31,la_liga
Ath Madrid,Vallecano,2,1,H,1.5,4.2,6.5,2024-01-31,la_liga
Charleroi,Eupen,1,0,H,1.62,4.0,5.0,2024-01-31,pro_league
Oud-Heverlee Leuven,Genk,2,1,H,4.5,4.0,1.67,2024-01-31,pro_league
St. Gilloise,RWD Molenbeek,3,2,H,1.2,7.0,12.0,2024-01-31,pro_league
Standard,Antwerp,0,1,A,4.0,3.6,1.85,2024-01-31,pro_league
Rio Ave,Estoril,1,1,D,2.2,3.6,3.1,2024-01-31,primeira_liga
Sp Braga,Chaves,1,1,D,1.25,6.5,10.0,2024-01-31,primeira_liga
Arsenal,Nottm Forest,5,0,H,,,,2024-01-30,epl
Nott'm Forest,Arsenal,1,2,A,7.5,5.0,1.4,2024-01-30,premier_league
Fulham,Everton,0,0,D,2.45,3.2,3.0,2024-01-30,premier_league
Luton,Brighton,4,0,H,4.2,4.2,1.75,2024-01-30,premier_league
Crystal Palace,Sheffield United,3,2,H,1.62,3.6,6.5,2024-01-30,premier_league
Aston Villa,Newcastle,1,3,A,1.85,4.0,3.8,2024-01-30,premier_league
Coventry,Bristol City,2,2,D,1.73,3.6,5.0,2024-01-30,championship
Leicester,Swansea,3,1,H,1.33,5.5,8.5,2024-01-30,championship
Club Brugge,Kortrijk,3,3,D,1.13,8.5,17.0,2024-01-30,pro_league
Westerlo,Cercle Brugge,4,2,H,4.0,3.75,1.8,2024-01-30,pro_league
Getafe,Granada,2,0,H,1.8,3.4,4.75,2024-01-29,la_liga
Salernitana,Roma,1,2,A,5.25,3.8,1.67,2024-01-29,serie_a
Estrela,Benfica,1,4,A,9.5,5.5,1.29,2024-01-29,primeira_liga
Sp Lisbon,Casa Pia,8,0,H,1.2,7.0,12.0,2024-01-29,primeira_liga
Istanbulspor,Samsunspor,1,1,D,3.4,3.5,2.1,2024-01-29,super_lig
Kayserispor,Antalyaspor,1,1,D,3.0,3.4,2.38,2024-01-29,super_lig
Galatasaray,Gaziantep,2,1,H,1.2,8.0,11.0,2024-01-29,super_lig
Trabzonspor,Kasimpasa,2,3,A,1.67,4.33,4.5,2024-01-29,super_lig
Hoffenheim,Bayer Leverkusen,2,3,A,,,,2024-01-28,bundesliga
Inter Milan,Lazio,2,0,H,,,,2024-01-28,serie_a
QPR,Huddersfield,1,1,D,2.05,3.4,3.8,2024-01-28,championship
Celta,Girona,0,1,A,2.8,3.4,2.5,2024-01-28,la_liga
Cadiz,Ath Bilbao,0,0,D,5.5,3.4,1.73,2024-01-28,la_liga
Sevilla,Osasuna,1,1,D,2.0,3.4,3.75,2024-01-28,la_liga
Ath Madrid,Valencia,2,0,H,1.45,4.33,7.0,2024-01-28,la_liga
Union Berlin,Darmstadt,1,0,H,1.62,3.8,5.75,2024-01-28,bundesliga
Dortmund,Bochum,3,1,H,1.36,5.5,7.5,2024-01-28,bundesliga
Genoa,Lecce,2,1,H,2.1,3.1,4.0,2024-01-28,serie_a
Monza,Sassuolo,1,0,H,2.25,3.4,3.2,2024-01-28,serie_a
Verona,Frosinone,1,1,D,2.45,3.3,2.9,2024-01-28,serie_a
Lazio,Napoli,0,0,D,2.25,3.3,3.3,2024-01-28,serie_a
Fiorentina,Inter,0,1,A,4.2,3.6,1.85,2024-01-28,serie_a
Montpellier,Lille,0,0,D,3.6,3.6,2.0,2024-01-28,ligue_1
Clermont,Strasbourg,1,1,D,2.75,3.2,2.63,2024-01-28,ligue_1
Lorient,Le Havre,3,3,D,2.9,3.1,2.63,2024-01-28,ligue_1
Reims,Nantes,0,0,D,1.8,3.75,4.33,2024-01-28,ligue_1
Toulouse,Lens,0,2,A,3.6,3.6,2.0,2024-01-28,ligue_1
Paris SG,Brest,2,2,D,1.36,5.5,7.5,2024-01-28,ligue_1
Heerenveen,AZ Alkmaar,2,2,D,3.3,3.75,2.05,2024-01-28,eredivisie
Feyenoord,Twente,0,0,D,1.4,4.75,7.0,2024-01-28,eredivisie
Go Ahead Eagles,Nijmegen,2,2,D,2.2,3.5,3.2,2024-01-28,eredivisie
Volendam,For Sittard,0,1,A,3.2,3.6,2.15,2024-01-28,eredivisie
St Truiden,Genk,1,1,D,3.75,3.5,1.95,2024-01-28,pro_league
Eupen,Antwerp,1,0,H,7.5,4.75,1.36,2024-01-28,pro_league
Anderlecht,St. Gilloise,2,2,D,3.1,3.5,2.1,2024-01-28,pro_league
Mechelen,RWD Molenbeek,3,1,H,1.67,3.75,5.0,2024-01-28,pro_league
Boavista,Portimonense,1,4,A,1.95,3.4,4.0,2024-01-28,primeira_liga
Moreirense,Famalicao,1,0,H,2.2,3.3,3.4,2024-01-28,primeira_liga
Farense,Porto,1,3,A,8.0,4.75,1.4,2024-01-28,primeira_liga
Arouca,Vizela,5,0,H,2.0,3.5,3.8,2024-01-28,primeira_liga
Gil Vicente,Guimaraes,1,0,H,3.4,3.4,2.15,2024-01-28,primeira_liga
Konyaspor,Buyuksehyr,2,3,A,2.45,3.3,2.9,2024-01-28,super_lig
Karagumruk,Rizespor,4,0,H,2.45,3.3,2.9,2024-01-28,super_lig
Sivasspor,Besiktas,1,0,H,3.8,3.6,1.95,2024-01-28,super_lig
Fenerbahce,Ankaragucu,2,1,H,1.2,6.5,15.0,2024-01-28,super_lig
Millwall,Preston,1,1,D,2.2,3.1,3.6,2024-01-27,championship
Sunderland,Stoke,3,1,H,2.0,3.5,3.8,2024-01-27,championship
Sociedad,Vallecano,0,0,D,1.67,3.75,5.5,2024-01-27,la_liga
Las Palmas,Real Madrid,1,2,A,6.5,4.75,1.45,2024-01-27,la_liga
Barcelona,Villarreal,3,5,A,1.36,5.5,8.0,2024-01-27,la_liga
Mallorca,Betis,0,1,A,2.3,3.2,3.2,2024-01-27,la_liga
Augsburg,Bayern Munich,2,3,A,8.5,5.75,1.3,2024-01-27,bundesliga
Hoffenheim,Heidenheim,1,1,D,1.67,4.5,4.33,2024-01-27,bundesliga
Stuttgart,RB Leipzig,5,2,H,2.63,3.8,2.4,2024-01-27,bundesliga
Werder Bremen,Freiburg,3,1,H,2.4,3.5,2.88,2024-01-27,bundesliga
Wolfsburg,FC Koln,1,1,D,1.83,3.75,4.2,2024-01-27,bundesliga
Leverkusen,M'gladbach,0,0,D,1.29,5.5,10.0,2024-01-27,bundesliga
Atalanta,Udinese,2,0,H,1.5,4.5,6.0,2024-01-27,serie_a
Juventus,Empoli,1,1,D,1.29,5.5,10.0,2024-01-27,serie_a
Milan,Bologna,2,2,D,1.67,3.75,5.25,2024-01-27,serie_a
Nice,Metz,1,0,H,1.4,4.5,9.0,2024-01-27,ligue_1
Marseille,Monaco,2,2,D,2.4,3.6,2.75,2024-01-27,ligue_1
PSV Eindhoven,Almere City,2,0,H,1.09,10.0,23.0,2024-01-27,eredivisie
Waalwijk,Sparta Rotterdam,1,1,D,2.4,3.75,2.7,2024-01-27,eredivisie
Excelsior,Utrecht,1,1,D,3.1,3.6,2.2,2024-01-27,eredivisie
Heracles,Ajax,2,4,A,6.0,5.0,1.45,2024-01-27,eredivisie
Kortrijk,Oud-Heverlee Leuven,0,0,D,2.75,3.5,2.38,2024-01-27,pro_league
Charleroi,Club Brugge,1,4,A,5.5,4.2,1.5,2024-01-27,pro_league
Gent,Westerlo,2,2,D,1.36,5.0,6.5,2024-01-27,pro_league
Alanyaspor,Pendikspor,1,1,D,1.83,3.75,4.2,2024-01-27,super_lig
Ad. Demirspor,Hatayspor,0,1,A,1.91,3.8,3.8,2024-01-27,super_lig
Almeria,Alaves,0,3,A,2.6,3.2,2.8,2024-01-26,la_liga
Ein Frankfurt,Mainz,1,0,H,2.15,3.4,3.5,2024-01-26,bundesliga
Cagliari,Torino,1,2,A,3.5,3.2,2.2,2024-01-26,serie_a
Lyon,Rennes,2,3,A,2.5,3.4,2.8,2024-01-26,ligue_1
Zwolle,Vitesse,1,0,H,1.95,3.6,3.75,2024-01-26,eredivisie
Cercle Brugge,Standard,1,1,D,1.53,4.2,5.75,2024-01-26,pro_league
Samsunspor,Kayserispor,2,0,H,2.0,3.5,3.4,2024-01-25,super_lig
Galatasaray,Istanbulspor,3,1,H,1.13,8.0,21.0,2024-01-25,super_lig
Rizespor,Trabzonspor,1,0,H,2.63,3.3,2.55,2024-01-25,super_lig
Leeds,Norwich,1,0,H,1.44,4.2,7.0,2024-01-24,championship
Bayern Munich,Union Berlin,1,0,H,1.18,7.0,17.0,2024-01-24,bundesliga
Almere City,For Sittard,0,0,D,2.38,3.5,2.9,2024-01-24,eredivisie
RWD Molenbeek,Eupen,0,1,A,1.91,3.5,4.0,2024-01-24,pro_league
Ankaragucu,Karagumruk,2,0,H,2.25,3.2,3.2,2024-01-24,super_lig
Gaziantep,Konyaspor,1,1,D,2.15,3.2,3.25,2024-01-24,super_lig
Antalyaspor,Sivasspor,2,1,H,1.7,3.5,5.0,2024-01-24,super_lig
Buyuksehyr,Fenerbahce,0,1,A,5.75,3.8,1.55,2024-01-24,super_lig
Hatayspor,Alanyaspor,1,1,D,2.3,3.25,3.0,2024-01-23,super_lig
Besiktas,Ad. Demirspor,0,0,D,1.75,3.8,4.0,2024-01-23,super_lig
Pendikspor,Kasimpasa,3,2,H,2.6,3.2,2.63,2024-01-23,super_lig
Brighton,Wolves,0,0,D,1.65,4.33,5.0,2024-01-22,premier_league
Leicester,Ipswich,1,1,D,1.91,3.6,4.0,2024-01-22,championship
Granada,Ath Madrid,0,1,A,4.75,3.8,1.7,2024-01-22,la_liga
Kayserispor,Istanbulspor,0,1,A,1.57,4.2,5.75,2024-01-22,super_lig
Sheffield United,West Ham,2,2,D,3.4,3.3,2.2,2024-01-21,premier_league
Bournemouth,Liverpool,0,4,A,4.2,4.5,1.7,2024-01-21,premier_league
Leeds,Preston,2,1,H,1.3,5.5,10.0,2024-01-21,championship
Osasuna,Getafe,3,2,H,2.15,3.0,4.0,2024-01-21,la_liga
Real Madrid,Almeria,3,2,H,1.13,10.0,17.0,2024-01-21,la_liga
Betis,Barcelona,2,4,A,4.33,3.8,1.8,2024-01-21,la_liga
Girona,Sevilla,5,1,H,1.73,4.0,4.5,2024-01-21,la_liga
Bayern Munich,Werder Bremen,0,1,A,1.09,11.0,21.0,2024-01-21,bundesliga
M'gladbach,Augsburg,1,2,A,1.91,3.8,3.8,2024-01-21,bundesliga
Frosinone,Cagliari,3,1,H,2.4,3.4,2.9,2024-01-21,serie_a
Empoli,Monza,3,0,H,2.8,3.3,2.55,2024-01-21,serie_a
Salernitana,Genoa,1,2,A,3.6,3.2,2.15,2024-01-21,serie_a
Lecce,Juventus,0,3,A,6.0,3.5,1.65,2024-01-21,serie_a
Utrecht,PSV Eindhoven,1,1,D,8.0,5.5,1.33,2024-01-21,eredivisie
Sparta Rotterdam,Go Ahead Eagles,0,2,A,2.2,3.6,3.1,2024-01-21,eredivisie
Vitesse,Feyenoord,1,2,A,11.0,7.0,1.22,2024-01-21,eredivisie
Ajax,Waalwijk,4,1,H,1.25,6.5,10.0,2024-01-21,eredivisie
Antwerp,Charleroi,4,1,H,1.73,3.75,4.75,2024-01-21,pro_league
St. Gilloise,St Truiden,2,1,H,1.33,5.25,8.5,2024-01-21,pro_league
Oud-Heverlee Leuven,Anderlecht,1,1,D,4.75,3.6,1.7,2024-01-21,pro_league
Portimonense,Gil Vicente,0,2,A,2.55,3.3,2.8,2024-01-21,primeira_liga
Chaves,Rio Ave,0,0,D,3.0,3.25,2.45,2024-01-21,primeira_liga
Guimaraes,Estrela,3,0,H,1.6,3.8,6.0,2024-01-21,primeira_liga
Sivasspor,Gaziantep,2,2,D,2.0,3.5,3.8,2024-01-21,super_lig
Fenerbahce,Samsunspor,1,1,D,1.22,6.5,12.0,2024-01-21,super_lig
Konyaspor,Antalyaspor,1,1,D,2.7,3.1,2.8,2024-01-21,super_lig
Trabzonspor,Galatasaray,1,5,A,3.75,3.75,1.91,2024-01-21,super_lig
Bayer Leverkusen,Koln,3,0,H,,,,2024-01-20,bundesliga
Arsenal,Crystal Palace,5,0,H,1.3,5.75,9.0,2024-01-20,premier_league
Brentford,Nott'm Forest,3,2,H,1.91,3.6,4.0,2024-01-20,premier_league
Swansea,Southampton,1,3,A,5.0,4.0,1.67,2024-01-20,championship
Blackburn,Huddersfield,1,1,D,1.75,4.0,4.33,2024-01-20,championship
Bristol City,Watford,1,1,D,2.45,3.25,3.0,2024-01-20,championship
Middlesbrough,Rotherham,1,1,D,1.3,5.5,9.5,2024-01-20,championship
Norwich,West Brom,2,0,H,2.75,3.4,2.55,2024-01-20,championship
Plymouth,Cardiff,3,1,H,2.25,3.5,3.1,2024-01-20,championship
QPR,Millwall,2,0,H,2.45,3.3,2.9,2024-01-20,championship
Sheffield Weds,Coventry,1,2,A,3.0,3.5,2.3,2024-01-20,championship
Stoke,Birmingham,1,2,A,1.91,3.6,4.0,2024-01-20,championship
Vallecano,Las Palmas,0,2,A,1.85,3.3,4.5,2024-01-20,la_liga
Villarreal,Mallorca,1,1,D,2.05,3.5,3.6,2024-01-20,la_liga
Valencia,Ath Bilbao,1,0,H,3.3,3.3,2.25,2024-01-20,la_liga
Celta,Sociedad,0,1,A,3.25,3.0,2.4,2024-01-20,la_liga
Bochum,Stuttgart,1,0,H,3.6,3.8,1.95,2024-01-20,bundesliga
Darmstadt,Ein Frankfurt,2,2,D,3.8,3.75,1.91,2024-01-20,bundesliga
FC Koln,Dortmund,0,4,A,4.5,4.0,1.73,2024-01-20,bundesliga
Freiburg,Hoffenheim,3,2,H,2.0,3.8,3.4,2024-01-20,bundesliga
Heidenheim,Wolfsburg,1,1,D,2.7,3.5,2.55,2024-01-20,bundesliga
RB Leipzig,Leverkusen,2,3,A,2.4,3.8,2.7,2024-01-20,bundesliga
Roma,Verona,2,1,H,1.44,4.2,8.5,2024-01-20,serie_a
Udinese,Milan,2,3,A,4.0,3.8,1.85,2024-01-20,serie_a
Nijmegen,Twente,1,0,H,4.33,3.75,1.8,2024-01-20,eredivisie
Heracles,Volendam,1,1,D,1.73,4.0,4.33,2024-01-20,eredivisie
AZ Alkmaar,Zwolle,2,2,D,1.33,6.0,7.5,2024-01-20,eredivisie
Genk,Cercle Brugge,1,1,D,1.8,3.75,4.33,2024-01-20,pro_league
Standard,Kortrijk,0,1,A,1.57,3.8,6.0,2024-01-20,pro_league
Club Brugge,Westerlo,3,0,H,1.29,5.25,10.0,2024-01-20,pro_league
Estoril,Arouca,1,2,A,2.4,3.4,2.88,2024-01-20,primeira_liga
Casa Pia,Farense,1,3,A,2.25,3.25,3.3,2024-01-20,primeira_liga
Porto,Moreirense,5,0,H,1.3,6.0,9.0,2024-01-20,primeira_liga
Kasimpasa,Hatayspor,3,0,H,1.95,3.75,3.75,2024-01-20,super_lig
Alanyaspor,Rizespor,2,1,H,2.4,3.3,3.0,2024-01-20,super_lig
Karagumruk,Buyuksehyr,1,1,D,2.25,3.4,3.2,2024-01-20,super_lig
Ad. Demirspor,Ankaragucu,1,1,D,2.1,3.5,3.5,2024-01-20,super_lig
Pendikspor,Besiktas,4,0,H,3.8,3.6,1.95,2024-01-20,super_lig
Sunderland,Hull,0,1,A,1.85,3.6,4.33,2024-01-19,championship
Alaves,Cadiz,1,0,H,1.7,3.5,5.75,2024-01-19,la_liga
Excelsior,Heerenveen,3,0,H,3.1,3.75,2.2,2024-01-19,eredivisie
Gent,Mechelen,1,2,A,1.55,4.0,5.75,2024-01-19,pro_league
Benfica,Boavista,2,0,H,1.14,8.5,19.0,2024-01-19,primeira_liga
Famalicao,Sp Braga,1,2,A,4.33,3.6,1.8,2024-01-18,primeira_liga
Vizela,Sp Lisbon,2,5,A,7.5,5.0,1.36,2024-01-18,primeira_liga
Juventus,Sassuolo,3,0,H,1.4,4.2,8.5,2024-01-16,serie_a
Atalanta,Frosinone,5,0,H,1.44,4.5,7.5,2024-01-15,serie_a
Guimaraes,Arouca,2,1,H,1.91,3.5,4.0,2024-01-15,primeira_liga
Galatasaray,Kayserispor,2,1,H,1.25,6.5,8.5,2024-01-15,super_lig
Lille,Monaco,1,0,H,,,,2024-01-14,ligue_1
Bayer Leverkusen,Augsburg,3,0,H,,,,2024-01-14,bundesliga
Roma,AC Milan,0,0,D,,,,2024-01-14,serie_a
Everton,Aston Villa,0,0,D,2.8,3.5,2.45,2024-01-14,premier_league
Man United,Tottenham,2,2,D,2.2,3.75,3.0,2024-01-14,premier_league
QPR,Watford,1,2,A,3.0,3.25,2.45,2024-01-14,championship
Almeria,Girona,0,0,D,4.5,4.0,1.7,2024-01-14,la_liga
Cadiz,Valencia,1,4,A,2.88,3.0,2.7,2024-01-14,la_liga
Bochum,Werder Bremen,1,1,D,2.15,3.6,3.1,2024-01-14,bundesliga
M'gladbach,Stuttgart,3,1,H,3.5,4.0,1.91,2024-01-14,bundesliga
Lazio,Lecce,1,0,H,1.65,3.6,5.75,2024-01-14,serie_a
Cagliari,Bologna,2,1,H,3.0,3.1,2.5,2024-01-14,serie_a
Fiorentina,Udinese,2,2,D,1.67,3.75,5.5,2024-01-14,serie_a
Milan,Roma,3,1,H,2.2,3.2,3.5,2024-01-14,serie_a
Lille,Lorient,3,0,H,1.4,5.0,7.0,2024-01-14,ligue_1
Brest,Montpellier,2,0,H,1.83,3.75,4.2,2024-01-14,ligue_1
Metz,Toulouse,0,1,A,2.9,3.2,2.45,2024-01-14,ligue_1
Nantes,Clermont,1,2,A,1.95,3.5,3.8,2024-01-14,ligue_1
Le Havre,Lyon,3,1,H,3.25,3.25,2.25,2024-01-14,ligue_1
Lens,Paris SG,0,2,A,3.6,4.0,1.85,2024-01-14,ligue_1
Volendam,Almere City,0,1,A,2.6,3.6,2.55,2024-01-14,eredivisie
Go Ahead Eagles,Ajax,2,3,A,3.75,4.0,1.85,2024-01-14,eredivisie
Vitesse,Utrecht,0,0,D,2.88,3.8,2.25,2024-01-14,eredivisie
Feyenoord,Nijmegen,2,2,D,1.17,7.5,17.0,2024-01-14,eredivisie
Gil Vicente,Estrela,1,1,D,2.1,3.3,3.5,2024-01-14,primeira_liga
Benfica,Rio Ave,4,1,H,1.2,7.0,12.0,2024-01-14,primeira_liga
Vizela,Boavista,1,4,A,2.25,3.1,3.4,2024-01-14,primeira_liga
Porto,Sp Braga,2,0,H,1.73,3.75,4.5,2024-01-14,primeira_liga
Istanbulspor,Konyaspor,0,0,D,3.4,3.5,2.05,2024-01-14,super_lig
Antalyaspor,Trabzonspor,1,1,D,2.88,3.3,2.4,2024-01-14,super_lig
Samsunspor,Sivasspor,2,0,H,2.2,3.4,3.3,2024-01-14,super_lig
Gaziantep,Fenerbahce,0,1,A,7.5,5.5,1.33,2024-01-14,super_lig
Le Havre,Monaco,1,2,A,,,,2024-01-13,ligue_1
Chelsea,Fulham,1,0,H,1.6,4.2,5.25,2024-01-13,premier_league
Newcastle,Man City,2,3,A,5.5,4.33,1.55,2024-01-13,premier_league
Coventry,Leicester,3,1,H,3.8,3.6,1.95,2024-01-13,championship
Birmingham,Swansea,2,2,D,2.25,3.5,3.1,2024-01-13,championship
Cardiff,Leeds,0,3,A,5.25,4.2,1.62,2024-01-13,championship
Huddersfield,Plymouth,1,1,D,2.5,3.6,2.63,2024-01-13,championship
Millwall,Middlesbrough,1,3,A,2.75,3.4,2.55,2024-01-13,championship
Preston,Bristol City,2,0,H,2.6,3.25,2.8,2024-01-13,championship
Rotherham,Stoke,0,1,A,4.0,3.6,1.91,2024-01-13,championship
Southampton,Sheffield Weds,4,0,H,1.4,4.75,7.0,2024-01-13,championship
West Brom,Blackburn,4,1,H,1.73,4.0,4.75,2024-01-13,championship
Ipswich,Sunderland,2,1,H,2.1,3.4,3.5,2024-01-13,championship
Las Palmas,Villarreal,3,0,H,2.5,3.3,2.8,2024-01-13,la_liga
Mallorca,Celta,1,1,D,2.5,3.1,3.0,2024-01-13,la_liga
Ath Bilbao,Sociedad,2,1,H,2.0,3.4,3.8,2024-01-13,la_liga
Betis,Granada,1,0,H,1.62,4.2,4.75,2024-01-13,la_liga
Augsburg,Leverkusen,0,1,A,5.25,4.75,1.5,2024-01-13,bundesliga
FC Koln,Heidenheim,1,1,D,2.05,3.6,3.4,2024-01-13,bundesliga
Freiburg,Union Berlin,0,0,D,2.05,3.6,3.5,2024-01-13,bundesliga
Mainz,Wolfsburg,1,1,D,2.2,3.4,3.25,2024-01-13,bundesliga
RB Leipzig,Ein Frankfurt,0,1,A,1.45,4.5,7.5,2024-01-13,bundesliga
Darmstadt,Dortmund,0,3,A,5.25,4.5,1.53,2024-01-13,bundesliga
Genoa,Torino,0,0,D,2.9,3.0,2.63,2024-01-13,serie_a
Napoli,Salernitana,2,1,H,1.33,5.0,8.5,2024-01-13,serie_a
Verona,Empoli,2,1,H,2.15,3.25,3.5,2024-01-13,serie_a
Monza,Inter,1,5,A,7.0,4.0,1.5,2024-01-13,serie_a
Monaco,Reims,1,3,A,1.7,4.0,4.5,2024-01-13,ligue_1
Rennes,Nice,2,0,H,2.38,3.25,3.1,2024-01-13,ligue_1
For Sittard,Sparta Rotterdam,0,2,A,2.38,3.2,3.1,2024-01-13,eredivisie
Twente,AZ Alkmaar,2,1,H,2.15,3.3,3.4,2024-01-13,eredivisie
Zwolle,Heerenveen,2,2,D,2.55,3.6,2.55,2024-01-13,eredivisie
PSV Eindhoven,Excelsior,3,1,H,1.07,12.0,21.0,2024-01-13,eredivisie
Casa Pia,Famalicao,0,2,A,2.45,3.0,3.0,2024-01-13,primeira_liga
Chaves,Sp Lisbon,0,3,A,9.0,6.0,1.25,2024-01-13,primeira_liga
Estoril,Moreirense,1,3,A,2.4,3.25,2.9,2024-01-13,primeira_liga
Ankaragucu,Kasimpasa,3,1,H,2.15,3.5,3.2,2024-01-13,super_lig
Hatayspor,Pendikspor,1,1,D,2.1,3.6,3.3,2024-01-13,super_lig
Buyuksehyr,Alanyaspor,3,2,H,1.91,3.5,4.0,2024-01-13,super_lig
Besiktas,Karagumruk,3,0,H,1.67,4.0,4.75,2024-01-13,super_lig
Rizespor,Ad. Demirspor,1,0,H,2.15,3.6,3.0,2024-01-13,super_lig
Burnley,Luton,1,1,D,2.0,3.6,3.6,2024-01-12,premier_league
Hull,Norwich,1,2,A,2.2,3.6,3.1,2024-01-12,championship
Sevilla,Alaves,2,3,A,1.91,3.4,4.2,2024-01-12,la_liga
Bayern Munich,Hoffenheim,3,0,H,1.14,9.0,12.0,2024-01-12,bundesliga
Marseille,Strasbourg,1,1,D,1.6,4.0,5.5,2024-01-12,ligue_1
Waalwijk,Heracles,1,2,A,1.85,3.5,4.33,2024-01-12,eredivisie
Portimonense,Farense,1,0,H,2.63,3.3,2.63,2024-01-12,primeira_liga
Sivasspor,Galatasaray,1,1,D,6.5,4.5,1.44,2024-01-11,super_lig
Trabzonspor,Samsunspor,2,1,H,1.67,3.75,4.75,2024-01-11,super_lig
Hatayspor,Gaziantep,0,0,D,2.0,3.5,3.5,2024-01-10,super_lig
Karagumruk,Kayserispor,4,1,H,2.05,3.4,3.4,2024-01-10,super_lig
Ad. Demirspor,Istanbulspor,2,2,D,1.3,5.25,8.0,2024-01-10,super_lig
Fenerbahce,Konyaspor,7,1,H,1.22,6.5,10.0,2024-01-10,super_lig
Alanyaspor,Ankaragucu,1,1,D,2.2,3.3,3.2,2024-01-09,super_lig
Pendikspor,Antalyaspor,0,1,A,2.8,3.4,2.38,2024-01-09,super_lig
Kasimpasa,Buyuksehyr,0,3,A,2.25,3.6,2.88,2024-01-09,super_lig
Rizespor,Besiktas,0,4,A,2.25,3.6,2.8,2024-01-09,super_lig
Moreirense,Casa Pia,1,4,A,1.91,3.5,4.0,2024-01-08,primeira_liga
Empoli,Milan,0,3,A,5.25,3.8,1.67,2024-01-07,serie_a
Torino,Napoli,3,0,H,2.9,3.2,2.5,2024-01-07,serie_a
Udinese,Lazio,1,2,A,3.5,3.2,2.2,2024-01-07,serie_a
Salernitana,Juventus,1,2,A,7.5,4.5,1.4,2024-01-07,serie_a
Roma,Atalanta,1,1,D,2.4,3.2,3.1,2024-01-07,serie_a
Rio Ave,Portimonense,2,0,H,1.8,3.6,4.33,2024-01-07,primeira_liga
Famalicao,Chaves,2,2,D,1.8,3.6,4.5,2024-01-07,primeira_liga
Kayserispor,Sivasspor,1,3,A,1.91,3.6,3.5,2024-01-07,super_lig
Istanbulspor,Fenerbahce,1,5,A,11.0,6.0,1.2,2024-01-07,super_lig
Galatasaray,Konyaspor,3,0,H,1.25,5.75,8.0,2024-01-07,super_lig
Inter,Verona,2,1,H,1.17,8.0,13.0,2024-01-06,serie_a
Frosinone,Monza,2,3,A,2.63,3.3,2.7,2024-01-06,serie_a
Lecce,Cagliari,1,1,D,2.2,3.25,3.4,2024-01-06,serie_a
Sassuolo,Fiorentina,1,0,H,3.25,3.5,2.15,2024-01-06,serie_a
Estrela,Vizela,1,1,D,2.5,3.3,2.7,2024-01-06,primeira_liga
Farense,Gil Vicente,1,0,H,2.15,3.4,3.3,2024-01-06,primeira_liga
Arouca,Benfica,0,3,A,6.0,4.75,1.5,2024-01-06,primeira_liga
Sp Braga,Guimaraes,1,1,D,1.6,4.2,5.0,2024-01-06,primeira_liga
Rizespor,Hatayspor,2,0,H,2.05,3.4,3.2,2024-01-06,super_lig
Buyuksehyr,Ad. Demirspor,0,0,D,1.91,3.6,3.4,2024-01-06,super_lig
Ankaragucu,Trabzonspor,0,1,A,3.1,3.4,2.1,2024-01-06,super_lig
Samsunspor,Karagumruk,1,0,H,2.0,3.3,3.4,2024-01-06,super_lig
Bologna,Genoa,1,1,D,2.05,3.0,4.33,2024-01-05,serie_a
Sp Lisbon,Estoril,5,1,H,1.25,5.75,11.0,2024-01-05,primeira_liga
Boavista,Porto,1,1,D,6.5,5.25,1.4,2024-01-05,primeira_liga
Gaziantep,Pendikspor,2,2,D,1.91,3.5,3.4,2024-01-05,super_lig
Antalyaspor,Alanyaspor,0,0,D,2.0,3.2,3.4,2024-01-05,super_lig
Besiktas,Kasimpasa,1,3,A,1.53,4.2,4.75,2024-01-05,super_lig
Osasuna,Almeria,1,0,H,1.7,4.0,4.75,2024-01-04,la_liga
Sevilla,Ath Bilbao,0,2,A,3.0,3.3,2.38,2024-01-04,la_liga
Las Palmas,Barcelona,1,2,A,5.5,4.33,1.57,2024-01-04,la_liga
Granada,Cadiz,2,0,H,2.25,3.1,3.5,2024-01-03,la_liga
Celta,Betis,2,1,H,2.4,3.3,3.0,2024-01-03,la_liga
Real Madrid,Mallorca,1,0,H,1.2,6.5,15.0,2024-01-03,la_liga
Girona,Ath Madrid,4,3,H,2.55,3.6,2.63,2024-01-03,la_liga
West Ham,Brighton,0,0,D,2.45,3.75,2.75,2024-01-02,premier_league
Getafe,Vallecano,0,2,A,2.38,3.0,3.3,2024-01-02,la_liga
Sociedad,Alaves,1,1,D,1.6,3.75,6.5,2024-01-02,la_liga
Valencia,Villarreal,3,1,H,2.05,3.5,3.6,2024-01-02,la_liga
Liverpool,Newcastle,4,2,H,1.45,4.5,7.0,2024-01-01,premier_league
Sunderland,Preston,2,0,H,1.57,4.0,5.75,2024-01-01,championship
Blackburn,Rotherham,2,2,D,1.5,4.5,6.0,2024-01-01,championship
Bristol City,Millwall,0,1,A,2.05,3.4,3.6,2024-01-01,championship
Leeds,Birmingham,3,0,H,1.25,6.5,9.5,2024-01-01,championship
Leicester,Huddersfield,4,1,H,1.2,7.0,12.0,2024-01-01,championship
Middlesbrough,Coventry,1,3,A,1.95,3.75,3.6,2024-01-01,championship
Norwich,Southampton,1,1,D,3.3,3.5,2.15,2024-01-01,championship
Plymouth,Watford,3,3,D,3.1,3.6,2.2,2024-01-01,championship
QPR,Cardiff,1,2,A,2.3,3.1,3.4,2024-01-01,championship
Stoke,Ipswich,0,0,D,2.9,3.3,2.4,2024-01-01,championship
Swansea,West Brom,1,0,H,3.4,3.25,2.2,2024-01-01,championship
Sheffield Weds,Hull,3,1,H,3.1,3.2,2.38,2024-01-01,championship
Fulham,Arsenal,2,1,H,5.25,4.5,1.55,2023-12-31,premier_league
Tottenham,Bournemouth,3,1,H,1.75,4.2,4.0,2023-12-31,premier_league
Luton,Chelsea,2,3,A,6.5,4.2,1.5,2023-12-30,premier_league
Aston Villa,Burnley,3,2,H,1.36,5.25,7.5,2023-12-30,premier_league
Crystal Palace,Brentford,3,1,H,2.2,3.3,3.4,2023-12-30,premier_league
Man City,Sheffield United,2,0,H,1.08,11.0,29.0,2023-12-30,premier_league
Wolves,Everton,3,0,H,2.63,3.3,2.7,2023-12-30,premier_league
Nott'm Forest,Man United,2,1,H,3.2,3.6,2.15,2023-12-30,premier_league
Atalanta,Lecce,1,0,H,1.4,4.6,8.0,2023-12-30,serie_a
Cagliari,Empoli,0,0,D,2.05,3.4,3.6,2023-12-30,serie_a
Udinese,Bologna,3,0,H,3.5,3.1,2.25,2023-12-30,serie_a
Milan,Sassuolo,1,0,H,1.45,4.75,6.5,2023-12-30,serie_a
Verona,Salernitana,0,1,A,1.91,3.4,4.2,2023-12-30,serie_a
Juventus,Roma,1,0,H,2.05,3.0,4.2,2023-12-30,serie_a
Estoril,Farense,4,0,H,1.95,3.8,3.5,2023-12-30,primeira_liga
Gil Vicente,Boavista,1,0,H,2.2,3.4,3.1,2023-12-30,primeira_liga
Casa Pia,Sp Braga,1,3,A,5.25,4.0,1.62,2023-12-30,primeira_liga
Portimonense,Sp Lisbon,1,2,A,8.5,5.5,1.33,2023-12-30,primeira_liga
Southampton,Plymouth,2,1,H,1.33,5.75,7.5,2023-12-29,championship
Birmingham,Bristol City,0,0,D,2.75,3.3,2.55,2023-12-29,championship
Cardiff,Leicester,0,2,A,5.75,4.0,1.62,2023-12-29,championship
Coventry,Swansea,2,2,D,1.75,3.8,4.33,2023-12-29,championship
Huddersfield,Middlesbrough,1,2,A,4.33,3.8,1.75,2023-12-29,championship
Hull,Blackburn,3,2,H,1.85,3.8,4.0,2023-12-29,championship
Ipswich,QPR,0,0,D,1.45,4.75,6.0,2023-12-29,championship
Millwall,Norwich,1,0,H,2.45,3.5,2.8,2023-12-29,championship
Preston,Sheffield Weds,0,1,A,2.38,3.0,3.4,2023-12-29,championship
Rotherham,Sunderland,1,1,D,6.5,4.2,1.53,2023-12-29,championship
Watford,Stoke,1,1,D,2.15,3.3,3.5,2023-12-29,championship
West Brom,Leeds,1,0,H,3.2,3.4,2.25,2023-12-29,championship
Fiorentina,Torino,1,0,H,2.1,3.2,3.6,2023-12-29,serie_a
Napoli,Monza,0,0,D,1.62,4.0,5.5,2023-12-29,serie_a
Genoa,Inter,1,1,D,5.5,3.8,1.65,2023-12-29,serie_a
Lazio,Frosinone,3,1,H,1.67,3.8,5.25,2023-12-29,serie_a
Benfica,Famalicao,3,0,H,1.29,5.5,10.0,2023-12-29,primeira_liga
Porto,Chaves,1,0,H,1.18,6.5,15.0,2023-12-29,primeira_liga
Brighton,Tottenham,4,2,H,2.5,3.6,2.6,2023-12-28,premier_league
Arsenal,West Ham,0,2,A,1.33,5.5,7.5,2023-12-28,premier_league
Estrela,Arouca,1,4,A,2.55,3.3,2.7,2023-12-28,primeira_liga
Brentford,Wolves,1,4,A,1.95,3.5,4.2,2023-12-27,premier_league
Chelsea,Crystal Palace,2,1,H,1.67,4.0,5.0,2023-12-27,premier_league
Everton,Man City,1,3,A,5.75,4.0,1.57,2023-12-27,premier_league
Standard,St Truiden,1,1,D,2.38,3.1,3.2,2023-12-27,pro_league
Anderlecht,Cercle Brugge,2,0,H,1.8,3.8,4.0,2023-12-27,pro_league
Charleroi,Mechelen,3,1,H,2.1,3.3,3.5,2023-12-27,pro_league
Manchester United,Aston Villa,2,0,H,,,,2023-12-26,epl
Newcastle,Nott'm Forest,1,3,A,1.5,4.33,5.75,2023-12-26,premier_league
Bournemouth,Fulham,3,0,H,2.15,3.6,3.2,2023-12-26,premier_league
Sheffield United,Luton,2,3,A,2.3,3.3,3.1,2023-12-26,premier_league
Burnley,Liverpool,0,2,A,6.5,5.25,1.4,2023-12-26,premier_league
Man United,Aston Villa,3,2,H,2.6,3.5,2.6,2023-12-26,premier_league
Preston,Leeds,2,1,H,5.75,4.2,1.57,2023-12-26,championship
Millwall,QPR,2,0,H,2.15,3.25,3.75,2023-12-26,championship
Cardiff,Plymouth,2,2,D,2.0,3.75,3.6,2023-12-26,championship
Coventry,Sheffield Weds,2,0,H,1.73,3.75,5.0,2023-12-26,championship
Huddersfield,Blackburn,3,0,H,3.2,3.6,2.15,2023-12-26,championship
Hull,Sunderland,0,1,A,2.5,3.3,2.9,2023-12-26,championship
Rotherham,Middlesbrough,1,0,H,5.75,4.0,1.6,2023-12-26,championship
Southampton,Swansea,5,0,H,1.4,5.0,7.5,2023-12-26,championship
Watford,Bristol City,1,4,A,1.95,3.4,4.2,2023-12-26,championship
West Brom,Norwich,1,0,H,1.8,3.8,4.0,2023-12-26,championship
Birmingham,Stoke,1,3,A,2.6,3.3,2.75,2023-12-26,championship
Ipswich,Leicester,1,1,D,3.1,3.5,2.25,2023-12-26,championship
Genk,Antwerp,3,0,H,2.1,3.5,3.4,2023-12-26,pro_league
Kortrijk,Gent,0,2,A,7.5,5.0,1.36,2023-12-26,pro_league
Oud-Heverlee Leuven,Eupen,3,0,H,1.8,4.0,3.8,2023-12-26,pro_league
Westerlo,RWD Molenbeek,3,0,H,1.85,3.6,4.0,2023-12-26,pro_league
Club Brugge,St. Gilloise,1,1,D,2.3,3.25,3.2,2023-12-26,pro_league
Alanyaspor,Samsunspor,3,1,H,2.15,3.4,3.1,2023-12-25,super_lig
Kasimpasa,Rizespor,2,2,D,2.0,3.5,3.25,2023-12-25,super_lig
Hatayspor,Besiktas,1,2,A,3.25,3.5,2.0,2023-12-25,super_lig
Pendikspor,Ankaragucu,1,1,D,2.75,3.4,2.3,2023-12-25,super_lig
Wolves,Chelsea,2,1,H,3.75,3.75,1.91,2023-12-24,premier_league
Konyaspor,Kayserispor,2,0,H,2.38,3.3,2.75,2023-12-24,super_lig
Ad. Demirspor,Antalyaspor,2,1,H,2.05,3.6,3.1,2023-12-24,super_lig
Fenerbahce,Galatasaray,0,0,D,2.1,3.6,3.0,2023-12-24,super_lig
Liverpool,Arsenal,1,1,D,,,,2023-12-23,epl
West Ham,Man United,2,0,H,2.6,3.6,2.6,2023-12-23,premier_league
Fulham,Burnley,0,2,A,1.67,3.75,5.25,2023-12-23,premier_league
Luton,Newcastle,1,0,H,4.75,4.2,1.65,2023-12-23,premier_league
Nott'm Forest,Bournemouth,2,3,A,2.75,3.4,2.55,2023-12-23,premier_league
Tottenham,Everton,2,1,H,1.75,4.2,4.0,2023-12-23,premier_league
Leeds,Ipswich,4,0,H,1.8,4.0,4.0,2023-12-23,championship
Blackburn,Watford,1,2,A,2.25,3.4,3.2,2023-12-23,championship
Leicester,Rotherham,3,0,H,1.17,8.0,15.0,2023-12-23,championship
Middlesbrough,West Brom,1,0,H,2.25,3.25,3.3,2023-12-23,championship
Norwich,Huddersfield,2,0,H,1.57,4.0,6.0,2023-12-23,championship
Plymouth,Birmingham,3,3,D,2.15,3.6,3.2,2023-12-23,championship
QPR,Southampton,0,1,A,5.25,3.6,1.73,2023-12-23,championship
Sheffield Weds,Cardiff,1,2,A,2.1,3.4,3.6,2023-12-23,championship
Stoke,Millwall,0,0,D,2.05,3.6,3.4,2023-12-23,championship
Sunderland,Coventry,0,3,A,2.05,3.5,3.6,2023-12-23,championship
Ath Madrid,Sevilla,1,0,H,1.53,4.33,5.75,2023-12-23,la_liga
Frosinone,Juventus,1,2,A,6.0,3.75,1.62,2023-12-23,serie_a
Bologna,Atalanta,1,0,H,2.7,3.2,2.75,2023-12-23,serie_a
Torino,Udinese,1,1,D,1.75,3.5,5.0,2023-12-23,serie_a
Inter,Lecce,2,0,H,1.22,7.0,11.0,2023-12-23,serie_a
Verona,Cagliari,2,0,H,2.38,3.25,3.1,2023-12-23,serie_a
Roma,Napoli,2,0,H,3.0,3.1,2.5,2023-12-23,serie_a
Eupen,St. Gilloise,1,2,A,11.0,5.75,1.25,2023-12-23,pro_league
Antwerp,Westerlo,2,2,D,1.33,5.25,8.0,2023-12-23,pro_league
St Truiden,Charleroi,1,0,H,2.15,3.4,3.3,2023-12-23,pro_league
Anderlecht,Genk,2,1,H,2.25,3.5,3.1,2023-12-23,pro_league
Guimaraes,Rio Ave,1,0,H,1.67,3.75,4.75,2023-12-23,primeira_liga
Vizela,Moreirense,0,0,D,2.75,3.25,2.6,2023-12-23,primeira_liga
Sivasspor,Istanbulspor,1,0,H,1.65,3.8,4.5,2023-12-23,super_lig
Karagumruk,Gaziantep,0,3,A,1.91,3.5,3.6,2023-12-23,super_lig
Trabzonspor,Buyuksehyr,1,1,D,1.65,3.75,4.5,2023-12-23,super_lig
Aston Villa,Sheffield United,1,1,D,1.22,6.5,12.0,2023-12-22,premier_league
Bristol City,Hull,3,2,H,2.7,3.3,2.63,2023-12-22,championship
Swansea,Preston,2,1,H,2.05,3.5,3.5,2023-12-22,championship
Empoli,Lazio,0,2,A,4.2,3.4,1.91,2023-12-22,serie_a
Sassuolo,Genoa,1,2,A,2.25,3.3,3.25,2023-12-22,serie_a
Monza,Fiorentina,0,1,A,2.88,3.2,2.55,2023-12-22,serie_a
Salernitana,Milan,2,2,D,8.0,4.5,1.44,2023-12-22,serie_a
RWD Molenbeek,Club Brugge,1,6,A,7.5,5.0,1.36,2023-12-22,pro_league
Crystal Palace,Brighton,1,1,D,3.3,3.3,2.15,2023-12-21,premier_league
Betis,Girona,1,1,D,2.8,3.5,2.38,2023-12-21,la_liga
Cadiz,Sociedad,0,0,D,4.75,3.1,1.75,2023-12-21,la_liga
Alaves,Real Madrid,0,1,A,5.75,4.0,1.53,2023-12-21,la_liga
Mallorca,Osasuna,3,2,H,2.3,2.9,3.3,2023-12-21,la_liga
Gent,Oud-Heverlee Leuven,4,0,H,1.3,5.5,9.0,2023-12-21,pro_league
Rizespor,Pendikspor,5,1,H,1.91,3.5,3.3,2023-12-21,super_lig
Samsunspor,Konyaspor,1,1,D,2.0,3.4,3.1,2023-12-21,super_lig
Ankaragucu,Hatayspor,0,0,D,1.91,3.75,3.1,2023-12-21,super_lig
Besiktas,Alanyaspor,1,3,A,1.44,4.2,5.5,2023-12-21,super_lig
PSG,Brest,3,2,H,,,,2023-12-20,ligue_1
Barcelona,Almeria,3,2,H,1.14,8.5,15.0,2023-12-20,la_liga
Ath Bilbao,Las Palmas,1,0,H,1.36,5.0,7.0,2023-12-20,la_liga
Villarreal,Celta,3,2,H,2.4,3.6,2.88,2023-12-20,la_liga
Union Berlin,FC Koln,2,0,H,1.95,3.6,3.8,2023-12-20,bundesliga
Ein Frankfurt,M'gladbach,2,1,H,1.83,4.0,3.8,2023-12-20,bundesliga
Heidenheim,Freiburg,3,2,H,2.8,3.6,2.38,2023-12-20,bundesliga
Leverkusen,Bochum,4,0,H,1.17,8.0,15.0,2023-12-20,bundesliga
Stuttgart,Augsburg,3,0,H,1.36,5.25,7.5,2023-12-20,bundesliga
Wolfsburg,Bayern Munich,1,2,A,6.5,5.75,1.36,2023-12-20,bundesliga
Brest,Lorient,4,0,H,1.6,3.8,5.75,2023-12-20,ligue_1
Clermont,Rennes,1,3,A,3.3,3.4,2.2,2023-12-20,ligue_1
Lyon,Nantes,1,0,H,1.67,4.33,4.5,2023-12-20,ligue_1
Montpellier,Marseille,1,1,D,3.4,3.6,2.05,2023-12-20,ligue_1
Nice,Lens,2,0,H,2.3,3.2,3.3,2023-12-20,ligue_1
Paris SG,Metz,3,1,H,1.14,8.0,17.0,2023-12-20,ligue_1
Reims,Le Havre,1,0,H,1.7,4.0,4.75,2023-12-20,ligue_1
Strasbourg,Lille,2,1,H,4.0,3.4,1.95,2023-12-20,ligue_1
Toulouse,Monaco,1,2,A,4.33,3.75,1.8,2023-12-20,ligue_1
Cercle Brugge,Kortrijk,3,0,H,1.36,5.0,8.0,2023-12-20,pro_league
Mechelen,Standard,3,0,H,2.45,3.3,2.8,2023-12-20,pro_league
Kayserispor,Fenerbahce,3,4,A,5.5,4.2,1.44,2023-12-20,super_lig
Antalyaspor,Kasimpasa,0,0,D,1.73,3.5,4.0,2023-12-20,super_lig
Galatasaray,Karagumruk,1,0,H,1.22,5.5,9.0,2023-12-20,super_lig
Vallecano,Valencia,0,1,A,2.2,3.2,3.5,2023-12-19,la_liga
Ath Madrid,Getafe,3,3,D,1.45,4.33,7.5,2023-12-19,la_liga
Granada,Sevilla,0,3,A,2.8,3.4,2.5,2023-12-19,la_liga
Werder Bremen,RB Leipzig,1,1,D,5.0,4.5,1.57,2023-12-19,bundesliga
Dortmund,Mainz,1,1,D,1.55,4.75,5.25,2023-12-19,bundesliga
Hoffenheim,Darmstadt,3,3,D,1.44,5.0,6.5,2023-12-19,bundesliga
Buyuksehyr,Sivasspor,3,1,H,2.2,3.5,3.1,2023-12-19,super_lig
Gaziantep,Ad. Demirspor,2,2,D,2.7,3.6,2.45,2023-12-19,super_lig
Istanbulspor,Trabzonspor,0,3,A,5.75,4.2,1.53,2023-12-19,super_lig
Birmingham,Leicester,2,3,A,6.0,3.8,1.6,2023-12-18,championship
Girona,Alaves,3,0,H,1.53,4.0,6.5,2023-12-18,la_liga
Atalanta,Salernitana,4,1,H,1.3,5.5,10.0,2023-12-18,serie_a
Sp Lisbon,Porto,2,0,H,2.15,3.3,3.3,2023-12-18,primeira_liga
Arsenal,Brighton,3,0,H,,,,2023-12-17,epl
Liverpool,Manchester United,2,0,H,,,,2023-12-17,epl
Lazio,Inter Milan,1,2,A,,,,2023-12-17,serie_a
Brentford,Aston Villa,1,2,A,3.2,3.75,2.1,2023-12-17,premier_league
West Ham,Wolves,3,0,H,2.15,3.5,3.3,2023-12-17,premier_league
Liverpool,Man United,0,0,D,1.3,6.0,8.0,2023-12-17,premier_league
West Brom,Stoke,1,1,D,1.75,3.8,4.5,2023-12-17,championship
Almeria,Mallorca,0,0,D,2.7,3.2,2.7,2023-12-17,la_liga
Sociedad,Betis,0,0,D,1.7,4.0,5.0,2023-12-17,la_liga
Las Palmas,Cadiz,1,1,D,1.91,3.3,4.33,2023-12-17,la_liga
Real Madrid,Villarreal,4,1,H,1.29,6.0,9.0,2023-12-17,la_liga
Freiburg,FC Koln,2,0,H,1.8,3.8,4.2,2023-12-17,bundesliga
Leverkusen,Ein Frankfurt,3,0,H,1.36,5.0,8.5,2023-12-17,bundesliga
Bayern Munich,Stuttgart,3,0,H,1.45,5.25,5.5,2023-12-17,bundesliga
Milan,Monza,3,0,H,1.62,4.33,5.0,2023-12-17,serie_a
Fiorentina,Verona,1,0,H,1.4,5.0,7.0,2023-12-17,serie_a
Udinese,Sassuolo,2,2,D,2.25,3.5,3.1,2023-12-17,serie_a
Bologna,Roma,2,0,H,2.38,3.0,3.25,2023-12-17,serie_a
Lazio,Inter,0,2,A,4.75,3.8,1.73,2023-12-17,serie_a
Nantes,Brest,0,2,A,2.63,3.2,2.8,2023-12-17,ligue_1
Lorient,Strasbourg,1,2,A,2.55,3.2,2.88,2023-12-17,ligue_1
Metz,Montpellier,0,1,A,3.25,3.3,2.25,2023-12-17,ligue_1
Toulouse,Rennes,0,0,D,3.2,3.5,2.2,2023-12-17,ligue_1
Marseille,Clermont,2,1,H,1.4,5.0,7.0,2023-12-17,ligue_1
Lille,Paris SG,1,1,D,3.8,4.0,1.83,2023-12-17,ligue_1
Almere City,Vitesse,5,0,H,2.3,3.5,3.0,2023-12-17,eredivisie
Heracles,Feyenoord,0,4,A,11.0,7.0,1.22,2023-12-17,eredivisie
Sparta Rotterdam,Twente,2,2,D,4.33,3.6,1.83,2023-12-17,eredivisie
Ajax,Zwolle,2,2,D,1.29,6.5,8.0,2023-12-17,eredivisie
AZ Alkmaar,PSV Eindhoven,0,4,A,4.2,3.75,1.83,2023-12-17,eredivisie
Club Brugge,Gent,2,0,H,1.67,4.0,4.75,2023-12-17,pro_league
St. Gilloise,Mechelen,1,0,H,1.33,5.0,9.0,2023-12-17,pro_league
Antwerp,Anderlecht,1,1,D,1.91,3.5,3.8,2023-12-17,pro_league
Genk,Kortrijk,4,0,H,1.22,6.5,10.0,2023-12-17,pro_league
Chaves,Casa Pia,1,3,A,2.7,3.1,2.63,2023-12-17,primeira_liga
Moreirense,Portimonense,5,2,H,1.7,3.6,5.0,2023-12-17,primeira_liga
Famalicao,Estoril,1,1,D,2.2,3.25,3.3,2023-12-17,primeira_liga
Sp Braga,Benfica,0,1,A,3.0,3.3,2.3,2023-12-17,primeira_liga
Barcelona,Valencia,1,0,H,,,,2023-12-16,la_liga
Bayer Leverkusen,Freiburg,3,0,H,,,,2023-12-16,bundesliga
Bayern Munich,Wolfsburg,6,0,H,,,,2023-12-16,bundesliga
Eintracht Frankfurt,RB Leipzig,0,0,D,,,,2023-12-16,bundesliga
Freiburg,Bayer Leverkusen,0,3,A,,,,2023-12-16,bundesliga
Hellas Verona,Inter Milan,0,2,A,,,,2023-12-16,serie_a
PSG,Nice,2,1,H,,,,2023-12-16,ligue_1
Chelsea,Sheffield United,2,0,H,1.22,6.5,13.0,2023-12-16,premier_league
Man City,Crystal Palace,2,2,D,1.18,8.0,13.0,2023-12-16,premier_league
Newcastle,Fulham,3,0,H,1.8,3.8,4.0,2023-12-16,premier_league
Burnley,Everton,0,2,A,3.6,3.4,2.1,2023-12-16,premier_league
Ipswich,Norwich,2,2,D,1.6,4.0,6.0,2023-12-16,championship
Bristol City,Sunderland,1,0,H,3.1,3.6,2.25,2023-12-16,championship
Hull,Cardiff,3,0,H,1.83,3.5,4.5,2023-12-16,championship
Leeds,Coventry,1,1,D,1.55,4.2,6.0,2023-12-16,championship
Millwall,Huddersfield,1,1,D,1.91,3.6,4.0,2023-12-16,championship
Plymouth,Rotherham,3,2,H,1.67,3.8,5.25,2023-12-16,championship
Preston,Watford,1,5,A,2.8,3.3,2.55,2023-12-16,championship
Sheffield Weds,QPR,2,1,H,2.25,3.25,3.3,2023-12-16,championship
Southampton,Blackburn,4,0,H,1.65,4.0,5.0,2023-12-16,championship
Swansea,Middlesbrough,1,2,A,3.2,3.5,2.2,2023-12-16,championship
Celta,Granada,1,0,H,1.67,4.0,5.0,2023-12-16,la_liga
Ath Bilbao,Ath Madrid,2,0,H,2.45,3.3,2.9,2023-12-16,la_liga
Sevilla,Getafe,0,3,A,1.95,3.4,4.2,2023-12-16,la_liga
Valencia,Barcelona,1,1,D,5.0,3.8,1.67,2023-12-16,la_liga
Augsburg,Dortmund,1,1,D,3.5,4.2,1.91,2023-12-16,bundesliga
Bochum,Union Berlin,3,0,H,2.7,3.4,2.6,2023-12-16,bundesliga
Darmstadt,Wolfsburg,0,1,A,3.1,3.6,2.2,2023-12-16,bundesliga
Mainz,Heidenheim,0,1,A,1.67,4.2,4.75,2023-12-16,bundesliga
RB Leipzig,Hoffenheim,3,1,H,1.45,5.0,6.0,2023-12-16,bundesliga
Lecce,Frosinone,2,1,H,2.15,3.3,3.5,2023-12-16,serie_a
Napoli,Cagliari,2,1,H,1.33,5.0,9.5,2023-12-16,serie_a
Torino,Empoli,1,0,H,1.6,3.8,6.0,2023-12-16,serie_a
Le Havre,Nice,3,1,H,4.5,3.3,1.91,2023-12-16,ligue_1
Lens,Reims,2,0,H,1.83,3.75,4.2,2023-12-16,ligue_1
Utrecht,Waalwijk,1,1,D,1.62,4.0,5.25,2023-12-16,eredivisie
Excelsior,Go Ahead Eagles,1,1,D,2.9,3.75,2.25,2023-12-16,eredivisie
Heerenveen,Volendam,1,2,A,1.36,4.75,8.5,2023-12-16,eredivisie
Oud-Heverlee Leuven,Cercle Brugge,1,2,A,4.0,4.0,1.8,2023-12-16,pro_league
RWD Molenbeek,St Truiden,3,0,H,3.4,3.4,2.15,2023-12-16,pro_league
Standard,Charleroi,0,0,D,2.1,3.4,3.5,2023-12-16,pro_league
Rio Ave,Vizela,1,1,D,2.15,3.2,3.4,2023-12-16,primeira_liga
Arouca,Gil Vicente,3,0,H,1.95,3.3,4.0,2023-12-16,primeira_liga
Boavista,Guimaraes,1,1,D,3.8,3.5,1.95,2023-12-16,primeira_liga
Nott'm Forest,Tottenham,0,2,A,4.2,4.2,1.73,2023-12-15,premier_league
Osasuna,Vallecano,1,0,H,2.2,3.2,3.5,2023-12-15,la_liga
M'gladbach,Werder Bremen,2,2,D,2.0,4.0,3.3,2023-12-15,bundesliga
Genoa,Juventus,1,1,D,4.75,3.2,1.91,2023-12-15,serie_a
Monaco,Lyon,0,1,A,1.7,4.2,4.33,2023-12-15,ligue_1
Nijmegen,For Sittard,4,1,H,1.91,3.6,3.8,2023-12-15,eredivisie
Westerlo,Eupen,2,0,H,1.73,3.8,4.33,2023-12-15,pro_league
Farense,Estrela,0,0,D,2.15,3.4,3.3,2023-12-15,primeira_liga
Lorient,PSG,1,4,A,,,,2023-12-13,ligue_1
Manchester City,Young Boys,6,0,H,,,,2023-12-13,champions_league
Cardiff,Birmingham,0,1,A,1.85,3.8,4.0,2023-12-13,championship
Coventry,Southampton,1,1,D,2.75,3.4,2.55,2023-12-13,championship
Leicester,Millwall,3,2,H,1.36,5.0,8.5,2023-12-13,championship
Norwich,Sheffield Weds,3,1,H,1.91,3.6,4.0,2023-12-13,championship
QPR,Plymouth,0,0,D,2.0,3.75,3.6,2023-12-13,championship
Middlesbrough,Hull,1,2,A,1.83,3.8,4.0,2023-12-13,championship
Atletico Madrid,Feyenoord,3,2,H,,,,2023-12-12,champions_league
Bayern Munich,FC Copenhagen,2,1,H,,,,2023-12-12,champions_league
Inter Milan,Real Sociedad,2,0,H,,,,2023-12-12,champions_league
Lazio,Feyenoord,1,0,H,,,,2023-12-12,champions_league
Blackburn,Bristol City,2,1,H,1.91,3.75,3.8,2023-12-12,championship
Huddersfield,Preston,1,3,A,2.63,3.1,2.88,2023-12-12,championship
Rotherham,West Brom,0,2,A,5.25,3.8,1.7,2023-12-12,championship
Stoke,Swansea,1,1,D,2.05,3.5,3.6,2023-12-12,championship
Watford,Ipswich,1,2,A,2.9,3.4,2.45,2023-12-12,championship
Sunderland,Leeds,1,0,H,2.8,3.6,2.4,2023-12-12,championship
Granada,Ath Bilbao,1,1,D,5.0,4.0,1.67,2023-12-11,la_liga
Vallecano,Celta,0,0,D,2.45,3.1,3.1,2023-12-11,la_liga
Empoli,Lecce,1,1,D,2.55,3.2,3.0,2023-12-11,serie_a
Cagliari,Sassuolo,2,1,H,2.3,3.5,3.0,2023-12-11,serie_a
Gil Vicente,Moreirense,1,1,D,2.88,3.25,2.45,2023-12-11,primeira_liga
Ankaragucu,Rizespor,1,1,D,2.05,3.5,3.5,2023-12-11,super_lig
Konyaspor,Sivasspor,0,1,A,2.15,3.5,3.2,2023-12-11,super_lig
Girona,Real Madrid,3,2,H,,,,2023-12-10,la_liga
Girona,Real Madrid,3,2,H,,,,2023-12-10,la_liga
Everton,Chelsea,2,0,H,3.1,3.5,2.25,2023-12-10,premier_league
Fulham,West Ham,5,0,H,2.38,3.5,2.9,2023-12-10,premier_league
Luton,Man City,1,2,A,17.0,8.0,1.14,2023-12-10,premier_league
Tottenham,Newcastle,4,1,H,2.15,3.8,3.1,2023-12-10,premier_league
Ath Madrid,Almeria,2,1,H,1.22,6.5,12.0,2023-12-10,la_liga
Cadiz,Osasuna,1,1,D,2.9,3.1,2.55,2023-12-10,la_liga
Barcelona,Girona,2,4,A,1.53,5.0,5.5,2023-12-10,la_liga
Stuttgart,Leverkusen,1,1,D,2.9,3.6,2.3,2023-12-10,bundesliga
FC Koln,Mainz,0,0,D,2.3,3.5,3.0,2023-12-10,bundesliga
Frosinone,Torino,0,0,D,3.4,3.2,2.25,2023-12-10,serie_a
Monza,Genoa,1,0,H,2.15,3.1,3.75,2023-12-10,serie_a
Salernitana,Bologna,1,2,A,3.75,3.3,2.05,2023-12-10,serie_a
Roma,Fiorentina,1,1,D,2.1,3.3,3.5,2023-12-10,serie_a
Nice,Reims,2,1,H,1.85,3.5,4.33,2023-12-10,ligue_1
Clermont,Lille,0,0,D,5.25,3.5,1.73,2023-12-10,ligue_1
Metz,Brest,0,1,A,3.5,3.2,2.2,2023-12-10,ligue_1
Strasbourg,Le Havre,2,1,H,2.15,3.2,3.75,2023-12-10,ligue_1
Lyon,Toulouse,3,0,H,2.0,3.5,3.8,2023-12-10,ligue_1
Lorient,Marseille,2,4,A,4.75,3.6,1.8,2023-12-10,ligue_1
Go Ahead Eagles,Utrecht,0,2,A,2.15,3.4,3.4,2023-12-10,eredivisie
For Sittard,Waalwijk,1,0,H,1.91,3.6,4.0,2023-12-10,eredivisie
Vitesse,Heracles,2,0,H,1.95,3.6,3.8,2023-12-10,eredivisie
Mechelen,Club Brugge,0,0,D,4.75,4.33,1.62,2023-12-10,pro_league
Eupen,Genk,1,3,A,6.5,5.25,1.4,2023-12-10,pro_league
Anderlecht,Standard,2,2,D,1.57,4.0,5.5,2023-12-10,pro_league
Charleroi,St. Gilloise,1,3,A,5.0,4.0,1.62,2023-12-10,pro_league
Estrela,Boavista,3,1,H,2.3,3.4,3.0,2023-12-10,primeira_liga
Arouca,Rio Ave,2,2,D,2.15,3.2,3.5,2023-12-10,primeira_liga
Estoril,Chaves,4,0,H,1.95,3.6,3.75,2023-12-10,primeira_liga
Istanbulspor,Alanyaspor,0,1,A,2.63,3.4,2.55,2023-12-10,super_lig
Buyuksehyr,Hatayspor,1,0,H,1.91,3.5,4.0,2023-12-10,super_lig
Kayserispor,Pendikspor,2,0,H,1.85,3.6,4.0,2023-12-10,super_lig
Gaziantep,Trabzonspor,1,3,A,3.1,3.1,2.38,2023-12-10,super_lig
Metz,Marseille,0,2,A,,,,2023-12-09,ligue_1
RB Leipzig,Bayer Leverkusen,1,2,A,,,,2023-12-09,bundesliga
RB Leipzig,Bayer Leverkusen,1,2,A,,,,2023-12-09,bundesliga
Aston Villa,Arsenal,1,0,H,,,,2023-12-09,epl
Metz,PSG,2,5,A,,,,2023-12-09,ligue_1
Crystal Palace,Liverpool,1,2,A,6.0,4.5,1.5,2023-12-09,premier_league
Brighton,Burnley,1,1,D,1.5,4.75,6.0,2023-12-09,premier_league
Man United,Bournemouth,0,3,A,1.55,4.33,5.75,2023-12-09,premier_league
Sheffield United,Brentford,1,0,H,4.2,3.8,1.75,2023-12-09,premier_league
Wolves,Nott'm Forest,1,1,D,1.85,3.6,4.33,2023-12-09,premier_league
Blackburn,Leeds,0,2,A,4.0,4.33,1.75,2023-12-09,championship
Sunderland,West Brom,2,1,H,2.25,3.25,3.2,2023-12-09,championship
Cardiff,Millwall,1,0,H,2.1,3.2,3.8,2023-12-09,championship
Huddersfield,Bristol City,1,1,D,3.2,3.1,2.38,2023-12-09,championship
Leicester,Plymouth,4,0,H,1.29,5.5,10.0,2023-12-09,championship
Middlesbrough,Ipswich,0,2,A,2.3,3.7,2.9,2023-12-09,championship
Norwich,Preston,0,0,D,1.91,3.6,4.0,2023-12-09,championship
QPR,Hull,2,0,H,3.2,3.25,2.3,2023-12-09,championship
Rotherham,Swansea,1,2,A,3.3,3.4,2.15,2023-12-09,championship
Stoke,Sheffield Weds,0,1,A,2.0,3.25,4.0,2023-12-09,championship
Watford,Southampton,1,1,D,3.25,3.4,2.2,2023-12-09,championship
Alaves,Las Palmas,0,1,A,2.1,3.0,4.2,2023-12-09,la_liga
Betis,Real Madrid,1,1,D,4.2,3.8,1.8,2023-12-09,la_liga
Villarreal,Sociedad,0,3,A,3.4,3.4,2.1,2023-12-09,la_liga
Mallorca,Sevilla,1,0,H,2.75,3.1,2.75,2023-12-09,la_liga
Ein Frankfurt,Bayern Munich,5,1,H,9.0,5.5,1.3,2023-12-09,bundesliga
Heidenheim,Darmstadt,3,2,H,2.05,3.5,3.5,2023-12-09,bundesliga
Union Berlin,M'gladbach,3,1,H,2.1,3.5,3.4,2023-12-09,bundesliga
Werder Bremen,Augsburg,2,0,H,2.38,3.6,2.8,2023-12-09,bundesliga
Wolfsburg,Freiburg,0,1,A,2.25,3.5,3.1,2023-12-09,bundesliga
Dortmund,RB Leipzig,2,3,A,2.6,3.6,2.55,2023-12-09,bundesliga
Verona,Lazio,1,1,D,4.2,3.4,1.95,2023-12-09,serie_a
Atalanta,Milan,3,2,H,2.5,3.2,3.0,2023-12-09,serie_a
Inter,Udinese,4,0,H,1.29,6.5,9.0,2023-12-09,serie_a
Rennes,Monaco,1,2,A,2.55,3.5,2.7,2023-12-09,ligue_1
Paris SG,Nantes,2,1,H,1.2,7.5,12.0,2023-12-09,ligue_1
Ajax,Sparta Rotterdam,2,1,H,1.4,4.75,7.5,2023-12-09,eredivisie
Zwolle,Nijmegen,1,3,A,2.38,3.5,2.9,2023-12-09,eredivisie
AZ Alkmaar,Almere City,4,1,H,1.18,7.0,15.0,2023-12-09,eredivisie
Cercle Brugge,Antwerp,1,3,A,2.7,3.4,2.5,2023-12-09,pro_league
St Truiden,Oud-Heverlee Leuven,1,1,D,1.85,3.75,4.0,2023-12-09,pro_league
Gent,RWD Molenbeek,4,0,H,1.33,5.5,7.0,2023-12-09,pro_league
Portimonense,Famalicao,1,1,D,2.9,3.25,2.45,2023-12-09,primeira_liga
Guimaraes,Sp Lisbon,3,2,H,5.0,4.0,1.62,2023-12-09,primeira_liga
Porto,Casa Pia,3,1,H,1.25,6.0,10.0,2023-12-09,primeira_liga
Antalyaspor,Karagumruk,2,1,H,1.85,3.6,4.0,2023-12-09,super_lig
Samsunspor,Kasimpasa,4,2,H,2.05,3.6,3.4,2023-12-09,super_lig
Besiktas,Fenerbahce,1,3,A,4.0,3.6,1.85,2023-12-09,super_lig
Coventry,Birmingham,2,0,H,1.7,4.0,4.75,2023-12-08,championship
Getafe,Valencia,1,0,H,2.6,2.9,3.1,2023-12-08,la_liga
Hoffenheim,Bochum,3,1,H,1.67,4.2,4.75,2023-12-08,bundesliga
Juventus,Napoli,1,0,H,2.25,3.25,3.25,2023-12-08,serie_a
Montpellier,Lens,0,0,D,3.5,3.4,2.15,2023-12-08,ligue_1
Twente,Excelsior,4,2,H,1.22,6.5,12.0,2023-12-08,eredivisie
Kortrijk,Westerlo,1,2,A,2.8,3.25,2.5,2023-12-08,pro_league
Vizela,Sp Braga,1,3,A,5.25,4.33,1.57,2023-12-08,primeira_liga
Benfica,Farense,1,1,D,1.17,8.0,13.0,2023-12-08,primeira_liga
Galatasaray,Ad. Demirspor,3,1,H,1.29,5.75,8.5,2023-12-08,super_lig
Everton,Newcastle,3,0,H,3.25,3.25,2.25,2023-12-07,premier_league
Tottenham,West Ham,1,2,A,1.75,4.2,4.2,2023-12-07,premier_league
Brest,Strasbourg,1,1,D,1.83,3.6,4.33,2023-12-07,ligue_1
PSV Eindhoven,Heerenveen,2,0,H,1.18,7.0,13.0,2023-12-07,eredivisie
Feyenoord,Volendam,3,1,H,1.06,12.0,26.0,2023-12-07,eredivisie
Manchester City,Aston Villa,4,1,H,,,,2023-12-06,epl
Reims,PSG,0,3,A,,,,2023-12-06,ligue_1
Brighton,Brentford,2,1,H,1.91,3.8,3.75,2023-12-06,premier_league
Crystal Palace,Bournemouth,0,2,A,2.25,3.5,3.1,2023-12-06,premier_league
Fulham,Nott'm Forest,5,0,H,2.0,3.4,3.75,2023-12-06,premier_league
Sheffield United,Liverpool,0,2,A,12.0,7.5,1.2,2023-12-06,premier_league
Aston Villa,Man City,1,0,H,4.75,4.2,1.7,2023-12-06,premier_league
Man United,Chelsea,2,1,H,2.88,3.4,2.45,2023-12-06,premier_league
Marseille,Lyon,3,0,H,1.67,3.8,4.75,2023-12-06,ligue_1
AZ Alkmaar,Nijmegen,1,2,A,1.25,6.0,10.0,2023-12-06,eredivisie
Waalwijk,Ajax,2,3,A,4.75,4.33,1.6,2023-12-06,eredivisie
Real Sociedad,Inter Milan,1,1,D,,,,2023-12-05,champions_league
Wolves,Burnley,1,0,H,1.85,3.6,4.2,2023-12-05,premier_league
Luton,Arsenal,3,4,A,17.0,7.0,1.18,2023-12-05,premier_league
Celta,Cadiz,1,1,D,1.57,3.8,6.5,2023-12-04,la_liga
Torino,Atalanta,3,0,H,2.9,3.2,2.45,2023-12-04,serie_a
Sp Lisbon,Gil Vicente,3,1,H,1.17,7.0,11.0,2023-12-04,primeira_liga
Fenerbahce,Sivasspor,4,1,H,1.25,6.0,10.0,2023-12-04,super_lig
Barcelona,Atletico Madrid,3,2,H,,,,2023-12-03,la_liga
Lyon,Monaco,1,2,A,,,,2023-12-03,ligue_1
Manchester City,Tottenham,3,3,D,,,,2023-12-03,epl
Napoli,Inter Milan,2,3,A,,,,2023-12-03,serie_a
Napoli,Inter Milan,2,3,A,,,,2023-12-03,serie_a
Getafe,Atletico Madrid,0,2,A,,,,2023-12-03,la_liga
Union Berlin,Bayer Leverkusen,0,4,A,,,,2023-12-03,bundesliga
Bournemouth,Aston Villa,2,2,D,3.4,4.0,1.95,2023-12-03,premier_league
Chelsea,Brighton,3,2,H,1.73,4.2,4.2,2023-12-03,premier_league
Liverpool,Fulham,4,3,H,1.25,6.5,9.0,2023-12-03,premier_league
West Ham,Crystal Palace,1,1,D,2.0,3.5,3.8,2023-12-03,premier_league
Man City,Tottenham,3,3,D,1.29,6.0,9.0,2023-12-03,premier_league
Bristol City,Norwich,1,2,A,2.25,3.3,3.2,2023-12-03,championship
Mallorca,Alaves,0,0,D,2.45,3.0,3.25,2023-12-03,la_liga
Almeria,Betis,0,0,D,3.2,3.6,2.2,2023-12-03,la_liga
Sevilla,Villarreal,1,1,D,2.0,3.6,3.6,2023-12-03,la_liga
Barcelona,Ath Madrid,1,0,H,2.0,3.75,3.5,2023-12-03,la_liga
Mainz,Freiburg,0,1,A,2.3,3.4,3.1,2023-12-03,bundesliga
Leverkusen,Dortmund,1,1,D,1.62,4.5,4.75,2023-12-03,bundesliga
Augsburg,Ein Frankfurt,2,1,H,2.63,3.6,2.55,2023-12-03,bundesliga
Lecce,Bologna,1,1,D,3.0,3.2,2.45,2023-12-03,serie_a
Fiorentina,Salernitana,3,0,H,1.45,4.75,7.0,2023-12-03,serie_a
Udinese,Verona,3,3,D,1.7,3.6,5.25,2023-12-03,serie_a
Sassuolo,Roma,1,2,A,3.8,3.75,1.91,2023-12-03,serie_a
Napoli,Inter,0,3,A,2.8,3.5,2.4,2023-12-03,serie_a
Le Havre,Paris SG,0,2,A,11.0,5.25,1.3,2023-12-03,ligue_1
Brest,Clermont,3,0,H,1.75,3.6,4.5,2023-12-03,ligue_1
Monaco,Montpellier,2,0,H,1.62,4.2,5.0,2023-12-03,ligue_1
Toulouse,Lorient,1,1,D,2.0,3.25,4.0,2023-12-03,ligue_1
Lille,Metz,2,0,H,1.45,4.5,7.5,2023-12-03,ligue_1
Marseille,Rennes,2,0,H,1.91,3.8,3.8,2023-12-03,ligue_1
Feyenoord,PSV Eindhoven,1,2,A,2.2,3.6,3.0,2023-12-03,eredivisie
Go Ahead Eagles,Twente,1,3,A,3.8,4.0,1.85,2023-12-03,eredivisie
Nijmegen,Ajax,1,2,A,4.33,4.33,1.7,2023-12-03,eredivisie
Utrecht,AZ Alkmaar,1,1,D,4.0,3.75,1.83,2023-12-03,eredivisie
Genk,Gent,2,2,D,2.15,3.5,3.2,2023-12-03,pro_league
Mechelen,St Truiden,0,2,A,2.15,3.3,3.4,2023-12-03,pro_league
Club Brugge,Standard,2,0,H,1.44,4.75,6.5,2023-12-03,pro_league
St. Gilloise,Cercle Brugge,2,1,H,1.62,4.0,5.0,2023-12-03,pro_league
Sp Braga,Estoril,3,1,H,1.33,5.25,6.5,2023-12-03,primeira_liga
Moreirense,Benfica,0,0,D,5.5,4.33,1.45,2023-12-03,primeira_liga
Boavista,Arouca,0,4,A,2.1,3.3,3.25,2023-12-03,primeira_liga
Kasimpasa,Gaziantep,4,2,H,2.2,3.5,3.1,2023-12-03,super_lig
Trabzonspor,Kayserispor,0,1,A,1.75,3.8,4.33,2023-12-03,super_lig
Ankaragucu,Besiktas,1,1,D,3.4,3.5,2.05,2023-12-03,super_lig
Alaves,Real Madrid,0,3,A,,,,2023-12-02,la_liga
Bayern Munich,Augsburg,3,2,H,,,,2023-12-02,bundesliga
Borussia Dortmund,Stuttgart,2,1,H,,,,2023-12-02,bundesliga
Arsenal,Wolves,2,1,H,1.25,5.5,12.0,2023-12-02,premier_league
Brentford,Luton,3,1,H,1.45,4.5,6.5,2023-12-02,premier_league
Burnley,Sheffield United,5,0,H,1.8,3.6,4.5,2023-12-02,premier_league
Nott'm Forest,Everton,0,1,A,2.75,3.25,2.6,2023-12-02,premier_league
Newcastle,Man United,1,0,H,1.91,3.75,3.8,2023-12-02,premier_league
West Brom,Leicester,1,2,A,2.88,3.2,2.55,2023-12-02,championship
Birmingham,Rotherham,0,0,D,1.6,3.8,6.0,2023-12-02,championship
Hull,Watford,1,2,A,2.1,3.6,3.3,2023-12-02,championship
Ipswich,Coventry,2,1,H,1.8,4.0,4.2,2023-12-02,championship
Leeds,Middlesbrough,3,2,H,1.73,4.0,4.5,2023-12-02,championship
Millwall,Sunderland,1,1,D,3.0,3.3,2.38,2023-12-02,championship
Plymouth,Stoke,2,1,H,2.63,3.5,2.6,2023-12-02,championship
Sheffield Weds,Blackburn,3,1,H,2.88,3.4,2.4,2023-12-02,championship
Southampton,Cardiff,2,0,H,1.62,4.0,5.25,2023-12-02,championship
Swansea,Huddersfield,1,1,D,1.95,3.4,4.0,2023-12-02,championship
Girona,Valencia,2,1,H,1.7,4.0,4.75,2023-12-02,la_liga
Ath Bilbao,Vallecano,4,0,H,1.57,4.2,5.75,2023-12-02,la_liga
Real Madrid,Granada,2,0,H,1.17,8.0,15.0,2023-12-02,la_liga
Osasuna,Sociedad,1,1,D,3.4,3.25,2.2,2023-12-02,la_liga
Bochum,Wolfsburg,3,1,H,2.63,3.6,2.55,2023-12-02,bundesliga
M'gladbach,Hoffenheim,2,1,H,2.2,4.0,2.88,2023-12-02,bundesliga
RB Leipzig,Heidenheim,2,1,H,1.25,7.0,9.0,2023-12-02,bundesliga
Stuttgart,Werder Bremen,2,0,H,1.4,5.25,6.5,2023-12-02,bundesliga
Genoa,Empoli,1,1,D,1.91,3.6,3.8,2023-12-02,serie_a
Lazio,Cagliari,1,0,H,1.62,4.0,5.25,2023-12-02,serie_a
Milan,Frosinone,3,1,H,1.44,4.5,7.5,2023-12-02,serie_a
Lens,Lyon,3,2,H,1.7,4.0,4.75,2023-12-02,ligue_1
Nantes,Nice,1,0,H,3.75,3.5,2.0,2023-12-02,ligue_1
Volendam,Zwolle,0,5,A,2.6,3.75,2.55,2023-12-02,eredivisie
For Sittard,Vitesse,3,1,H,2.0,3.6,3.6,2023-12-02,eredivisie
Waalwijk,Excelsior,2,2,D,2.05,4.0,3.25,2023-12-02,eredivisie
Heracles,Sparta Rotterdam,0,1,A,2.7,3.6,2.45,2023-12-02,eredivisie
RWD Molenbeek,Charleroi,0,0,D,2.75,3.4,2.5,2023-12-02,pro_league
Eupen,Kortrijk,1,1,D,2.25,3.3,3.2,2023-12-02,pro_league
Antwerp,Oud-Heverlee Leuven,1,0,H,1.36,5.0,8.5,2023-12-02,pro_league
Farense,Guimaraes,1,2,A,2.9,3.6,2.1,2023-12-02,primeira_liga
Rio Ave,Estrela,1,1,D,2.1,3.5,3.0,2023-12-02,primeira_liga
Famalicao,Porto,0,3,A,5.0,3.8,1.57,2023-12-02,primeira_liga
Casa Pia,Portimonense,1,0,H,1.85,3.3,3.6,2023-12-02,primeira_liga
Alanyaspor,Konyaspor,2,2,D,2.3,3.3,3.0,2023-12-02,super_lig
Rizespor,Buyuksehyr,3,2,H,2.38,3.4,2.88,2023-12-02,super_lig
Ad. Demirspor,Samsunspor,2,3,A,1.7,4.2,4.25,2023-12-02,super_lig
Pendikspor,Galatasaray,0,2,A,7.5,5.5,1.33,2023-12-02,super_lig
Preston,QPR,0,2,A,2.2,3.25,3.5,2023-12-01,championship
Las Palmas,Getafe,2,0,H,2.38,2.9,3.4,2023-12-01,la_liga
Darmstadt,FC Koln,0,1,A,2.63,3.4,2.6,2023-12-01,bundesliga
Monza,Juventus,1,2,A,4.2,3.3,1.95,2023-12-01,serie_a
Reims,Strasbourg,2,1,H,1.73,3.75,4.75,2023-12-01,ligue_1
Heerenveen,Almere City,3,0,H,1.67,4.0,5.0,2023-12-01,eredivisie
Westerlo,Anderlecht,1,3,A,4.75,4.0,1.7,2023-12-01,pro_league
Chaves,Vizela,2,1,H,2.45,3.3,2.6,2023-12-01,primeira_liga
Hatayspor,Antalyaspor,3,3,D,3.1,3.25,2.3,2023-12-01,super_lig
Karagumruk,Istanbulspor,3,0,H,1.65,3.75,5.25,2023-12-01,super_lig
Napoli,Real Madrid,2,3,A,,,,2023-11-29,champions_league
Napoli,Real Madrid,2,3,A,,,,2023-11-29,champions_league
Real Madrid,Liverpool,5,2,H,,,,2023-11-29,champions_league
Blackburn,Birmingham,4,2,H,1.8,3.6,4.33,2023-11-29,championship
Leeds,Swansea,3,1,H,1.36,5.25,8.5,2023-11-29,championship
Sheffield Weds,Leicester,1,1,D,5.25,4.2,1.62,2023-11-29,championship
Southampton,Bristol City,1,0,H,1.57,4.5,5.25,2023-11-29,championship
Sunderland,Huddersfield,1,2,A,1.57,4.33,5.5,2023-11-29,championship
Ipswich,Millwall,3,1,H,1.62,4.0,5.5,2023-11-29,championship
Mallorca,Cadiz,1,1,D,1.95,3.2,4.33,2023-11-29,la_liga
Montpellier,Clermont,1,1,D,1.91,3.6,4.0,2023-11-29,ligue_1
AC Milan,Borussia Dortmund,1,3,A,,,,2023-11-28,champions_league
Eintracht Frankfurt,Tottenham,0,2,A,,,,2023-11-28,champions_league
Feyenoord,Atletico Madrid,1,3,A,,,,2023-11-28,champions_league
Marseille,Tottenham,1,2,A,,,,2023-11-28,champions_league
Newcastle,Borussia Dortmund,1,1,D,,,,2023-11-28,champions_league
PSG,Newcastle,2,1,H,,,,2023-11-28,champions_league
Roma,Feyenoord,2,3,A,,,,2023-11-28,champions_league
Cardiff,West Brom,0,1,A,2.88,3.25,2.5,2023-11-28,championship
Coventry,Plymouth,1,0,H,1.62,4.2,5.0,2023-11-28,championship
Hull,Rotherham,4,1,H,1.44,4.5,7.5,2023-11-28,championship
Middlesbrough,Preston,4,0,H,1.67,3.6,5.5,2023-11-28,championship
QPR,Stoke,4,2,H,3.1,3.4,2.3,2023-11-28,championship
Watford,Norwich,3,2,H,2.15,3.5,3.3,2023-11-28,championship
Fulham,Wolves,3,2,H,2.38,3.3,3.0,2023-11-27,premier_league
Girona,Ath Bilbao,1,1,D,2.25,3.5,3.1,2023-11-27,la_liga
Verona,Lecce,2,2,D,2.75,3.0,2.88,2023-11-27,serie_a
Bologna,Torino,2,0,H,2.3,3.25,3.2,2023-11-27,serie_a
Buyuksehyr,Pendikspor,4,1,H,1.73,3.6,4.75,2023-11-27,super_lig
Sivasspor,Trabzonspor,3,3,D,3.3,3.5,2.05,2023-11-27,super_lig
Juventus,Inter Milan,1,0,H,,,,2023-11-26,serie_a
Le Havre,Lyon,1,1,D,,,,2023-11-26,ligue_1
Monaco,Lille,2,1,H,,,,2023-11-26,ligue_1
Real Betis,Real Madrid,1,1,D,,,,2023-11-26,la_liga
Tottenham,Aston Villa,1,2,A,2.3,3.8,2.8,2023-11-26,premier_league
Everton,Man United,0,3,A,2.7,3.4,2.55,2023-11-26,premier_league
Villarreal,Osasuna,3,1,H,2.15,3.5,3.3,2023-11-26,la_liga
Sociedad,Sevilla,2,1,H,1.75,3.6,4.75,2023-11-26,la_liga
Cadiz,Real Madrid,0,3,A,6.0,4.5,1.5,2023-11-26,la_liga
Betis,Las Palmas,1,0,H,1.7,3.75,5.25,2023-11-26,la_liga
Heidenheim,Bochum,0,0,D,2.2,3.6,3.1,2023-11-26,bundesliga
Hoffenheim,Mainz,1,1,D,1.85,3.8,3.8,2023-11-26,bundesliga
Cagliari,Monza,1,1,D,2.88,3.25,2.5,2023-11-26,serie_a
Empoli,Sassuolo,3,4,A,2.75,3.6,2.4,2023-11-26,serie_a
Frosinone,Genoa,2,1,H,2.5,3.25,2.88,2023-11-26,serie_a
Roma,Udinese,3,1,H,1.62,3.8,5.75,2023-11-26,serie_a
Juventus,Inter,1,1,D,3.3,3.25,2.25,2023-11-26,serie_a
Nice,Toulouse,1,0,H,1.5,4.0,7.5,2023-11-26,ligue_1
Lorient,Metz,2,3,A,1.95,3.5,4.0,2023-11-26,ligue_1
Montpellier,Brest,1,3,A,2.3,3.4,3.1,2023-11-26,ligue_1
Nantes,Le Havre,0,0,D,2.1,3.5,3.6,2023-11-26,ligue_1
Rennes,Reims,3,1,H,2.0,3.6,3.75,2023-11-26,ligue_1
Lyon,Lille,0,2,A,3.0,3.3,2.38,2023-11-26,ligue_1
Almere City,Heracles,0,5,A,1.91,3.75,3.75,2023-11-26,eredivisie
AZ Alkmaar,Volendam,3,0,H,1.17,7.5,15.0,2023-11-26,eredivisie
Nijmegen,Go Ahead Eagles,1,1,D,2.4,3.6,2.75,2023-11-26,eredivisie
Sparta Rotterdam,Utrecht,1,2,A,2.38,3.5,2.8,2023-11-26,eredivisie
Gent,St. Gilloise,1,1,D,2.55,3.4,2.63,2023-11-26,pro_league
Oud-Heverlee Leuven,Club Brugge,0,1,A,4.5,4.0,1.67,2023-11-26,pro_league
Anderlecht,RWD Molenbeek,2,1,H,1.4,5.0,7.0,2023-11-26,pro_league
Kortrijk,Mechelen,0,3,A,2.9,3.5,2.3,2023-11-26,pro_league
Kayserispor,Ad. Demirspor,1,1,D,2.7,3.5,2.45,2023-11-26,super_lig
Antalyaspor,Rizespor,0,0,D,1.8,3.6,4.33,2023-11-26,super_lig
Samsunspor,Besiktas,1,2,A,3.3,3.4,2.15,2023-11-26,super_lig
Fenerbahce,Karagumruk,2,1,H,1.25,6.5,9.5,2023-11-26,super_lig
Bochum,Bayern Munich,0,5,A,,,,2023-11-25,bundesliga
Darmstadt,Bayer Leverkusen,0,3,A,,,,2023-11-25,bundesliga
Frosinone,Inter Milan,0,2,A,,,,2023-11-25,serie_a
Manchester City,Liverpool,1,1,D,,,,2023-11-25,epl
Montpellier,Nice,0,1,A,,,,2023-11-25,ligue_1
Rayo Vallecano,Real Madrid,0,2,A,,,,2023-11-25,la_liga
Strasbourg,PSG,0,3,A,,,,2023-11-25,ligue_1
Stuttgart,Bayer Leverkusen,1,3,A,,,,2023-11-25,bundesliga
Verona,Juventus,2,1,H,,,,2023-11-25,serie_a
Chelsea,Newcastle,0,0,D,,,,2023-11-25,epl
PSG,Montpellier,6,0,H,,,,2023-11-25,ligue_1
Man City,Liverpool,1,1,D,1.73,4.2,4.2,2023-11-25,premier_league
Burnley,West Ham,1,2,A,3.4,3.5,2.05,2023-11-25,premier_league
Luton,Crystal Palace,2,1,H,3.6,3.3,2.1,2023-11-25,premier_league
Newcastle,Chelsea,4,1,H,2.55,3.5,2.63,2023-11-25,premier_league
Nott'm Forest,Brighton,2,3,A,3.2,3.6,2.15,2023-11-25,premier_league
Sheffield United,Bournemouth,1,3,A,3.2,3.5,2.2,2023-11-25,premier_league
Brentford,Arsenal,0,1,A,4.5,3.75,1.75,2023-11-25,premier_league
Birmingham,Sheffield Weds,2,1,H,2.15,3.25,3.5,2023-11-25,championship
Bristol City,Middlesbrough,3,2,H,3.6,3.3,2.1,2023-11-25,championship
Huddersfield,Southampton,1,1,D,4.75,3.8,1.7,2023-11-25,championship
Leicester,Watford,2,0,H,1.57,4.2,5.5,2023-11-25,championship
Millwall,Coventry,0,3,A,2.63,3.25,2.7,2023-11-25,championship
Norwich,QPR,1,0,H,1.73,3.8,4.5,2023-11-25,championship
Plymouth,Sunderland,2,0,H,3.4,3.75,2.0,2023-11-25,championship
Preston,Cardiff,1,2,A,2.4,3.2,3.0,2023-11-25,championship
Stoke,Blackburn,0,3,A,2.2,3.5,3.2,2023-11-25,championship
Swansea,Hull,2,2,D,2.6,3.2,2.8,2023-11-25,championship
West Brom,Ipswich,2,0,H,2.6,3.5,2.55,2023-11-25,championship
Vallecano,Barcelona,1,1,D,5.25,4.0,1.65,2023-11-25,la_liga
Valencia,Celta,0,0,D,2.2,3.25,3.5,2023-11-25,la_liga
Getafe,Almeria,2,1,H,1.65,3.75,5.5,2023-11-25,la_liga
Ath Madrid,Mallorca,1,0,H,1.33,5.0,9.5,2023-11-25,la_liga
Dortmund,M'gladbach,4,2,H,1.45,5.5,5.25,2023-11-25,bundesliga
Freiburg,Darmstadt,1,1,D,1.55,4.33,5.75,2023-11-25,bundesliga
Union Berlin,Augsburg,1,1,D,1.95,3.6,3.8,2023-11-25,bundesliga
Werder Bremen,Leverkusen,0,3,A,6.5,5.0,1.45,2023-11-25,bundesliga
Wolfsburg,RB Leipzig,2,1,H,3.6,4.0,1.91,2023-11-25,bundesliga
Ein Frankfurt,Stuttgart,1,2,A,2.6,3.6,2.6,2023-11-25,bundesliga
Salernitana,Lazio,2,1,H,4.75,3.75,1.75,2023-11-25,serie_a
Atalanta,Napoli,1,2,A,2.7,3.4,2.63,2023-11-25,serie_a
Milan,Fiorentina,1,0,H,2.1,3.3,3.5,2023-11-25,serie_a
Clermont,Lens,0,3,A,3.75,3.5,2.0,2023-11-25,ligue_1
Strasbourg,Marseille,1,1,D,3.8,3.6,1.91,2023-11-25,ligue_1
Excelsior,Feyenoord,2,4,A,11.0,7.0,1.2,2023-11-25,eredivisie
Heerenveen,For Sittard,3,0,H,2.05,3.5,3.6,2023-11-25,eredivisie
Twente,PSV Eindhoven,0,3,A,3.8,3.6,1.91,2023-11-25,eredivisie
Ajax,Vitesse,5,0,H,1.3,5.5,9.5,2023-11-25,eredivisie
Zwolle,Waalwijk,1,2,A,1.75,3.8,4.33,2023-11-25,eredivisie
Cercle Brugge,Eupen,2,0,H,1.36,5.0,7.0,2023-11-25,pro_league
Charleroi,Westerlo,3,2,H,1.8,3.75,4.0,2023-11-25,pro_league
Standard,Genk,1,0,H,3.6,3.75,1.91,2023-11-25,pro_league
Istanbulspor,Hatayspor,2,1,H,3.25,3.4,2.15,2023-11-25,super_lig
Gaziantep,Ankaragucu,0,1,A,2.15,3.4,3.4,2023-11-25,super_lig
Konyaspor,Kasimpasa,2,0,H,1.91,3.5,4.0,2023-11-25,super_lig
Galatasaray,Alanyaspor,4,0,H,1.2,7.0,11.0,2023-11-25,super_lig
Rotherham,Leeds,1,1,D,7.5,5.0,1.36,2023-11-24,championship
Alaves,Granada,3,1,H,1.7,3.6,5.0,2023-11-24,la_liga
FC Koln,Bayern Munich,0,1,A,9.0,7.0,1.25,2023-11-24,bundesliga
Paris SG,Monaco,5,2,H,1.45,4.75,6.5,2023-11-24,ligue_1
St Truiden,Antwerp,1,1,D,4.0,3.5,1.85,2023-11-24,pro_league
Lens,PSG,1,2,A,,,,2023-11-18,ligue_1
Lens,PSG,1,3,A,,,,2023-11-18,ligue_1
Las Palmas,Barcelona,1,1,D,,,,2023-11-12,la_liga
Lecce,Napoli,0,1,A,,,,2023-11-12,serie_a
Real Sociedad,Real Madrid,1,2,A,,,,2023-11-12,la_liga
Aston Villa,Fulham,3,1,H,1.57,4.2,5.5,2023-11-12,premier_league
Brighton,Sheffield United,1,1,D,1.25,5.75,13.0,2023-11-12,premier_league
Liverpool,Brentford,3,0,H,1.4,5.0,6.5,2023-11-12,premier_league
West Ham,Nott'm Forest,3,2,H,1.85,3.6,4.0,2023-11-12,premier_league
Chelsea,Man City,4,4,D,5.0,3.7,1.73,2023-11-12,premier_league
Barcelona,Alaves,2,1,H,1.25,6.0,11.0,2023-11-12,la_liga
Sevilla,Betis,1,1,D,2.05,3.5,3.6,2023-11-12,la_liga
Ath Madrid,Villarreal,3,1,H,1.36,5.5,7.5,2023-11-12,la_liga
Leverkusen,Union Berlin,4,0,H,1.29,6.0,9.0,2023-11-12,bundesliga
Werder Bremen,Ein Frankfurt,2,2,D,3.1,3.4,2.3,2023-11-12,bundesliga
RB Leipzig,Freiburg,3,1,H,1.44,5.0,6.5,2023-11-12,bundesliga
Napoli,Empoli,0,1,A,1.22,7.0,11.0,2023-11-12,serie_a
Fiorentina,Bologna,2,1,H,2.0,3.4,3.8,2023-11-12,serie_a
Udinese,Atalanta,1,1,D,3.75,3.5,2.0,2023-11-12,serie_a
Lazio,Roma,0,0,D,3.0,3.0,2.63,2023-11-12,serie_a
Inter,Frosinone,2,0,H,1.18,8.0,13.0,2023-11-12,serie_a
Clermont,Lorient,1,0,H,2.1,3.3,3.6,2023-11-12,ligue_1
Lille,Toulouse,1,1,D,1.55,4.2,6.0,2023-11-12,ligue_1
Metz,Nantes,3,1,H,2.9,3.25,2.5,2023-11-12,ligue_1
Rennes,Lyon,0,1,A,1.73,4.2,4.33,2023-11-12,ligue_1
Lens,Marseille,1,0,H,2.25,3.4,3.2,2023-11-12,ligue_1
PSV Eindhoven,Zwolle,4,0,H,1.1,11.0,21.0,2023-11-12,eredivisie
Almere City,Ajax,2,2,D,5.0,4.75,1.53,2023-11-12,eredivisie
Volendam,Sparta Rotterdam,1,4,A,3.25,3.6,2.15,2023-11-12,eredivisie
Feyenoord,AZ Alkmaar,1,0,H,1.55,4.5,5.25,2023-11-12,eredivisie
Utrecht,Excelsior,2,2,D,1.8,3.8,4.2,2023-11-12,eredivisie
Club Brugge,Cercle Brugge,0,0,D,1.73,4.0,4.33,2023-11-12,pro_league
Genk,Oud-Heverlee Leuven,3,1,H,1.4,4.75,7.0,2023-11-12,pro_league
Gent,Anderlecht,1,1,D,2.15,3.6,3.2,2023-11-12,pro_league
St. Gilloise,Kortrijk,3,0,H,1.2,7.0,11.0,2023-11-12,pro_league
Boavista,Farense,1,3,A,2.05,3.6,3.4,2023-11-12,primeira_liga
Gil Vicente,Rio Ave,1,1,D,2.0,3.6,3.6,2023-11-12,primeira_liga
Arouca,Sp Braga,0,1,A,5.0,4.2,1.6,2023-11-12,primeira_liga
Benfica,Sp Lisbon,2,1,H,2.25,3.4,3.0,2023-11-12,primeira_liga
Pendikspor,Samsunspor,1,0,H,2.9,3.25,2.25,2023-11-12,super_lig
Besiktas,Buyuksehyr,1,0,H,1.75,3.6,4.2,2023-11-12,super_lig
Rizespor,Istanbulspor,1,0,H,1.7,3.6,5.0,2023-11-12,super_lig
Ad. Demirspor,Fenerbahce,0,0,D,3.4,3.8,1.91,2023-11-12,super_lig
Arsenal,Newcastle,4,1,H,,,,2023-11-11,epl
Atalanta,Juventus,1,2,A,,,,2023-11-11,serie_a
Atalanta,Juventus,1,2,A,,,,2023-11-11,serie_a
Bayer Leverkusen,Hoffenheim,4,0,H,,,,2023-11-11,bundesliga
Celta Vigo,Atletico Madrid,0,2,A,,,,2023-11-11,la_liga
Clermont,Monaco,0,3,A,,,,2023-11-11,ligue_1
Empoli,AC Milan,1,3,A,,,,2023-11-11,serie_a
Genoa,AC Milan,1,1,D,,,,2023-11-11,serie_a
Getafe,Real Madrid,0,2,A,,,,2023-11-11,la_liga
Mainz,Bayer Leverkusen,0,3,A,,,,2023-11-11,bundesliga
Monaco,PSG,2,4,A,,,,2023-11-11,ligue_1
PSG,Monaco,3,1,H,,,,2023-11-11,ligue_1
Luton,Manchester City,1,2,A,,,,2023-11-11,epl
Wolves,Tottenham,2,1,H,3.1,3.75,2.2,2023-11-11,premier_league
Arsenal,Burnley,3,1,H,1.18,7.0,17.0,2023-11-11,premier_league
Crystal Palace,Everton,2,3,A,2.45,3.2,3.0,2023-11-11,premier_league
Man United,Luton,1,0,H,1.33,5.25,9.5,2023-11-11,premier_league
Bournemouth,Newcastle,2,0,H,4.75,4.0,1.73,2023-11-11,premier_league
Sunderland,Birmingham,3,1,H,1.75,3.75,4.5,2023-11-11,championship
Cardiff,Norwich,2,3,A,2.0,3.5,3.6,2023-11-11,championship
Coventry,Stoke,0,0,D,2.3,3.4,3.1,2023-11-11,championship
Hull,Huddersfield,1,0,H,1.73,3.6,5.0,2023-11-11,championship
Ipswich,Swansea,3,2,H,1.53,4.33,5.5,2023-11-11,championship
Leeds,Plymouth,2,1,H,1.25,6.5,11.0,2023-11-11,championship
Middlesbrough,Leicester,1,0,H,2.9,3.6,2.3,2023-11-11,championship
QPR,Bristol City,0,0,D,2.8,3.2,2.63,2023-11-11,championship
Sheffield Weds,Millwall,0,4,A,2.63,3.0,2.9,2023-11-11,championship
Southampton,West Brom,2,1,H,1.91,3.6,4.0,2023-11-11,championship
Watford,Rotherham,5,0,H,1.45,4.2,7.5,2023-11-11,championship
Vallecano,Girona,1,2,A,2.88,3.5,2.4,2023-11-11,la_liga
Almeria,Sociedad,1,3,A,4.75,3.8,1.73,2023-11-11,la_liga
Granada,Getafe,1,1,D,2.5,3.1,3.0,2023-11-11,la_liga
Osasuna,Las Palmas,1,1,D,1.95,3.4,4.0,2023-11-11,la_liga
Real Madrid,Valencia,5,1,H,1.33,5.5,8.5,2023-11-11,la_liga
Augsburg,Hoffenheim,1,1,D,2.63,3.6,2.55,2023-11-11,bundesliga
Bayern Munich,Heidenheim,4,2,H,1.06,17.0,21.0,2023-11-11,bundesliga
Darmstadt,Mainz,0,0,D,3.1,3.5,2.25,2023-11-11,bundesliga
Stuttgart,Dortmund,2,1,H,2.55,3.75,2.55,2023-11-11,bundesliga
Bochum,FC Koln,1,1,D,2.45,3.4,2.88,2023-11-11,bundesliga
Lecce,Milan,2,2,D,5.0,3.6,1.75,2023-11-11,serie_a
Juventus,Cagliari,2,1,H,1.36,5.0,8.0,2023-11-11,serie_a
Monza,Torino,1,1,D,2.5,3.1,3.0,2023-11-11,serie_a
Reims,Paris SG,0,3,A,5.0,4.33,1.6,2023-11-11,ligue_1
Le Havre,Monaco,0,0,D,4.5,4.0,1.73,2023-11-11,ligue_1
Waalwijk,Go Ahead Eagles,0,1,A,2.88,3.6,2.38,2023-11-11,eredivisie
Twente,Nijmegen,3,3,D,1.33,5.0,10.0,2023-11-11,eredivisie
Vitesse,Heerenveen,1,3,A,2.38,3.5,2.9,2023-11-11,eredivisie
Antwerp,Standard,6,0,H,1.6,4.0,5.0,2023-11-11,pro_league
Eupen,RWD Molenbeek,1,3,A,2.63,3.4,2.55,2023-11-11,pro_league
Mechelen,Charleroi,1,0,H,2.63,3.4,2.6,2023-11-11,pro_league
Portimonense,Chaves,2,1,H,2.2,3.4,3.1,2023-11-11,primeira_liga
Estrela,Moreirense,0,1,A,2.6,3.3,2.7,2023-11-11,primeira_liga
Vizela,Famalicao,0,0,D,2.63,3.2,2.7,2023-11-11,primeira_liga
Guimaraes,Porto,1,2,A,5.0,3.75,1.7,2023-11-11,primeira_liga
Kasimpasa,Kayserispor,3,4,A,2.15,3.6,2.8,2023-11-11,super_lig
Alanyaspor,Gaziantep,0,3,A,2.2,3.4,3.2,2023-11-11,super_lig
Karagumruk,Sivasspor,3,0,H,2.15,3.3,3.25,2023-11-11,super_lig
Hatayspor,Galatasaray,2,1,H,6.0,5.0,1.4,2023-11-11,super_lig
Blackburn,Preston,1,2,A,1.95,3.6,3.75,2023-11-10,championship
Ath Bilbao,Celta,4,3,H,1.67,3.8,5.0,2023-11-10,la_liga
M'gladbach,Wolfsburg,4,0,H,2.3,3.8,2.7,2023-11-10,bundesliga
Sassuolo,Salernitana,2,2,D,1.65,4.2,4.75,2023-11-10,serie_a
Genoa,Verona,1,0,H,1.91,3.3,4.33,2023-11-10,serie_a
Montpellier,Nice,0,0,D,3.5,3.3,2.15,2023-11-10,ligue_1
For Sittard,Heracles,4,1,H,1.73,3.8,4.75,2023-11-10,eredivisie
Westerlo,St Truiden,3,3,D,2.6,3.4,2.6,2023-11-10,pro_league
Estoril,Casa Pia,4,0,H,2.45,3.25,2.88,2023-11-10,primeira_liga
Ankaragucu,Antalyaspor,0,4,A,2.38,3.2,2.88,2023-11-10,super_lig
Trabzonspor,Konyaspor,2,1,H,1.65,3.75,5.0,2023-11-10,super_lig
Arsenal,Lens,6,0,H,,,,2023-11-08,champions_league
Arsenal,PSV,4,0,H,,,,2023-11-08,champions_league
Atletico Madrid,Lazio,2,0,H,,,,2023-11-08,champions_league
Barcelona,Antwerp,5,0,H,,,,2023-11-08,champions_league
Barcelona,Galatasaray,1,0,H,,,,2023-11-08,champions_league
Copenhagen,Bayern Munich,1,2,A,,,,2023-11-08,champions_league
Copenhagen,Galatasaray,1,0,H,,,,2023-11-08,champions_league
Galatasaray,Bayern Munich,1,3,A,,,,2023-11-08,champions_league
Inter Milan,Salzburg,2,1,H,,,,2023-11-08,champions_league
Napoli,Union Berlin,2,0,H,,,,2023-11-08,champions_league
Real Sociedad,Benfica,0,0,D,,,,2023-11-08,champions_league
Salzburg,Benfica,0,2,A,,,,2023-11-08,champions_league
Sporting CP,Marseille,2,1,H,,,,2023-11-08,champions_league
Samsunspor,Istanbulspor,2,1,H,1.91,3.6,3.5,2023-11-08,super_lig
Borussia Dortmund,Newcastle,2,0,H,,,,2023-11-07,champions_league
Manchester City,Girona,3,1,H,,,,2023-11-07,champions_league
Manchester City,Young Boys,3,0,H,,,,2023-11-07,champions_league
Porto,Braga,2,0,H,,,,2023-11-07,champions_league
Porto,Shakhtar,5,1,H,,,,2023-11-07,champions_league
Real Madrid,Leipzig,2,0,H,,,,2023-11-07,champions_league
Shakhtar,Royal Antwerp,1,2,A,,,,2023-11-07,champions_league
Tottenham,Sporting CP,1,1,D,,,,2023-11-07,champions_league
Union Berlin,Real Madrid,1,3,A,,,,2023-11-07,champions_league
Young Boys,Leipzig,1,3,A,,,,2023-11-07,champions_league
Rotherham,Ipswich,2,2,D,5.75,4.5,1.5,2023-11-07,championship
Cagliari,Inter Milan,1,2,A,,,,2023-11-06,serie_a
Tottenham,Chelsea,1,4,A,2.0,3.75,3.5,2023-11-06,premier_league
Getafe,Cadiz,1,0,H,1.91,3.1,4.75,2023-11-06,la_liga
Frosinone,Empoli,2,1,H,2.0,3.6,3.6,2023-11-06,serie_a
Torino,Sassuolo,2,1,H,2.15,3.4,3.4,2023-11-06,serie_a
Farense,Arouca,2,0,H,2.2,3.3,3.2,2023-11-06,primeira_liga
Gaziantep,Rizespor,2,0,H,2.25,3.3,3.1,2023-11-06,super_lig
Kayserispor,Alanyaspor,1,0,H,2.05,3.5,3.5,2023-11-06,super_lig
Lille,Marseille,1,0,H,,,,2023-11-05,ligue_1
Liverpool,Real Madrid,2,5,A,,,,2023-11-05,champions_league
Real Betis,Sevilla,1,1,D,,,,2023-11-05,la_liga
Roma,Juventus,1,1,D,,,,2023-11-05,serie_a
Liverpool,Luton,4,1,H,,,,2023-11-05,epl
Nott'm Forest,Aston Villa,2,0,H,4.2,3.75,1.85,2023-11-05,premier_league
Luton,Liverpool,1,1,D,12.0,6.5,1.22,2023-11-05,premier_league
Norwich,Blackburn,1,3,A,2.15,3.6,3.2,2023-11-05,championship
Alaves,Almeria,1,0,H,1.75,3.75,4.75,2023-11-05,la_liga
Valencia,Granada,1,0,H,1.65,4.0,5.0,2023-11-05,la_liga
Villarreal,Ath Bilbao,2,3,A,2.8,3.6,2.4,2023-11-05,la_liga
Real Madrid,Vallecano,0,0,D,1.29,5.5,12.0,2023-11-05,la_liga
Wolfsburg,Werder Bremen,2,2,D,1.7,4.33,4.33,2023-11-05,bundesliga
Heidenheim,Stuttgart,2,0,H,4.5,4.33,1.65,2023-11-05,bundesliga
Verona,Monza,1,3,A,3.2,3.25,2.3,2023-11-05,serie_a
Cagliari,Genoa,2,1,H,2.7,3.2,2.7,2023-11-05,serie_a
Roma,Lecce,2,1,H,1.57,3.8,6.5,2023-11-05,serie_a
Fiorentina,Juventus,0,1,A,2.9,3.2,2.55,2023-11-05,serie_a
Lyon,Metz,1,1,D,1.67,3.8,5.5,2023-11-05,ligue_1
Nantes,Reims,0,1,A,2.88,3.2,2.55,2023-11-05,ligue_1
Strasbourg,Clermont,0,0,D,2.38,3.2,3.1,2023-11-05,ligue_1
Toulouse,Le Havre,1,2,A,2.2,3.3,3.4,2023-11-05,ligue_1
Monaco,Brest,2,0,H,1.7,4.0,4.75,2023-11-05,ligue_1
Nice,Rennes,2,0,H,2.05,3.4,3.6,2023-11-05,ligue_1
Utrecht,Twente,1,1,D,5.0,4.0,1.67,2023-11-05,eredivisie
Nijmegen,Volendam,3,3,D,1.6,4.33,5.0,2023-11-05,eredivisie
Zwolle,For Sittard,2,0,H,2.2,3.5,3.2,2023-11-05,eredivisie
Ajax,Heerenveen,4,1,H,1.5,4.75,6.0,2023-11-05,eredivisie
Sparta Rotterdam,Almere City,1,2,A,1.67,4.0,5.0,2023-11-05,eredivisie
Cercle Brugge,Anderlecht,0,3,A,2.4,3.5,2.75,2023-11-05,pro_league
Standard,Mechelen,1,1,D,1.7,3.8,4.5,2023-11-05,pro_league
St. Gilloise,Club Brugge,2,1,H,2.25,3.6,3.0,2023-11-05,pro_league
Charleroi,Gent,1,3,A,3.4,3.5,2.05,2023-11-05,pro_league
Casa Pia,Vizela,0,1,A,2.05,3.4,3.5,2023-11-05,primeira_liga
Moreirense,Guimaraes,1,0,H,2.55,3.3,2.63,2023-11-05,primeira_liga
Rio Ave,Boavista,2,0,H,2.6,3.3,2.63,2023-11-05,primeira_liga
Sp Lisbon,Estrela,3,2,H,1.25,6.0,10.0,2023-11-05,primeira_liga
Sivasspor,Ad. Demirspor,1,1,D,3.0,3.4,2.3,2023-11-05,super_lig
Buyuksehyr,Ankaragucu,3,3,D,2.05,3.5,3.3,2023-11-05,super_lig
Konyaspor,Karagumruk,1,1,D,2.1,3.4,3.3,2023-11-05,super_lig
Antalyaspor,Besiktas,3,2,H,3.2,3.4,2.15,2023-11-05,super_lig
Augsburg,Borussia Dortmund,0,2,A,,,,2023-11-04,bundesliga
Bayern Munich,Borussia Dortmund,4,0,H,,,,2023-11-04,bundesliga
Bayern Munich,Borussia Dortmund,4,0,H,,,,2023-11-04,bundesliga
Fulham,Manchester City,0,4,A,,,,2023-11-04,epl
Koln,Bayern Munich,0,4,A,,,,2023-11-04,bundesliga
Manchester City,West Ham,3,1,H,,,,2023-11-04,epl
Monaco,Toulouse,3,0,H,,,,2023-11-04,ligue_1
Nantes,Marseille,0,1,A,,,,2023-11-04,ligue_1
Toulouse,Monaco,0,2,A,,,,2023-11-04,ligue_1
Augsburg,Bayer Leverkusen,0,2,A,,,,2023-11-04,bundesliga
Fiorentina,AC Milan,2,2,D,,,,2023-11-04,serie_a
Juventus,Torino,4,0,H,,,,2023-11-04,serie_a
Fulham,Man United,0,1,A,3.2,3.6,2.2,2023-11-04,premier_league
Brentford,West Ham,3,2,H,2.05,3.6,3.5,2023-11-04,premier_league
Burnley,Crystal Palace,0,2,A,2.75,3.25,2.6,2023-11-04,premier_league
Everton,Brighton,1,1,D,3.1,3.6,2.2,2023-11-04,premier_league
Man City,Bournemouth,6,1,H,1.1,11.0,19.0,2023-11-04,premier_league
Sheffield United,Wolves,2,1,H,3.8,3.5,2.0,2023-11-04,premier_league
Newcastle,Arsenal,1,0,H,2.8,3.2,2.6,2023-11-04,premier_league
Birmingham,Ipswich,2,2,D,3.8,3.75,1.91,2023-11-04,championship
Bristol City,Sheffield Weds,1,0,H,2.15,3.2,3.6,2023-11-04,championship
Huddersfield,Watford,0,0,D,3.1,3.4,2.3,2023-11-04,championship
Millwall,Southampton,0,1,A,3.6,3.5,2.05,2023-11-04,championship
Plymouth,Middlesbrough,3,3,D,4.0,3.6,1.91,2023-11-04,championship
Preston,Coventry,3,2,H,2.8,3.2,2.63,2023-11-04,championship
Rotherham,QPR,1,1,D,2.7,3.25,2.7,2023-11-04,championship
Stoke,Cardiff,0,0,D,2.15,3.3,3.5,2023-11-04,championship
Swansea,Sunderland,0,0,D,2.7,3.4,2.63,2023-11-04,championship
West Brom,Hull,3,1,H,2.05,3.2,3.8,2023-11-04,championship
Osasuna,Girona,2,4,A,2.9,3.4,2.4,2023-11-04,la_liga
Betis,Mallorca,2,0,H,1.91,3.3,4.5,2023-11-04,la_liga
Celta,Sevilla,1,1,D,2.6,3.4,2.7,2023-11-04,la_liga
Sociedad,Barcelona,0,1,A,3.1,3.5,2.25,2023-11-04,la_liga
FC Koln,Augsburg,1,1,D,2.3,3.6,2.9,2023-11-04,bundesliga
Freiburg,M'gladbach,3,3,D,2.1,3.8,3.2,2023-11-04,bundesliga
Hoffenheim,Leverkusen,2,3,A,5.0,4.5,1.57,2023-11-04,bundesliga
Mainz,RB Leipzig,2,0,H,5.75,4.2,1.6,2023-11-04,bundesliga
Union Berlin,Ein Frankfurt,0,3,A,2.55,3.1,2.9,2023-11-04,bundesliga
Dortmund,Bayern Munich,0,4,A,4.0,4.33,1.75,2023-11-04,bundesliga
Salernitana,Napoli,0,2,A,7.0,4.75,1.44,2023-11-04,serie_a
Atalanta,Inter,1,2,A,3.3,3.5,2.15,2023-11-04,serie_a
Milan,Udinese,0,1,A,1.45,4.5,7.0,2023-11-04,serie_a
Lorient,Lens,0,0,D,5.0,3.8,1.7,2023-11-04,ligue_1
Marseille,Lille,0,0,D,2.25,3.5,3.1,2023-11-04,ligue_1
Heracles,PSV Eindhoven,0,6,A,13.0,7.0,1.2,2023-11-04,eredivisie
Excelsior,AZ Alkmaar,1,1,D,7.5,5.0,1.4,2023-11-04,eredivisie
Waalwijk,Feyenoord,1,2,A,13.0,7.0,1.2,2023-11-04,eredivisie
Go Ahead Eagles,Vitesse,5,1,H,1.91,3.6,4.0,2023-11-04,eredivisie
RWD Molenbeek,Kortrijk,1,1,D,1.91,3.8,3.6,2023-11-04,pro_league
Oud-Heverlee Leuven,Westerlo,0,2,A,2.1,3.6,3.25,2023-11-04,pro_league
Antwerp,Genk,3,2,H,2.15,3.5,3.2,2023-11-04,pro_league
Chaves,Benfica,0,2,A,8.5,5.75,1.29,2023-11-04,primeira_liga
Famalicao,Gil Vicente,3,1,H,2.1,3.4,3.4,2023-11-04,primeira_liga
Sp Braga,Portimonense,6,1,H,1.25,6.0,10.0,2023-11-04,primeira_liga
Istanbulspor,Pendikspor,2,4,A,2.5,3.4,2.75,2023-11-04,super_lig
Samsunspor,Hatayspor,2,1,H,2.2,3.4,3.2,2023-11-04,super_lig
Fenerbahce,Trabzonspor,2,3,A,1.33,4.75,8.5,2023-11-04,super_lig
Leicester,Leeds,0,1,A,2.15,3.6,3.25,2023-11-03,championship
Las Palmas,Ath Madrid,2,1,H,5.75,3.6,1.65,2023-11-03,la_liga
Darmstadt,Bochum,1,2,A,2.3,3.75,2.88,2023-11-03,bundesliga
Bologna,Lazio,1,0,H,2.63,3.2,2.75,2023-11-03,serie_a
Paris SG,Montpellier,3,0,H,1.25,6.0,10.0,2023-11-03,ligue_1
St Truiden,Eupen,1,1,D,1.62,4.2,5.0,2023-11-03,pro_league
Porto,Estoril,0,1,A,1.18,7.5,12.0,2023-11-03,primeira_liga
Galatasaray,Kasimpasa,2,1,H,1.18,8.0,11.0,2023-11-03,super_lig
Ajax,Volendam,2,0,H,1.3,6.0,9.5,2023-11-02,eredivisie
Coventry,West Brom,0,2,A,2.3,3.3,3.2,2023-10-30,championship
Granada,Villarreal,2,3,A,3.1,3.5,2.25,2023-10-30,la_liga
Empoli,Atalanta,0,3,A,5.25,3.75,1.67,2023-10-30,serie_a
Lazio,Fiorentina,1,0,H,2.25,3.25,3.25,2023-10-30,serie_a
Boavista,Sp Lisbon,0,2,A,6.0,4.5,1.45,2023-10-30,primeira_liga
Besiktas,Gaziantep,2,0,H,1.4,4.5,7.5,2023-10-30,super_lig
AC Milan,Napoli,1,0,H,,,,2023-10-29,serie_a
PSG,Marseille,2,0,H,,,,2023-10-29,ligue_1
PSG,Marseille,4,0,H,,,,2023-10-29,ligue_1
AC Milan,Roma,3,1,H,,,,2023-10-29,serie_a
West Ham,Everton,0,1,A,2.15,3.5,3.3,2023-10-29,premier_league
Aston Villa,Luton,3,1,H,1.25,6.5,9.5,2023-10-29,premier_league
Brighton,Fulham,1,1,D,1.55,4.2,5.5,2023-10-29,premier_league
Liverpool,Nott'm Forest,3,0,H,1.29,5.75,11.0,2023-10-29,premier_league
Man United,Man City,0,3,A,5.0,3.8,1.67,2023-10-29,premier_league
Sheffield Weds,Rotherham,2,0,H,1.91,3.4,4.33,2023-10-29,championship
Betis,Osasuna,2,1,H,2.05,3.5,3.6,2023-10-29,la_liga
Vallecano,Sociedad,2,2,D,3.1,3.2,2.38,2023-10-29,la_liga
Ath Bilbao,Valencia,2,2,D,1.62,3.8,5.75,2023-10-29,la_liga
Ath Madrid,Alaves,2,1,H,1.4,4.75,8.5,2023-10-29,la_liga
Ein Frankfurt,Dortmund,3,3,D,3.4,3.4,2.15,2023-10-29,bundesliga
Leverkusen,Freiburg,2,1,H,1.29,5.5,11.0,2023-10-29,bundesliga
Cagliari,Frosinone,4,3,H,2.3,3.3,3.2,2023-10-29,serie_a
Monza,Udinese,1,1,D,2.0,3.6,3.6,2023-10-29,serie_a
Inter,Roma,1,0,H,1.62,4.0,5.5,2023-10-29,serie_a
Napoli,Milan,2,2,D,2.2,3.4,3.3,2023-10-29,serie_a
Brest,Paris SG,2,3,A,5.75,4.33,1.53,2023-10-29,ligue_1
Lille,Monaco,2,0,H,2.25,3.75,2.9,2023-10-29,ligue_1
Metz,Le Havre,0,0,D,2.5,3.3,2.8,2023-10-29,ligue_1
Montpellier,Toulouse,3,0,H,1.75,4.0,4.5,2023-10-29,ligue_1
Rennes,Strasbourg,1,1,D,1.57,4.0,6.0,2023-10-29,ligue_1
Twente,Feyenoord,2,1,H,3.1,3.6,2.2,2023-10-29,eredivisie
PSV Eindhoven,Ajax,5,2,H,1.3,5.75,9.0,2023-10-29,eredivisie
Volendam,Excelsior,3,1,H,2.7,3.75,2.4,2023-10-29,eredivisie
Club Brugge,Antwerp,2,1,H,1.91,3.6,3.8,2023-10-29,pro_league
Westerlo,St. Gilloise,1,3,A,5.0,4.0,1.62,2023-10-29,pro_league
Gent,Standard,3,1,H,1.62,4.33,4.5,2023-10-29,pro_league
Kortrijk,Genk,0,3,A,6.0,4.33,1.5,2023-10-29,pro_league
Rio Ave,Farense,3,4,A,2.38,3.3,3.0,2023-10-29,primeira_liga
Estrela,Famalicao,1,0,H,2.45,3.25,2.8,2023-10-29,primeira_liga
Vizela,Porto,0,2,A,6.0,4.5,1.45,2023-10-29,primeira_liga
Karagumruk,Trabzonspor,0,0,D,2.9,3.6,2.3,2023-10-29,super_lig
Ankaragucu,Samsunspor,2,0,H,2.3,3.4,2.88,2023-10-29,super_lig
Antalyaspor,Buyuksehyr,1,0,H,2.2,3.4,3.25,2023-10-29,super_lig
Pendikspor,Fenerbahce,0,5,A,8.0,5.5,1.3,2023-10-29,super_lig
Barcelona,Osasuna,2,0,H,,,,2023-10-28,la_liga
Barcelona,Real Madrid,1,2,A,,,,2023-10-28,la_liga
Borussia Dortmund,Bayer Leverkusen,1,1,D,,,,2023-10-28,bundesliga
Borussia Dortmund,RB Leipzig,2,1,H,,,,2023-10-28,bundesliga
Lazio,Inter Milan,1,2,A,,,,2023-10-28,serie_a
Lazio,Inter Milan,1,2,A,,,,2023-10-28,serie_a
Lens,Lille,1,0,H,,,,2023-10-28,ligue_1
Monza,Juventus,0,1,A,,,,2023-10-28,serie_a
Osasuna,Barcelona,1,2,A,,,,2023-10-28,la_liga
RB Leipzig,Eintracht Frankfurt,3,1,H,,,,2023-10-28,bundesliga
Real Madrid,Barcelona,2,1,H,,,,2023-10-28,la_liga
Salernitana,Lazio,1,2,A,,,,2023-10-28,serie_a
Torino,Lazio,0,2,A,,,,2023-10-28,serie_a
Atletico Madrid,Celta Vigo,2,0,H,,,,2023-10-28,la_liga
Roma,Atalanta,1,1,D,,,,2023-10-28,serie_a
Chelsea,Brentford,0,2,A,1.65,4.0,5.25,2023-10-28,premier_league
Arsenal,Sheffield United,5,0,H,1.13,8.5,19.0,2023-10-28,premier_league
Bournemouth,Burnley,2,1,H,2.15,3.5,3.3,2023-10-28,premier_league
Wolves,Newcastle,2,2,D,4.2,4.0,1.75,2023-10-28,premier_league
Leeds,Huddersfield,4,1,H,1.36,4.75,9.0,2023-10-28,championship
Southampton,Birmingham,3,1,H,1.6,4.0,5.5,2023-10-28,championship
Blackburn,Swansea,0,1,A,2.0,3.75,3.5,2023-10-28,championship
Cardiff,Bristol City,2,0,H,2.2,3.5,3.25,2023-10-28,championship
Hull,Preston,1,0,H,2.0,3.5,3.8,2023-10-28,championship
Ipswich,Plymouth,3,2,H,1.36,5.5,7.5,2023-10-28,championship
Middlesbrough,Stoke,0,2,A,1.75,4.0,4.33,2023-10-28,championship
QPR,Leicester,1,2,A,8.0,5.0,1.36,2023-10-28,championship
Sunderland,Norwich,3,1,H,2.0,3.75,3.5,2023-10-28,championship
Watford,Millwall,2,2,D,2.0,3.3,4.0,2023-10-28,championship
Almeria,Las Palmas,1,2,A,2.25,3.5,3.1,2023-10-28,la_liga
Mallorca,Getafe,0,0,D,2.25,3.0,3.5,2023-10-28,la_liga
Cadiz,Sevilla,2,2,D,3.3,3.25,2.25,2023-10-28,la_liga
Augsburg,Wolfsburg,3,2,H,2.9,3.5,2.38,2023-10-28,bundesliga
Bayern Munich,Darmstadt,8,0,H,1.06,12.0,26.0,2023-10-28,bundesliga
M'gladbach,Heidenheim,2,1,H,1.8,4.0,4.0,2023-10-28,bundesliga
Stuttgart,Hoffenheim,2,3,A,1.85,4.0,3.8,2023-10-28,bundesliga
Werder Bremen,Union Berlin,2,0,H,2.7,3.3,2.6,2023-10-28,bundesliga
RB Leipzig,FC Koln,6,0,H,1.44,4.75,7.0,2023-10-28,bundesliga
Sassuolo,Bologna,1,1,D,2.6,3.4,2.63,2023-10-28,serie_a
Lecce,Torino,0,1,A,2.75,3.0,2.8,2023-10-28,serie_a
Juventus,Verona,1,0,H,1.36,5.0,8.0,2023-10-28,serie_a
Reims,Lorient,1,0,H,1.67,4.0,5.0,2023-10-28,ligue_1
Lens,Nantes,4,0,H,1.57,4.2,5.5,2023-10-28,ligue_1
Heerenveen,Heracles,3,0,H,1.95,3.75,3.75,2023-10-28,eredivisie
Almere City,Go Ahead Eagles,0,0,D,2.75,3.4,2.6,2023-10-28,eredivisie
Sparta Rotterdam,Waalwijk,2,0,H,1.75,3.75,4.75,2023-10-28,eredivisie
For Sittard,Utrecht,0,0,D,2.4,3.6,2.8,2023-10-28,eredivisie
Mechelen,Cercle Brugge,0,2,A,3.3,3.6,2.1,2023-10-28,pro_league
Eupen,Charleroi,2,0,H,3.3,3.75,2.0,2023-10-28,pro_league
Anderlecht,Oud-Heverlee Leuven,5,1,H,1.53,4.33,5.5,2023-10-28,pro_league
Portimonense,Estoril,1,0,H,2.45,3.4,2.75,2023-10-28,primeira_liga
Benfica,Casa Pia,1,1,D,1.2,6.5,12.0,2023-10-28,primeira_liga
Guimaraes,Chaves,5,0,H,1.6,4.0,5.5,2023-10-28,primeira_liga
Gil Vicente,Sp Braga,3,3,D,4.0,3.8,1.8,2023-10-28,primeira_liga
Alanyaspor,Sivasspor,1,2,A,2.1,3.5,3.4,2023-10-28,super_lig
Ad. Demirspor,Konyaspor,3,0,H,1.62,4.0,5.0,2023-10-28,super_lig
Rizespor,Galatasaray,0,1,A,6.0,4.33,1.53,2023-10-28,super_lig
Crystal Palace,Tottenham,1,2,A,4.5,3.75,1.75,2023-10-27,premier_league
Girona,Celta,1,0,H,1.7,4.2,4.5,2023-10-27,la_liga
Bochum,Mainz,2,2,D,2.7,3.3,2.55,2023-10-27,bundesliga
Genoa,Salernitana,1,0,H,1.73,3.6,5.25,2023-10-27,serie_a
Clermont,Nice,0,1,A,4.2,3.3,1.91,2023-10-27,ligue_1
Vitesse,Zwolle,1,1,D,1.95,3.8,3.6,2023-10-27,eredivisie
St Truiden,RWD Molenbeek,2,1,H,1.85,3.6,4.0,2023-10-27,pro_league
Arouca,Moreirense,0,1,A,2.5,3.2,2.88,2023-10-27,primeira_liga
Hatayspor,Kayserispor,1,2,A,2.2,3.4,3.1,2023-10-27,super_lig
Kasimpasa,Istanbulspor,3,1,H,1.75,3.75,4.33,2023-10-27,super_lig
Atletico Madrid,Celtic,6,0,H,,,,2023-10-25,champions_league
Bayern Munich,Copenhagen,2,1,H,,,,2023-10-25,champions_league
Benfica,Real Sociedad,0,1,A,,,,2023-10-25,champions_league
Dortmund,Newcastle,2,0,H,,,,2023-10-25,champions_league
Feyenoord,Lazio,3,1,H,,,,2023-10-25,champions_league
Feyenoord,Roma,1,0,H,,,,2023-10-25,champions_league
Girona,Manchester City,3,3,D,,,,2023-10-25,champions_league
Marseille,Eintracht Frankfurt,4,2,H,,,,2023-10-25,champions_league
Newcastle,AC Milan,1,2,A,,,,2023-10-25,champions_league
PSV,Arsenal,1,1,D,,,,2023-10-25,champions_league
Royal Antwerp,Braga,3,1,H,,,,2023-10-25,champions_league
Salzburg,Inter Milan,0,2,A,,,,2023-10-25,champions_league
Young Boys,Manchester City,1,3,A,,,,2023-10-25,champions_league
Birmingham,Hull,0,2,A,2.3,3.25,3.2,2023-10-25,championship
Bristol City,Ipswich,0,1,A,3.5,3.5,2.1,2023-10-25,championship
Plymouth,Sheffield Weds,3,0,H,2.05,3.4,3.75,2023-10-25,championship
Preston,Southampton,2,2,D,3.5,3.4,2.1,2023-10-25,championship
Rotherham,Coventry,2,0,H,4.2,3.5,1.91,2023-10-25,championship
Stoke,Leeds,1,0,H,3.75,3.6,1.95,2023-10-25,championship
Arsenal,Sevilla,2,0,H,,,,2023-10-24,champions_league
Barcelona,Porto,2,1,H,,,,2023-10-24,champions_league
Braga,Napoli,2,0,H,,,,2023-10-24,champions_league
Galatasaray,Barcelona,1,0,H,,,,2023-10-24,champions_league
Manchester City,Copenhagen,3,1,H,,,,2023-10-24,champions_league
Shakhtar,Porto,1,3,A,,,,2023-10-24,champions_league
Sporting CP,Tottenham,2,0,H,,,,2023-10-24,champions_league
Huddersfield,Cardiff,0,4,A,2.38,3.25,3.1,2023-10-24,championship
Millwall,Blackburn,1,2,A,2.45,3.5,2.88,2023-10-24,championship
Norwich,Middlesbrough,1,2,A,2.75,3.6,2.45,2023-10-24,championship
Swansea,Watford,0,1,A,2.3,3.3,3.1,2023-10-24,championship
Leicester,Sunderland,1,0,H,1.5,4.5,6.0,2023-10-24,championship
West Brom,QPR,2,0,H,1.6,4.0,5.25,2023-10-24,championship
Tottenham,Fulham,2,0,H,1.5,4.5,6.0,2023-10-23,premier_league
Valencia,Cadiz,2,0,H,1.75,3.6,5.0,2023-10-23,la_liga
Udinese,Lecce,1,1,D,2.2,3.3,3.4,2023-10-23,serie_a
Fiorentina,Empoli,0,2,A,1.44,4.33,8.0,2023-10-23,serie_a
Karagumruk,Ad. Demirspor,2,0,H,3.25,3.75,2.0,2023-10-23,super_lig
Trabzonspor,Alanyaspor,1,0,H,1.62,4.0,4.75,2023-10-23,super_lig
Barcelona,Athletic Bilbao,4,0,H,,,,2023-10-22,la_liga
Lyon,Marseille,0,1,A,,,,2023-10-22,ligue_1
Marseille,Lyon,1,0,H,,,,2023-10-22,ligue_1
Real Madrid,Sevilla,5,1,H,,,,2023-10-22,la_liga
Udinese,AC Milan,2,3,A,,,,2023-10-22,serie_a
Villarreal,Real Madrid,4,4,D,,,,2023-10-22,la_liga
Villarreal,Real Madrid,4,4,D,,,,2023-10-22,la_liga
Aston Villa,West Ham,4,1,H,1.85,3.6,4.0,2023-10-22,premier_league
Las Palmas,Vallecano,0,1,A,2.63,3.1,2.8,2023-10-22,la_liga
Girona,Almeria,5,2,H,1.45,4.5,7.0,2023-10-22,la_liga
Villarreal,Alaves,1,1,D,1.7,3.75,5.0,2023-10-22,la_liga
Barcelona,Ath Bilbao,1,0,H,1.62,4.0,5.5,2023-10-22,la_liga
FC Koln,M'gladbach,3,1,H,2.4,3.6,2.88,2023-10-22,bundesliga
Heidenheim,Augsburg,2,5,A,2.45,3.5,2.8,2023-10-22,bundesliga
Roma,Monza,1,0,H,1.7,3.6,5.25,2023-10-22,serie_a
Bologna,Frosinone,2,1,H,1.73,3.75,5.0,2023-10-22,serie_a
Salernitana,Cagliari,2,2,D,2.2,3.2,3.5,2023-10-22,serie_a
Atalanta,Genoa,2,0,H,1.55,3.8,6.5,2023-10-22,serie_a
Milan,Juventus,0,1,A,2.25,3.4,3.2,2023-10-22,serie_a
Lorient,Rennes,2,1,H,3.8,3.8,1.85,2023-10-22,ligue_1
Lille,Brest,1,0,H,1.8,3.5,4.75,2023-10-22,ligue_1
Nantes,Montpellier,2,0,H,2.88,3.5,2.4,2023-10-22,ligue_1
Toulouse,Reims,1,1,D,2.8,3.5,2.4,2023-10-22,ligue_1
Monaco,Metz,2,1,H,1.33,5.5,8.5,2023-10-22,ligue_1
Lyon,Clermont,1,2,A,1.75,3.75,4.5,2023-10-22,ligue_1
Utrecht,Ajax,4,3,H,3.9,3.7,1.91,2023-10-22,eredivisie
Excelsior,Zwolle,2,4,A,2.3,4.0,2.75,2023-10-22,eredivisie
Heracles,Twente,2,2,D,5.5,4.33,1.57,2023-10-22,eredivisie
Go Ahead Eagles,Sparta Rotterdam,0,0,D,2.15,3.8,3.1,2023-10-22,eredivisie
Genk,Mechelen,4,0,H,1.53,4.2,5.75,2023-10-22,pro_league
Cercle Brugge,Gent,2,0,H,2.6,3.5,2.5,2023-10-22,pro_league
Standard,Anderlecht,3,2,H,3.0,3.4,2.25,2023-10-22,pro_league
Oud-Heverlee Leuven,St Truiden,4,0,H,2.3,3.5,2.88,2023-10-22,pro_league
Sivasspor,Kasimpasa,0,1,A,2.15,3.4,3.1,2023-10-22,super_lig
Istanbulspor,Ankaragucu,2,1,H,3.0,3.4,2.15,2023-10-22,super_lig
Fenerbahce,Hatayspor,4,2,H,1.22,6.0,9.0,2023-10-22,super_lig
Samsunspor,Buyuksehyr,0,0,D,2.3,3.3,2.9,2023-10-22,super_lig
Arsenal,Crystal Palace,5,0,H,,,,2023-10-21,epl
Barcelona,Atletico Madrid,1,0,H,,,,2023-10-21,la_liga
Bayer Leverkusen,Bayern Munich,2,2,D,,,,2023-10-21,bundesliga
Bayer Leverkusen,Bayern Munich,2,2,D,,,,2023-10-21,bundesliga
Brest,Marseille,2,1,H,,,,2023-10-21,ligue_1
Chelsea,Arsenal,2,2,D,,,,2023-10-21,epl
Fiorentina,AC Milan,1,0,H,,,,2023-10-21,serie_a
Sevilla,Real Madrid,0,1,A,,,,2023-10-21,la_liga
Stuttgart,Borussia Dortmund,2,1,H,,,,2023-10-21,bundesliga
Valencia,Barcelona,1,2,A,,,,2023-10-21,la_liga
Gladbach,Bayer Leverkusen,1,3,A,,,,2023-10-21,bundesliga
Liverpool,Everton,2,0,H,1.33,5.75,7.5,2023-10-21,premier_league
Bournemouth,Wolves,1,2,A,2.38,3.4,3.0,2023-10-21,premier_league
Brentford,Burnley,3,0,H,1.83,3.75,4.2,2023-10-21,premier_league
Man City,Brighton,2,1,H,1.4,5.25,6.5,2023-10-21,premier_league
Newcastle,Crystal Palace,4,0,H,1.45,4.5,7.0,2023-10-21,premier_league
Nott'm Forest,Luton,2,2,D,1.67,3.75,5.5,2023-10-21,premier_league
Sheffield United,Man United,1,2,A,6.5,5.25,1.4,2023-10-21,premier_league
Preston,Millwall,1,1,D,2.38,3.2,3.1,2023-10-21,championship
Blackburn,Cardiff,1,0,H,2.0,3.5,3.6,2023-10-21,championship
Bristol City,Coventry,1,0,H,2.38,3.4,2.9,2023-10-21,championship
Huddersfield,QPR,2,1,H,1.91,3.5,4.0,2023-10-21,championship
Hull,Southampton,1,2,A,2.9,3.4,2.38,2023-10-21,championship
Middlesbrough,Birmingham,1,0,H,1.75,3.75,4.5,2023-10-21,championship
Norwich,Leeds,2,3,A,3.0,3.5,2.25,2023-10-21,championship
Stoke,Sunderland,2,1,H,2.5,3.3,2.75,2023-10-21,championship
Swansea,Leicester,1,3,A,4.33,4.0,1.75,2023-10-21,championship
Watford,Sheffield Weds,1,0,H,1.67,3.6,5.25,2023-10-21,championship
West Brom,Plymouth,0,0,D,1.7,3.6,5.0,2023-10-21,championship
Sociedad,Mallorca,1,0,H,1.55,3.8,7.0,2023-10-21,la_liga
Getafe,Betis,1,1,D,2.5,3.0,3.1,2023-10-21,la_liga
Celta,Ath Madrid,0,3,A,3.5,3.5,2.1,2023-10-21,la_liga
Darmstadt,RB Leipzig,1,3,A,6.5,4.75,1.44,2023-10-21,bundesliga
Freiburg,Bochum,2,1,H,1.7,3.75,5.0,2023-10-21,bundesliga
Hoffenheim,Ein Frankfurt,1,3,A,2.1,3.5,3.4,2023-10-21,bundesliga
Union Berlin,Stuttgart,0,3,A,2.5,3.5,2.7,2023-10-21,bundesliga
Wolfsburg,Leverkusen,1,2,A,4.33,4.0,1.75,2023-10-21,bundesliga
Mainz,Bayern Munich,1,3,A,9.0,6.0,1.29,2023-10-21,bundesliga
Verona,Napoli,1,3,A,5.5,3.75,1.65,2023-10-21,serie_a
Torino,Inter,0,3,A,5.5,3.6,1.7,2023-10-21,serie_a
Sassuolo,Lazio,0,2,A,2.7,3.5,2.5,2023-10-21,serie_a
Paris SG,Strasbourg,3,0,H,1.22,6.5,12.0,2023-10-21,ligue_1
Nice,Marseille,1,0,H,2.4,3.3,3.0,2023-10-21,ligue_1
PSV Eindhoven,For Sittard,3,1,H,1.11,8.5,21.0,2023-10-21,eredivisie
Waalwijk,Volendam,2,1,H,1.65,4.2,4.5,2023-10-21,eredivisie
Nijmegen,Almere City,1,1,D,1.8,3.8,4.0,2023-10-21,eredivisie
AZ Alkmaar,Heerenveen,3,0,H,1.29,5.75,10.0,2023-10-21,eredivisie
Feyenoord,Vitesse,4,0,H,1.14,8.5,15.0,2023-10-21,eredivisie
Kortrijk,Club Brugge,1,0,H,7.0,5.0,1.4,2023-10-21,pro_league
RWD Molenbeek,Westerlo,1,1,D,2.25,3.5,2.9,2023-10-21,pro_league
Charleroi,Antwerp,3,2,H,3.2,3.4,2.15,2023-10-21,pro_league
Kayserispor,Rizespor,3,1,H,2.3,3.3,2.9,2023-10-21,super_lig
Gaziantep,Antalyaspor,1,0,H,2.6,3.2,2.5,2023-10-21,super_lig
Konyaspor,Pendikspor,1,2,A,1.67,3.75,4.5,2023-10-21,super_lig
Galatasaray,Besiktas,2,1,H,1.6,4.0,4.75,2023-10-21,super_lig
Osasuna,Granada,2,0,H,1.73,3.8,4.75,2023-10-20,la_liga
Dortmund,Werder Bremen,1,0,H,1.29,6.5,8.0,2023-10-20,bundesliga
Le Havre,Lens,0,0,D,4.5,3.5,1.83,2023-10-20,ligue_1
St. Gilloise,Eupen,4,1,H,1.18,6.5,13.0,2023-10-20,pro_league
San Jose Earthquakes,LA Galaxy,0,2,A,,,,2023-10-14,mls
Seattle Sounders,Portland Timbers,2,1,H,,,,2023-10-14,mls
Barcelona,Real Sociedad,1,0,H,,,,2023-10-14,la_liga
Union SG,Liverpool,2,0,H,,,,2023-10-12,champions_league
Copenhagen,Manchester City,1,3,A,,,,2023-10-11,champions_league
Atletico Madrid,Sevilla,3,1,H,,,,2023-10-08,la_liga
Bayer Leverkusen,Mainz,2,0,H,,,,2023-10-08,bundesliga
Manchester City,Arsenal,2,2,D,,,,2023-10-08,epl
Nice,Monaco,0,0,D,,,,2023-10-08,ligue_1
PSG,Nice,4,2,H,,,,2023-10-08,ligue_1
Sassuolo,Napoli,2,2,D,,,,2023-10-08,serie_a
Brighton,Liverpool,2,2,D,3.0,3.8,2.2,2023-10-08,premier_league
West Ham,Newcastle,2,2,D,3.2,3.75,2.1,2023-10-08,premier_league
Wolves,Aston Villa,1,1,D,3.5,3.4,2.1,2023-10-08,premier_league
Arsenal,Man City,1,0,H,2.9,3.3,2.4,2023-10-08,premier_league
Villarreal,Las Palmas,1,2,A,1.6,4.0,5.75,2023-10-08,la_liga
Ath Madrid,Sociedad,2,1,H,1.83,3.4,4.5,2023-10-08,la_liga
Alaves,Betis,1,1,D,2.8,3.25,2.6,2023-10-08,la_liga
Celta,Getafe,2,2,D,2.05,3.1,4.2,2023-10-08,la_liga
Granada,Barcelona,2,2,D,6.5,5.25,1.4,2023-10-08,la_liga
Leverkusen,FC Koln,3,0,H,1.33,5.5,8.0,2023-10-08,bundesliga
Bayern Munich,Freiburg,3,0,H,1.14,8.5,17.0,2023-10-08,bundesliga
Ein Frankfurt,Heidenheim,2,0,H,1.7,4.0,4.75,2023-10-08,bundesliga
Monza,Salernitana,3,0,H,1.7,3.8,5.0,2023-10-08,serie_a
Frosinone,Verona,2,1,H,2.35,3.3,3.1,2023-10-08,serie_a
Lazio,Atalanta,3,2,H,2.7,3.3,2.63,2023-10-08,serie_a
Cagliari,Roma,1,4,A,4.75,3.3,1.83,2023-10-08,serie_a
Napoli,Fiorentina,1,3,A,1.6,4.2,5.5,2023-10-08,serie_a
Marseille,Le Havre,3,0,H,1.45,4.75,6.0,2023-10-08,ligue_1
Brest,Toulouse,1,1,D,1.8,3.8,4.33,2023-10-08,ligue_1
Lyon,Lorient,3,3,D,1.67,4.2,4.75,2023-10-08,ligue_1
Lens,Lille,1,1,D,2.25,3.6,3.0,2023-10-08,ligue_1
Rennes,Paris SG,1,3,A,3.4,3.6,2.05,2023-10-08,ligue_1
Zwolle,Feyenoord,0,2,A,10.0,5.75,1.29,2023-10-08,eredivisie
Ajax,AZ Alkmaar,1,2,A,2.25,3.8,2.9,2023-10-08,eredivisie
For Sittard,Twente,0,3,A,3.6,4.0,1.91,2023-10-08,eredivisie
Sparta Rotterdam,PSV Eindhoven,0,4,A,9.0,4.75,1.36,2023-10-08,eredivisie
Standard,Club Brugge,2,1,H,4.75,4.0,1.65,2023-10-08,pro_league
Antwerp,Eupen,4,1,H,1.25,6.5,9.5,2023-10-08,pro_league
Gent,Genk,1,1,D,1.95,3.75,3.5,2023-10-08,pro_league
St Truiden,St. Gilloise,0,4,A,4.0,3.75,1.83,2023-10-08,pro_league
Casa Pia,Estrela,0,1,A,1.95,3.2,3.6,2023-10-08,primeira_liga
Famalicao,Guimaraes,1,3,A,2.4,3.1,2.7,2023-10-08,primeira_liga
Porto,Portimonense,1,0,H,1.13,7.5,15.0,2023-10-08,primeira_liga
Sp Lisbon,Arouca,2,1,H,1.22,5.0,11.0,2023-10-08,primeira_liga
Rizespor,Samsunspor,1,0,H,2.1,3.2,3.3,2023-10-08,super_lig
Besiktas,Istanbulspor,2,0,H,1.2,6.5,9.0,2023-10-08,super_lig
Hatayspor,Konyaspor,3,1,H,2.5,3.3,2.55,2023-10-08,super_lig
Kasimpasa,Fenerbahce,0,2,A,6.0,4.0,1.45,2023-10-08,super_lig
Austin FC,Houston Dynamo,1,1,D,,,,2023-10-07,mls
Bologna,Inter Milan,0,1,A,,,,2023-10-07,serie_a
Bologna,Inter Milan,0,2,A,,,,2023-10-07,serie_a
FC Dallas,Houston Dynamo,1,1,D,,,,2023-10-07,mls
Freiburg,Bayern Munich,2,4,A,,,,2023-10-07,bundesliga
Juventus,Monza,2,0,H,,,,2023-10-07,serie_a
LA Galaxy,Seattle Sounders,0,2,A,,,,2023-10-07,mls
New York City FC,New York Red Bulls,3,1,H,,,,2023-10-07,mls
Philadelphia Union,New England,2,0,H,,,,2023-10-07,mls
Real Sociedad,Athletic Bilbao,1,1,D,,,,2023-10-07,la_liga
Wolfsburg,Borussia Dortmund,0,1,A,,,,2023-10-07,bundesliga
Koln,Bayer Leverkusen,0,2,A,,,,2023-10-07,bundesliga
Monaco,Strasbourg,5,0,H,,,,2023-10-07,ligue_1
Luton,Tottenham,0,1,A,6.0,4.75,1.45,2023-10-07,premier_league
Burnley,Chelsea,1,4,A,4.5,3.8,1.73,2023-10-07,premier_league
Everton,Bournemouth,3,0,H,1.91,3.6,3.8,2023-10-07,premier_league
Fulham,Sheffield United,3,1,H,1.62,3.8,6.0,2023-10-07,premier_league
Man United,Brentford,2,1,H,1.67,4.2,4.75,2023-10-07,premier_league
Crystal Palace,Nott'm Forest,0,0,D,2.2,3.1,3.6,2023-10-07,premier_league
Sunderland,Middlesbrough,0,4,A,2.3,3.6,2.88,2023-10-07,championship
Cardiff,Watford,1,1,D,2.45,3.3,2.9,2023-10-07,championship
Coventry,Norwich,1,1,D,2.6,3.2,2.8,2023-10-07,championship
Ipswich,Preston,4,2,H,1.6,4.0,5.5,2023-10-07,championship
Leeds,Bristol City,2,1,H,1.57,4.2,5.75,2023-10-07,championship
Leicester,Stoke,2,0,H,1.55,4.33,5.75,2023-10-07,championship
Millwall,Hull,2,2,D,2.3,3.4,3.1,2023-10-07,championship
Plymouth,Swansea,1,3,A,2.4,3.4,2.88,2023-10-07,championship
QPR,Blackburn,0,4,A,3.0,3.5,2.3,2023-10-07,championship
Sheffield Weds,Huddersfield,0,0,D,2.6,3.3,2.75,2023-10-07,championship
Southampton,Rotherham,1,1,D,1.33,5.5,8.5,2023-10-07,championship
Cadiz,Girona,0,1,A,3.25,3.4,2.25,2023-10-07,la_liga
Real Madrid,Osasuna,4,0,H,1.29,6.0,9.5,2023-10-07,la_liga
Mallorca,Valencia,1,1,D,2.5,3.0,3.2,2023-10-07,la_liga
Sevilla,Vallecano,2,2,D,1.85,3.6,4.2,2023-10-07,la_liga
Augsburg,Darmstadt,1,2,A,1.85,3.75,4.0,2023-10-07,bundesliga
Dortmund,Union Berlin,4,2,H,1.57,4.33,5.25,2023-10-07,bundesliga
RB Leipzig,Bochum,0,0,D,1.25,6.0,11.0,2023-10-07,bundesliga
Stuttgart,Wolfsburg,3,1,H,2.0,3.5,3.75,2023-10-07,bundesliga
Werder Bremen,Hoffenheim,2,3,A,2.75,3.75,2.4,2023-10-07,bundesliga
Inter,Bologna,2,2,D,1.36,5.5,7.5,2023-10-07,serie_a
Juventus,Torino,2,0,H,1.91,3.3,4.33,2023-10-07,serie_a
Genoa,Milan,0,1,A,4.2,3.5,1.91,2023-10-07,serie_a
Metz,Nice,0,1,A,4.75,3.8,1.73,2023-10-07,ligue_1
Reims,Monaco,1,3,A,2.6,3.6,2.55,2023-10-07,ligue_1
Heerenveen,Nijmegen,1,1,D,2.15,3.6,3.2,2023-10-07,eredivisie
Almere City,Waalwijk,1,0,H,2.3,3.8,2.75,2023-10-07,eredivisie
Go Ahead Eagles,Heracles,4,0,H,1.8,4.0,4.2,2023-10-07,eredivisie
Vitesse,Excelsior,0,0,D,1.73,4.33,4.0,2023-10-07,eredivisie
Cercle Brugge,Oud-Heverlee Leuven,3,2,H,1.57,4.33,5.0,2023-10-07,pro_league
Westerlo,Kortrijk,1,0,H,1.8,4.0,3.8,2023-10-07,pro_league
Anderlecht,Mechelen,3,1,H,1.73,4.0,4.2,2023-10-07,pro_league
Chaves,Gil Vicente,4,2,H,2.45,3.25,2.6,2023-10-07,primeira_liga
Farense,Vizela,0,0,D,2.05,3.25,3.4,2023-10-07,primeira_liga
Sp Braga,Rio Ave,2,1,H,1.29,4.75,8.0,2023-10-07,primeira_liga
Estoril,Benfica,0,1,A,8.5,5.25,1.25,2023-10-07,primeira_liga
Pendikspor,Sivasspor,2,3,A,2.5,3.4,2.45,2023-10-07,super_lig
Ankaragucu,Kayserispor,3,0,H,2.1,3.2,3.4,2023-10-07,super_lig
Antalyaspor,Galatasaray,0,2,A,5.25,3.5,1.62,2023-10-07,super_lig
Buyuksehyr,Gaziantep,2,0,H,1.75,3.3,4.33,2023-10-07,super_lig
Birmingham,West Brom,3,1,H,2.75,3.2,2.63,2023-10-06,championship
Ath Bilbao,Almeria,3,0,H,1.36,5.0,8.0,2023-10-06,la_liga
M'gladbach,Mainz,2,2,D,2.05,3.75,3.4,2023-10-06,bundesliga
Empoli,Udinese,0,0,D,3.1,3.25,2.38,2023-10-06,serie_a
Lecce,Sassuolo,1,1,D,2.55,3.4,2.7,2023-10-06,serie_a
Strasbourg,Nantes,1,2,A,2.2,3.25,3.4,2023-10-06,ligue_1
Volendam,Utrecht,1,0,H,3.8,4.0,1.83,2023-10-06,eredivisie
Charleroi,RWD Molenbeek,2,1,H,1.91,3.75,3.75,2023-10-06,pro_league
Moreirense,Boavista,1,1,D,1.83,3.4,3.6,2023-10-06,primeira_liga
Ad. Demirspor,Trabzonspor,1,0,H,1.95,3.3,3.5,2023-10-06,super_lig
Alanyaspor,Karagumruk,2,1,H,2.2,3.0,3.2,2023-10-06,super_lig
Manchester City,Fulham,5,1,H,,,,2023-10-05,epl
Benfica,Salzburg,3,0,H,,,,2023-10-04,champions_league
Borussia Dortmund,AC Milan,3,1,H,,,,2023-10-04,champions_league
Celtic,Feyenoord,2,2,D,,,,2023-10-04,champions_league
Celtic,Lazio,2,2,D,,,,2023-10-04,champions_league
Galatasaray,Copenhagen,2,2,D,,,,2023-10-04,champions_league
Lazio,Atletico Madrid,0,2,A,,,,2023-10-04,champions_league
Leipzig,Manchester City,1,3,A,,,,2023-10-04,champions_league
Leipzig,Young Boys,3,1,H,,,,2023-10-04,champions_league
Liverpool,Toulouse,5,1,H,,,,2023-10-04,champions_league
Marseille,Sporting CP,4,1,H,,,,2023-10-04,champions_league
Newcastle,PSG,4,1,H,,,,2023-10-04,champions_league
Porto,Barcelona,1,0,H,,,,2023-10-04,champions_league
Sporting CP,Eintracht Frankfurt,2,3,A,,,,2023-10-04,champions_league
Tottenham,Marseille,2,0,H,,,,2023-10-04,champions_league
Coventry,Blackburn,1,0,H,2.05,3.6,3.4,2023-10-04,championship
Leeds,QPR,1,0,H,1.36,5.0,9.0,2023-10-04,championship
Leicester,Preston,3,0,H,1.5,4.2,7.5,2023-10-04,championship
Sunderland,Watford,2,0,H,1.95,3.4,4.0,2023-10-04,championship
Swansea,Norwich,2,1,H,2.9,3.3,2.45,2023-10-04,championship
Rotherham,Bristol City,1,2,A,3.6,3.4,2.05,2023-10-04,championship
Bayern Munich,Galatasaray,3,1,H,,,,2023-10-03,champions_league
Benfica,Inter Milan,3,3,D,,,,2023-10-03,champions_league
Braga,Porto,0,1,A,,,,2023-10-03,champions_league
Inter Milan,Real Sociedad,2,0,H,,,,2023-10-03,champions_league
Lens,Arsenal,1,2,A,,,,2023-10-03,champions_league
Napoli,Braga,2,1,H,,,,2023-10-03,champions_league
Royal Antwerp,Shakhtar,3,1,H,,,,2023-10-03,champions_league
Shakhtar,Barcelona,1,0,H,,,,2023-10-03,champions_league
Luton,Burnley,1,2,A,2.9,3.0,2.63,2023-10-03,premier_league
Birmingham,Huddersfield,4,1,H,2.25,3.3,3.3,2023-10-03,championship
Ipswich,Hull,3,0,H,1.7,4.0,4.75,2023-10-03,championship
Middlesbrough,Cardiff,2,0,H,1.91,3.75,4.0,2023-10-03,championship
Plymouth,Millwall,0,2,A,2.4,3.5,2.8,2023-10-03,championship
Stoke,Southampton,0,1,A,2.7,3.4,2.6,2023-10-03,championship
West Brom,Sheffield Weds,1,0,H,1.6,3.8,6.0,2023-10-03,championship
Fulham,Chelsea,0,2,A,3.6,3.5,2.05,2023-10-02,premier_league
Las Palmas,Celta,2,1,H,2.5,3.2,3.0,2023-10-02,la_liga
Sassuolo,Monza,0,1,A,2.25,3.75,2.88,2023-10-02,serie_a
Torino,Verona,0,0,D,1.85,3.5,4.33,2023-10-02,serie_a
Fiorentina,Cagliari,3,0,H,1.5,4.2,7.0,2023-10-02,serie_a
Gil Vicente,Casa Pia,2,0,H,2.25,3.2,3.2,2023-10-02,primeira_liga
Kayserispor,Buyuksehyr,0,0,D,2.55,3.3,2.7,2023-10-02,super_lig
Bayern Munich,Stuttgart,3,0,H,,,,2023-10-01,bundesliga
Columbus Crew,CF Montreal,3,0,H,,,,2023-10-01,mls
Inter Miami,Orlando City,1,0,H,,,,2023-10-01,mls
Lyon,PSG,1,4,A,,,,2023-10-01,ligue_1
MLS Portland Timbers,LA Galaxy,2,1,H,,,,2023-10-01,mls
Nashville SC,CF Montreal,1,0,H,,,,2023-10-01,mls
PSG,Lyon,4,1,H,,,,2023-10-01,ligue_1
Sevilla,Valencia,1,0,H,,,,2023-10-01,la_liga
Toronto FC,Columbus Crew,0,2,A,,,,2023-10-01,mls
Nott'm Forest,Brentford,1,1,D,2.75,3.1,2.7,2023-10-01,premier_league
Blackburn,Leicester,1,4,A,3.6,3.6,2.05,2023-10-01,championship
Almeria,Granada,3,3,D,1.95,3.6,3.75,2023-10-01,la_liga
Alaves,Osasuna,0,2,A,2.75,3.0,2.8,2023-10-01,la_liga
Ath Madrid,Cadiz,3,2,H,1.33,5.0,10.0,2023-10-01,la_liga
Betis,Valencia,3,0,H,2.3,3.25,3.3,2023-10-01,la_liga
Darmstadt,Werder Bremen,4,2,H,2.8,3.8,2.3,2023-10-01,bundesliga
Freiburg,Augsburg,2,0,H,1.73,4.0,4.75,2023-10-01,bundesliga
Bologna,Empoli,3,0,H,1.62,4.0,5.5,2023-10-01,serie_a
Udinese,Genoa,2,2,D,2.38,3.1,3.2,2023-10-01,serie_a
Atalanta,Juventus,0,0,D,2.5,3.4,2.8,2023-10-01,serie_a
Roma,Frosinone,2,0,H,1.44,4.2,8.0,2023-10-01,serie_a
Reims,Lyon,2,0,H,2.0,3.8,3.4,2023-10-01,ligue_1
Le Havre,Lille,0,2,A,4.0,3.5,1.95,2023-10-01,ligue_1
Nice,Brest,0,0,D,1.73,3.8,4.5,2023-10-01,ligue_1
Toulouse,Metz,3,0,H,2.1,3.6,3.4,2023-10-01,ligue_1
Lorient,Montpellier,0,3,A,3.0,3.5,2.38,2023-10-01,ligue_1
Rennes,Nantes,3,1,H,1.53,4.5,5.75,2023-10-01,ligue_1
Nijmegen,Vitesse,1,3,A,2.15,3.4,3.25,2023-10-01,eredivisie
Excelsior,Sparta Rotterdam,2,1,H,3.3,3.6,2.05,2023-10-01,eredivisie
Heracles,Zwolle,2,1,H,2.2,3.5,3.1,2023-10-01,eredivisie
AZ Alkmaar,For Sittard,4,0,H,1.36,4.75,9.0,2023-10-01,eredivisie
St. Gilloise,Charleroi,3,1,H,1.55,4.2,5.5,2023-10-01,pro_league
Genk,Westerlo,3,3,D,1.44,4.5,7.0,2023-10-01,pro_league
Club Brugge,St Truiden,1,1,D,1.36,4.75,8.5,2023-10-01,pro_league
RWD Molenbeek,Gent,1,1,D,4.5,4.0,1.7,2023-10-01,pro_league
Arouca,Chaves,0,2,A,1.8,3.6,4.2,2023-10-01,primeira_liga
Guimaraes,Estoril,3,2,H,1.83,3.5,4.33,2023-10-01,primeira_liga
Rio Ave,Moreirense,0,4,A,2.3,3.2,3.1,2023-10-01,primeira_liga
Karagumruk,Kasimpasa,2,3,A,2.3,3.5,2.9,2023-10-01,super_lig
Fenerbahce,Rizespor,5,0,H,1.36,5.0,8.0,2023-10-01,super_lig
Ad. Demirspor,Alanyaspor,4,0,H,1.73,4.0,4.33,2023-10-01,super_lig
Konyaspor,Besiktas,0,2,A,3.4,3.6,2.05,2023-10-01,super_lig
Atlanta United,Inter Miami,2,0,H,,,,2023-09-30,mls
Colorado Rapids,Real Salt Lake,1,2,A,,,,2023-09-30,mls
Eintracht Frankfurt,Borussia Dortmund,2,2,D,,,,2023-09-30,bundesliga
Hoffenheim,Bayern Munich,1,4,A,,,,2023-09-30,bundesliga
LAFC,Portland Timbers,2,1,H,,,,2023-09-30,mls
Barcelona,Las Palmas,2,1,H,,,,2023-09-30,la_liga
Aston Villa,Brighton,6,1,H,2.55,3.75,2.55,2023-09-30,premier_league
Bournemouth,Arsenal,0,4,A,5.5,4.5,1.53,2023-09-30,premier_league
Everton,Luton,1,2,A,1.57,3.8,6.5,2023-09-30,premier_league
Man United,Crystal Palace,0,1,A,1.55,4.2,5.75,2023-09-30,premier_league
Newcastle,Burnley,2,0,H,1.3,5.75,9.0,2023-09-30,premier_league
West Ham,Sheffield United,2,0,H,1.45,4.5,7.0,2023-09-30,premier_league
Wolves,Man City,2,1,H,8.0,5.75,1.33,2023-09-30,premier_league
Tottenham,Liverpool,2,1,H,2.9,4.0,2.15,2023-09-30,premier_league
Southampton,Leeds,3,1,H,3.0,3.5,2.3,2023-09-30,championship
Bristol City,Stoke,2,3,A,2.3,3.25,3.2,2023-09-30,championship
Cardiff,Rotherham,2,0,H,1.7,3.75,5.25,2023-09-30,championship
Huddersfield,Ipswich,1,1,D,4.0,3.6,1.91,2023-09-30,championship
Hull,Plymouth,1,1,D,1.83,3.75,4.2,2023-09-30,championship
Millwall,Swansea,0,3,A,2.1,3.3,3.75,2023-09-30,championship
Norwich,Birmingham,2,0,H,1.91,3.5,4.0,2023-09-30,championship
Preston,West Brom,0,4,A,2.38,3.5,2.88,2023-09-30,championship
QPR,Coventry,1,3,A,3.1,3.3,2.38,2023-09-30,championship
Watford,Middlesbrough,2,3,A,2.45,3.4,2.9,2023-09-30,championship
Getafe,Villarreal,0,0,D,2.9,3.1,2.6,2023-09-30,la_liga
Vallecano,Mallorca,2,2,D,2.1,3.1,4.0,2023-09-30,la_liga
Girona,Real Madrid,0,3,A,3.5,4.0,1.95,2023-09-30,la_liga
Sociedad,Ath Bilbao,3,0,H,2.2,3.2,3.5,2023-09-30,la_liga
Bochum,M'gladbach,1,3,A,2.3,3.75,2.9,2023-09-30,bundesliga
FC Koln,Stuttgart,0,2,A,2.88,3.5,2.38,2023-09-30,bundesliga
Heidenheim,Union Berlin,1,0,H,3.0,3.6,2.25,2023-09-30,bundesliga
Mainz,Leverkusen,0,3,A,5.75,4.5,1.53,2023-09-30,bundesliga
Wolfsburg,Ein Frankfurt,2,0,H,2.05,3.5,3.5,2023-09-30,bundesliga
RB Leipzig,Bayern Munich,2,2,D,3.4,4.2,1.91,2023-09-30,bundesliga
Lecce,Napoli,0,4,A,4.75,3.8,1.75,2023-09-30,serie_a
Milan,Lazio,2,0,H,1.73,3.6,5.0,2023-09-30,serie_a
Salernitana,Inter,0,4,A,8.0,4.75,1.4,2023-09-30,serie_a
Clermont,Paris SG,0,0,D,7.5,4.5,1.44,2023-09-30,ligue_1
Monaco,Marseille,3,2,H,2.15,3.8,3.1,2023-09-30,ligue_1
Feyenoord,Go Ahead Eagles,3,1,H,1.14,8.0,17.0,2023-09-30,eredivisie
PSV Eindhoven,Volendam,3,1,H,1.06,13.0,29.0,2023-09-30,eredivisie
Utrecht,Almere City,0,2,A,1.55,4.0,6.0,2023-09-30,eredivisie
Twente,Heerenveen,1,0,H,1.33,5.5,8.5,2023-09-30,eredivisie
Eupen,Anderlecht,1,3,A,4.2,4.0,1.73,2023-09-30,pro_league
Oud-Heverlee Leuven,Standard,1,2,A,2.3,3.6,2.88,2023-09-30,pro_league
Mechelen,Antwerp,0,0,D,3.6,4.0,1.85,2023-09-30,pro_league
Vizela,Portimonense,2,3,A,1.75,3.5,4.5,2023-09-30,primeira_liga
Boavista,Famalicao,2,2,D,2.15,3.4,3.2,2023-09-30,primeira_liga
Farense,Sp Lisbon,2,3,A,6.5,4.5,1.45,2023-09-30,primeira_liga
Sivasspor,Hatayspor,0,0,D,2.0,3.6,3.4,2023-09-30,super_lig
Istanbulspor,Antalyaspor,1,2,A,3.2,3.5,2.15,2023-09-30,super_lig
Trabzonspor,Pendikspor,2,1,H,1.5,4.2,6.0,2023-09-30,super_lig
Galatasaray,Ankaragucu,2,1,H,1.3,5.75,8.0,2023-09-30,super_lig
Sheffield Weds,Sunderland,0,3,A,3.2,3.4,2.25,2023-09-29,championship
Barcelona,Sevilla,1,0,H,1.36,5.25,8.0,2023-09-29,la_liga
Hoffenheim,Dortmund,1,3,A,3.1,4.0,2.05,2023-09-29,bundesliga
Strasbourg,Lens,0,1,A,3.5,3.4,2.05,2023-09-29,ligue_1
Kortrijk,Cercle Brugge,2,1,H,5.0,4.0,1.62,2023-09-29,pro_league
Benfica,Porto,1,0,H,1.91,3.75,3.8,2023-09-29,primeira_liga
Samsunspor,Gaziantep,1,2,A,1.85,3.75,3.8,2023-09-29,super_lig
Celta,Alaves,1,1,D,1.7,3.6,5.25,2023-09-28,la_liga
Granada,Betis,1,1,D,3.0,3.3,2.38,2023-09-28,la_liga
Osasuna,Ath Madrid,0,2,A,3.4,3.4,2.15,2023-09-28,la_liga
Frosinone,Fiorentina,1,1,D,3.75,3.6,1.95,2023-09-28,serie_a
Monza,Bologna,0,0,D,2.38,3.3,3.0,2023-09-28,serie_a
Genoa,Roma,4,1,H,3.8,3.25,2.05,2023-09-28,serie_a
AZ Alkmaar,Heracles,1,1,D,1.29,5.75,9.5,2023-09-28,eredivisie
RWD Molenbeek,St. Gilloise,2,3,A,4.75,3.8,1.7,2023-09-28,pro_league
Club Brugge,Genk,1,1,D,1.85,3.6,4.2,2023-09-28,pro_league
Estrela,Sp Braga,2,4,A,4.5,3.8,1.7,2023-09-28,primeira_liga
Fenerbahce,Buyuksehyr,4,0,H,1.45,4.5,7.0,2023-09-28,super_lig
Ath Bilbao,Getafe,2,2,D,1.62,3.6,6.5,2023-09-27,la_liga
Real Madrid,Las Palmas,2,0,H,1.2,7.0,11.0,2023-09-27,la_liga
Villarreal,Girona,1,2,A,2.25,3.5,3.1,2023-09-27,la_liga
Cadiz,Vallecano,0,0,D,2.5,3.2,2.88,2023-09-27,la_liga
Valencia,Sociedad,0,1,A,2.63,3.1,2.8,2023-09-27,la_liga
Cagliari,Milan,1,3,A,5.25,3.8,1.67,2023-09-27,serie_a
Empoli,Salernitana,1,0,H,2.3,3.3,3.2,2023-09-27,serie_a
Verona,Atalanta,0,1,A,4.2,3.75,1.83,2023-09-27,serie_a
Inter,Sassuolo,1,2,A,1.33,5.5,8.0,2023-09-27,serie_a
Lazio,Torino,2,0,H,2.15,3.25,3.5,2023-09-27,serie_a
Napoli,Udinese,4,1,H,1.36,5.0,8.5,2023-09-27,serie_a
Ajax,Feyenoord,0,4,A,2.8,3.75,2.38,2023-09-27,eredivisie
PSV Eindhoven,Go Ahead Eagles,3,0,H,1.17,7.5,16.0,2023-09-27,eredivisie
Twente,Vitesse,1,0,H,1.4,4.75,7.5,2023-09-27,eredivisie
Antwerp,Gent,0,0,D,2.1,3.6,3.2,2023-09-27,pro_league
Ad. Demirspor,Besiktas,4,2,H,3.3,3.75,2.05,2023-09-27,super_lig
Antwerp,Barcelona,3,2,H,,,,2023-09-26,champions_league
Liverpool,Union SG,2,0,H,,,,2023-09-26,champions_league
Sevilla,Almeria,5,1,H,1.67,3.8,5.0,2023-09-26,la_liga
Mallorca,Barcelona,2,2,D,7.5,4.2,1.5,2023-09-26,la_liga
Juventus,Lecce,1,0,H,1.5,4.2,7.0,2023-09-26,serie_a
Lille,Reims,1,2,A,1.91,3.75,3.75,2023-09-26,ligue_1
Istanbulspor,Galatasaray,0,1,A,9.5,5.25,1.3,2023-09-26,super_lig
Coventry,Huddersfield,1,1,D,1.8,3.75,4.33,2023-09-25,championship
Sp Lisbon,Rio Ave,2,0,H,1.2,6.0,15.0,2023-09-25,primeira_liga
Hatayspor,Trabzonspor,3,2,H,3.2,3.4,2.25,2023-09-25,super_lig
Real Madrid,Atletico Madrid,2,1,H,,,,2023-09-24,la_liga
Real Madrid,Atletico Madrid,2,1,H,,,,2023-09-24,la_liga
Rennes,PSG,1,3,A,,,,2023-09-24,ligue_1
Tottenham,Arsenal,2,3,A,,,,2023-09-24,epl
Liverpool,West Ham,4,2,H,,,,2023-09-24,epl
Arsenal,Tottenham,2,2,D,1.67,4.33,4.33,2023-09-24,premier_league
Brighton,Bournemouth,3,1,H,1.36,5.25,7.5,2023-09-24,premier_league
Chelsea,Aston Villa,0,1,A,1.91,3.75,3.8,2023-09-24,premier_league
Sheffield United,Newcastle,0,8,A,7.0,4.75,1.44,2023-09-24,premier_league
Stoke,Hull,1,3,A,1.91,3.75,3.8,2023-09-24,championship
Sunderland,Cardiff,0,1,A,1.85,3.5,4.33,2023-09-24,championship
Sociedad,Getafe,4,3,H,1.53,3.8,7.0,2023-09-24,la_liga
Vallecano,Villarreal,1,1,D,2.5,3.5,2.63,2023-09-24,la_liga
Betis,Cadiz,1,1,D,1.8,3.5,4.5,2023-09-24,la_liga
Las Palmas,Granada,1,0,H,1.95,3.5,3.6,2023-09-24,la_liga
Ath Madrid,Real Madrid,3,1,H,2.7,3.4,2.55,2023-09-24,la_liga
Leverkusen,Heidenheim,4,1,H,1.22,6.5,12.0,2023-09-24,bundesliga
Ein Frankfurt,Freiburg,0,0,D,2.05,3.6,3.4,2023-09-24,bundesliga
Empoli,Inter,0,1,A,9.0,5.25,1.33,2023-09-24,serie_a
Atalanta,Cagliari,2,0,H,1.4,5.0,8.0,2023-09-24,serie_a
Udinese,Fiorentina,0,2,A,3.2,3.5,2.25,2023-09-24,serie_a
Bologna,Napoli,0,0,D,3.75,3.6,1.91,2023-09-24,serie_a
Torino,Roma,1,1,D,3.1,2.9,2.6,2023-09-24,serie_a
Metz,Strasbourg,0,1,A,2.88,3.25,2.45,2023-09-24,ligue_1
Le Havre,Clermont,2,1,H,2.4,3.3,2.88,2023-09-24,ligue_1
Lens,Toulouse,2,1,H,1.73,3.8,5.0,2023-09-24,ligue_1
Montpellier,Rennes,0,0,D,2.7,3.5,2.5,2023-09-24,ligue_1
Paris SG,Marseille,4,0,H,1.62,4.2,5.25,2023-09-24,ligue_1
Sparta Rotterdam,Vitesse,1,0,H,1.91,3.6,4.0,2023-09-24,eredivisie
Waalwijk,Twente,1,0,H,6.0,4.33,1.5,2023-09-24,eredivisie
Zwolle,AZ Alkmaar,0,3,A,4.5,4.0,1.73,2023-09-24,eredivisie
Genk,St Truiden,3,3,D,1.55,4.33,5.25,2023-09-24,pro_league
Cercle Brugge,St. Gilloise,0,2,A,2.63,3.6,2.45,2023-09-24,pro_league
Anderlecht,Club Brugge,1,1,D,3.1,3.6,2.15,2023-09-24,pro_league
Gent,Eupen,2,1,H,1.29,5.5,11.0,2023-09-24,pro_league
Chaves,Estrela,2,2,D,2.7,3.25,2.63,2023-09-24,primeira_liga
Portimonense,Benfica,1,3,A,13.0,5.75,1.25,2023-09-24,primeira_liga
Sp Braga,Boavista,4,1,H,1.5,4.0,6.0,2023-09-24,primeira_liga
Ankaragucu,Konyaspor,1,1,D,2.3,3.25,3.1,2023-09-24,super_lig
Besiktas,Kayserispor,2,1,H,1.36,4.75,8.5,2023-09-24,super_lig
Alanyaspor,Fenerbahce,0,1,A,5.25,3.8,1.65,2023-09-24,super_lig
Kasimpasa,Ad. Demirspor,2,1,H,3.2,3.5,2.15,2023-09-24,super_lig
Barcelona,Cadiz,2,0,H,,,,2023-09-23,la_liga
Bayern Munich,RB Leipzig,2,1,H,,,,2023-09-23,bundesliga
Union Berlin,Bayern Munich,1,5,A,,,,2023-09-23,bundesliga
Crystal Palace,Fulham,0,0,D,1.91,3.4,4.2,2023-09-23,premier_league
Luton,Wolves,1,1,D,3.25,3.4,2.2,2023-09-23,premier_league
Man City,Nott'm Forest,2,0,H,1.14,8.5,15.0,2023-09-23,premier_league
Brentford,Everton,1,3,A,1.8,3.8,4.2,2023-09-23,premier_league
Burnley,Man United,0,1,A,4.2,4.2,1.73,2023-09-23,premier_league
Ipswich,Blackburn,4,3,H,1.7,4.0,4.75,2023-09-23,championship
Leeds,Watford,3,0,H,1.73,3.8,4.75,2023-09-23,championship
Leicester,Bristol City,1,0,H,1.73,4.0,4.5,2023-09-23,championship
Middlesbrough,Southampton,2,1,H,2.5,3.4,2.8,2023-09-23,championship
Plymouth,Norwich,6,2,H,3.4,3.75,2.05,2023-09-23,championship
Rotherham,Preston,1,1,D,3.2,3.4,2.25,2023-09-23,championship
Swansea,Sheffield Weds,3,0,H,1.95,3.5,4.0,2023-09-23,championship
West Brom,Millwall,0,0,D,2.1,3.4,3.6,2023-09-23,championship
Girona,Mallorca,5,3,H,1.85,3.5,4.2,2023-09-23,la_liga
Osasuna,Sevilla,0,0,D,2.6,3.1,2.88,2023-09-23,la_liga
Barcelona,Celta,3,2,H,1.29,6.0,9.0,2023-09-23,la_liga
Almeria,Valencia,2,2,D,3.0,3.6,2.3,2023-09-23,la_liga
Augsburg,Mainz,2,1,H,2.55,3.5,2.63,2023-09-23,bundesliga
Bayern Munich,Bochum,7,0,H,1.11,10.0,19.0,2023-09-23,bundesliga
Dortmund,Wolfsburg,1,0,H,1.65,4.0,4.75,2023-09-23,bundesliga
M'gladbach,RB Leipzig,0,1,A,4.75,4.75,1.57,2023-09-23,bundesliga
Union Berlin,Hoffenheim,0,2,A,2.05,3.6,3.4,2023-09-23,bundesliga
Werder Bremen,FC Koln,2,1,H,2.5,3.6,2.6,2023-09-23,bundesliga
Milan,Verona,1,0,H,1.36,4.75,9.0,2023-09-23,serie_a
Sassuolo,Juventus,4,2,H,4.0,4.0,1.8,2023-09-23,serie_a
Lazio,Monza,1,1,D,1.8,3.8,4.2,2023-09-23,serie_a
Nantes,Lorient,5,3,H,2.38,3.4,3.0,2023-09-23,ligue_1
Brest,Lyon,1,0,H,2.6,3.5,2.63,2023-09-23,ligue_1
Volendam,Heracles,2,2,D,2.8,3.75,2.3,2023-09-23,eredivisie
Nijmegen,Utrecht,3,0,H,2.75,3.6,2.45,2023-09-23,eredivisie
Almere City,PSV Eindhoven,0,4,A,11.0,7.5,1.2,2023-09-23,eredivisie
Heerenveen,Excelsior,0,3,A,1.67,4.0,5.0,2023-09-23,eredivisie
Charleroi,Kortrijk,1,0,H,1.62,4.33,4.75,2023-09-23,pro_league
Mechelen,Oud-Heverlee Leuven,1,2,A,1.91,3.75,3.6,2023-09-23,pro_league
Antwerp,RWD Molenbeek,0,0,D,1.3,5.0,9.0,2023-09-23,pro_league
Estoril,Vizela,2,2,D,2.6,3.2,2.8,2023-09-23,primeira_liga
Moreirense,Farense,1,0,H,2.15,3.3,3.3,2023-09-23,primeira_liga
Casa Pia,Guimaraes,0,0,D,2.38,3.1,3.1,2023-09-23,primeira_liga
Porto,Gil Vicente,2,1,H,1.22,7.0,11.0,2023-09-23,primeira_liga
Pendikspor,Karagumruk,1,1,D,2.7,3.25,2.63,2023-09-23,super_lig
Rizespor,Sivasspor,1,1,D,2.2,3.4,3.2,2023-09-23,super_lig
Antalyaspor,Samsunspor,2,0,H,2.1,3.4,3.5,2023-09-23,super_lig
Buyuksehyr,Galatasaray,1,2,A,4.5,3.6,1.8,2023-09-23,super_lig
Birmingham,QPR,0,0,D,1.85,3.5,4.33,2023-09-22,championship
Alaves,Ath Bilbao,0,2,A,4.2,3.0,2.05,2023-09-22,la_liga
Stuttgart,Darmstadt,3,1,H,1.36,4.5,8.0,2023-09-22,bundesliga
Salernitana,Frosinone,1,1,D,2.5,3.2,2.9,2023-09-22,serie_a
Lecce,Genoa,1,0,H,2.45,3.2,3.1,2023-09-22,serie_a
Monaco,Nice,0,1,A,2.15,3.6,3.2,2023-09-22,ligue_1
Go Ahead Eagles,For Sittard,3,0,H,2.15,3.75,3.1,2023-09-22,eredivisie
Standard,Westerlo,0,0,D,1.8,4.0,3.8,2023-09-22,pro_league
Famalicao,Arouca,1,0,H,2.0,3.3,3.8,2023-09-22,primeira_liga
Gaziantep,Istanbulspor,2,0,H,1.83,3.6,4.2,2023-09-22,super_lig
Juventus,Napoli,3,1,H,,,,2023-09-21,serie_a
Juventus,Napoli,3,1,H,,,,2023-09-21,serie_a
Braga,Royal Antwerp,1,0,H,,,,2023-09-20,champions_league
Eintracht Frankfurt,Sporting CP,3,3,D,,,,2023-09-20,champions_league
Real Madrid,Union Berlin,1,0,H,,,,2023-09-20,champions_league
Real Sociedad,Inter Milan,1,1,D,,,,2023-09-20,champions_league
Blackburn,Sunderland,1,3,A,2.25,3.6,3.0,2023-09-20,championship
Huddersfield,Stoke,2,2,D,2.88,3.3,2.5,2023-09-20,championship
Hull,Leeds,0,0,D,4.2,3.4,1.91,2023-09-20,championship
Millwall,Rotherham,3,0,H,1.73,3.6,5.0,2023-09-20,championship
Watford,West Brom,2,2,D,2.2,3.25,3.4,2023-09-20,championship
Norwich,Leicester,0,2,A,2.75,3.5,2.5,2023-09-20,championship
AC Milan,Newcastle,2,1,H,,,,2023-09-19,champions_league
Celtic,Atletico Madrid,0,2,A,,,,2023-09-19,champions_league
Celtic,Atletico Madrid,1,2,A,,,,2023-09-19,champions_league
Eintracht Frankfurt,Marseille,2,1,H,,,,2023-09-19,champions_league
Feyenoord,Celtic,2,0,H,,,,2023-09-19,champions_league
Inter Milan,Benfica,1,0,H,,,,2023-09-19,champions_league
Lazio,Celtic,2,0,H,,,,2023-09-19,champions_league
Manchester City,Leipzig,3,2,H,,,,2023-09-19,champions_league
Sevilla,Arsenal,0,2,A,,,,2023-09-19,champions_league
Shakhtar,Porto,1,1,D,,,,2023-09-19,champions_league
Tottenham,Eintracht Frankfurt,2,0,H,,,,2023-09-19,champions_league
Toulouse,Liverpool,3,2,H,,,,2023-09-19,champions_league
Union Berlin,Napoli,1,0,H,,,,2023-09-19,champions_league
Bristol City,Plymouth,4,1,H,1.75,3.8,4.33,2023-09-19,championship
Cardiff,Coventry,3,2,H,2.7,3.3,2.63,2023-09-19,championship
Preston,Birmingham,2,1,H,2.38,3.1,3.3,2023-09-19,championship
QPR,Swansea,1,1,D,2.7,3.3,2.6,2023-09-19,championship
Southampton,Ipswich,0,1,A,2.25,3.4,3.1,2023-09-19,championship
Sheffield Weds,Middlesbrough,1,1,D,3.3,3.5,2.15,2023-09-19,championship
Inter Milan,Roma,1,0,H,,,,2023-09-18,serie_a
Nottm Forest,Arsenal,1,2,A,,,,2023-09-18,epl
Nott'm Forest,Burnley,1,1,D,2.2,3.5,3.25,2023-09-18,premier_league
Granada,Girona,2,4,A,2.63,3.5,2.6,2023-09-18,la_liga
Salernitana,Torino,0,3,A,3.6,3.25,2.2,2023-09-18,serie_a
Verona,Bologna,0,0,D,3.1,3.3,2.38,2023-09-18,serie_a
Boavista,Chaves,4,1,H,1.7,4.0,4.5,2023-09-18,primeira_liga
Karagumruk,Hatayspor,0,0,D,1.91,3.4,3.8,2023-09-18,super_lig
Sivasspor,Ankaragucu,1,3,A,2.3,3.3,2.9,2023-09-18,super_lig
Bayer Leverkusen,Werder Bremen,5,0,H,,,,2023-09-17,bundesliga
PSG,Rennes,2,1,H,,,,2023-09-17,ligue_1
Bournemouth,Chelsea,0,0,D,4.33,3.75,1.8,2023-09-17,premier_league
Everton,Arsenal,0,1,A,6.0,4.5,1.5,2023-09-17,premier_league
Millwall,Leeds,0,3,A,3.0,3.4,2.38,2023-09-17,championship
Getafe,Osasuna,3,2,H,2.63,3.0,3.0,2023-09-17,la_liga
Villarreal,Almeria,2,1,H,1.44,4.5,7.0,2023-09-17,la_liga
Sevilla,Las Palmas,1,0,H,1.62,4.0,5.5,2023-09-17,la_liga
Real Madrid,Sociedad,2,1,H,1.65,4.0,5.0,2023-09-17,la_liga
Heidenheim,Werder Bremen,4,2,H,2.3,4.0,2.7,2023-09-17,bundesliga
Darmstadt,M'gladbach,3,3,D,2.9,3.5,2.38,2023-09-17,bundesliga
Cagliari,Udinese,0,0,D,2.88,3.3,2.5,2023-09-17,serie_a
Frosinone,Sassuolo,4,2,H,2.8,3.4,2.5,2023-09-17,serie_a
Monza,Lecce,1,1,D,2.1,3.4,3.5,2023-09-17,serie_a
Fiorentina,Atalanta,3,2,H,2.38,3.5,2.88,2023-09-17,serie_a
Roma,Empoli,7,0,H,1.44,4.5,7.5,2023-09-17,serie_a
Lorient,Monaco,2,2,D,4.0,3.75,1.85,2023-09-17,ligue_1
Clermont,Nantes,0,1,A,2.0,3.6,3.6,2023-09-17,ligue_1
Reims,Brest,1,2,A,1.85,3.6,4.2,2023-09-17,ligue_1
Strasbourg,Montpellier,2,2,D,2.3,3.6,2.9,2023-09-17,ligue_1
Marseille,Toulouse,0,0,D,1.5,4.75,6.0,2023-09-17,ligue_1
Lyon,Le Havre,0,0,D,1.67,4.0,4.75,2023-09-17,ligue_1
Zwolle,Go Ahead Eagles,1,1,D,2.5,3.4,2.88,2023-09-17,eredivisie
Excelsior,Almere City,0,0,D,2.1,3.6,3.3,2023-09-17,eredivisie
Twente,Ajax,3,1,H,2.6,3.5,2.6,2023-09-17,eredivisie
AZ Alkmaar,Sparta Rotterdam,2,0,H,1.53,4.0,6.5,2023-09-17,eredivisie
Eupen,Standard,1,3,A,3.0,3.4,2.3,2023-09-17,pro_league
Kortrijk,Anderlecht,2,2,D,4.5,4.0,1.7,2023-09-17,pro_league
Oud-Heverlee Leuven,Gent,1,1,D,4.33,3.75,1.75,2023-09-17,pro_league
St Truiden,Mechelen,2,0,H,2.4,3.4,2.88,2023-09-17,pro_league
Arouca,Casa Pia,0,1,A,2.3,3.25,3.1,2023-09-17,primeira_liga
Gil Vicente,Estoril,5,3,H,2.15,3.5,3.2,2023-09-17,primeira_liga
Guimaraes,Portimonense,1,2,A,1.5,4.0,7.0,2023-09-17,primeira_liga
Sp Lisbon,Moreirense,3,0,H,1.22,6.0,13.0,2023-09-17,primeira_liga
Fenerbahce,Antalyaspor,3,2,H,1.4,4.5,7.5,2023-09-17,super_lig
Istanbulspor,Buyuksehyr,0,2,A,3.1,3.25,2.25,2023-09-17,super_lig
Alanyaspor,Kasimpasa,3,3,D,2.05,3.4,3.3,2023-09-17,super_lig
Trabzonspor,Besiktas,3,0,H,3.1,3.4,2.15,2023-09-17,super_lig
Inter Milan,AC Milan,1,0,H,,,,2023-09-16,serie_a
Inter Milan,AC Milan,2,1,H,,,,2023-09-16,serie_a
Mallorca,Atletico Madrid,1,2,A,,,,2023-09-16,la_liga
Arsenal,Burnley,5,0,H,,,,2023-09-16,epl
Tottenham,Fulham,3,0,H,,,,2023-09-16,epl
Monaco,Le Havre,4,1,H,,,,2023-09-16,ligue_1
Wolves,Liverpool,1,3,A,6.0,5.0,1.45,2023-09-16,premier_league
Aston Villa,Crystal Palace,3,1,H,1.91,3.6,4.0,2023-09-16,premier_league
Fulham,Luton,1,0,H,1.67,3.75,5.5,2023-09-16,premier_league
Man United,Brighton,1,3,A,2.15,4.0,2.88,2023-09-16,premier_league
Tottenham,Sheffield United,2,1,H,1.29,5.5,11.0,2023-09-16,premier_league
West Ham,Man City,1,3,A,7.0,4.5,1.45,2023-09-16,premier_league
Newcastle,Brentford,1,0,H,1.53,4.2,6.0,2023-09-16,premier_league
Blackburn,Middlesbrough,2,1,H,2.63,3.25,2.75,2023-09-16,championship
Bristol City,West Brom,0,0,D,2.45,3.3,2.88,2023-09-16,championship
Huddersfield,Rotherham,2,0,H,1.85,3.4,4.33,2023-09-16,championship
Norwich,Stoke,1,0,H,1.91,3.5,4.2,2023-09-16,championship
Preston,Plymouth,2,1,H,1.95,3.6,3.75,2023-09-16,championship
QPR,Sunderland,1,3,A,3.1,3.5,2.25,2023-09-16,championship
Sheffield Weds,Ipswich,0,1,A,3.8,3.5,2.0,2023-09-16,championship
Watford,Birmingham,2,0,H,1.95,3.3,4.0,2023-09-16,championship
Cardiff,Swansea,2,0,H,2.55,3.25,2.8,2023-09-16,championship
Ath Bilbao,Cadiz,3,0,H,1.53,4.0,7.0,2023-09-16,la_liga
Valencia,Ath Madrid,3,0,H,3.8,3.3,2.05,2023-09-16,la_liga
Celta,Mallorca,0,1,A,2.0,3.1,4.33,2023-09-16,la_liga
Barcelona,Betis,5,0,H,1.36,5.25,7.5,2023-09-16,la_liga
FC Koln,Hoffenheim,1,3,A,2.25,3.6,3.1,2023-09-16,bundesliga
Freiburg,Dortmund,2,4,A,3.1,3.8,2.1,2023-09-16,bundesliga
Mainz,Stuttgart,1,3,A,2.63,3.4,2.7,2023-09-16,bundesliga
RB Leipzig,Augsburg,3,0,H,1.25,7.0,10.0,2023-09-16,bundesliga
Wolfsburg,Union Berlin,2,1,H,2.25,3.4,3.2,2023-09-16,bundesliga
Bochum,Ein Frankfurt,1,1,D,2.88,3.6,2.38,2023-09-16,bundesliga
Juventus,Lazio,3,1,H,1.91,3.4,4.33,2023-09-16,serie_a
Inter,Milan,5,1,H,2.15,3.5,3.4,2023-09-16,serie_a
Genoa,Napoli,2,2,D,5.5,3.8,1.67,2023-09-16,serie_a
Rennes,Lille,2,2,D,2.1,3.6,3.3,2023-09-16,ligue_1
Lens,Metz,0,1,A,1.5,4.33,6.5,2023-09-16,ligue_1
Feyenoord,Heerenveen,6,1,H,1.25,6.0,13.0,2023-09-16,eredivisie
Vitesse,Waalwijk,0,2,A,1.5,4.33,6.5,2023-09-16,eredivisie
For Sittard,Volendam,3,1,H,1.62,4.2,5.25,2023-09-16,eredivisie
PSV Eindhoven,Nijmegen,4,0,H,1.17,8.0,15.0,2023-09-16,eredivisie
Heracles,Utrecht,1,3,A,2.6,3.5,2.63,2023-09-16,eredivisie
RWD Molenbeek,Cercle Brugge,2,1,H,4.2,3.75,1.8,2023-09-16,pro_league
St. Gilloise,Genk,0,2,A,1.91,3.6,3.75,2023-09-16,pro_league
Club Brugge,Charleroi,4,2,H,1.4,4.75,6.5,2023-09-16,pro_league
Rio Ave,Famalicao,1,1,D,2.55,3.3,2.7,2023-09-16,primeira_liga
Farense,Sp Braga,3,1,H,4.75,3.8,1.7,2023-09-16,primeira_liga
Vizela,Benfica,1,2,A,8.0,5.25,1.33,2023-09-16,primeira_liga
Kayserispor,Gaziantep,2,0,H,1.85,3.6,3.75,2023-09-16,super_lig
Konyaspor,Rizespor,1,2,A,1.91,3.5,3.8,2023-09-16,super_lig
Ad. Demirspor,Pendikspor,3,0,H,1.5,4.2,5.75,2023-09-16,super_lig
Galatasaray,Samsunspor,4,2,H,1.33,5.0,7.5,2023-09-16,super_lig
Hull,Coventry,1,1,D,2.8,3.3,2.55,2023-09-15,championship
Southampton,Leicester,1,4,A,2.45,3.4,2.8,2023-09-15,championship
Vallecano,Alaves,2,0,H,2.0,3.25,4.0,2023-09-15,la_liga
Bayern Munich,Leverkusen,2,2,D,1.65,4.5,4.5,2023-09-15,bundesliga
Paris SG,Nice,2,3,A,1.55,4.5,5.5,2023-09-15,ligue_1
Westerlo,Antwerp,0,3,A,5.5,4.0,1.57,2023-09-15,pro_league
Estrela,Porto,0,1,A,8.5,5.0,1.33,2023-09-15,primeira_liga
Leipzig,Real Madrid,0,2,A,,,,2023-09-13,champions_league
Seattle Sounders,Portland Timbers,2,1,H,,,,2023-09-10,mls
Moreirense,Sp Braga,2,3,A,4.2,3.75,1.8,2023-09-09,primeira_liga
Inter Milan,Fiorentina,1,0,H,,,,2023-09-03,serie_a
Real Sociedad,Real Madrid,1,2,A,,,,2023-09-03,la_liga
Real Madrid,Mallorca,4,0,H,,,,2023-09-03,la_liga
Crystal Palace,Wolves,3,2,H,1.91,3.3,4.33,2023-09-03,premier_league
Liverpool,Aston Villa,3,0,H,1.65,4.5,4.5,2023-09-03,premier_league
Arsenal,Man United,3,1,H,1.75,3.8,4.5,2023-09-03,premier_league
Girona,Las Palmas,1,0,H,1.67,3.8,5.25,2023-09-03,la_liga
Mallorca,Ath Bilbao,0,0,D,3.3,3.0,2.38,2023-09-03,la_liga
Osasuna,Barcelona,1,2,A,5.25,4.0,1.65,2023-09-03,la_liga
Ein Frankfurt,FC Koln,1,1,D,2.1,3.4,3.5,2023-09-03,bundesliga
Union Berlin,RB Leipzig,0,3,A,3.4,3.25,2.2,2023-09-03,bundesliga
Inter,Fiorentina,4,0,H,1.65,3.8,5.25,2023-09-03,serie_a
Torino,Genoa,1,0,H,2.0,3.3,4.0,2023-09-03,serie_a
Empoli,Juventus,0,2,A,5.25,3.8,1.67,2023-09-03,serie_a
Lecce,Salernitana,2,0,H,2.0,3.3,4.0,2023-09-03,serie_a
Toulouse,Clermont,2,2,D,2.0,3.6,3.75,2023-09-03,ligue_1
Le Havre,Lorient,3,0,H,2.7,3.25,2.7,2023-09-03,ligue_1
Lille,Montpellier,1,0,H,1.75,4.0,4.2,2023-09-03,ligue_1
Metz,Reims,2,2,D,4.2,3.5,1.91,2023-09-03,ligue_1
Nice,Strasbourg,2,0,H,1.91,3.5,4.0,2023-09-03,ligue_1
Lyon,Paris SG,1,4,A,6.0,4.75,1.5,2023-09-03,ligue_1
Utrecht,Feyenoord,1,5,A,4.75,4.5,1.62,2023-09-03,eredivisie
For Sittard,Ajax,0,0,D,6.5,5.5,1.4,2023-09-03,eredivisie
Volendam,Twente,0,2,A,5.5,4.5,1.53,2023-09-03,eredivisie
Vitesse,AZ Alkmaar,0,2,A,3.75,3.8,1.91,2023-09-03,eredivisie
Gent,Club Brugge,2,1,H,2.4,3.5,2.75,2023-09-03,pro_league
St. Gilloise,Antwerp,2,2,D,2.3,3.4,3.0,2023-09-03,pro_league
Genk,Anderlecht,1,1,D,1.91,3.6,3.8,2023-09-03,pro_league
Charleroi,St Truiden,1,1,D,2.25,3.3,3.2,2023-09-03,pro_league
Chaves,Moreirense,1,2,A,2.4,3.25,2.88,2023-09-03,primeira_liga
Estoril,Boavista,1,2,A,2.4,3.25,2.9,2023-09-03,primeira_liga
Porto,Arouca,1,1,D,1.25,6.0,10.0,2023-09-03,primeira_liga
Sp Braga,Sp Lisbon,1,1,D,2.9,3.8,2.2,2023-09-03,primeira_liga
Besiktas,Sivasspor,2,0,H,1.44,4.5,5.5,2023-09-03,super_lig
Ankaragucu,Fenerbahce,0,1,A,4.2,4.0,1.67,2023-09-03,super_lig
Hatayspor,Ad. Demirspor,3,3,D,3.0,4.0,2.0,2023-09-03,super_lig
Granada,Real Madrid,0,2,A,,,,2023-09-02,la_liga
Philadelphia Union,New York City FC,3,1,H,,,,2023-09-02,mls
Sheffield United,Everton,2,2,D,2.9,3.25,2.5,2023-09-02,premier_league
Brentford,Bournemouth,2,2,D,1.73,3.8,4.75,2023-09-02,premier_league
Burnley,Tottenham,2,5,A,3.6,4.0,1.85,2023-09-02,premier_league
Chelsea,Nott'm Forest,0,1,A,1.4,4.5,8.5,2023-09-02,premier_league
Man City,Fulham,5,1,H,1.17,8.0,15.0,2023-09-02,premier_league
Brighton,Newcastle,3,1,H,2.5,3.8,2.55,2023-09-02,premier_league
Birmingham,Millwall,1,1,D,2.3,3.2,3.25,2023-09-02,championship
Sunderland,Southampton,5,0,H,2.8,3.6,2.4,2023-09-02,championship
Swansea,Bristol City,1,2,A,2.1,3.4,3.5,2023-09-02,championship
Coventry,Watford,3,3,D,2.1,3.5,3.4,2023-09-02,championship
Ipswich,Cardiff,3,2,H,1.62,4.2,5.5,2023-09-02,championship
Leeds,Sheffield Weds,0,0,D,1.44,4.5,7.5,2023-09-02,championship
Leicester,Hull,0,1,A,1.57,4.2,5.5,2023-09-02,championship
Middlesbrough,QPR,0,2,A,1.6,4.0,5.5,2023-09-02,championship
Plymouth,Blackburn,3,0,H,2.7,3.6,2.5,2023-09-02,championship
Rotherham,Norwich,2,1,H,4.5,3.8,1.75,2023-09-02,championship
Stoke,Preston,0,2,A,1.95,3.5,4.0,2023-09-02,championship
West Brom,Huddersfield,1,2,A,1.73,3.8,4.75,2023-09-02,championship
Sociedad,Granada,5,3,H,1.44,4.5,7.0,2023-09-02,la_liga
Real Madrid,Getafe,2,1,H,1.33,5.25,9.5,2023-09-02,la_liga
Alaves,Valencia,1,0,H,2.9,2.88,2.75,2023-09-02,la_liga
Betis,Vallecano,1,0,H,1.95,3.4,4.0,2023-09-02,la_liga
Augsburg,Bochum,2,2,D,2.0,3.75,3.75,2023-09-02,bundesliga
Hoffenheim,Wolfsburg,3,1,H,2.5,3.6,2.63,2023-09-02,bundesliga
Leverkusen,Darmstadt,5,1,H,1.2,7.0,12.0,2023-09-02,bundesliga
Stuttgart,Freiburg,5,0,H,2.2,3.5,3.2,2023-09-02,bundesliga
Werder Bremen,Mainz,4,0,H,2.63,3.5,2.55,2023-09-02,bundesliga
M'gladbach,Bayern Munich,1,2,A,8.5,5.75,1.3,2023-09-02,bundesliga
Bologna,Cagliari,2,1,H,1.7,3.75,5.0,2023-09-02,serie_a
Udinese,Frosinone,0,0,D,1.8,3.6,4.5,2023-09-02,serie_a
Atalanta,Monza,3,0,H,1.62,4.0,5.25,2023-09-02,serie_a
Napoli,Lazio,1,2,A,1.62,4.0,5.5,2023-09-02,serie_a
Brest,Rennes,0,0,D,3.3,3.5,2.15,2023-09-02,ligue_1
Monaco,Lens,3,0,H,2.05,3.8,3.2,2023-09-02,ligue_1
Almere City,Zwolle,1,2,A,3.2,3.6,2.15,2023-09-02,eredivisie
Go Ahead Eagles,Heerenveen,3,2,H,2.25,3.6,3.0,2023-09-02,eredivisie
Waalwijk,PSV Eindhoven,0,4,A,8.0,5.5,1.33,2023-09-02,eredivisie
Heracles,Excelsior,3,1,H,1.8,3.8,4.33,2023-09-02,eredivisie
Cercle Brugge,Westerlo,2,1,H,1.55,4.2,5.5,2023-09-02,pro_league
Mechelen,Eupen,1,0,H,1.8,3.8,4.0,2023-09-02,pro_league
Standard,RWD Molenbeek,1,1,D,1.95,3.6,3.6,2023-09-02,pro_league
Casa Pia,Rio Ave,1,1,D,2.1,3.5,3.25,2023-09-02,primeira_liga
Famalicao,Farense,1,0,H,1.8,3.6,4.33,2023-09-02,primeira_liga
Portimonense,Estrela,1,1,D,2.63,3.2,2.75,2023-09-02,primeira_liga
Benfica,Guimaraes,4,0,H,1.2,6.0,13.0,2023-09-02,primeira_liga
Buyuksehyr,Konyaspor,0,1,A,2.2,3.4,2.88,2023-09-02,super_lig
Pendikspor,Alanyaspor,1,1,D,2.25,3.5,2.75,2023-09-02,super_lig
Antalyaspor,Kayserispor,1,1,D,1.91,3.8,3.3,2023-09-02,super_lig
Gaziantep,Galatasaray,0,3,A,6.0,4.75,1.4,2023-09-02,super_lig
Luton,West Ham,1,2,A,4.75,3.8,1.73,2023-09-01,premier_league
Cadiz,Villarreal,3,1,H,3.4,3.4,2.15,2023-09-01,la_liga
Almeria,Celta,2,3,A,2.8,3.4,2.5,2023-09-01,la_liga
Dortmund,Heidenheim,2,2,D,1.25,7.0,9.5,2023-09-01,bundesliga
Sassuolo,Verona,3,1,H,2.0,3.6,3.75,2023-09-01,serie_a
Roma,Milan,1,2,A,2.8,3.1,2.63,2023-09-01,serie_a
Nantes,Marseille,1,1,D,5.0,3.8,1.7,2023-09-01,ligue_1
Sparta Rotterdam,Nijmegen,1,1,D,1.91,3.8,3.8,2023-09-01,eredivisie
Oud-Heverlee Leuven,Kortrijk,3,0,H,1.6,4.5,4.5,2023-09-01,pro_league
Vizela,Gil Vicente,1,0,H,2.2,3.6,3.0,2023-09-01,primeira_liga
Kasimpasa,Trabzonspor,1,5,A,2.75,3.6,2.25,2023-09-01,super_lig
Rizespor,Karagumruk,1,0,H,2.05,3.5,3.1,2023-09-01,super_lig
Manchester City,Wolverhampton,5,1,H,,,,2023-08-31,epl
Getafe,Alaves,1,0,H,2.2,2.88,3.8,2023-08-28,la_liga
Vallecano,Ath Madrid,0,7,A,4.2,3.3,1.95,2023-08-28,la_liga
Salernitana,Udinese,1,1,D,2.7,3.2,2.63,2023-08-28,serie_a
Cagliari,Inter,0,2,A,7.5,4.5,1.44,2023-08-28,serie_a
Rio Ave,Porto,1,2,A,7.5,4.2,1.45,2023-08-28,primeira_liga
Deportivo Alaves,Barcelona,0,2,A,,,,2023-08-27,la_liga
Sheffield United,Manchester City,0,2,A,,,,2023-08-27,epl
Burnley,Aston Villa,1,3,A,3.4,3.4,2.15,2023-08-27,premier_league
Sheffield United,Man City,1,2,A,13.0,8.0,1.17,2023-08-27,premier_league
Newcastle,Liverpool,1,2,A,2.2,3.75,3.0,2023-08-27,premier_league
Watford,Blackburn,0,1,A,2.0,3.5,3.75,2023-08-27,championship
Villarreal,Barcelona,3,4,A,3.6,3.5,2.0,2023-08-27,la_liga
Valencia,Osasuna,1,2,A,1.91,3.4,4.0,2023-08-27,la_liga
Ath Bilbao,Betis,4,2,H,1.85,3.5,4.2,2023-08-27,la_liga
Mainz,Ein Frankfurt,1,1,D,2.38,3.5,2.88,2023-08-27,bundesliga
Bayern Munich,Augsburg,3,1,H,1.08,12.0,19.0,2023-08-27,bundesliga
Fiorentina,Lecce,2,2,D,1.57,4.2,5.75,2023-08-27,serie_a
Juventus,Bologna,1,1,D,1.5,4.5,6.0,2023-08-27,serie_a
Lazio,Genoa,0,1,A,1.55,4.0,6.0,2023-08-27,serie_a
Napoli,Sassuolo,2,0,H,1.33,5.5,8.5,2023-08-27,serie_a
Rennes,Le Havre,2,2,D,1.4,4.5,7.5,2023-08-27,ligue_1
Clermont,Metz,0,1,A,1.85,3.6,4.0,2023-08-27,ligue_1
Montpellier,Reims,1,3,A,2.4,3.4,2.9,2023-08-27,ligue_1
Strasbourg,Toulouse,2,0,H,2.15,3.5,3.3,2023-08-27,ligue_1
Lorient,Lille,4,1,H,4.0,3.6,1.91,2023-08-27,ligue_1
Nice,Lyon,0,0,D,2.1,3.6,3.4,2023-08-27,ligue_1
Zwolle,Utrecht,1,0,H,2.8,3.75,2.38,2023-08-27,eredivisie
Feyenoord,Almere City,6,1,H,1.17,9.0,12.0,2023-08-27,eredivisie
Heerenveen,Sparta Rotterdam,1,3,A,2.25,3.8,2.8,2023-08-27,eredivisie
St Truiden,Cercle Brugge,0,2,A,3.25,3.3,2.2,2023-08-27,pro_league
Anderlecht,Charleroi,2,1,H,1.75,3.75,4.5,2023-08-27,pro_league
Boavista,Casa Pia,1,1,D,2.2,3.2,3.4,2023-08-27,primeira_liga
Guimaraes,Vizela,2,0,H,1.85,3.3,4.33,2023-08-27,primeira_liga
Sp Lisbon,Famalicao,1,0,H,1.25,6.5,9.0,2023-08-27,primeira_liga
Karagumruk,Ankaragucu,1,1,D,2.15,3.5,2.88,2023-08-27,super_lig
Kayserispor,Samsunspor,2,1,H,2.4,3.4,2.63,2023-08-27,super_lig
Alanyaspor,Hatayspor,0,0,D,1.85,3.6,3.6,2023-08-27,super_lig
Aston Villa,Everton,4,0,H,,,,2023-08-26,epl
Brentford,Tottenham,2,2,D,,,,2023-08-26,epl
Brighton,West Ham,1,3,A,,,,2023-08-26,epl
Charlotte FC,Atlanta United,1,1,D,,,,2023-08-26,mls
Fulham,Arsenal,0,2,A,,,,2023-08-26,epl
PSG,Reims,3,0,H,,,,2023-08-26,ligue_1
Bournemouth,Tottenham,0,2,A,3.8,3.75,1.91,2023-08-26,premier_league
Arsenal,Fulham,2,2,D,1.2,7.0,13.0,2023-08-26,premier_league
Brentford,Crystal Palace,1,1,D,2.15,3.4,3.5,2023-08-26,premier_league
Everton,Wolves,0,1,A,2.3,3.3,3.2,2023-08-26,premier_league
Man United,Nott'm Forest,3,2,H,1.3,6.0,8.0,2023-08-26,premier_league
Birmingham,Plymouth,2,1,H,1.85,3.5,4.33,2023-08-26,championship
Cardiff,Sheffield Weds,2,1,H,2.15,3.2,3.6,2023-08-26,championship
Coventry,Sunderland,0,0,D,2.1,3.3,3.5,2023-08-26,championship
Huddersfield,Norwich,0,4,A,3.4,3.4,2.15,2023-08-26,championship
Ipswich,Leeds,3,4,A,2.3,3.3,3.1,2023-08-26,championship
Millwall,Stoke,1,0,H,2.3,3.25,3.2,2023-08-26,championship
Preston,Swansea,2,1,H,2.55,3.3,2.75,2023-08-26,championship
Rotherham,Leicester,1,2,A,5.75,4.0,1.57,2023-08-26,championship
Southampton,QPR,2,1,H,1.36,4.75,9.0,2023-08-26,championship
West Brom,Middlesbrough,4,2,H,2.2,3.5,3.2,2023-08-26,championship
Cadiz,Almeria,1,1,D,2.25,3.2,3.3,2023-08-26,la_liga
Granada,Mallorca,3,2,H,2.6,3.0,3.0,2023-08-26,la_liga
Sevilla,Girona,1,2,A,2.05,3.4,3.6,2023-08-26,la_liga
Bochum,Dortmund,1,1,D,7.0,5.0,1.4,2023-08-26,bundesliga
Darmstadt,Union Berlin,1,4,A,4.0,3.3,1.95,2023-08-26,bundesliga
FC Koln,Wolfsburg,1,2,A,2.3,3.4,3.0,2023-08-26,bundesliga
Freiburg,Werder Bremen,1,0,H,1.7,3.75,4.75,2023-08-26,bundesliga
Heidenheim,Hoffenheim,2,3,A,3.0,3.6,2.25,2023-08-26,bundesliga
M'gladbach,Leverkusen,0,3,A,3.8,3.8,1.85,2023-08-26,bundesliga
Frosinone,Atalanta,2,1,H,5.0,4.0,1.67,2023-08-26,serie_a
Monza,Empoli,2,0,H,1.91,3.5,4.2,2023-08-26,serie_a
Milan,Torino,4,1,H,1.65,3.8,5.0,2023-08-26,serie_a
Verona,Roma,2,1,H,4.33,3.5,1.83,2023-08-26,serie_a
Marseille,Brest,2,0,H,1.5,4.0,6.0,2023-08-26,ligue_1
Paris SG,Lens,3,1,H,1.6,4.2,5.5,2023-08-26,ligue_1
Nijmegen,Waalwijk,3,0,H,1.75,3.8,4.33,2023-08-26,eredivisie
Excelsior,For Sittard,2,2,D,2.4,3.75,2.7,2023-08-26,eredivisie
Westerlo,Mechelen,2,3,A,2.2,3.5,3.1,2023-08-26,pro_league
Eupen,Oud-Heverlee Leuven,3,1,H,3.0,3.6,2.2,2023-08-26,pro_league
Kortrijk,Standard,1,1,D,3.0,3.4,2.3,2023-08-26,pro_league
Arouca,Portimonense,1,1,D,1.62,3.8,5.25,2023-08-26,primeira_liga
Farense,Chaves,5,0,H,2.25,3.2,3.2,2023-08-26,primeira_liga
Gil Vicente,Benfica,2,3,A,8.0,6.0,1.29,2023-08-26,primeira_liga
Kasimpasa,Pendikspor,1,1,D,1.7,3.75,4.2,2023-08-26,super_lig
Trabzonspor,Rizespor,2,3,A,1.45,4.0,5.75,2023-08-26,super_lig
Sivasspor,Antalyaspor,1,1,D,2.25,3.3,2.9,2023-08-26,super_lig
Chelsea,Luton,3,0,H,,,,2023-08-25,epl
Hull,Bristol City,1,1,D,2.3,3.3,3.1,2023-08-25,championship
Las Palmas,Sociedad,0,0,D,4.33,3.1,2.0,2023-08-25,la_liga
Celta,Real Madrid,0,1,A,4.75,3.9,1.7,2023-08-25,la_liga
RB Leipzig,Stuttgart,5,1,H,1.5,4.75,5.75,2023-08-25,bundesliga
Nantes,Monaco,3,3,D,4.75,3.8,1.73,2023-08-25,ligue_1
Estrela,Estoril,2,1,H,2.25,3.2,3.2,2023-08-25,primeira_liga
Konyaspor,Gaziantep,2,0,H,1.7,4.0,3.8,2023-08-25,super_lig
Arsenal,Crystal Palace,1,0,H,,,,2023-08-21,epl
Crystal Palace,Arsenal,0,1,A,5.5,4.0,1.6,2023-08-21,premier_league
Alaves,Sevilla,4,3,H,3.3,3.1,2.35,2023-08-21,la_liga
Granada,Vallecano,0,2,A,2.75,3.0,2.8,2023-08-21,la_liga
Torino,Cagliari,0,0,D,1.67,3.75,5.25,2023-08-21,serie_a
Bologna,Milan,0,2,A,4.0,3.4,1.95,2023-08-21,serie_a
Famalicao,Moreirense,0,0,D,1.95,3.4,4.0,2023-08-21,primeira_liga
Ankaragucu,Ad. Demirspor,1,1,D,2.6,3.6,2.45,2023-08-21,super_lig
Samsunspor,Fenerbahce,0,2,A,5.25,4.2,1.55,2023-08-21,super_lig
Athletic Bilbao,Barcelona,1,1,D,,,,2023-08-20,la_liga
LA Galaxy,LAFC,2,3,A,,,,2023-08-20,mls
Real Betis,Real Madrid,0,1,A,,,,2023-08-20,la_liga
Sporting KC,FC Dallas,1,1,D,,,,2023-08-20,mls
Villarreal,Atletico Madrid,1,4,A,,,,2023-08-20,la_liga
West Ham,Chelsea,3,1,H,,,,2023-08-20,epl
Aston Villa,Everton,4,0,H,1.7,4.0,4.5,2023-08-20,premier_league
Norwich,Millwall,3,1,H,2.0,3.6,3.6,2023-08-20,championship
Girona,Getafe,3,0,H,2.05,3.1,4.0,2023-08-20,la_liga
Barcelona,Cadiz,2,0,H,1.2,7.0,13.0,2023-08-20,la_liga
Betis,Ath Madrid,0,0,D,3.8,3.4,2.0,2023-08-20,la_liga
Union Berlin,Mainz,4,1,H,1.95,3.5,3.9,2023-08-20,bundesliga
Ein Frankfurt,Darmstadt,1,0,H,1.36,5.25,7.5,2023-08-20,bundesliga
Roma,Salernitana,2,2,D,1.53,4.0,6.5,2023-08-20,serie_a
Sassuolo,Atalanta,0,2,A,3.5,3.4,2.1,2023-08-20,serie_a
Lecce,Lazio,2,1,H,3.6,3.3,2.1,2023-08-20,serie_a
Udinese,Juventus,0,3,A,4.33,3.6,1.83,2023-08-20,serie_a
Lille,Nantes,2,0,H,1.4,5.0,7.0,2023-08-20,ligue_1
Le Havre,Brest,1,2,A,2.7,3.2,2.7,2023-08-20,ligue_1
Lorient,Nice,1,1,D,3.4,3.4,2.15,2023-08-20,ligue_1
Reims,Clermont,2,0,H,1.85,3.75,4.0,2023-08-20,ligue_1
Monaco,Strasbourg,3,0,H,1.8,4.0,4.0,2023-08-20,ligue_1
Lens,Rennes,1,1,D,2.4,3.6,2.75,2023-08-20,ligue_1
Utrecht,Heerenveen,0,2,A,1.8,3.75,4.33,2023-08-20,eredivisie
Sparta Rotterdam,Feyenoord,2,2,D,5.5,4.33,1.57,2023-08-20,eredivisie
Twente,Zwolle,3,1,H,1.36,5.0,8.5,2023-08-20,eredivisie
Waalwijk,AZ Alkmaar,1,3,A,5.75,4.0,1.57,2023-08-20,eredivisie
Anderlecht,Westerlo,2,1,H,1.83,3.75,4.0,2023-08-20,pro_league
Genk,Charleroi,0,0,D,1.53,4.2,5.5,2023-08-20,pro_league
Gent,St Truiden,2,2,D,1.4,4.75,7.5,2023-08-20,pro_league
Club Brugge,RWD Molenbeek,7,1,H,1.29,5.75,9.5,2023-08-20,pro_league
Kortrijk,Eupen,1,3,A,2.25,3.5,3.0,2023-08-20,pro_league
Estoril,Rio Ave,2,0,H,2.4,3.2,3.0,2023-08-20,primeira_liga
Porto,Farense,2,1,H,1.13,8.0,17.0,2023-08-20,primeira_liga
Vizela,Arouca,2,2,D,2.15,3.25,3.4,2023-08-20,primeira_liga
Buyuksehyr,Karagumruk,0,2,A,1.62,4.0,5.0,2023-08-20,super_lig
Besiktas,Pendikspor,1,1,D,1.25,5.5,10.0,2023-08-20,super_lig
Gaziantep,Sivasspor,1,3,A,2.5,3.5,2.5,2023-08-20,super_lig
Liverpool,Bournemouth,3,1,H,,,,2023-08-19,epl
Manchester City,Newcastle,1,0,H,,,,2023-08-19,epl
Tottenham,Manchester United,2,0,H,,,,2023-08-19,epl
Fulham,Brentford,0,3,A,2.7,3.3,2.63,2023-08-19,premier_league
Wolves,Brighton,1,4,A,4.0,3.8,1.85,2023-08-19,premier_league
Tottenham,Man United,2,0,H,2.8,3.6,2.38,2023-08-19,premier_league
Man City,Newcastle,1,0,H,1.67,4.0,5.0,2023-08-19,premier_league
Plymouth,Southampton,1,2,A,3.8,3.75,1.91,2023-08-19,championship
Blackburn,Hull,1,2,A,1.95,3.5,3.9,2023-08-19,championship
Bristol City,Birmingham,0,2,A,2.2,3.3,3.4,2023-08-19,championship
Leicester,Cardiff,2,1,H,1.5,4.33,6.5,2023-08-19,championship
Middlesbrough,Huddersfield,1,1,D,1.7,3.9,4.75,2023-08-19,championship
QPR,Ipswich,0,1,A,4.0,3.6,1.91,2023-08-19,championship
Sheffield Weds,Preston,0,1,A,2.5,3.25,2.88,2023-08-19,championship
Stoke,Watford,1,0,H,2.25,3.3,3.25,2023-08-19,championship
Sunderland,Rotherham,2,1,H,1.67,3.75,5.25,2023-08-19,championship
Swansea,Coventry,1,1,D,2.4,3.3,3.0,2023-08-19,championship
Sociedad,Celta,1,1,D,1.73,3.4,5.5,2023-08-19,la_liga
Almeria,Real Madrid,1,3,A,8.0,4.75,1.4,2023-08-19,la_liga
Osasuna,Ath Bilbao,0,2,A,2.9,3.0,2.63,2023-08-19,la_liga
Augsburg,M'gladbach,4,4,D,2.7,3.6,2.45,2023-08-19,bundesliga
Hoffenheim,Freiburg,1,2,A,2.3,3.6,2.9,2023-08-19,bundesliga
Leverkusen,RB Leipzig,3,2,H,2.45,3.6,2.75,2023-08-19,bundesliga
Stuttgart,Bochum,5,0,H,1.65,4.33,4.5,2023-08-19,bundesliga
Wolfsburg,Heidenheim,2,0,H,1.6,4.2,5.25,2023-08-19,bundesliga
Dortmund,FC Koln,1,0,H,1.4,5.0,7.0,2023-08-19,bundesliga
Empoli,Verona,0,1,A,2.25,3.2,3.3,2023-08-19,serie_a
Frosinone,Napoli,1,3,A,8.5,5.0,1.36,2023-08-19,serie_a
Genoa,Fiorentina,1,4,A,3.4,3.25,2.2,2023-08-19,serie_a
Inter,Monza,2,0,H,1.4,5.0,7.0,2023-08-19,serie_a
Lyon,Montpellier,1,4,A,1.7,4.2,4.33,2023-08-19,ligue_1
Toulouse,Paris SG,1,1,D,4.75,4.2,1.65,2023-08-19,ligue_1
Excelsior,Ajax,2,2,D,10.0,6.5,1.25,2023-08-19,eredivisie
Vitesse,PSV Eindhoven,1,3,A,6.5,4.2,1.5,2023-08-19,eredivisie
For Sittard,Almere City,2,1,H,1.91,3.6,4.0,2023-08-19,eredivisie
Go Ahead Eagles,Volendam,4,1,H,1.67,4.0,5.0,2023-08-19,eredivisie
Standard,Cercle Brugge,0,1,A,2.9,3.4,2.38,2023-08-19,pro_league
Mechelen,St. Gilloise,4,0,H,4.33,3.75,1.75,2023-08-19,pro_league
Guimaraes,Gil Vicente,2,1,H,2.05,3.3,3.5,2023-08-19,primeira_liga
Chaves,Sp Braga,2,4,A,4.5,4.0,1.7,2023-08-19,primeira_liga
Benfica,Estrela,2,0,H,1.08,9.5,23.0,2023-08-19,primeira_liga
Portimonense,Boavista,1,4,A,2.6,3.25,2.7,2023-08-19,primeira_liga
Rizespor,Alanyaspor,0,0,D,2.3,3.4,2.8,2023-08-19,super_lig
Galatasaray,Trabzonspor,2,0,H,1.6,3.8,5.25,2023-08-19,super_lig
Hatayspor,Kasimpasa,0,0,D,2.38,3.6,2.63,2023-08-19,super_lig
Nottm Forest,Sheffield United,2,1,H,,,,2023-08-18,epl
Bayer Leverkusen,Eintracht Frankfurt,5,1,H,,,,2023-08-18,bundesliga
Nott'm Forest,Sheffield United,2,1,H,1.95,3.4,4.0,2023-08-18,premier_league
Leeds,West Brom,1,1,D,2.1,3.5,3.4,2023-08-18,championship
Mallorca,Villarreal,0,1,A,2.8,3.2,2.6,2023-08-18,la_liga
Valencia,Las Palmas,1,0,H,1.57,3.9,6.0,2023-08-18,la_liga
Werder Bremen,Bayern Munich,0,4,A,7.5,6.5,1.3,2023-08-18,bundesliga
Metz,Marseille,2,2,D,5.0,4.0,1.67,2023-08-18,ligue_1
Heracles,Nijmegen,2,1,H,2.45,3.6,2.75,2023-08-18,eredivisie
Oud-Heverlee Leuven,Antwerp,1,1,D,5.25,4.0,1.62,2023-08-18,pro_league
Casa Pia,Sp Lisbon,1,2,A,7.5,4.33,1.44,2023-08-18,primeira_liga
Antalyaspor,Konyaspor,1,1,D,2.15,3.4,3.0,2023-08-18,super_lig
Istanbulspor,Kayserispor,1,1,D,2.5,3.4,2.6,2023-08-18,super_lig
Manchester United,Wolverhampton,1,0,H,,,,2023-08-14,epl
Man United,Wolves,1,0,H,1.33,5.5,9.0,2023-08-14,premier_league
Cadiz,Alaves,1,0,H,2.2,3.0,3.75,2023-08-14,la_liga
Ath Madrid,Granada,3,1,H,1.3,5.5,9.5,2023-08-14,la_liga
Moreirense,Porto,1,2,A,7.0,4.75,1.36,2023-08-14,primeira_liga
Boavista,Benfica,3,2,H,9.0,5.5,1.3,2023-08-14,primeira_liga
Alanyaspor,Buyuksehyr,2,0,H,2.7,3.5,2.38,2023-08-14,super_lig
Karagumruk,Besiktas,0,1,A,4.33,4.0,1.65,2023-08-14,super_lig
Cadiz,Barcelona,0,1,A,,,,2023-08-13,la_liga
Liverpool,Chelsea,1,1,D,,,,2023-08-13,epl
Manchester City,Arsenal,3,1,H,,,,2023-08-13,epl
Real Madrid,Girona,4,0,H,,,,2023-08-13,la_liga
Tottenham,Brentford,2,2,D,,,,2023-08-13,epl
Brentford,Tottenham,2,2,D,2.75,3.4,2.45,2023-08-13,premier_league
Chelsea,Liverpool,1,1,D,2.9,3.4,2.38,2023-08-13,premier_league
Celta,Osasuna,0,2,A,2.05,3.2,3.9,2023-08-13,la_liga
Villarreal,Betis,1,2,A,1.75,4.0,4.2,2023-08-13,la_liga
Getafe,Barcelona,0,0,D,6.5,3.8,1.57,2023-08-13,la_liga
Brest,Lens,3,2,H,4.0,3.5,1.91,2023-08-13,ligue_1
Clermont,Monaco,2,4,A,3.6,3.6,2.0,2023-08-13,ligue_1
Montpellier,Le Havre,2,2,D,1.91,3.6,4.0,2023-08-13,ligue_1
Nantes,Toulouse,1,2,A,2.5,3.4,2.75,2023-08-13,ligue_1
Rennes,Metz,5,1,H,1.4,4.75,7.5,2023-08-13,ligue_1
Strasbourg,Lyon,2,1,H,2.55,3.6,2.55,2023-08-13,ligue_1
Nijmegen,Excelsior,3,4,A,1.5,4.33,6.5,2023-08-13,eredivisie
AZ Alkmaar,Go Ahead Eagles,5,1,H,1.36,4.75,9.0,2023-08-13,eredivisie
Feyenoord,For Sittard,0,0,D,1.17,7.5,17.0,2023-08-13,eredivisie
Almere City,Twente,1,4,A,5.75,4.2,1.55,2023-08-13,eredivisie
St Truiden,Anderlecht,0,1,A,3.2,3.4,2.05,2023-08-13,pro_league
Cercle Brugge,Genk,0,1,A,2.75,3.5,2.25,2023-08-13,pro_league
Eupen,Club Brugge,0,5,A,5.25,4.0,1.5,2023-08-13,pro_league
Charleroi,Standard,1,1,D,1.95,3.5,3.4,2023-08-13,pro_league
Westerlo,Gent,1,3,A,3.3,3.4,2.0,2023-08-13,pro_league
Rio Ave,Chaves,2,0,H,2.05,3.2,3.5,2023-08-13,primeira_liga
Estrela,Guimaraes,0,1,A,2.45,3.2,2.7,2023-08-13,primeira_liga
Arouca,Estoril,4,3,H,2.05,3.2,3.4,2023-08-13,primeira_liga
Sivasspor,Samsunspor,1,1,D,2.25,3.5,2.8,2023-08-13,super_lig
Ad. Demirspor,Rizespor,2,1,H,1.55,4.0,5.25,2023-08-13,super_lig
Fenerbahce,Gaziantep,2,1,H,1.3,5.25,8.0,2023-08-13,super_lig
Arsenal,Nottm Forest,2,1,H,,,,2023-08-12,epl
Brighton,Luton,4,1,H,,,,2023-08-12,epl
Everton,Fulham,0,1,A,,,,2023-08-12,epl
Inter Miami,Nashville SC,1,0,H,,,,2023-08-12,mls
Newcastle,Aston Villa,5,1,H,,,,2023-08-12,epl
Arsenal,Nott'm Forest,2,1,H,1.18,7.0,15.0,2023-08-12,premier_league
Bournemouth,West Ham,1,1,D,2.7,3.4,2.55,2023-08-12,premier_league
Sheffield United,Crystal Palace,0,1,A,3.0,3.3,2.38,2023-08-12,premier_league
Coventry,Middlesbrough,3,0,H,2.38,3.3,3.0,2023-08-12,championship
Birmingham,Leeds,1,0,H,3.3,3.5,2.15,2023-08-12,championship
Cardiff,QPR,1,2,A,1.95,3.6,3.75,2023-08-12,championship
Huddersfield,Leicester,0,1,A,4.33,4.0,1.73,2023-08-12,championship
Hull,Sheffield Weds,4,2,H,2.25,3.4,3.2,2023-08-12,championship
Ipswich,Stoke,2,0,H,2.1,3.6,3.4,2023-08-12,championship
Millwall,Bristol City,0,1,A,1.83,3.6,4.33,2023-08-12,championship
Preston,Sunderland,2,1,H,2.63,3.4,2.6,2023-08-12,championship
Rotherham,Blackburn,2,2,D,2.9,3.4,2.4,2023-08-12,championship
Southampton,Norwich,4,4,D,1.83,3.75,4.0,2023-08-12,championship
Watford,Plymouth,0,0,D,1.7,3.75,5.0,2023-08-12,championship
West Brom,Swansea,3,2,H,2.05,3.4,3.6,2023-08-12,championship
Sociedad,Girona,1,1,D,1.62,4.0,5.25,2023-08-12,la_liga
Las Palmas,Mallorca,1,1,D,2.4,3.0,3.3,2023-08-12,la_liga
Ath Bilbao,Real Madrid,0,2,A,3.3,3.5,2.15,2023-08-12,la_liga
Marseille,Reims,2,1,H,1.7,4.0,4.75,2023-08-12,ligue_1
Paris SG,Lorient,0,0,D,1.33,5.5,7.5,2023-08-12,ligue_1
PSV Eindhoven,Utrecht,2,0,H,1.36,5.0,8.5,2023-08-12,eredivisie
Heerenveen,Waalwijk,3,1,H,1.73,4.0,4.5,2023-08-12,eredivisie
Ajax,Heracles,4,1,H,1.2,7.0,13.0,2023-08-12,eredivisie
Zwolle,Sparta Rotterdam,1,2,A,2.6,3.4,2.7,2023-08-12,eredivisie
RWD Molenbeek,Mechelen,1,0,H,2.15,3.5,2.9,2023-08-12,pro_league
St. Gilloise,Oud-Heverlee Leuven,5,1,H,1.5,4.0,5.75,2023-08-12,pro_league
Gil Vicente,Portimonense,5,0,H,1.91,3.2,4.0,2023-08-12,primeira_liga
Farense,Casa Pia,0,3,A,2.45,3.1,2.8,2023-08-12,primeira_liga
Sp Lisbon,Vizela,3,2,H,1.14,6.5,17.0,2023-08-12,primeira_liga
Kasimpasa,Ankaragucu,3,2,H,2.2,3.5,2.88,2023-08-12,super_lig
Konyaspor,Istanbulspor,1,1,D,1.73,3.75,4.2,2023-08-12,super_lig
Kayserispor,Galatasaray,0,0,D,4.75,4.0,1.6,2023-08-12,super_lig
Pendikspor,Hatayspor,1,5,A,2.15,3.5,3.0,2023-08-12,super_lig
Burnley,Manchester City,0,3,A,,,,2023-08-11,epl
Burnley,Man City,0,3,A,8.0,5.5,1.33,2023-08-11,premier_league
Almeria,Vallecano,0,2,A,2.45,3.3,2.9,2023-08-11,la_liga
Sevilla,Valencia,1,2,A,1.91,3.5,4.2,2023-08-11,la_liga
Nice,Lille,1,1,D,2.6,3.5,2.7,2023-08-11,ligue_1
Volendam,Vitesse,1,2,A,3.4,3.75,2.0,2023-08-11,eredivisie
Antwerp,Kortrijk,6,0,H,1.25,5.25,9.5,2023-08-11,pro_league
Sp Braga,Famalicao,1,2,A,1.4,4.0,7.0,2023-08-11,primeira_liga
Trabzonspor,Antalyaspor,1,0,H,1.83,3.6,3.75,2023-08-11,super_lig
Toronto FC,Columbus Crew,0,2,A,,,,2023-08-06,mls
Leicester,Coventry,2,1,H,1.57,4.2,5.5,2023-08-06,championship
Leeds,Cardiff,2,2,D,1.4,4.5,8.5,2023-08-06,championship
Sunderland,Ipswich,1,2,A,2.38,3.3,3.0,2023-08-06,championship
Anderlecht,Antwerp,1,0,H,2.55,3.4,2.63,2023-08-06,pro_league
Mechelen,Gent,0,1,A,3.8,4.0,1.8,2023-08-06,pro_league
Westerlo,Club Brugge,0,1,A,3.6,3.75,1.95,2023-08-06,pro_league
Kortrijk,St Truiden,0,1,A,2.8,3.4,2.45,2023-08-06,pro_league
Blackburn,West Brom,2,1,H,2.75,3.3,2.6,2023-08-05,championship
Bristol City,Preston,1,1,D,2.05,3.5,3.6,2023-08-05,championship
Middlesbrough,Millwall,0,1,A,1.91,3.3,4.33,2023-08-05,championship
Norwich,Hull,2,1,H,1.75,3.5,5.0,2023-08-05,championship
Plymouth,Huddersfield,3,1,H,2.2,3.4,3.25,2023-08-05,championship
Stoke,Rotherham,4,1,H,1.62,3.8,5.75,2023-08-05,championship
Swansea,Birmingham,1,1,D,1.85,3.6,4.2,2023-08-05,championship
Watford,QPR,4,0,H,1.85,3.6,4.2,2023-08-05,championship
Genk,Eupen,0,1,A,1.33,5.25,8.5,2023-08-05,pro_league
Cercle Brugge,Charleroi,2,0,H,1.85,3.8,4.0,2023-08-05,pro_league
Oud-Heverlee Leuven,RWD Molenbeek,1,2,A,1.75,4.0,4.2,2023-08-05,pro_league
Sheffield Weds,Southampton,1,2,A,3.1,3.4,2.3,2023-08-04,championship
Standard,St. Gilloise,0,1,A,3.75,3.6,1.91,2023-08-04,pro_league
Vancouver Whitecaps,Seattle Sounders,1,1,D,,,,2023-07-30,mls
Antwerp,Cercle Brugge,1,0,H,1.75,3.5,4.2,2023-07-30,pro_league
Gent,Kortrijk,3,2,H,1.33,4.75,8.0,2023-07-30,pro_league
Club Brugge,Mechelen,1,1,D,1.45,4.5,5.25,2023-07-30,pro_league
St Truiden,Standard,1,0,H,2.63,3.2,2.63,2023-07-30,pro_league
Real Salt Lake,Colorado Rapids,2,0,H,,,,2023-07-29,mls
Eupen,Westerlo,2,2,D,3.4,3.3,2.05,2023-07-29,pro_league
Charleroi,Oud-Heverlee Leuven,1,1,D,1.95,3.5,3.5,2023-07-29,pro_league
RWD Molenbeek,Genk,0,4,A,3.5,3.6,1.85,2023-07-29,pro_league
St. Gilloise,Anderlecht,2,0,H,2.1,3.3,3.2,2023-07-28,pro_league
Nashville SC,Inter Miami,2,1,H,,,,2023-07-15,mls
Houston Dynamo,Austin FC,2,1,H,,,,2023-07-08,mls
Portland Timbers,Seattle Sounders,1,2,A,,,,2023-07-08,mls
New York City FC,Philadelphia Union,2,2,D,,,,2023-06-24,mls
Atlanta United,Charlotte FC,3,0,H,,,,2023-06-17,mls
FC Dallas,Sporting KC,2,0,H,,,,2023-06-10,mls
Ankaragucu,Ad. Demirspor,1,2,A,2.15,4.0,2.7,2023-06-07,super_lig
Besiktas,Konyaspor,3,3,D,1.36,5.5,6.5,2023-06-07,super_lig
Fenerbahce,Gaziantep,3,0,H,,,,2023-06-07,super_lig
Giresunspor,Antalyaspor,2,0,H,1.8,3.75,3.6,2023-06-07,super_lig
Hatayspor,Galatasaray,0,3,A,,,,2023-06-07,super_lig
Istanbulspor,Umraniyespor,4,0,H,1.45,4.5,5.25,2023-06-07,super_lig
Karagumruk,Kasimpasa,3,0,H,2.1,4.0,2.8,2023-06-06,super_lig
Sivasspor,Kayserispor,1,1,D,1.65,4.0,4.2,2023-06-06,super_lig
Buyuksehyr,Trabzonspor,3,1,H,2.38,3.6,2.6,2023-06-06,super_lig
Mallorca,Vallecano,3,0,H,3.0,3.3,2.38,2023-06-04,la_liga
Osasuna,Girona,2,1,H,2.05,3.6,3.4,2023-06-04,la_liga
Real Madrid,Ath Bilbao,1,1,D,1.91,3.75,3.75,2023-06-04,la_liga
Sociedad,Sevilla,2,1,H,1.73,3.9,4.6,2023-06-04,la_liga
Villarreal,Ath Madrid,2,2,D,2.7,3.5,2.5,2023-06-04,la_liga
Betis,Valencia,1,1,D,2.63,3.6,2.5,2023-06-04,la_liga
Celta,Barcelona,2,1,H,2.6,3.8,2.5,2023-06-04,la_liga
Elche,Cadiz,1,1,D,2.63,3.4,2.63,2023-06-04,la_liga
Espanol,Almeria,3,3,D,2.75,3.8,2.38,2023-06-04,la_liga
Valladolid,Getafe,0,0,D,2.2,3.3,3.4,2023-06-04,la_liga
Napoli,Sampdoria,2,0,H,1.18,7.0,13.0,2023-06-04,serie_a
Atalanta,Monza,5,2,H,1.57,4.5,5.0,2023-06-04,serie_a
Lecce,Bologna,2,3,A,2.75,3.5,2.45,2023-06-04,serie_a
Milan,Verona,3,1,H,1.73,4.0,4.5,2023-06-04,serie_a
Roma,Spezia,2,1,H,1.95,3.6,3.8,2023-06-04,serie_a
Udinese,Juventus,0,1,A,3.8,3.5,1.95,2023-06-04,serie_a
Galatasaray,Fenerbahce,3,0,H,2.0,3.6,3.3,2023-06-04,super_lig
Torino,Inter,0,1,A,2.3,3.5,3.0,2023-06-03,serie_a
Cremonese,Salernitana,2,0,H,2.6,3.6,2.5,2023-06-03,serie_a
Empoli,Lazio,0,2,A,3.25,3.75,2.1,2023-06-03,serie_a
Ajaccio,Marseille,1,0,H,9.0,5.25,1.33,2023-06-03,ligue_1
Auxerre,Lens,1,3,A,2.8,3.6,2.38,2023-06-03,ligue_1
Brest,Rennes,1,2,A,5.75,4.2,1.55,2023-06-03,ligue_1
Lorient,Strasbourg,2,1,H,3.0,3.5,2.3,2023-06-03,ligue_1
Monaco,Toulouse,1,2,A,1.45,5.25,5.5,2023-06-03,ligue_1
Nantes,Angers,1,0,H,1.36,5.25,8.0,2023-06-03,ligue_1
Nice,Lyon,3,1,H,2.38,4.0,2.7,2023-06-03,ligue_1
Paris SG,Clermont,2,3,A,1.22,6.5,10.0,2023-06-03,ligue_1
Reims,Montpellier,1,3,A,2.0,3.8,3.4,2023-06-03,ligue_1
Troyes,Lille,1,1,D,12.0,6.5,1.22,2023-06-03,ligue_1
Konyaspor,Karagumruk,1,1,D,1.85,4.33,3.4,2023-06-03,super_lig
Ad. Demirspor,Buyuksehyr,2,3,A,1.73,3.8,4.0,2023-06-03,super_lig
Antalyaspor,Hatayspor,3,0,H,,,,2023-06-03,super_lig
Gaziantep,Istanbulspor,0,3,A,,,,2023-06-03,super_lig
Kasimpasa,Besiktas,2,5,A,4.0,4.2,1.65,2023-06-03,super_lig
Kayserispor,Ankaragucu,0,1,A,2.25,3.5,2.9,2023-06-03,super_lig
Trabzonspor,Alanyaspor,5,1,H,1.5,4.5,5.5,2023-06-03,super_lig
Umraniyespor,Giresunspor,0,1,A,2.45,3.75,2.55,2023-06-03,super_lig
Sassuolo,Fiorentina,1,3,A,2.6,3.75,2.5,2023-06-02,serie_a
Alanyaspor,Kasimpasa,1,3,A,2.1,3.75,3.0,2023-05-30,super_lig
Ankaragucu,Galatasaray,1,4,A,5.25,4.75,1.45,2023-05-30,super_lig
Buyuksehyr,Gaziantep,3,0,H,,,,2023-05-30,super_lig
Fenerbahce,Antalyaspor,2,0,H,1.29,5.75,9.5,2023-05-30,super_lig
Giresunspor,Trabzonspor,2,4,A,2.4,3.5,2.75,2023-05-30,super_lig
Hatayspor,Umraniyespor,0,3,A,,,,2023-05-30,super_lig
Istanbulspor,Ad. Demirspor,0,2,A,2.0,4.5,2.88,2023-05-30,super_lig
Karagumruk,Kayserispor,2,0,H,1.95,4.0,3.2,2023-05-30,super_lig
Sivasspor,Konyaspor,1,0,H,1.91,3.6,3.75,2023-05-30,super_lig
Aston Villa,Chelsea,2,0,H,,,,2023-05-28,epl
Arsenal,Wolves,5,0,H,1.36,5.25,8.0,2023-05-28,premier_league
Aston Villa,Brighton,2,1,H,2.0,3.6,3.5,2023-05-28,premier_league
Brentford,Man City,1,0,H,3.8,4.0,1.83,2023-05-28,premier_league
Chelsea,Newcastle,1,1,D,2.9,3.5,2.38,2023-05-28,premier_league
Crystal Palace,Nott'm Forest,1,1,D,1.67,4.0,5.0,2023-05-28,premier_league
Everton,Bournemouth,1,0,H,1.5,4.5,6.5,2023-05-28,premier_league
Leeds,Tottenham,1,4,A,2.75,3.8,2.3,2023-05-28,premier_league
Leicester,West Ham,2,1,H,1.91,3.8,3.6,2023-05-28,premier_league
Man United,Fulham,2,1,H,1.5,4.33,6.0,2023-05-28,premier_league
Southampton,Liverpool,4,4,D,6.5,4.75,1.44,2023-05-28,premier_league
Almeria,Valladolid,0,0,D,2.25,3.4,3.1,2023-05-28,la_liga
Ath Bilbao,Elche,0,1,A,1.3,5.0,11.0,2023-05-28,la_liga
Ath Madrid,Sociedad,2,1,H,2.0,3.5,3.6,2023-05-28,la_liga
Barcelona,Mallorca,3,0,H,1.33,5.0,9.5,2023-05-28,la_liga
Cadiz,Celta,1,0,H,2.6,3.1,2.75,2023-05-28,la_liga
Getafe,Osasuna,2,1,H,2.2,3.1,3.5,2023-05-28,la_liga
Girona,Betis,1,2,A,1.95,3.6,3.6,2023-05-28,la_liga
Valencia,Espanol,2,2,D,2.0,3.75,3.4,2023-05-28,la_liga
Vallecano,Villarreal,2,1,H,3.0,3.6,2.2,2023-05-28,la_liga
Verona,Empoli,1,1,D,1.7,3.8,5.0,2023-05-28,serie_a
Bologna,Napoli,2,2,D,3.4,3.3,2.2,2023-05-28,serie_a
Monza,Lecce,0,1,A,2.45,3.3,2.9,2023-05-28,serie_a
Lazio,Cremonese,3,2,H,1.22,6.5,12.0,2023-05-28,serie_a
Juventus,Milan,0,1,A,2.3,3.4,3.1,2023-05-28,serie_a
AZ Alkmaar,PSV Eindhoven,1,2,A,2.63,3.75,2.45,2023-05-28,eredivisie
Cambuur,Waalwijk,4,0,H,3.4,3.8,1.95,2023-05-28,eredivisie
Feyenoord,Vitesse,0,1,A,1.29,6.0,9.0,2023-05-28,eredivisie
For Sittard,Nijmegen,1,1,D,2.6,3.6,2.6,2023-05-28,eredivisie
Groningen,Sparta Rotterdam,0,5,A,3.2,3.6,2.2,2023-05-28,eredivisie
Heerenveen,Go Ahead Eagles,2,0,H,2.0,4.0,3.3,2023-05-28,eredivisie
Twente,Ajax,3,1,H,4.0,4.2,1.75,2023-05-28,eredivisie
Utrecht,FC Emmen,3,2,H,1.53,4.5,5.75,2023-05-28,eredivisie
Volendam,Excelsior,3,2,H,1.7,4.33,4.0,2023-05-28,eredivisie
Austin FC,Houston Dynamo,3,2,H,,,,2023-05-27,mls
Sevilla,Real Madrid,1,2,A,2.88,3.5,2.4,2023-05-27,la_liga
Bochum,Leverkusen,3,0,H,3.25,4.0,2.0,2023-05-27,bundesliga
Dortmund,Mainz,2,2,D,1.14,8.5,15.0,2023-05-27,bundesliga
Ein Frankfurt,Freiburg,2,1,H,2.4,3.75,2.7,2023-05-27,bundesliga
FC Koln,Bayern Munich,1,2,A,7.5,6.0,1.3,2023-05-27,bundesliga
M'gladbach,Augsburg,2,0,H,2.2,3.8,3.0,2023-05-27,bundesliga
RB Leipzig,Schalke 04,4,2,H,1.6,4.5,4.75,2023-05-27,bundesliga
Stuttgart,Hoffenheim,1,1,D,1.57,4.75,5.0,2023-05-27,bundesliga
Union Berlin,Werder Bremen,1,0,H,1.44,4.75,7.0,2023-05-27,bundesliga
Wolfsburg,Hertha,1,2,A,1.36,5.25,8.0,2023-05-27,bundesliga
Salernitana,Udinese,3,2,H,2.7,3.5,2.55,2023-05-27,serie_a
Spezia,Torino,0,4,A,2.38,3.25,3.1,2023-05-27,serie_a
Fiorentina,Roma,2,1,H,2.05,3.5,3.6,2023-05-27,serie_a
Inter,Atalanta,3,2,H,1.83,3.8,4.0,2023-05-27,serie_a
Angers,Troyes,2,1,H,1.95,3.75,3.6,2023-05-27,ligue_1
Clermont,Lorient,2,0,H,2.15,3.4,3.4,2023-05-27,ligue_1
Lens,Ajaccio,3,0,H,1.13,9.0,17.0,2023-05-27,ligue_1
Lille,Nantes,2,1,H,1.44,4.75,7.0,2023-05-27,ligue_1
Lyon,Reims,3,0,H,1.57,4.75,5.0,2023-05-27,ligue_1
Marseille,Brest,1,2,A,1.36,5.25,7.0,2023-05-27,ligue_1
Montpellier,Nice,2,3,A,2.45,3.5,2.8,2023-05-27,ligue_1
Rennes,Monaco,2,0,H,2.05,3.75,3.3,2023-05-27,ligue_1
Strasbourg,Paris SG,1,1,D,5.0,4.2,1.62,2023-05-27,ligue_1
Toulouse,Auxerre,1,1,D,2.2,3.6,3.1,2023-05-27,ligue_1
Gil Vicente,Casa Pia,1,0,H,2.2,3.4,3.2,2023-05-27,primeira_liga
Chaves,Boavista,1,4,A,2.1,3.5,3.4,2023-05-27,primeira_liga
Estoril,Maritimo,3,1,H,2.25,3.3,3.2,2023-05-27,primeira_liga
Benfica,Santa Clara,3,0,H,1.06,10.0,29.0,2023-05-27,primeira_liga
Portimonense,Arouca,0,2,A,2.88,3.5,2.3,2023-05-27,primeira_liga
Porto,Guimaraes,3,0,H,1.22,6.5,11.0,2023-05-27,primeira_liga
Sp Braga,Pacos Ferreira,3,0,H,1.22,6.5,11.0,2023-05-27,primeira_liga
Sampdoria,Sassuolo,2,2,D,3.8,4.1,1.83,2023-05-26,serie_a
Rio Ave,Famalicao,2,2,D,2.9,3.25,2.4,2023-05-26,primeira_liga
Vizela,Sp Lisbon,1,2,A,6.5,4.75,1.45,2023-05-26,primeira_liga
Man United,Chelsea,4,1,H,1.6,4.33,5.0,2023-05-25,premier_league
Mallorca,Valencia,1,0,H,3.3,3.0,2.4,2023-05-25,la_liga
Osasuna,Ath Bilbao,2,0,H,3.0,3.25,2.45,2023-05-25,la_liga
Brighton,Man City,1,1,D,4.0,4.33,1.75,2023-05-24,premier_league
Elche,Sevilla,1,1,D,4.0,3.75,1.91,2023-05-24,la_liga
Real Madrid,Vallecano,2,1,H,1.62,4.0,5.25,2023-05-24,la_liga
Villarreal,Cadiz,2,0,H,1.44,4.5,7.0,2023-05-24,la_liga
Betis,Getafe,0,1,A,2.0,3.2,4.2,2023-05-24,la_liga
Espanol,Ath Madrid,3,3,D,2.88,3.5,2.38,2023-05-24,la_liga
Celta,Girona,1,1,D,2.0,3.5,3.75,2023-05-23,la_liga
Sociedad,Almeria,1,0,H,1.36,5.0,8.0,2023-05-23,la_liga
Valladolid,Barcelona,3,1,H,3.6,3.8,1.91,2023-05-23,la_liga
Newcastle,Leicester,0,0,D,1.36,5.5,7.0,2023-05-22,premier_league
Roma,Salernitana,2,2,D,1.45,4.2,7.5,2023-05-22,serie_a
Empoli,Juventus,4,1,H,5.5,3.75,1.65,2023-05-22,serie_a
Trabzonspor,Karagumruk,4,1,H,1.63,4.45,5.05,2023-05-22,super_lig
West Ham,Leeds,3,1,H,2.4,3.5,2.88,2023-05-21,premier_league
Brighton,Southampton,3,1,H,1.22,7.0,11.0,2023-05-21,premier_league
Man City,Chelsea,1,0,H,1.25,6.0,11.0,2023-05-21,premier_league
Vallecano,Espanol,1,2,A,2.15,3.4,3.4,2023-05-21,la_liga
Ath Madrid,Osasuna,3,0,H,1.36,4.75,8.0,2023-05-21,la_liga
Valencia,Real Madrid,1,0,H,3.2,3.5,2.2,2023-05-21,la_liga
Sevilla,Betis,0,0,D,2.3,3.3,3.1,2023-05-21,la_liga
Mainz,Stuttgart,1,4,A,2.5,3.5,2.7,2023-05-21,bundesliga
Augsburg,Dortmund,0,3,A,7.0,5.5,1.36,2023-05-21,bundesliga
Leverkusen,M'gladbach,2,2,D,1.45,5.25,5.75,2023-05-21,bundesliga
Lecce,Spezia,0,0,D,2.2,3.1,3.6,2023-05-21,serie_a
Torino,Fiorentina,1,1,D,1.95,3.4,4.2,2023-05-21,serie_a
Napoli,Inter,3,1,H,2.9,3.3,2.45,2023-05-21,serie_a
Udinese,Lazio,0,1,A,3.8,3.4,2.0,2023-05-21,serie_a
Ajaccio,Rennes,0,5,A,7.0,4.2,1.5,2023-05-21,ligue_1
Brest,Clermont,2,1,H,2.05,3.5,3.6,2023-05-21,ligue_1
Nice,Toulouse,0,0,D,1.85,3.75,3.8,2023-05-21,ligue_1
Reims,Angers,2,2,D,1.36,5.5,7.0,2023-05-21,ligue_1
Troyes,Strasbourg,1,1,D,5.5,4.33,1.57,2023-05-21,ligue_1
Lorient,Lens,1,3,A,5.5,4.33,1.57,2023-05-21,ligue_1
Auxerre,Paris SG,1,2,A,8.0,5.25,1.36,2023-05-21,ligue_1
Ajax,Utrecht,3,1,H,1.29,6.0,10.0,2023-05-21,eredivisie
Excelsior,For Sittard,3,0,H,1.95,3.6,3.8,2023-05-21,eredivisie
FC Emmen,Feyenoord,1,3,A,6.5,4.75,1.45,2023-05-21,eredivisie
Go Ahead Eagles,Volendam,3,0,H,1.75,4.0,4.33,2023-05-21,eredivisie
Nijmegen,AZ Alkmaar,0,3,A,4.33,3.8,1.8,2023-05-21,eredivisie
PSV Eindhoven,Heerenveen,3,3,D,1.2,6.5,15.0,2023-05-21,eredivisie
Sparta Rotterdam,Cambuur,4,1,H,1.4,4.75,8.0,2023-05-21,eredivisie
Vitesse,Groningen,6,0,H,1.44,4.5,7.5,2023-05-21,eredivisie
Waalwijk,Twente,0,5,A,3.8,4.2,1.8,2023-05-21,eredivisie
Guimaraes,Gil Vicente,1,0,H,1.7,3.6,4.33,2023-05-21,primeira_liga
Casa Pia,Estoril,2,2,D,2.05,3.25,3.4,2023-05-21,primeira_liga
Pacos Ferreira,Rio Ave,3,1,H,2.45,3.2,2.63,2023-05-21,primeira_liga
Sp Lisbon,Benfica,2,2,D,2.55,3.3,2.5,2023-05-21,primeira_liga
Umraniyespor,Ankaragucu,1,2,A,2.52,3.75,2.74,2023-05-21,super_lig
Ad. Demirspor,Besiktas,1,4,A,2.36,3.91,2.87,2023-05-21,super_lig
Antalyaspor,Buyuksehyr,0,0,D,2.21,3.49,3.47,2023-05-21,super_lig
Gaziantep,Giresunspor,0,3,A,,,,2023-05-21,super_lig
Hatayspor,Fenerbahce,0,3,A,,,,2023-05-21,super_lig
Colorado Rapids,Real Salt Lake,1,3,A,,,,2023-05-20,mls
Tottenham,Brentford,1,3,A,1.83,3.9,4.0,2023-05-20,premier_league
Bournemouth,Man United,0,1,A,6.0,4.75,1.5,2023-05-20,premier_league
Fulham,Crystal Palace,2,2,D,2.45,3.4,2.9,2023-05-20,premier_league
Liverpool,Aston Villa,1,1,D,1.45,5.0,6.25,2023-05-20,premier_league
Wolves,Everton,1,1,D,2.75,3.3,2.6,2023-05-20,premier_league
Nott'm Forest,Arsenal,1,0,H,5.25,4.33,1.57,2023-05-20,premier_league
Girona,Villarreal,1,2,A,2.8,3.75,2.3,2023-05-20,la_liga
Ath Bilbao,Celta,2,1,H,1.62,3.8,5.5,2023-05-20,la_liga
Almeria,Mallorca,3,0,H,2.25,3.25,3.3,2023-05-20,la_liga
Getafe,Elche,1,1,D,1.5,4.0,7.0,2023-05-20,la_liga
Barcelona,Sociedad,1,2,A,1.8,3.75,4.33,2023-05-20,la_liga
Hertha,Bochum,1,1,D,2.2,3.6,3.1,2023-05-20,bundesliga
Hoffenheim,Union Berlin,4,2,H,2.5,3.4,2.8,2023-05-20,bundesliga
Schalke 04,Ein Frankfurt,2,2,D,3.0,3.6,2.25,2023-05-20,bundesliga
Werder Bremen,FC Koln,1,1,D,2.6,3.6,2.55,2023-05-20,bundesliga
Bayern Munich,RB Leipzig,1,3,A,1.5,5.0,5.5,2023-05-20,bundesliga
Cremonese,Bologna,1,5,A,2.88,3.4,2.4,2023-05-20,serie_a
Atalanta,Verona,3,1,H,1.53,4.2,6.0,2023-05-20,serie_a
Milan,Sampdoria,5,1,H,1.17,7.5,17.0,2023-05-20,serie_a
Nantes,Montpellier,0,3,A,2.1,3.5,3.4,2023-05-20,ligue_1
Lille,Marseille,2,1,H,2.4,3.6,2.75,2023-05-20,ligue_1
Arouca,Chaves,1,0,H,2.15,3.25,3.2,2023-05-20,primeira_liga
Santa Clara,Portimonense,1,0,H,2.2,3.2,3.0,2023-05-20,primeira_liga
Boavista,Sp Braga,1,1,D,5.5,4.0,1.53,2023-05-20,primeira_liga
Famalicao,Porto,2,4,A,6.0,4.33,1.4,2023-05-20,primeira_liga
Kasimpasa,Istanbulspor,1,0,H,1.8,3.6,3.6,2023-05-20,super_lig
Galatasaray,Sivasspor,2,0,H,1.25,5.5,7.5,2023-05-20,super_lig
Kayserispor,Alanyaspor,0,4,A,2.1,3.4,3.1,2023-05-20,super_lig
Cadiz,Valladolid,2,0,H,2.2,3.4,3.3,2023-05-19,la_liga
Freiburg,Wolfsburg,2,0,H,2.0,3.8,3.4,2023-05-19,bundesliga
Sassuolo,Monza,1,2,A,2.15,3.6,3.2,2023-05-19,serie_a
Lyon,Monaco,3,1,H,2.38,4.0,2.6,2023-05-19,ligue_1
Maritimo,Vizela,1,0,H,1.73,3.75,4.5,2023-05-19,primeira_liga
Newcastle,Brighton,4,1,H,2.0,3.8,3.5,2023-05-18,premier_league
Fenerbahce,Trabzonspor,3,1,H,1.55,3.8,5.25,2023-05-18,super_lig
Real Madrid,Manchester City,1,1,D,,,,2023-05-17,champions_league
Buyuksehyr,Umraniyespor,1,1,D,1.65,3.8,4.75,2023-05-17,super_lig
Ankaragucu,Antalyaspor,1,1,D,2.3,3.3,2.88,2023-05-17,super_lig
Besiktas,Gaziantep,3,0,H,,,,2023-05-17,super_lig
Giresunspor,Hatayspor,3,0,H,,,,2023-05-17,super_lig
Karagumruk,Ad. Demirspor,2,3,A,3.0,3.75,2.05,2023-05-17,super_lig
AC Milan,Inter Milan,1,3,A,,,,2023-05-16,champions_league
Sivasspor,Kasimpasa,1,2,A,1.95,3.5,3.8,2023-05-16,super_lig
Alanyaspor,Konyaspor,0,3,A,2.4,3.6,2.7,2023-05-16,super_lig
Istanbulspor,Galatasaray,0,2,A,9.0,6.0,1.29,2023-05-16,super_lig
Leicester,Liverpool,0,3,A,5.25,4.33,1.57,2023-05-15,premier_league
Betis,Vallecano,3,1,H,1.91,3.5,4.0,2023-05-15,la_liga
Sampdoria,Empoli,1,1,D,3.2,3.3,2.3,2023-05-15,serie_a
Estoril,Arouca,2,0,H,2.45,3.1,2.8,2023-05-15,primeira_liga
Brentford,West Ham,2,0,H,2.0,3.5,3.6,2023-05-14,premier_league
Everton,Man City,0,3,A,9.0,4.75,1.36,2023-05-14,premier_league
Arsenal,Brighton,0,3,A,1.73,4.2,4.2,2023-05-14,premier_league
Celta,Valencia,1,2,A,2.2,3.3,3.4,2023-05-14,la_liga
Elche,Ath Madrid,1,0,H,8.0,5.0,1.36,2023-05-14,la_liga
Valladolid,Sevilla,0,3,A,2.25,3.5,3.1,2023-05-14,la_liga
Espanol,Barcelona,2,4,A,5.25,4.0,1.65,2023-05-14,la_liga
Stuttgart,Leverkusen,1,1,D,2.5,3.4,2.75,2023-05-14,bundesliga
RB Leipzig,Werder Bremen,2,1,H,1.25,6.5,10.0,2023-05-14,bundesliga
Verona,Torino,0,1,A,2.4,3.1,3.2,2023-05-14,serie_a
Fiorentina,Udinese,2,0,H,1.95,3.6,3.8,2023-05-14,serie_a
Monza,Napoli,2,0,H,4.75,3.75,1.73,2023-05-14,serie_a
Bologna,Roma,0,0,D,3.1,3.1,2.45,2023-05-14,serie_a
Juventus,Cremonese,2,0,H,1.36,4.75,9.0,2023-05-14,serie_a
Clermont,Lyon,2,1,H,4.33,3.75,1.8,2023-05-14,ligue_1
Brest,Auxerre,1,0,H,2.1,3.2,3.75,2023-05-14,ligue_1
Montpellier,Lorient,1,1,D,1.83,3.75,4.2,2023-05-14,ligue_1
Rennes,Troyes,4,0,H,1.25,6.0,11.0,2023-05-14,ligue_1
Toulouse,Nantes,0,0,D,2.1,3.5,3.4,2023-05-14,ligue_1
Monaco,Lille,0,0,D,2.8,3.6,2.4,2023-05-14,ligue_1
Marseille,Angers,3,1,H,1.18,7.5,14.0,2023-05-14,ligue_1
Vitesse,Cambuur,2,0,H,1.36,5.25,8.5,2023-05-14,eredivisie
Feyenoord,Go Ahead Eagles,3,0,H,1.18,8.0,12.0,2023-05-14,eredivisie
AZ Alkmaar,FC Emmen,5,1,H,1.33,5.5,9.0,2023-05-14,eredivisie
PSV Eindhoven,For Sittard,2,1,H,1.11,10.0,17.0,2023-05-14,eredivisie
Groningen,Ajax,2,3,A,13.0,6.5,1.22,2023-05-14,eredivisie
Rio Ave,Guimaraes,0,1,A,2.45,3.1,2.7,2023-05-14,primeira_liga
Sp Braga,Santa Clara,5,3,H,1.2,5.75,12.0,2023-05-14,primeira_liga
Porto,Casa Pia,2,1,H,1.17,6.0,13.0,2023-05-14,primeira_liga
Columbus Crew,Toronto FC,3,1,H,,,,2023-05-13,mls
Southampton,Liverpool,1,2,A,,,,2023-05-13,epl
Leeds,Newcastle,2,2,D,4.33,4.2,1.7,2023-05-13,premier_league
Aston Villa,Tottenham,2,1,H,2.25,3.6,2.9,2023-05-13,premier_league
Chelsea,Nott'm Forest,2,2,D,1.5,4.5,6.0,2023-05-13,premier_league
Crystal Palace,Bournemouth,2,0,H,1.83,3.6,4.2,2023-05-13,premier_league
Man United,Wolves,2,0,H,1.36,5.0,7.5,2023-05-13,premier_league
Southampton,Fulham,0,2,A,2.75,3.3,2.5,2023-05-13,premier_league
Sociedad,Girona,2,2,D,1.62,4.0,5.5,2023-05-13,la_liga
Osasuna,Almeria,3,1,H,2.05,3.5,3.6,2023-05-13,la_liga
Villarreal,Ath Bilbao,5,1,H,2.1,3.5,3.4,2023-05-13,la_liga
Real Madrid,Getafe,1,0,H,1.55,4.0,6.5,2023-05-13,la_liga
Bayern Munich,Schalke 04,6,0,H,1.13,10.0,17.0,2023-05-13,bundesliga
Bochum,Augsburg,3,2,H,2.1,3.6,3.3,2023-05-13,bundesliga
Ein Frankfurt,Mainz,3,0,H,2.1,3.6,3.3,2023-05-13,bundesliga
Union Berlin,Freiburg,4,2,H,2.2,3.2,3.5,2023-05-13,bundesliga
Wolfsburg,Hoffenheim,2,1,H,1.91,3.75,3.8,2023-05-13,bundesliga
Dortmund,M'gladbach,5,2,H,1.25,6.5,10.0,2023-05-13,bundesliga
Salernitana,Atalanta,1,0,H,4.75,4.2,1.65,2023-05-13,serie_a
Spezia,Milan,2,0,H,4.2,3.5,1.91,2023-05-13,serie_a
Inter,Sassuolo,4,2,H,1.4,5.0,7.0,2023-05-13,serie_a
Strasbourg,Nice,2,0,H,2.38,3.3,3.0,2023-05-13,ligue_1
Paris SG,Ajaccio,5,0,H,1.1,11.0,19.0,2023-05-13,ligue_1
Volendam,Sparta Rotterdam,2,1,H,3.0,3.6,2.25,2023-05-13,eredivisie
Heerenveen,Excelsior,0,0,D,1.5,5.0,5.0,2023-05-13,eredivisie
Utrecht,Waalwijk,2,0,H,1.57,4.5,5.0,2023-05-13,eredivisie
Chaves,Pacos Ferreira,2,0,H,2.05,3.4,3.3,2023-05-13,primeira_liga
Vizela,Famalicao,0,0,D,2.3,3.3,2.75,2023-05-13,primeira_liga
Portimonense,Benfica,1,5,A,10.0,5.75,1.22,2023-05-13,primeira_liga
Sp Lisbon,Maritimo,2,1,H,1.2,6.5,9.5,2023-05-13,primeira_liga
Mallorca,Cadiz,1,0,H,2.15,2.9,4.0,2023-05-12,la_liga
FC Koln,Hertha,5,2,H,1.85,3.75,4.0,2023-05-12,bundesliga
Lazio,Lecce,2,2,D,1.7,3.5,5.5,2023-05-12,serie_a
Lens,Reims,2,1,H,1.53,4.5,5.5,2023-05-12,ligue_1
Twente,Nijmegen,4,0,H,1.44,4.75,6.5,2023-05-12,eredivisie
Gil Vicente,Boavista,3,1,H,2.3,3.3,2.8,2023-05-12,primeira_liga
Inter Milan,AC Milan,2,0,H,,,,2023-05-10,champions_league
Atletico Madrid,Real Betis,2,0,H,,,,2023-05-08,la_liga
Fulham,Leicester,5,3,H,2.63,3.5,2.6,2023-05-08,premier_league
Brighton,Everton,1,5,A,1.33,5.25,9.0,2023-05-08,premier_league
Nott'm Forest,Southampton,4,3,H,2.1,3.6,3.4,2023-05-08,premier_league
Birmingham,Sheffield United,1,2,A,4.0,3.5,1.91,2023-05-08,championship
Burnley,Cardiff,3,0,H,1.33,4.75,10.0,2023-05-08,championship
Huddersfield,Reading,2,0,H,2.1,3.4,3.5,2023-05-08,championship
Luton,Hull,0,0,D,1.62,3.8,5.5,2023-05-08,championship
Middlesbrough,Coventry,1,1,D,2.55,3.6,2.63,2023-05-08,championship
Millwall,Blackburn,3,4,A,1.91,3.75,3.8,2023-05-08,championship
Norwich,Blackpool,0,1,A,1.53,4.0,6.5,2023-05-08,championship
Preston,Sunderland,0,3,A,4.0,3.5,1.91,2023-05-08,championship
QPR,Bristol City,0,2,A,2.25,3.5,3.0,2023-05-08,championship
Swansea,West Brom,3,2,H,3.2,3.4,2.2,2023-05-08,championship
Watford,Stoke,2,0,H,2.38,3.2,3.0,2023-05-08,championship
Wigan,Rotherham,0,0,D,2.05,3.8,3.25,2023-05-08,championship
Empoli,Salernitana,2,1,H,2.2,3.1,3.6,2023-05-08,serie_a
Udinese,Sampdoria,2,0,H,1.5,4.33,6.5,2023-05-08,serie_a
Sassuolo,Bologna,1,1,D,2.3,3.5,3.0,2023-05-08,serie_a
Famalicao,Chaves,1,2,A,1.95,3.3,3.75,2023-05-08,primeira_liga
Arouca,Porto,0,1,A,7.5,4.75,1.36,2023-05-08,primeira_liga
Galatasaray,Buyuksehyr,1,0,H,1.44,4.33,6.5,2023-05-08,super_lig
Trabzonspor,Ankaragucu,2,0,H,1.75,3.6,4.2,2023-05-08,super_lig
Barcelona,Rayo Vallecano,1,0,H,,,,2023-05-07,la_liga
LAFC,LA Galaxy,3,1,H,,,,2023-05-07,mls
Newcastle,Arsenal,0,2,A,2.45,3.75,2.63,2023-05-07,premier_league
West Ham,Man United,1,0,H,3.4,3.75,2.05,2023-05-07,premier_league
Dortmund,Wolfsburg,6,0,H,1.44,5.25,5.75,2023-05-07,bundesliga
Atalanta,Juventus,0,2,A,2.3,3.4,3.1,2023-05-07,serie_a
Torino,Monza,1,1,D,2.0,3.3,4.0,2023-05-07,serie_a
Napoli,Fiorentina,1,0,H,1.8,3.8,4.33,2023-05-07,serie_a
Lecce,Verona,0,1,A,2.2,3.0,3.75,2023-05-07,serie_a
Angers,Monaco,1,2,A,6.5,4.75,1.44,2023-05-07,ligue_1
Ajaccio,Toulouse,0,0,D,3.4,3.5,2.1,2023-05-07,ligue_1
Auxerre,Clermont,1,1,D,2.3,3.4,3.1,2023-05-07,ligue_1
Lorient,Brest,2,1,H,2.4,3.4,2.9,2023-05-07,ligue_1
Nantes,Strasbourg,0,2,A,2.75,3.4,2.55,2023-05-07,ligue_1
Lyon,Montpellier,5,4,H,1.62,4.33,5.0,2023-05-07,ligue_1
Troyes,Paris SG,1,3,A,8.5,5.5,1.33,2023-05-07,ligue_1
FC Emmen,Twente,0,3,A,4.5,4.0,1.73,2023-05-07,eredivisie
Excelsior,Feyenoord,0,2,A,9.5,8.0,1.22,2023-05-07,eredivisie
Go Ahead Eagles,Groningen,1,1,D,1.7,3.8,5.0,2023-05-07,eredivisie
For Sittard,Vitesse,2,0,H,3.4,3.5,2.1,2023-05-07,eredivisie
Maritimo,Rio Ave,2,2,D,2.3,3.1,3.1,2023-05-07,primeira_liga
Guimaraes,Vizela,3,0,H,2.2,3.2,3.2,2023-05-07,primeira_liga
Pacos Ferreira,Sp Lisbon,0,4,A,7.0,5.0,1.36,2023-05-07,primeira_liga
Umraniyespor,Sivasspor,4,1,H,2.88,3.4,2.3,2023-05-07,super_lig
Konyaspor,Kayserispor,2,2,D,1.67,4.0,4.5,2023-05-07,super_lig
Giresunspor,Fenerbahce,1,1,D,5.75,4.5,1.5,2023-05-07,super_lig
Gaziantep,Karagumruk,0,3,A,,,,2023-05-07,super_lig
Hatayspor,Istanbulspor,0,3,A,,,,2023-05-07,super_lig
Real Madrid,Sevilla,6,0,H,,,,2023-05-06,la_liga
Seattle Sounders,Vancouver Whitecaps,3,0,H,,,,2023-05-06,mls
Bournemouth,Chelsea,1,3,A,3.3,3.5,2.15,2023-05-06,premier_league
Man City,Leeds,2,1,H,1.17,8.5,15.0,2023-05-06,premier_league
Tottenham,Crystal Palace,1,0,H,1.8,3.8,4.2,2023-05-06,premier_league
Wolves,Aston Villa,1,0,H,2.88,3.3,2.5,2023-05-06,premier_league
Liverpool,Brentford,1,0,H,1.44,5.0,6.0,2023-05-06,premier_league
Augsburg,Union Berlin,1,0,H,3.4,3.25,2.2,2023-05-06,bundesliga
Freiburg,RB Leipzig,0,1,A,4.0,3.75,1.85,2023-05-06,bundesliga
Hertha,Stuttgart,2,1,H,3.1,3.5,2.25,2023-05-06,bundesliga
Hoffenheim,Ein Frankfurt,3,1,H,2.3,3.6,2.9,2023-05-06,bundesliga
M'gladbach,Bochum,2,0,H,1.85,3.8,4.0,2023-05-06,bundesliga
Werder Bremen,Bayern Munich,1,2,A,8.5,6.0,1.3,2023-05-06,bundesliga
Milan,Lazio,2,0,H,1.95,3.4,4.0,2023-05-06,serie_a
Roma,Inter,0,2,A,3.1,3.1,2.45,2023-05-06,serie_a
Cremonese,Spezia,2,0,H,2.35,3.4,3.0,2023-05-06,serie_a
Nice,Rennes,2,1,H,2.6,3.2,2.8,2023-05-06,ligue_1
Reims,Lille,1,0,H,3.4,3.75,2.05,2023-05-06,ligue_1
Lens,Marseille,2,1,H,2.3,3.5,3.0,2023-05-06,ligue_1
Sparta Rotterdam,PSV Eindhoven,0,1,A,6.0,4.33,1.53,2023-05-06,eredivisie
Cambuur,Utrecht,0,3,A,4.2,4.0,1.8,2023-05-06,eredivisie
Nijmegen,Heerenveen,2,3,A,2.1,3.4,3.5,2023-05-06,eredivisie
Ajax,AZ Alkmaar,0,0,D,1.57,4.5,5.25,2023-05-06,eredivisie
Santa Clara,Gil Vicente,3,2,H,2.8,3.1,2.5,2023-05-06,primeira_liga
Boavista,Estoril,1,0,H,2.0,3.3,3.6,2023-05-06,primeira_liga
Benfica,Sp Braga,1,0,H,1.55,4.2,5.5,2023-05-06,primeira_liga
Antalyaspor,Besiktas,1,3,A,3.6,3.4,2.0,2023-05-06,super_lig
Ad. Demirspor,Alanyaspor,4,2,H,1.53,4.5,5.0,2023-05-06,super_lig
Barcelona,Valencia,1,0,H,,,,2023-05-05,la_liga
Leverkusen,FC Koln,1,2,A,1.67,4.0,5.0,2023-05-05,bundesliga
Mainz,Schalke 04,2,3,A,1.62,4.0,5.25,2023-05-05,bundesliga
Waalwijk,Volendam,4,1,H,1.8,4.0,4.0,2023-05-05,eredivisie
Casa Pia,Portimonense,1,1,D,2.05,3.2,3.5,2023-05-05,primeira_liga
Brighton,Man United,1,0,H,1.95,3.5,3.75,2023-05-04,premier_league
Huddersfield,Sheffield United,1,0,H,3.2,3.0,2.45,2023-05-04,championship
Girona,Mallorca,2,1,H,2.1,3.2,3.75,2023-05-04,la_liga
Sevilla,Espanol,3,2,H,1.83,3.6,4.2,2023-05-04,la_liga
Ath Bilbao,Betis,0,1,A,1.7,4.0,4.75,2023-05-04,la_liga
Vallecano,Valladolid,2,1,H,1.73,3.8,4.75,2023-05-04,la_liga
Empoli,Bologna,3,1,H,2.9,3.2,2.55,2023-05-04,serie_a
Udinese,Napoli,1,1,D,4.75,3.6,1.75,2023-05-04,serie_a
Liverpool,Fulham,1,0,H,1.25,5.75,11.0,2023-05-03,premier_league
Man City,West Ham,3,0,H,1.2,7.0,13.0,2023-05-03,premier_league
Valencia,Villarreal,1,1,D,2.75,3.3,2.55,2023-05-03,la_liga
Ath Madrid,Cadiz,5,1,H,1.29,5.5,12.0,2023-05-03,la_liga
Getafe,Celta,1,0,H,2.55,3.0,3.1,2023-05-03,la_liga
Atalanta,Spezia,3,2,H,1.36,5.0,8.0,2023-05-03,serie_a
Juventus,Lecce,2,1,H,1.6,3.8,6.0,2023-05-03,serie_a
Salernitana,Fiorentina,3,3,D,4.75,3.75,1.73,2023-05-03,serie_a
Sampdoria,Torino,0,2,A,4.2,3.4,1.91,2023-05-03,serie_a
Lazio,Sassuolo,2,0,H,1.67,4.0,5.0,2023-05-03,serie_a
Milan,Cremonese,1,1,D,1.33,5.0,9.5,2023-05-03,serie_a
Monza,Roma,1,1,D,3.75,3.1,2.15,2023-05-03,serie_a
Verona,Inter,0,6,A,5.5,3.75,1.67,2023-05-03,serie_a
Brest,Nantes,2,0,H,2.2,3.3,3.4,2023-05-03,ligue_1
Arsenal,Chelsea,3,1,H,1.6,4.0,5.5,2023-05-02,premier_league
Almeria,Elche,2,1,H,1.62,4.33,5.0,2023-05-02,la_liga
Barcelona,Osasuna,1,0,H,1.14,7.5,19.0,2023-05-02,la_liga
Sociedad,Real Madrid,2,0,H,2.55,3.4,2.8,2023-05-02,la_liga
Toulouse,Lens,0,1,A,5.0,4.33,1.6,2023-05-02,ligue_1
Leicester,Everton,2,2,D,2.0,3.5,3.75,2023-05-01,premier_league
Rotherham,Middlesbrough,1,0,H,3.75,3.3,2.05,2023-05-01,championship
Blackburn,Luton,1,1,D,2.3,3.4,3.1,2023-05-01,championship
Mallorca,Ath Bilbao,1,1,D,3.6,3.0,2.25,2023-05-01,la_liga
Sevilla,Girona,0,2,A,1.95,3.5,3.8,2023-05-01,la_liga
Istanbulspor,Giresunspor,1,0,H,2.4,3.3,2.7,2023-05-01,super_lig
Real Madrid,Espanyol,3,1,H,,,,2023-04-30,la_liga
Tottenham,Liverpool,1,1,D,,,,2023-04-30,epl
Bournemouth,Leeds,4,1,H,2.55,3.5,2.7,2023-04-30,premier_league
Fulham,Man City,1,2,A,12.0,6.0,1.25,2023-04-30,premier_league
Man United,Aston Villa,1,0,H,1.73,3.9,4.6,2023-04-30,premier_league
Newcastle,Southampton,3,1,H,1.3,5.25,10.0,2023-04-30,premier_league
Liverpool,Tottenham,4,3,H,1.53,4.5,5.75,2023-04-30,premier_league
Cardiff,Huddersfield,1,2,A,2.3,3.2,3.3,2023-04-30,championship
Cadiz,Valencia,2,1,H,3.1,3.1,2.45,2023-04-30,la_liga
Villarreal,Celta,3,1,H,1.8,3.6,4.5,2023-04-30,la_liga
Espanol,Getafe,1,0,H,2.38,3.0,3.3,2023-04-30,la_liga
Valladolid,Ath Madrid,2,5,A,5.5,3.8,1.65,2023-04-30,la_liga
Bayern Munich,Hertha,2,0,H,1.11,10.0,19.0,2023-04-30,bundesliga
Wolfsburg,Mainz,3,0,H,2.2,3.5,3.1,2023-04-30,bundesliga
Inter,Lazio,3,1,H,1.8,3.6,4.5,2023-04-30,serie_a
Cremonese,Verona,1,1,D,3.0,3.3,2.45,2023-04-30,serie_a
Napoli,Salernitana,1,1,D,1.22,6.5,12.0,2023-04-30,serie_a
Sassuolo,Empoli,2,1,H,1.75,3.8,4.5,2023-04-30,serie_a
Fiorentina,Sampdoria,5,0,H,1.33,5.25,9.0,2023-04-30,serie_a
Bologna,Juventus,1,1,D,3.4,3.3,2.2,2023-04-30,serie_a
Monaco,Montpellier,0,4,A,1.5,4.5,6.0,2023-04-30,ligue_1
Clermont,Reims,1,0,H,3.0,3.5,2.3,2023-04-30,ligue_1
Rennes,Angers,4,2,H,1.29,5.5,11.0,2023-04-30,ligue_1
Troyes,Nice,0,1,A,4.75,3.75,1.73,2023-04-30,ligue_1
Paris SG,Lorient,1,3,A,1.18,8.0,12.0,2023-04-30,ligue_1
Marseille,Auxerre,2,1,H,1.33,5.25,9.5,2023-04-30,ligue_1
Estoril,Santa Clara,3,0,H,2.15,3.2,3.4,2023-04-30,primeira_liga
Porto,Boavista,1,0,H,1.18,6.5,15.0,2023-04-30,primeira_liga
Sp Lisbon,Famalicao,2,1,H,1.3,5.5,10.0,2023-04-30,primeira_liga
Besiktas,Galatasaray,3,1,H,2.6,3.4,2.38,2023-04-30,super_lig
Buyuksehyr,Hatayspor,3,0,H,,,,2023-04-30,super_lig
Kayserispor,Gaziantep,3,0,H,,,,2023-04-30,super_lig
Arsenal,Chelsea,3,1,H,,,,2023-04-29,epl
Real Madrid,Real Betis,2,0,H,,,,2023-04-29,la_liga
Crystal Palace,West Ham,4,3,H,2.63,3.25,2.75,2023-04-29,premier_league
Brentford,Nott'm Forest,2,1,H,1.65,3.8,5.5,2023-04-29,premier_league
Brighton,Wolves,6,0,H,1.5,4.33,6.5,2023-04-29,premier_league
Bristol City,Burnley,1,2,A,3.75,3.5,2.0,2023-04-29,championship
Coventry,Birmingham,2,0,H,1.5,4.33,6.5,2023-04-29,championship
Hull,Swansea,1,1,D,3.8,3.6,1.95,2023-04-29,championship
Reading,Wigan,1,1,D,2.6,3.25,2.8,2023-04-29,championship
Sheffield United,Preston,4,1,H,1.8,3.8,4.2,2023-04-29,championship
Stoke,QPR,0,1,A,1.91,3.6,4.0,2023-04-29,championship
Sunderland,Watford,2,2,D,1.8,3.6,4.5,2023-04-29,championship
West Brom,Norwich,2,1,H,2.1,3.5,3.5,2023-04-29,championship
Elche,Vallecano,4,0,H,4.75,3.5,1.8,2023-04-29,la_liga
Real Madrid,Almeria,4,2,H,1.14,8.5,15.0,2023-04-29,la_liga
Barcelona,Betis,4,0,H,1.33,5.0,9.0,2023-04-29,la_liga
Ein Frankfurt,Augsburg,1,1,D,1.53,4.5,5.5,2023-04-29,bundesliga
FC Koln,Freiburg,0,1,A,2.4,3.25,3.0,2023-04-29,bundesliga
RB Leipzig,Hoffenheim,1,0,H,1.44,5.0,6.5,2023-04-29,bundesliga
Stuttgart,M'gladbach,2,1,H,1.8,4.0,4.2,2023-04-29,bundesliga
Union Berlin,Leverkusen,0,0,D,2.8,3.4,2.45,2023-04-29,bundesliga
Schalke 04,Werder Bremen,2,1,H,2.25,3.5,3.1,2023-04-29,bundesliga
Roma,Milan,1,1,D,2.75,3.0,2.75,2023-04-29,serie_a
Torino,Atalanta,1,2,A,2.88,3.3,2.45,2023-04-29,serie_a
Lille,Ajaccio,3,0,H,1.22,6.0,15.0,2023-04-29,ligue_1
Maritimo,Guimaraes,1,2,A,2.55,3.25,2.88,2023-04-29,primeira_liga
Sp Braga,Portimonense,4,1,H,1.25,6.0,10.0,2023-04-29,primeira_liga
Chaves,Casa Pia,1,0,H,2.39,3.2,3.36,2023-04-29,primeira_liga
Vizela,Pacos Ferreira,1,2,A,1.8,3.4,4.5,2023-04-29,primeira_liga
Gil Vicente,Benfica,0,2,A,8.0,5.5,1.33,2023-04-29,primeira_liga
Karagumruk,Antalyaspor,0,1,A,2.38,3.6,2.55,2023-04-29,super_lig
Konyaspor,Trabzonspor,2,1,H,2.45,3.25,2.7,2023-04-29,super_lig
Ankaragucu,Kasimpasa,0,0,D,1.85,3.4,3.6,2023-04-29,super_lig
Sivasspor,Fenerbahce,1,3,A,4.33,3.75,1.7,2023-04-29,super_lig
Blackpool,Millwall,2,3,A,3.3,3.4,2.2,2023-04-28,championship
Osasuna,Sociedad,0,2,A,3.75,3.0,2.2,2023-04-28,la_liga
Bochum,Dortmund,1,1,D,6.0,5.25,1.44,2023-04-28,bundesliga
Lecce,Udinese,1,0,H,2.45,3.0,3.2,2023-04-28,serie_a
Spezia,Monza,0,2,A,2.8,3.3,2.55,2023-04-28,serie_a
Strasbourg,Lyon,1,2,A,2.63,3.5,2.6,2023-04-28,ligue_1
Rio Ave,Arouca,1,0,H,2.45,3.0,3.1,2023-04-28,primeira_liga
Alanyaspor,Umraniyespor,1,0,H,1.91,3.8,3.3,2023-04-28,super_lig
Everton,Newcastle,1,4,A,4.75,3.6,1.73,2023-04-27,premier_league
Southampton,Bournemouth,0,1,A,2.25,3.4,3.2,2023-04-27,premier_league
Tottenham,Man United,2,2,D,2.8,3.6,2.4,2023-04-27,premier_league
Rotherham,Cardiff,1,2,A,2.8,3.0,2.7,2023-04-27,championship
Valencia,Valladolid,2,1,H,1.75,3.75,4.75,2023-04-27,la_liga
Villarreal,Espanol,4,2,H,1.57,4.0,6.0,2023-04-27,la_liga
Ath Bilbao,Sevilla,0,1,A,1.75,3.6,4.5,2023-04-27,la_liga
Manchester City,Arsenal,1,1,D,,,,2023-04-26,epl
Manchester City,Arsenal,4,1,H,,,,2023-04-26,epl
Manchester City,Bayern Munich,3,0,H,,,,2023-04-26,champions_league
Manchester City,Real Madrid,1,1,D,,,,2023-04-26,champions_league
Nott'm Forest,Brighton,3,1,H,6.0,4.2,1.53,2023-04-26,premier_league
Chelsea,Brentford,0,2,A,1.7,4.0,4.75,2023-04-26,premier_league
West Ham,Liverpool,1,2,A,3.9,3.9,1.85,2023-04-26,premier_league
Man City,Arsenal,4,1,H,1.55,4.5,5.25,2023-04-26,premier_league
Sheffield United,West Brom,2,0,H,2.05,3.3,3.8,2023-04-26,championship
Ath Madrid,Mallorca,3,1,H,1.4,4.33,8.5,2023-04-26,la_liga
Getafe,Almeria,1,2,A,1.91,3.3,4.5,2023-04-26,la_liga
Celta,Elche,1,0,H,1.3,5.25,10.0,2023-04-26,la_liga
Vallecano,Barcelona,2,1,H,4.75,3.75,1.73,2023-04-26,la_liga
Wolves,Crystal Palace,2,0,H,2.45,3.2,3.0,2023-04-25,premier_league
Aston Villa,Fulham,1,0,H,1.75,4.0,4.2,2023-04-25,premier_league
Leeds,Leicester,1,1,D,2.3,3.5,3.0,2023-04-25,premier_league
Blackburn,Burnley,0,1,A,3.4,3.4,2.15,2023-04-25,championship
Cadiz,Osasuna,0,1,A,2.3,3.1,3.4,2023-04-25,la_liga
Girona,Real Madrid,4,2,H,5.25,4.33,1.57,2023-04-25,la_liga
Betis,Sociedad,0,0,D,2.75,3.25,2.63,2023-04-25,la_liga
Groningen,Nijmegen,0,1,A,2.88,3.3,2.55,2023-04-25,eredivisie
Juventus,Fiorentina,1,0,H,,,,2023-04-24,serie_a
Juventus,Fiorentina,1,0,H,,,,2023-04-24,serie_a
Luton,Middlesbrough,2,1,H,2.25,3.5,3.1,2023-04-24,championship
Atalanta,Roma,3,1,H,2.3,3.25,3.2,2023-04-24,serie_a
Guimaraes,Sp Lisbon,0,2,A,5.5,4.0,1.55,2023-04-24,primeira_liga
Giresunspor,Buyuksehyr,2,4,A,2.9,3.3,2.3,2023-04-24,super_lig
Antalyaspor,Sivasspor,1,2,A,2.15,3.2,3.3,2023-04-24,super_lig
Fenerbahce,Istanbulspor,3,3,D,1.22,5.75,11.0,2023-04-24,super_lig
Barcelona,Atletico Madrid,4,2,H,,,,2023-04-23,la_liga
Barcelona,Celta Vigo,3,3,D,,,,2023-04-23,la_liga
Manchester United,Arsenal,0,1,A,,,,2023-04-23,epl
Napoli,Udinese,3,2,H,,,,2023-04-23,serie_a
Newcastle,Tottenham,6,1,H,,,,2023-04-23,epl
Bournemouth,West Ham,0,4,A,2.88,3.2,2.55,2023-04-23,premier_league
West Brom,Sunderland,1,2,A,1.91,3.5,4.2,2023-04-23,championship
Elche,Valencia,0,2,A,4.33,3.5,1.85,2023-04-23,la_liga
Barcelona,Ath Madrid,1,0,H,1.95,3.3,4.2,2023-04-23,la_liga
Mallorca,Getafe,3,1,H,2.3,2.88,3.75,2023-04-23,la_liga
Sevilla,Villarreal,2,1,H,2.75,3.4,2.55,2023-04-23,la_liga
Freiburg,Schalke 04,4,0,H,1.8,3.75,4.5,2023-04-23,bundesliga
Leverkusen,RB Leipzig,2,0,H,2.5,3.6,2.63,2023-04-23,bundesliga
M'gladbach,Union Berlin,0,1,A,2.38,3.3,3.1,2023-04-23,bundesliga
Empoli,Inter,0,3,A,6.5,4.2,1.53,2023-04-23,serie_a
Monza,Fiorentina,3,2,H,3.7,3.4,2.05,2023-04-23,serie_a
Udinese,Cremonese,3,0,H,1.7,3.8,5.0,2023-04-23,serie_a
Milan,Lecce,2,0,H,1.5,4.2,7.0,2023-04-23,serie_a
Juventus,Napoli,0,1,A,2.88,3.1,2.6,2023-04-23,serie_a
Reims,Strasbourg,0,2,A,1.91,3.6,3.8,2023-04-23,ligue_1
Ajaccio,Brest,0,0,D,3.1,3.1,2.38,2023-04-23,ligue_1
Lorient,Toulouse,0,1,A,2.38,3.75,2.88,2023-04-23,ligue_1
Nantes,Troyes,2,2,D,1.62,4.0,5.25,2023-04-23,ligue_1
Nice,Clermont,1,2,A,1.8,3.4,5.0,2023-04-23,ligue_1
Montpellier,Rennes,1,0,H,3.3,3.25,2.3,2023-04-23,ligue_1
Lyon,Marseille,1,2,A,2.5,3.5,2.7,2023-04-23,ligue_1
Twente,Sparta Rotterdam,3,3,D,1.53,4.2,6.0,2023-04-23,eredivisie
Go Ahead Eagles,For Sittard,2,0,H,1.91,3.5,4.2,2023-04-23,eredivisie
PSV Eindhoven,Ajax,3,0,H,2.38,3.5,2.9,2023-04-23,eredivisie
Feyenoord,Utrecht,3,1,H,1.36,5.0,9.0,2023-04-23,eredivisie
AZ Alkmaar,Waalwijk,3,0,H,1.33,5.25,9.0,2023-04-23,eredivisie
St Truiden,Antwerp,0,1,A,4.33,3.5,1.8,2023-04-23,pro_league
Anderlecht,Mechelen,2,3,A,1.36,5.0,7.0,2023-04-23,pro_league
Charleroi,Genk,2,2,D,3.6,3.6,1.91,2023-04-23,pro_league
Club Brugge,Eupen,7,0,H,1.3,5.0,9.5,2023-04-23,pro_league
Gent,Oostende,1,2,A,1.2,6.0,12.0,2023-04-23,pro_league
Kortrijk,St. Gilloise,2,4,A,5.25,4.2,1.53,2023-04-23,pro_league
Oud-Heverlee Leuven,Standard,3,2,H,2.5,3.6,2.5,2023-04-23,pro_league
Waregem,Cercle Brugge,2,3,A,3.0,3.6,2.15,2023-04-23,pro_league
Portimonense,Gil Vicente,1,0,H,2.45,3.3,2.7,2023-04-23,primeira_liga
Benfica,Estoril,1,0,H,1.09,9.0,21.0,2023-04-23,primeira_liga
Santa Clara,Chaves,1,1,D,2.6,3.1,2.75,2023-04-23,primeira_liga
Arouca,Vizela,1,0,H,2.63,3.2,2.75,2023-04-23,primeira_liga
Kasimpasa,Konyaspor,1,2,A,2.38,3.6,2.75,2023-04-23,super_lig
Ad. Demirspor,Kayserispor,5,3,H,1.6,4.33,4.75,2023-04-23,super_lig
Galatasaray,Karagumruk,3,3,D,1.25,5.75,8.5,2023-04-23,super_lig
Gaziantep,Alanyaspor,0,3,A,,,,2023-04-23,super_lig
Hatayspor,Ankaragucu,0,3,A,,,,2023-04-23,super_lig
Bayern Munich,Augsburg,5,3,H,,,,2023-04-22,bundesliga
Inter Milan,Lecce,2,0,H,,,,2023-04-22,serie_a
PSG,Clermont,5,0,H,,,,2023-04-22,ligue_1
Fulham,Leeds,2,1,H,2.3,3.4,3.1,2023-04-22,premier_league
Brentford,Aston Villa,1,1,D,2.5,3.25,2.88,2023-04-22,premier_league
Crystal Palace,Everton,0,0,D,2.05,3.2,3.75,2023-04-22,premier_league
Leicester,Wolves,2,1,H,2.38,3.3,3.0,2023-04-22,premier_league
Liverpool,Nott'm Forest,3,2,H,1.17,7.5,17.0,2023-04-22,premier_league
Birmingham,Blackpool,0,1,A,2.15,3.25,3.6,2023-04-22,championship
Bristol City,Rotherham,2,1,H,2.0,3.5,3.75,2023-04-22,championship
Burnley,QPR,1,2,A,1.36,4.75,9.5,2023-04-22,championship
Cardiff,Stoke,1,1,D,2.4,3.25,3.0,2023-04-22,championship
Coventry,Reading,2,1,H,1.53,4.0,7.0,2023-04-22,championship
Hull,Watford,1,0,H,2.5,3.25,2.88,2023-04-22,championship
Norwich,Swansea,0,3,A,2.0,3.4,3.75,2023-04-22,championship
Wigan,Millwall,2,1,H,3.8,3.4,2.0,2023-04-22,championship
Preston,Blackburn,1,1,D,2.6,3.1,2.9,2023-04-22,championship
Osasuna,Betis,3,2,H,2.55,3.2,2.88,2023-04-22,la_liga
Almeria,Ath Bilbao,1,2,A,3.8,3.75,1.85,2023-04-22,la_liga
Sociedad,Vallecano,2,1,H,1.67,3.5,6.0,2023-04-22,la_liga
Valladolid,Girona,1,0,H,2.5,3.4,2.8,2023-04-22,la_liga
Real Madrid,Celta,2,0,H,1.36,5.0,9.0,2023-04-22,la_liga
Bochum,Wolfsburg,1,5,A,3.0,3.5,2.3,2023-04-22,bundesliga
Hertha,Werder Bremen,2,4,A,2.25,3.5,3.1,2023-04-22,bundesliga
Hoffenheim,FC Koln,1,3,A,2.2,3.5,3.2,2023-04-22,bundesliga
Mainz,Bayern Munich,3,1,H,5.25,4.5,1.57,2023-04-22,bundesliga
Dortmund,Ein Frankfurt,4,0,H,1.62,4.5,4.75,2023-04-22,bundesliga
Salernitana,Sassuolo,3,0,H,3.1,3.5,2.25,2023-04-22,serie_a
Lazio,Torino,0,1,A,1.83,3.4,4.75,2023-04-22,serie_a
Sampdoria,Spezia,1,1,D,2.55,3.2,2.88,2023-04-22,serie_a
Auxerre,Lille,1,1,D,4.5,4.0,1.7,2023-04-22,ligue_1
Lens,Monaco,3,0,H,2.1,3.6,3.4,2023-04-22,ligue_1
Heerenveen,FC Emmen,2,3,A,1.7,3.6,5.5,2023-04-22,eredivisie
Vitesse,Excelsior,0,0,D,1.45,4.75,6.5,2023-04-22,eredivisie
Seraing,Westerlo,1,1,D,5.5,4.0,1.55,2023-04-22,pro_league
Famalicao,Maritimo,3,2,H,1.83,3.4,4.0,2023-04-22,primeira_liga
Boavista,Rio Ave,3,2,H,2.3,3.2,3.1,2023-04-22,primeira_liga
Pacos Ferreira,Porto,0,2,A,10.0,5.0,1.29,2023-04-22,primeira_liga
Umraniyespor,Besiktas,0,2,A,4.33,3.8,1.67,2023-04-22,super_lig
Arsenal,Southampton,3,2,H,,,,2023-04-21,epl
Espanol,Cadiz,0,0,D,2.05,3.25,3.8,2023-04-21,la_liga
Augsburg,Stuttgart,1,1,D,3.2,3.6,2.15,2023-04-21,bundesliga
Verona,Bologna,2,1,H,2.75,3.0,2.8,2023-04-21,serie_a
Angers,Paris SG,1,2,A,13.0,7.5,1.2,2023-04-21,ligue_1
Volendam,Cambuur,2,0,H,1.7,4.0,4.5,2023-04-21,eredivisie
Casa Pia,Sp Braga,0,1,A,5.25,3.6,1.6,2023-04-21,primeira_liga
Ankaragucu,Giresunspor,3,1,H,1.91,3.6,3.5,2023-04-20,super_lig
Sivasspor,Trabzonspor,4,1,H,2.63,3.2,2.55,2023-04-20,super_lig
Bayern Munich,Manchester City,0,3,A,,,,2023-04-19,champions_league
Inter Milan,Juventus,3,2,H,,,,2023-04-19,serie_a
Blackburn,Coventry,1,1,D,2.45,3.3,2.88,2023-04-19,championship
QPR,Norwich,1,1,D,3.4,3.4,2.15,2023-04-19,championship
Swansea,Preston,4,2,H,2.1,3.4,3.5,2023-04-19,championship
Watford,Cardiff,1,3,A,1.95,3.4,4.2,2023-04-19,championship
Middlesbrough,Hull,3,1,H,1.45,4.5,6.5,2023-04-19,championship
Reading,Luton,1,1,D,4.75,3.4,1.8,2023-04-19,championship
Go Ahead Eagles,Waalwijk,3,2,H,2.0,3.6,3.6,2023-04-19,eredivisie
Istanbulspor,Antalyaspor,3,3,D,3.0,3.4,2.2,2023-04-19,super_lig
Kayserispor,Kasimpasa,0,0,D,2.25,3.3,2.9,2023-04-19,super_lig
Besiktas,Hatayspor,3,0,H,,,,2023-04-19,super_lig
Buyuksehyr,Fenerbahce,1,2,A,4.0,3.6,1.8,2023-04-19,super_lig
Konyaspor,Ad. Demirspor,1,2,A,2.38,3.4,2.7,2023-04-19,super_lig
Chelsea,Real Madrid,0,2,A,,,,2023-04-18,champions_league
Blackpool,West Brom,0,2,A,3.8,3.6,1.91,2023-04-18,championship
Rotherham,Burnley,2,2,D,5.5,3.8,1.65,2023-04-18,championship
Sheffield United,Bristol City,1,0,H,1.5,4.2,6.5,2023-04-18,championship
Stoke,Wigan,0,1,A,1.55,3.8,6.5,2023-04-18,championship
Sunderland,Huddersfield,1,1,D,1.67,3.75,5.5,2023-04-18,championship
Millwall,Birmingham,0,1,A,1.7,3.6,5.25,2023-04-18,championship
Alanyaspor,Galatasaray,1,4,A,5.75,4.5,1.5,2023-04-18,super_lig
Karagumruk,Umraniyespor,4,2,H,1.8,4.0,3.8,2023-04-18,super_lig
Leeds,Liverpool,1,6,A,4.2,4.2,1.73,2023-04-17,premier_league
Celta,Mallorca,0,1,A,1.8,3.3,5.25,2023-04-17,la_liga
Fiorentina,Atalanta,1,1,D,2.4,3.4,2.9,2023-04-17,serie_a
Vizela,Boavista,1,1,D,1.85,3.4,4.33,2023-04-17,primeira_liga
Real Madrid,Athletic Bilbao,2,0,H,,,,2023-04-16,la_liga
West Ham,Arsenal,2,2,D,6.0,4.2,1.55,2023-04-16,premier_league
Nott'm Forest,Man United,0,2,A,5.5,4.0,1.62,2023-04-16,premier_league
Girona,Elche,2,0,H,1.53,4.33,6.0,2023-04-16,la_liga
Getafe,Barcelona,0,0,D,6.0,3.8,1.6,2023-04-16,la_liga
Ath Madrid,Almeria,2,1,H,1.22,7.0,11.0,2023-04-16,la_liga
Valencia,Sevilla,0,2,A,2.2,3.2,3.6,2023-04-16,la_liga
Werder Bremen,Freiburg,1,2,A,2.7,3.5,2.55,2023-04-16,bundesliga
Union Berlin,Bochum,1,1,D,1.6,3.8,6.0,2023-04-16,bundesliga
Wolfsburg,Leverkusen,0,0,D,2.75,3.6,2.4,2023-04-16,bundesliga
Lecce,Sampdoria,1,1,D,1.95,3.2,4.33,2023-04-16,serie_a
Torino,Salernitana,1,1,D,1.73,3.5,5.25,2023-04-16,serie_a
Sassuolo,Juventus,1,0,H,3.8,3.5,2.0,2023-04-16,serie_a
Roma,Udinese,3,0,H,1.85,3.4,4.5,2023-04-16,serie_a
Lille,Montpellier,2,1,H,1.5,4.5,6.0,2023-04-16,ligue_1
Auxerre,Nantes,2,1,H,2.45,3.1,3.2,2023-04-16,ligue_1
Brest,Nice,1,0,H,3.1,3.25,2.3,2023-04-16,ligue_1
Clermont,Angers,2,1,H,1.8,3.75,4.33,2023-04-16,ligue_1
Strasbourg,Ajaccio,3,1,H,1.75,3.3,5.25,2023-04-16,ligue_1
Monaco,Lorient,3,1,H,1.4,5.0,7.0,2023-04-16,ligue_1
Marseille,Troyes,3,1,H,1.2,7.0,13.0,2023-04-16,ligue_1
Nijmegen,Vitesse,1,4,A,2.2,3.4,3.3,2023-04-16,eredivisie
Utrecht,Twente,1,0,H,2.9,3.6,2.3,2023-04-16,eredivisie
Volendam,PSV Eindhoven,2,3,A,8.5,6.5,1.29,2023-04-16,eredivisie
Cambuur,Feyenoord,0,3,A,11.0,5.75,1.29,2023-04-16,eredivisie
Ajax,FC Emmen,3,1,H,1.13,8.5,21.0,2023-04-16,eredivisie
For Sittard,AZ Alkmaar,0,3,A,4.5,3.8,1.75,2023-04-16,eredivisie
Genk,Anderlecht,5,2,H,1.85,3.6,4.0,2023-04-16,pro_league
Mechelen,Gent,1,1,D,4.75,3.8,1.67,2023-04-16,pro_league
Antwerp,Kortrijk,1,0,H,1.29,5.75,9.0,2023-04-16,pro_league
St. Gilloise,Seraing,2,1,H,1.08,10.0,23.0,2023-04-16,pro_league
Rio Ave,Casa Pia,1,1,D,2.25,3.0,3.4,2023-04-16,primeira_liga
Sp Braga,Gil Vicente,1,0,H,1.36,5.0,8.0,2023-04-16,primeira_liga
Sp Lisbon,Arouca,1,1,D,1.2,7.0,12.0,2023-04-16,primeira_liga
Giresunspor,Sivasspor,1,0,H,2.5,3.3,2.75,2023-04-16,super_lig
Gaziantep,Konyaspor,0,3,A,,,,2023-04-16,super_lig
Hatayspor,Karagumruk,0,3,A,,,,2023-04-16,super_lig
Trabzonspor,Besiktas,0,0,D,2.9,3.3,2.4,2023-04-16,super_lig
Leicester,Liverpool,0,2,A,,,,2023-04-15,epl
Napoli,Inter Milan,3,0,H,,,,2023-04-15,serie_a
Napoli,Inter Milan,3,0,H,,,,2023-04-15,serie_a
RB Leipzig,Borussia Dortmund,3,4,A,,,,2023-04-15,bundesliga
Aston Villa,Newcastle,3,0,H,3.6,3.4,2.05,2023-04-15,premier_league
Chelsea,Brighton,1,2,A,2.63,3.4,2.63,2023-04-15,premier_league
Everton,Fulham,1,3,A,2.05,3.4,3.7,2023-04-15,premier_league
Southampton,Crystal Palace,0,2,A,2.8,3.1,2.7,2023-04-15,premier_league
Tottenham,Bournemouth,2,3,A,1.45,4.5,7.0,2023-04-15,premier_league
Wolves,Brentford,2,0,H,2.45,3.1,3.0,2023-04-15,premier_league
Man City,Leicester,3,1,H,1.14,8.5,15.0,2023-04-15,premier_league
Sheffield United,Cardiff,4,1,H,1.55,4.0,6.25,2023-04-15,championship
Blackpool,Wigan,1,0,H,2.3,3.2,3.3,2023-04-15,championship
Millwall,Preston,2,0,H,1.85,3.3,4.5,2023-04-15,championship
QPR,Coventry,0,3,A,2.9,3.1,2.6,2023-04-15,championship
Reading,Burnley,0,0,D,7.0,4.0,1.53,2023-04-15,championship
Rotherham,Luton,0,2,A,4.33,3.3,1.95,2023-04-15,championship
Stoke,West Brom,1,2,A,2.3,3.2,3.3,2023-04-15,championship
Sunderland,Birmingham,2,1,H,1.91,3.5,4.33,2023-04-15,championship
Swansea,Huddersfield,1,0,H,1.7,3.8,5.0,2023-04-15,championship
Watford,Bristol City,2,0,H,1.95,3.5,4.0,2023-04-15,championship
Blackburn,Hull,0,0,D,1.85,3.5,4.33,2023-04-15,championship
Villarreal,Valladolid,1,2,A,1.44,4.75,6.5,2023-04-15,la_liga
Ath Bilbao,Sociedad,2,0,H,2.25,3.1,3.5,2023-04-15,la_liga
Betis,Espanol,3,1,H,1.83,3.5,4.5,2023-04-15,la_liga
Cadiz,Real Madrid,0,2,A,5.75,4.2,1.55,2023-04-15,la_liga
Bayern Munich,Hoffenheim,1,1,D,1.22,7.5,11.0,2023-04-15,bundesliga
FC Koln,Mainz,1,1,D,2.55,3.4,2.7,2023-04-15,bundesliga
RB Leipzig,Augsburg,3,2,H,1.25,6.5,10.0,2023-04-15,bundesliga
Stuttgart,Dortmund,3,3,D,3.5,3.8,1.95,2023-04-15,bundesliga
Ein Frankfurt,M'gladbach,1,1,D,1.73,4.2,4.33,2023-04-15,bundesliga
Bologna,Milan,1,1,D,3.1,3.1,2.45,2023-04-15,serie_a
Napoli,Verona,0,0,D,1.53,4.0,6.5,2023-04-15,serie_a
Inter,Monza,0,1,A,1.44,4.5,7.5,2023-04-15,serie_a
Rennes,Reims,3,0,H,2.2,3.4,3.25,2023-04-15,ligue_1
Paris SG,Lens,3,1,H,1.67,4.2,4.75,2023-04-15,ligue_1
Waalwijk,Groningen,2,1,H,1.91,3.5,4.2,2023-04-15,eredivisie
Sparta Rotterdam,Heerenveen,4,0,H,2.3,3.25,3.2,2023-04-15,eredivisie
Eupen,Waregem,1,5,A,2.38,3.4,2.9,2023-04-15,pro_league
Cercle Brugge,St Truiden,3,1,H,1.67,3.75,5.0,2023-04-15,pro_league
Oostende,Oud-Heverlee Leuven,0,4,A,2.4,3.5,2.75,2023-04-15,pro_league
Westerlo,Club Brugge,0,0,D,3.3,3.4,2.15,2023-04-15,pro_league
Estoril,Portimonense,0,1,A,2.25,3.1,3.3,2023-04-15,primeira_liga
Maritimo,Pacos Ferreira,3,1,H,2.15,3.3,3.3,2023-04-15,primeira_liga
Chaves,Benfica,1,0,H,8.0,5.75,1.29,2023-04-15,primeira_liga
Porto,Santa Clara,2,1,H,1.11,8.5,21.0,2023-04-15,primeira_liga
Ad. Demirspor,Kasimpasa,5,0,H,1.7,3.8,4.5,2023-04-15,super_lig
Istanbulspor,Buyuksehyr,1,0,H,4.33,3.5,1.73,2023-04-15,super_lig
Fenerbahce,Ankaragucu,2,1,H,1.33,5.0,8.0,2023-04-15,super_lig
Arsenal,Brighton,4,2,H,,,,2023-04-14,epl
Middlesbrough,Norwich,5,1,H,1.91,3.75,3.8,2023-04-14,championship
Vallecano,Osasuna,2,1,H,2.2,3.1,3.6,2023-04-14,la_liga
Schalke 04,Hertha,5,2,H,2.25,3.3,3.2,2023-04-14,bundesliga
Cremonese,Empoli,1,0,H,2.45,3.3,2.88,2023-04-14,serie_a
Spezia,Lazio,0,3,A,5.25,3.6,1.7,2023-04-14,serie_a
Toulouse,Lyon,1,2,A,3.4,3.8,2.0,2023-04-14,ligue_1
Excelsior,Go Ahead Eagles,2,1,H,3.2,3.5,2.2,2023-04-14,eredivisie
Standard,Charleroi,3,1,H,2.05,3.5,3.5,2023-04-14,pro_league
Famalicao,Guimaraes,2,1,H,2.2,3.0,3.6,2023-04-14,primeira_liga
Antalyaspor,Alanyaspor,3,1,H,1.85,3.5,4.2,2023-04-14,super_lig
Galatasaray,Kayserispor,6,0,H,1.3,5.0,8.5,2023-04-14,super_lig
Real Madrid,Chelsea,2,0,H,,,,2023-04-12,champions_league
Huddersfield,Blackburn,2,2,D,2.8,3.25,2.55,2023-04-10,championship
Birmingham,Stoke,0,0,D,3.2,3.25,2.3,2023-04-10,championship
Cardiff,Sunderland,0,1,A,2.45,3.25,2.9,2023-04-10,championship
Coventry,Watford,2,2,D,2.4,3.25,3.0,2023-04-10,championship
Hull,Millwall,1,0,H,3.0,3.25,2.45,2023-04-10,championship
Luton,Blackpool,3,1,H,1.53,4.0,7.0,2023-04-10,championship
Norwich,Rotherham,0,0,D,1.55,4.0,6.5,2023-04-10,championship
Preston,Reading,2,1,H,1.95,3.25,4.0,2023-04-10,championship
West Brom,QPR,2,2,D,1.6,3.75,6.5,2023-04-10,championship
Wigan,Swansea,0,2,A,3.0,3.25,2.4,2023-04-10,championship
Bristol City,Middlesbrough,2,2,D,3.6,3.5,2.05,2023-04-10,championship
Burnley,Sheffield United,2,0,H,2.1,3.5,3.5,2023-04-10,championship
Barcelona,Girona,0,0,D,1.3,5.5,10.0,2023-04-10,la_liga
Gil Vicente,Chaves,0,0,D,2.0,3.3,4.0,2023-04-10,primeira_liga
Kayserispor,Umraniyespor,3,1,H,1.85,3.6,3.8,2023-04-10,super_lig
Karagumruk,Fenerbahce,1,2,A,4.5,4.0,1.62,2023-04-10,super_lig
Leeds,Crystal Palace,1,5,A,2.1,3.4,3.6,2023-04-09,premier_league
Liverpool,Arsenal,2,2,D,2.88,3.6,2.38,2023-04-09,premier_league
Valladolid,Mallorca,3,3,D,2.5,2.9,3.2,2023-04-09,la_liga
Betis,Cadiz,0,2,A,1.62,3.75,5.75,2023-04-09,la_liga
Almeria,Valencia,2,1,H,3.0,3.3,2.4,2023-04-09,la_liga
Vallecano,Ath Madrid,1,2,A,4.33,3.5,1.85,2023-04-09,la_liga
M'gladbach,Wolfsburg,2,0,H,2.38,3.6,2.88,2023-04-09,bundesliga
Bochum,Stuttgart,2,3,A,3.1,3.5,2.25,2023-04-09,bundesliga
Hoffenheim,Schalke 04,2,0,H,1.91,3.8,3.8,2023-04-09,bundesliga
Lyon,Rennes,3,1,H,2.15,3.4,3.4,2023-04-09,ligue_1
Ajaccio,Auxerre,0,3,A,2.8,2.9,2.8,2023-04-09,ligue_1
Montpellier,Toulouse,1,2,A,2.05,3.6,3.5,2023-04-09,ligue_1
Reims,Brest,1,1,D,1.62,3.8,5.75,2023-04-09,ligue_1
Troyes,Clermont,0,2,A,2.75,3.25,2.63,2023-04-09,ligue_1
Nantes,Monaco,2,2,D,4.0,3.6,1.91,2023-04-09,ligue_1
Lorient,Marseille,0,0,D,5.0,4.2,1.65,2023-04-09,ligue_1
Twente,Cambuur,4,0,H,1.29,5.5,12.0,2023-04-09,eredivisie
FC Emmen,Nijmegen,0,0,D,2.9,3.3,2.45,2023-04-09,eredivisie
Ajax,For Sittard,4,0,H,1.13,10.0,15.0,2023-04-09,eredivisie
Feyenoord,Waalwijk,5,1,H,1.18,7.5,13.0,2023-04-09,eredivisie
Anderlecht,Westerlo,0,0,D,1.67,3.75,5.0,2023-04-09,pro_league
Antwerp,Cercle Brugge,2,1,H,1.7,3.6,4.75,2023-04-09,pro_league
Standard,Genk,2,0,H,2.63,3.4,2.55,2023-04-09,pro_league
St Truiden,Oostende,5,0,H,2.25,3.25,3.25,2023-04-09,pro_league
Casa Pia,Sp Lisbon,3,4,A,8.5,4.5,1.4,2023-04-09,primeira_liga
Sivasspor,Buyuksehyr,1,1,D,2.88,3.0,2.55,2023-04-09,super_lig
Ad. Demirspor,Gaziantep,3,0,H,,,,2023-04-09,super_lig
Alanyaspor,Hatayspor,3,0,H,,,,2023-04-09,super_lig
Besiktas,Giresunspor,3,1,H,1.4,4.75,6.5,2023-04-09,super_lig
AC Milan,Juventus,1,0,H,,,,2023-04-08,serie_a
AC Milan,Juventus,2,0,H,,,,2023-04-08,serie_a
PSG,Nice,2,1,H,,,,2023-04-08,ligue_1
Man United,Everton,2,0,H,1.5,4.33,6.5,2023-04-08,premier_league
Aston Villa,Nott'm Forest,2,0,H,1.6,4.2,5.25,2023-04-08,premier_league
Brentford,Newcastle,1,2,A,3.6,3.4,2.05,2023-04-08,premier_league
Fulham,West Ham,0,1,A,2.8,3.25,2.63,2023-04-08,premier_league
Leicester,Bournemouth,0,1,A,1.83,3.75,4.2,2023-04-08,premier_league
Tottenham,Brighton,2,1,H,2.55,3.5,2.7,2023-04-08,premier_league
Wolves,Chelsea,1,0,H,4.2,3.5,1.91,2023-04-08,premier_league
Southampton,Man City,1,4,A,11.0,6.0,1.25,2023-04-08,premier_league
Osasuna,Elche,2,1,H,1.73,3.6,5.0,2023-04-08,la_liga
Espanol,Ath Bilbao,1,2,A,3.5,3.2,2.2,2023-04-08,la_liga
Sociedad,Getafe,2,0,H,1.7,3.3,6.0,2023-04-08,la_liga
Real Madrid,Villarreal,2,3,A,1.53,4.33,5.75,2023-04-08,la_liga
Augsburg,FC Koln,1,3,A,2.8,3.4,2.55,2023-04-08,bundesliga
Dortmund,Union Berlin,2,1,H,1.6,4.0,5.75,2023-04-08,bundesliga
Freiburg,Bayern Munich,0,1,A,6.5,5.0,1.45,2023-04-08,bundesliga
Leverkusen,Ein Frankfurt,3,1,H,1.8,4.0,4.0,2023-04-08,bundesliga
Mainz,Werder Bremen,2,2,D,1.7,4.0,4.75,2023-04-08,bundesliga
Hertha,RB Leipzig,0,1,A,5.5,4.0,1.62,2023-04-08,bundesliga
Udinese,Monza,2,2,D,2.0,3.5,3.8,2023-04-08,serie_a
Fiorentina,Spezia,1,1,D,1.4,4.5,8.5,2023-04-08,serie_a
Atalanta,Bologna,0,2,A,1.65,3.8,5.5,2023-04-08,serie_a
Sampdoria,Cremonese,2,3,A,2.38,3.25,3.2,2023-04-08,serie_a
Torino,Roma,0,1,A,3.4,3.0,2.38,2023-04-08,serie_a
Verona,Sassuolo,2,1,H,2.63,3.3,2.7,2023-04-08,serie_a
Lazio,Juventus,2,1,H,2.75,2.9,2.9,2023-04-08,serie_a
Angers,Lille,1,0,H,8.0,5.0,1.4,2023-04-08,ligue_1
Nice,Paris SG,0,2,A,3.8,3.8,1.85,2023-04-08,ligue_1
Vitesse,Go Ahead Eagles,2,0,H,2.0,3.3,4.0,2023-04-08,eredivisie
AZ Alkmaar,Sparta Rotterdam,0,1,A,1.5,4.5,6.0,2023-04-08,eredivisie
PSV Eindhoven,Excelsior,4,0,H,1.08,13.0,19.0,2023-04-08,eredivisie
Heerenveen,Volendam,2,1,H,1.55,4.5,5.5,2023-04-08,eredivisie
Kortrijk,Eupen,0,0,D,2.0,3.5,3.6,2023-04-08,pro_league
Oud-Heverlee Leuven,Mechelen,4,1,H,2.1,3.5,3.3,2023-04-08,pro_league
Charleroi,Waregem,3,2,H,1.73,3.8,4.75,2023-04-08,pro_league
Gent,St. Gilloise,1,1,D,2.55,3.3,2.7,2023-04-08,pro_league
Arouca,Maritimo,1,0,H,2.3,3.2,3.4,2023-04-08,primeira_liga
Pacos Ferreira,Famalicao,1,3,A,2.4,3.1,3.0,2023-04-08,primeira_liga
Portimonense,Rio Ave,2,2,D,2.6,3.0,2.88,2023-04-08,primeira_liga
Sp Braga,Estoril,4,1,H,1.3,5.0,9.0,2023-04-08,primeira_liga
Ankaragucu,Istanbulspor,3,2,H,1.67,3.8,4.75,2023-04-08,super_lig
Kasimpasa,Trabzonspor,2,0,H,3.1,3.6,2.15,2023-04-08,super_lig
Millwall,Luton,0,0,D,2.6,3.0,3.0,2023-04-07,championship
Rotherham,West Brom,3,1,H,5.0,3.5,1.75,2023-04-07,championship
Blackburn,Norwich,0,2,A,2.88,3.2,2.6,2023-04-07,championship
Blackpool,Cardiff,1,3,A,2.8,3.2,2.6,2023-04-07,championship
QPR,Preston,0,2,A,2.45,3.2,3.0,2023-04-07,championship
Reading,Birmingham,1,1,D,2.9,3.0,2.63,2023-04-07,championship
Sheffield United,Wigan,1,0,H,1.45,4.2,7.0,2023-04-07,championship
Stoke,Bristol City,1,2,A,1.8,3.6,4.5,2023-04-07,championship
Swansea,Coventry,0,0,D,2.3,3.25,3.25,2023-04-07,championship
Watford,Huddersfield,2,3,A,1.67,3.6,5.5,2023-04-07,championship
Sunderland,Hull,4,4,D,2.0,3.3,4.0,2023-04-07,championship
Middlesbrough,Burnley,1,2,A,2.7,3.4,2.55,2023-04-07,championship
Sevilla,Celta,2,2,D,2.1,3.4,3.5,2023-04-07,la_liga
Salernitana,Inter,1,1,D,7.5,4.5,1.45,2023-04-07,serie_a
Lecce,Napoli,1,2,A,5.75,3.6,1.65,2023-04-07,serie_a
Milan,Empoli,0,0,D,1.36,4.75,9.0,2023-04-07,serie_a
Lens,Strasbourg,2,1,H,1.5,4.33,6.5,2023-04-07,ligue_1
Groningen,Utrecht,1,2,A,3.1,3.5,2.25,2023-04-07,eredivisie
Club Brugge,Seraing,2,0,H,1.11,9.5,21.0,2023-04-07,pro_league
Santa Clara,Vizela,0,1,A,3.75,3.3,2.05,2023-04-07,primeira_liga
Benfica,Porto,1,2,A,1.95,3.5,3.8,2023-04-07,primeira_liga
Boavista,Guimaraes,2,1,H,2.5,3.1,2.88,2023-04-07,primeira_liga
Konyaspor,Antalyaspor,1,1,D,2.25,3.3,3.25,2023-04-07,super_lig
Barcelona,Sevilla,3,0,H,,,,2023-04-05,la_liga
PSG,Marseille,1,0,H,,,,2023-04-05,ligue_1
PSG,Marseille,3,0,H,,,,2023-04-05,ligue_1
Man United,Brentford,1,0,H,1.65,4.0,5.0,2023-04-05,premier_league
West Ham,Newcastle,1,5,A,3.6,3.25,2.15,2023-04-05,premier_league
Gil Vicente,Sp Lisbon,0,0,D,6.0,4.33,1.45,2023-04-05,primeira_liga
Bournemouth,Brighton,0,2,A,6.0,4.2,1.53,2023-04-04,premier_league
Leeds,Nott'm Forest,2,1,H,1.7,3.75,5.0,2023-04-04,premier_league
Leicester,Aston Villa,1,2,A,2.55,3.3,2.75,2023-04-04,premier_league
Chelsea,Liverpool,0,0,D,2.2,3.4,3.25,2023-04-04,premier_league
Everton,Tottenham,1,1,D,3.4,3.3,2.2,2023-04-03,premier_league
Valencia,Vallecano,1,1,D,2.05,3.2,3.8,2023-04-03,la_liga
Empoli,Lecce,1,0,H,2.45,3.1,3.1,2023-04-03,serie_a
Sassuolo,Torino,1,1,D,2.4,3.3,3.0,2023-04-03,serie_a
Famalicao,Arouca,0,1,A,1.85,3.3,3.75,2023-04-03,primeira_liga
Istanbulspor,Karagumruk,0,1,A,3.25,3.3,2.15,2023-04-03,super_lig
Napoli,AC Milan,4,0,H,,,,2023-04-02,serie_a
Napoli,AC Milan,4,0,H,,,,2023-04-02,serie_a
PSG,Lyon,4,3,H,,,,2023-04-02,ligue_1
Real Madrid,Valladolid,6,0,H,,,,2023-04-02,la_liga
West Ham,Southampton,1,0,H,1.73,3.6,5.0,2023-04-02,premier_league
Newcastle,Man United,2,0,H,2.4,3.4,2.9,2023-04-02,premier_league
Celta,Almeria,2,2,D,1.55,4.0,6.0,2023-04-02,la_liga
Villarreal,Sociedad,2,0,H,2.4,3.1,3.2,2023-04-02,la_liga
Ath Madrid,Betis,1,0,H,1.53,4.0,6.5,2023-04-02,la_liga
FC Koln,M'gladbach,0,0,D,2.25,3.6,3.0,2023-04-02,bundesliga
Werder Bremen,Hoffenheim,1,2,A,2.3,3.5,3.0,2023-04-02,bundesliga
Bologna,Udinese,3,0,H,2.2,3.3,3.4,2023-04-02,serie_a
Monza,Lazio,0,2,A,3.8,3.3,2.05,2023-04-02,serie_a
Spezia,Salernitana,1,1,D,2.3,3.3,3.2,2023-04-02,serie_a
Roma,Sampdoria,3,0,H,1.44,4.2,9.0,2023-04-02,serie_a
Napoli,Milan,0,4,A,1.73,3.6,5.0,2023-04-02,serie_a
Lille,Lorient,3,1,H,1.36,5.0,8.0,2023-04-02,ligue_1
Angers,Nice,1,1,D,6.5,3.9,1.55,2023-04-02,ligue_1
Brest,Toulouse,3,1,H,2.9,3.4,2.4,2023-04-02,ligue_1
Clermont,Ajaccio,2,1,H,2.1,3.2,3.8,2023-04-02,ligue_1
Nantes,Reims,0,3,A,3.1,3.3,2.38,2023-04-02,ligue_1
Monaco,Strasbourg,4,3,H,1.53,4.33,6.0,2023-04-02,ligue_1
Paris SG,Lyon,0,1,A,1.4,5.0,7.0,2023-04-02,ligue_1
Go Ahead Eagles,Ajax,0,0,D,7.5,5.0,1.33,2023-04-02,eredivisie
Sparta Rotterdam,Feyenoord,1,3,A,5.25,3.8,1.57,2023-04-02,eredivisie
Utrecht,Volendam,0,0,D,1.4,5.0,6.5,2023-04-02,eredivisie
For Sittard,Groningen,3,1,H,2.1,3.4,3.3,2023-04-02,eredivisie
Genk,Oud-Heverlee Leuven,2,1,H,1.5,4.0,6.0,2023-04-02,pro_league
Eupen,Anderlecht,0,1,A,3.8,3.6,1.8,2023-04-02,pro_league
Mechelen,Club Brugge,0,3,A,3.5,3.5,1.91,2023-04-02,pro_league
St. Gilloise,St Truiden,2,1,H,1.44,4.5,6.5,2023-04-02,pro_league
Chaves,Sp Braga,1,2,A,4.75,3.8,1.67,2023-04-02,primeira_liga
Maritimo,Boavista,4,2,H,2.45,3.1,2.9,2023-04-02,primeira_liga
Rio Ave,Benfica,0,1,A,8.5,4.75,1.33,2023-04-02,primeira_liga
Porto,Portimonense,1,0,H,1.13,7.0,21.0,2023-04-02,primeira_liga
Umraniyespor,Konyaspor,2,2,D,2.9,3.3,2.25,2023-04-02,super_lig
Giresunspor,Alanyaspor,2,2,D,2.45,3.4,2.7,2023-04-02,super_lig
Gaziantep,Kasimpasa,0,3,A,,,,2023-04-02,super_lig
Hatayspor,Sivasspor,0,3,A,,,,2023-04-02,super_lig
Fenerbahce,Besiktas,2,4,A,1.83,3.5,4.0,2023-04-02,super_lig
Borussia Dortmund,Bayern Munich,2,1,H,,,,2023-04-01,bundesliga
Liverpool,Manchester City,1,0,H,,,,2023-04-01,epl
Liverpool,Manchester City,1,0,H,,,,2023-04-01,epl
Sevilla,Real Betis,2,2,D,,,,2023-04-01,la_liga
Man City,Liverpool,4,1,H,1.62,4.2,5.0,2023-04-01,premier_league
Arsenal,Leeds,4,1,H,1.29,6.0,9.0,2023-04-01,premier_league
Bournemouth,Fulham,2,1,H,2.55,3.3,2.8,2023-04-01,premier_league
Brighton,Brentford,3,3,D,1.67,4.0,5.0,2023-04-01,premier_league
Crystal Palace,Leicester,2,1,H,2.5,3.25,2.9,2023-04-01,premier_league
Nott'm Forest,Wolves,1,1,D,3.0,3.1,2.55,2023-04-01,premier_league
Chelsea,Aston Villa,0,2,A,1.67,3.8,5.25,2023-04-01,premier_league
Luton,Watford,2,0,H,2.15,3.25,3.6,2023-04-01,championship
Preston,Blackpool,3,1,H,2.1,3.2,3.8,2023-04-01,championship
Birmingham,Blackburn,1,0,H,2.6,3.2,2.88,2023-04-01,championship
Bristol City,Reading,1,1,D,1.75,3.5,5.0,2023-04-01,championship
Cardiff,Swansea,2,3,A,2.45,3.2,3.0,2023-04-01,championship
Coventry,Stoke,0,4,A,2.38,3.3,3.1,2023-04-01,championship
Huddersfield,Middlesbrough,4,2,H,5.0,3.75,1.7,2023-04-01,championship
Hull,Rotherham,0,0,D,1.91,3.5,4.2,2023-04-01,championship
Norwich,Sheffield United,0,1,A,2.55,3.3,2.8,2023-04-01,championship
West Brom,Millwall,0,0,D,1.85,3.5,4.5,2023-04-01,championship
Wigan,QPR,1,0,H,2.4,3.3,3.0,2023-04-01,championship
Girona,Espanol,2,1,H,1.91,3.3,4.33,2023-04-01,la_liga
Ath Bilbao,Getafe,0,0,D,1.57,3.8,6.5,2023-04-01,la_liga
Cadiz,Sevilla,0,2,A,3.4,3.1,2.3,2023-04-01,la_liga
Elche,Barcelona,0,4,A,9.5,5.0,1.33,2023-04-01,la_liga
Freiburg,Hertha,1,1,D,1.62,4.0,5.5,2023-04-01,bundesliga
RB Leipzig,Mainz,0,3,A,1.53,4.5,5.5,2023-04-01,bundesliga
Schalke 04,Leverkusen,0,3,A,3.8,3.75,1.91,2023-04-01,bundesliga
Union Berlin,Stuttgart,3,0,H,2.05,3.2,3.9,2023-04-01,bundesliga
Wolfsburg,Augsburg,2,2,D,1.62,4.0,5.5,2023-04-01,bundesliga
Bayern Munich,Dortmund,4,2,H,1.45,5.0,6.0,2023-04-01,bundesliga
Cremonese,Atalanta,1,3,A,5.5,3.8,1.67,2023-04-01,serie_a
Inter,Fiorentina,0,1,A,1.75,3.8,4.5,2023-04-01,serie_a
Juventus,Verona,1,0,H,1.4,4.2,9.0,2023-04-01,serie_a
Auxerre,Troyes,1,0,H,1.85,3.6,4.2,2023-04-01,ligue_1
Rennes,Lens,0,1,A,2.55,3.4,2.75,2023-04-01,ligue_1
AZ Alkmaar,Heerenveen,1,1,D,1.5,4.2,6.5,2023-04-01,eredivisie
Excelsior,Twente,0,0,D,5.5,4.33,1.53,2023-04-01,eredivisie
Cambuur,FC Emmen,1,2,A,2.4,3.25,3.0,2023-04-01,eredivisie
Nijmegen,PSV Eindhoven,2,4,A,4.5,4.2,1.67,2023-04-01,eredivisie
Waalwijk,Vitesse,1,0,H,2.5,3.3,2.8,2023-04-01,eredivisie
Cercle Brugge,Kortrijk,2,0,H,1.57,4.0,4.75,2023-04-01,pro_league
Seraing,Gent,0,5,A,8.0,4.33,1.33,2023-04-01,pro_league
Westerlo,Charleroi,2,3,A,2.1,3.5,3.1,2023-04-01,pro_league
Oostende,Standard,1,3,A,3.1,3.4,2.1,2023-04-01,pro_league
Vizela,Casa Pia,3,1,H,2.2,3.0,3.4,2023-04-01,primeira_liga
Guimaraes,Pacos Ferreira,0,0,D,1.95,3.3,3.8,2023-04-01,primeira_liga
Sp Lisbon,Santa Clara,3,0,H,1.13,7.0,19.0,2023-04-01,primeira_liga
Buyuksehyr,Ankaragucu,1,0,H,1.7,3.6,4.5,2023-04-01,super_lig
Trabzonspor,Kayserispor,3,4,A,1.5,4.33,5.75,2023-04-01,super_lig
Galatasaray,Ad. Demirspor,2,0,H,1.4,4.5,6.5,2023-04-01,super_lig
Burnley,Sunderland,0,0,D,1.45,4.33,7.5,2023-03-31,championship
Mallorca,Osasuna,0,0,D,2.2,2.9,3.9,2023-03-31,la_liga
Ein Frankfurt,Bochum,1,1,D,1.5,4.33,6.5,2023-03-31,bundesliga
Marseille,Montpellier,1,1,D,1.45,4.33,6.5,2023-03-31,ligue_1
Waregem,Antwerp,0,2,A,4.2,4.0,1.65,2023-03-31,pro_league
Estoril,Gil Vicente,1,0,H,2.63,3.3,2.55,2023-03-31,primeira_liga
Barcelona,Real Madrid,0,1,A,,,,2023-03-19,la_liga
Villarreal,Atletico Madrid,0,2,A,,,,2023-03-19,la_liga
Roma,Lazio,1,0,H,,,,2023-03-19,serie_a
Arsenal,Crystal Palace,4,1,H,1.25,5.5,15.0,2023-03-19,premier_league
Swansea,Bristol City,2,0,H,2.15,3.3,3.4,2023-03-19,championship
Betis,Mallorca,1,0,H,1.8,3.2,5.25,2023-03-19,la_liga
Osasuna,Villarreal,0,3,A,3.0,3.1,2.45,2023-03-19,la_liga
Sociedad,Elche,2,0,H,1.4,4.75,8.5,2023-03-19,la_liga
Getafe,Sevilla,2,0,H,2.9,3.1,2.5,2023-03-19,la_liga
Union Berlin,Ein Frankfurt,2,0,H,2.38,3.2,3.2,2023-03-19,bundesliga
Leverkusen,Bayern Munich,2,1,H,5.25,4.5,1.55,2023-03-19,bundesliga
Mainz,Freiburg,1,1,D,2.1,3.5,3.3,2023-03-19,bundesliga
Sampdoria,Verona,3,1,H,2.88,3.1,2.45,2023-03-19,serie_a
Fiorentina,Lecce,1,0,H,1.6,3.75,5.75,2023-03-19,serie_a
Torino,Napoli,0,4,A,4.33,3.6,1.75,2023-03-19,serie_a
Lazio,Roma,1,0,H,2.75,3.0,2.75,2023-03-19,serie_a
Inter,Juventus,0,1,A,1.91,3.4,4.0,2023-03-19,serie_a
Ajaccio,Monaco,0,2,A,5.25,3.5,1.7,2023-03-19,ligue_1
Montpellier,Clermont,2,1,H,1.83,3.5,4.33,2023-03-19,ligue_1
Nice,Lorient,1,1,D,1.62,3.8,5.25,2023-03-19,ligue_1
Strasbourg,Auxerre,2,0,H,1.91,3.4,4.0,2023-03-19,ligue_1
Troyes,Brest,2,2,D,2.8,3.3,2.45,2023-03-19,ligue_1
Paris SG,Rennes,0,2,A,1.45,4.75,6.5,2023-03-19,ligue_1
Reims,Marseille,1,2,A,3.0,3.3,2.4,2023-03-19,ligue_1
Groningen,Heerenveen,0,2,A,2.7,3.4,2.55,2023-03-19,eredivisie
Ajax,Feyenoord,2,3,A,1.73,4.33,4.0,2023-03-19,eredivisie
Excelsior,Cambuur,4,1,H,2.63,3.6,2.55,2023-03-19,eredivisie
Vitesse,PSV Eindhoven,1,1,D,4.5,4.2,1.67,2023-03-19,eredivisie
Twente,AZ Alkmaar,2,1,H,2.15,3.5,3.25,2023-03-19,eredivisie
Antwerp,Charleroi,0,1,A,1.67,3.75,4.5,2023-03-19,pro_league
Oud-Heverlee Leuven,Anderlecht,0,2,A,3.0,3.4,2.15,2023-03-19,pro_league
St. Gilloise,Mechelen,2,1,H,1.36,4.75,7.0,2023-03-19,pro_league
Gent,Eupen,3,0,H,1.36,4.75,8.0,2023-03-19,pro_league
Casa Pia,Maritimo,2,0,H,2.05,3.1,4.0,2023-03-19,primeira_liga
Sp Braga,Porto,0,0,D,3.25,3.25,2.2,2023-03-19,primeira_liga
Boavista,Famalicao,1,2,A,2.38,3.2,3.0,2023-03-19,primeira_liga
Karagumruk,Buyuksehyr,2,2,D,2.8,3.25,2.5,2023-03-19,super_lig
Sivasspor,Ankaragucu,2,0,H,2.15,3.25,3.4,2023-03-19,super_lig
Alanyaspor,Fenerbahce,1,3,A,4.75,3.75,1.73,2023-03-19,super_lig
Gaziantep,Trabzonspor,0,3,A,,,,2023-03-19,super_lig
Kayserispor,Hatayspor,3,0,H,,,,2023-03-19,super_lig
Atletico Madrid,Mallorca,3,1,H,,,,2023-03-18,la_liga
Eintracht Frankfurt,Borussia Dortmund,1,3,A,,,,2023-03-18,bundesliga
Everton,Arsenal,0,1,A,,,,2023-03-18,epl
West Ham,Aston Villa,2,1,H,,,,2023-03-18,epl
Aston Villa,Bournemouth,3,0,H,1.7,3.8,5.0,2023-03-18,premier_league
Brentford,Leicester,1,1,D,1.91,3.6,3.75,2023-03-18,premier_league
Southampton,Tottenham,3,3,D,4.75,3.6,1.75,2023-03-18,premier_league
Wolves,Leeds,2,4,A,2.25,3.2,3.3,2023-03-18,premier_league
Chelsea,Everton,2,2,D,1.5,4.2,7.5,2023-03-18,premier_league
Blackpool,Coventry,1,4,A,3.3,3.3,2.25,2023-03-18,championship
Middlesbrough,Preston,4,0,H,1.55,3.8,6.5,2023-03-18,championship
Millwall,Huddersfield,0,1,A,1.53,3.75,8.0,2023-03-18,championship
QPR,Birmingham,0,1,A,2.38,3.3,3.1,2023-03-18,championship
Reading,Hull,1,1,D,2.75,3.4,2.5,2023-03-18,championship
Stoke,Norwich,0,0,D,2.45,3.3,2.9,2023-03-18,championship
Sunderland,Luton,1,1,D,2.6,3.3,2.7,2023-03-18,championship
Watford,Wigan,1,1,D,1.7,3.6,5.25,2023-03-18,championship
Almeria,Cadiz,1,1,D,2.0,3.5,3.6,2023-03-18,la_liga
Vallecano,Girona,2,2,D,2.0,3.4,3.8,2023-03-18,la_liga
Espanol,Celta,1,3,A,2.75,3.25,2.55,2023-03-18,la_liga
Ath Madrid,Valencia,3,0,H,1.55,4.2,5.75,2023-03-18,la_liga
Augsburg,Schalke 04,1,1,D,2.3,3.4,3.1,2023-03-18,bundesliga
Bochum,RB Leipzig,1,0,H,5.5,4.33,1.55,2023-03-18,bundesliga
Hoffenheim,Hertha,3,1,H,2.05,3.5,3.5,2023-03-18,bundesliga
Stuttgart,Wolfsburg,0,1,A,2.38,3.4,2.9,2023-03-18,bundesliga
Dortmund,FC Koln,6,1,H,1.45,4.75,6.5,2023-03-18,bundesliga
Monza,Cremonese,1,1,D,1.8,3.5,4.5,2023-03-18,serie_a
Salernitana,Bologna,2,2,D,3.4,3.25,2.2,2023-03-18,serie_a
Udinese,Milan,3,1,H,3.5,3.4,2.15,2023-03-18,serie_a
Toulouse,Lille,0,2,A,3.3,3.5,2.2,2023-03-18,ligue_1
Lens,Angers,3,0,H,1.25,6.0,11.0,2023-03-18,ligue_1
Utrecht,Go Ahead Eagles,1,2,A,1.7,4.0,4.5,2023-03-18,eredivisie
FC Emmen,Sparta Rotterdam,0,2,A,2.5,3.2,2.8,2023-03-18,eredivisie
Waalwijk,Nijmegen,1,3,A,2.4,3.5,2.7,2023-03-18,eredivisie
Kortrijk,Club Brugge,1,0,H,4.2,3.8,1.65,2023-03-18,pro_league
Oostende,Westerlo,1,2,A,2.88,3.3,2.25,2023-03-18,pro_league
St Truiden,Seraing,2,1,H,1.53,3.75,5.75,2023-03-18,pro_league
Standard,Waregem,2,2,D,1.67,3.75,4.5,2023-03-18,pro_league
Portimonense,Vizela,0,1,A,2.88,3.2,2.55,2023-03-18,primeira_liga
Arouca,Pacos Ferreira,1,1,D,2.1,3.3,3.5,2023-03-18,primeira_liga
Benfica,Guimaraes,5,1,H,1.18,7.0,15.0,2023-03-18,primeira_liga
Estoril,Chaves,0,2,A,2.1,3.2,3.5,2023-03-18,primeira_liga
Kasimpasa,Umraniyespor,1,1,D,1.73,3.75,4.5,2023-03-18,super_lig
Ad. Demirspor,Antalyaspor,2,0,H,1.75,3.8,4.33,2023-03-18,super_lig
Besiktas,Istanbulspor,3,1,H,1.25,5.75,10.0,2023-03-18,super_lig
Nott'm Forest,Newcastle,1,2,A,5.5,3.8,1.62,2023-03-17,premier_league
Valladolid,Ath Bilbao,1,3,A,4.2,3.6,1.83,2023-03-17,la_liga
M'gladbach,Werder Bremen,2,2,D,1.8,4.0,4.2,2023-03-17,bundesliga
Sassuolo,Spezia,1,0,H,1.7,3.75,4.5,2023-03-17,serie_a
Atalanta,Empoli,2,1,H,1.4,4.5,7.5,2023-03-17,serie_a
Lyon,Nantes,1,1,D,1.6,4.0,5.75,2023-03-17,ligue_1
Volendam,For Sittard,2,1,H,2.4,3.6,2.8,2023-03-17,eredivisie
Cercle Brugge,Genk,1,1,D,2.7,3.4,2.38,2023-03-17,pro_league
Santa Clara,Rio Ave,0,2,A,2.6,3.0,3.0,2023-03-17,primeira_liga
Konyaspor,Galatasaray,2,1,H,4.33,3.6,1.8,2023-03-17,super_lig
AC Milan,Napoli,1,0,H,,,,2023-03-15,champions_league
Brighton,Crystal Palace,1,0,H,1.44,4.2,8.0,2023-03-15,premier_league
Southampton,Brentford,0,2,A,2.88,3.25,2.5,2023-03-15,premier_league
Blackburn,Reading,2,1,H,1.75,3.6,4.75,2023-03-15,championship
Cardiff,West Brom,1,1,D,3.1,3.25,2.38,2023-03-15,championship
Huddersfield,Norwich,1,1,D,4.33,3.6,1.85,2023-03-15,championship
Hull,Burnley,1,3,A,4.5,3.5,1.83,2023-03-15,championship
Luton,Bristol City,1,0,H,1.85,3.5,4.5,2023-03-15,championship
Sunderland,Sheffield United,1,2,A,3.3,3.25,2.25,2023-03-15,championship
Blackpool,QPR,6,1,H,2.5,3.1,3.1,2023-03-14,championship
Millwall,Swansea,2,1,H,1.95,3.5,3.8,2023-03-14,championship
Rotherham,Preston,1,2,A,2.7,3.2,2.75,2023-03-14,championship
Watford,Birmingham,3,0,H,1.83,3.6,4.33,2023-03-14,championship
Wigan,Coventry,1,1,D,3.5,3.3,2.15,2023-03-14,championship
Middlesbrough,Stoke,1,1,D,1.7,3.8,5.0,2023-03-14,championship
Girona,Ath Madrid,0,1,A,3.75,3.4,2.05,2023-03-13,la_liga
Milan,Salernitana,1,1,D,1.25,6.0,11.0,2023-03-13,serie_a
Famalicao,Casa Pia,1,0,H,2.1,3.3,3.5,2023-03-13,primeira_liga
Istanbulspor,Sivasspor,3,0,H,3.0,3.3,2.15,2023-03-13,super_lig
Manchester United,Tottenham,2,0,H,,,,2023-03-12,epl
Roma,Atalanta,1,0,H,,,,2023-03-12,serie_a
PSG,Auxerre,2,1,H,,,,2023-03-12,ligue_1
Fulham,Arsenal,0,3,A,6.0,4.0,1.57,2023-03-12,premier_league
Man United,Southampton,0,0,D,1.36,5.0,9.0,2023-03-12,premier_league
West Ham,Aston Villa,1,1,D,2.2,3.3,3.4,2023-03-12,premier_league
Newcastle,Wolves,2,1,H,1.65,3.75,5.5,2023-03-12,premier_league
Norwich,Sunderland,0,1,A,1.83,3.75,4.2,2023-03-12,championship
Mallorca,Sociedad,1,1,D,3.5,2.9,2.38,2023-03-12,la_liga
Sevilla,Almeria,2,1,H,1.73,3.6,5.25,2023-03-12,la_liga
Villarreal,Betis,1,1,D,1.95,3.6,3.8,2023-03-12,la_liga
Ath Bilbao,Barcelona,0,1,A,3.5,3.3,2.15,2023-03-12,la_liga
Freiburg,Hoffenheim,2,1,H,1.91,3.6,4.0,2023-03-12,bundesliga
Werder Bremen,Leverkusen,2,3,A,3.3,3.75,2.1,2023-03-12,bundesliga
Wolfsburg,Union Berlin,1,1,D,2.25,3.25,3.3,2023-03-12,bundesliga
Lecce,Torino,0,2,A,3.0,3.0,2.63,2023-03-12,serie_a
Cremonese,Fiorentina,0,2,A,4.33,3.6,1.85,2023-03-12,serie_a
Verona,Monza,1,1,D,2.5,3.2,2.9,2023-03-12,serie_a
Roma,Sassuolo,3,4,A,1.67,3.6,5.5,2023-03-12,serie_a
Juventus,Sampdoria,4,2,H,1.33,4.75,10.0,2023-03-12,serie_a
Clermont,Lens,0,4,A,4.75,3.4,1.83,2023-03-12,ligue_1
Ajaccio,Montpellier,0,1,A,3.0,3.2,2.5,2023-03-12,ligue_1
Angers,Toulouse,0,2,A,3.8,3.6,1.95,2023-03-12,ligue_1
Lorient,Troyes,2,0,H,1.73,3.75,4.75,2023-03-12,ligue_1
Nantes,Nice,2,2,D,3.0,3.2,2.5,2023-03-12,ligue_1
Monaco,Reims,0,1,A,1.8,3.75,4.33,2023-03-12,ligue_1
Marseille,Strasbourg,2,2,D,1.4,4.75,8.0,2023-03-12,ligue_1
Nijmegen,Utrecht,2,2,D,2.4,3.5,2.88,2023-03-12,eredivisie
Heerenveen,Ajax,2,4,A,6.5,5.0,1.44,2023-03-12,eredivisie
PSV Eindhoven,Cambuur,5,2,H,1.14,7.5,19.0,2023-03-12,eredivisie
Feyenoord,Volendam,2,1,H,1.13,8.0,21.0,2023-03-12,eredivisie
Club Brugge,Standard,2,0,H,1.7,3.8,4.33,2023-03-12,pro_league
Waregem,Gent,2,6,A,3.2,3.6,1.95,2023-03-12,pro_league
Genk,St. Gilloise,1,2,A,2.2,3.4,3.0,2023-03-12,pro_league
Anderlecht,Cercle Brugge,2,0,H,2.05,3.5,3.3,2023-03-12,pro_league
Rio Ave,Gil Vicente,2,1,H,2.4,3.2,3.0,2023-03-12,primeira_liga
Maritimo,Benfica,0,3,A,9.0,6.5,1.25,2023-03-12,primeira_liga
Sp Lisbon,Boavista,3,0,H,1.25,5.75,12.0,2023-03-12,primeira_liga
Ankaragucu,Alanyaspor,2,0,H,2.2,3.4,2.88,2023-03-12,super_lig
Hatayspor,Konyaspor,0,3,A,,,,2023-03-12,super_lig
Trabzonspor,Ad. Demirspor,4,1,H,1.67,3.6,4.5,2023-03-12,super_lig
Buyuksehyr,Besiktas,0,2,A,2.7,3.3,2.45,2023-03-12,super_lig
Borussia Dortmund,Freiburg,5,1,H,,,,2023-03-11,bundesliga
Napoli,Salernitana,3,0,H,,,,2023-03-11,serie_a
AC Milan,Fiorentina,2,1,H,,,,2023-03-11,serie_a
Bournemouth,Liverpool,1,0,H,7.5,5.0,1.4,2023-03-11,premier_league
Everton,Brentford,1,0,H,2.7,3.25,2.7,2023-03-11,premier_league
Leeds,Brighton,2,2,D,3.75,3.6,1.95,2023-03-11,premier_league
Leicester,Chelsea,1,3,A,3.75,3.5,1.95,2023-03-11,premier_league
Tottenham,Nott'm Forest,3,1,H,1.44,4.75,7.0,2023-03-11,premier_league
Crystal Palace,Man City,0,1,A,9.0,4.75,1.36,2023-03-11,premier_league
Bristol City,Blackpool,2,0,H,1.95,3.6,4.0,2023-03-11,championship
Birmingham,Rotherham,2,0,H,1.91,3.5,4.2,2023-03-11,championship
Burnley,Wigan,3,0,H,1.33,5.25,8.5,2023-03-11,championship
Coventry,Hull,1,1,D,1.95,3.3,4.1,2023-03-11,championship
Preston,Cardiff,2,0,H,2.4,3.3,3.0,2023-03-11,championship
QPR,Watford,1,0,H,3.2,3.25,2.3,2023-03-11,championship
Reading,Millwall,0,1,A,3.5,3.5,2.1,2023-03-11,championship
Sheffield United,Luton,0,1,A,1.95,3.5,4.0,2023-03-11,championship
Swansea,Middlesbrough,1,3,A,3.25,3.6,2.15,2023-03-11,championship
West Brom,Huddersfield,1,0,H,1.4,4.75,7.5,2023-03-11,championship
Real Madrid,Espanol,3,1,H,1.25,6.5,9.5,2023-03-11,la_liga
Elche,Valladolid,1,1,D,2.7,3.3,2.7,2023-03-11,la_liga
Celta,Vallecano,3,0,H,2.1,3.2,4.0,2023-03-11,la_liga
Valencia,Osasuna,1,0,H,2.1,3.2,3.8,2023-03-11,la_liga
Bayern Munich,Augsburg,5,3,H,1.13,9.0,19.0,2023-03-11,bundesliga
Ein Frankfurt,Stuttgart,1,1,D,1.8,4.0,4.2,2023-03-11,bundesliga
Hertha,Mainz,1,1,D,2.9,3.4,2.45,2023-03-11,bundesliga
RB Leipzig,M'gladbach,3,0,H,1.4,5.0,7.0,2023-03-11,bundesliga
Schalke 04,Dortmund,2,2,D,4.5,4.0,1.73,2023-03-11,bundesliga
Empoli,Udinese,0,1,A,3.0,3.25,2.4,2023-03-11,serie_a
Napoli,Atalanta,2,0,H,1.67,4.0,5.0,2023-03-11,serie_a
Bologna,Lazio,0,0,D,3.1,3.1,2.38,2023-03-11,serie_a
Auxerre,Rennes,0,0,D,4.0,3.4,1.95,2023-03-11,ligue_1
Brest,Paris SG,1,2,A,7.0,4.75,1.44,2023-03-11,ligue_1
FC Emmen,Excelsior,2,0,H,1.7,3.8,5.0,2023-03-11,eredivisie
For Sittard,Twente,0,3,A,3.75,3.8,1.91,2023-03-11,eredivisie
AZ Alkmaar,Groningen,1,0,H,1.33,5.0,9.5,2023-03-11,eredivisie
Sparta Rotterdam,Vitesse,3,1,H,2.4,3.5,2.88,2023-03-11,eredivisie
Mechelen,St Truiden,1,0,H,2.15,3.25,3.1,2023-03-11,pro_league
Eupen,Oostende,4,4,D,2.5,3.4,2.6,2023-03-11,pro_league
Westerlo,Kortrijk,3,1,H,1.67,4.0,4.33,2023-03-11,pro_league
Seraing,Antwerp,0,2,A,7.5,4.33,1.4,2023-03-11,pro_league
Chaves,Portimonense,2,0,H,2.25,3.3,3.1,2023-03-11,primeira_liga
Pacos Ferreira,Santa Clara,1,0,H,2.38,3.25,3.0,2023-03-11,primeira_liga
Guimaraes,Arouca,0,2,A,2.0,3.4,3.75,2023-03-11,primeira_liga
Vizela,Sp Braga,0,4,A,3.8,3.6,1.95,2023-03-11,primeira_liga
Antalyaspor,Kayserispor,4,0,H,2.15,3.3,3.0,2023-03-11,super_lig
Galatasaray,Kasimpasa,1,0,H,1.25,5.25,9.0,2023-03-11,super_lig
Stoke,Blackburn,3,2,H,2.0,3.4,3.8,2023-03-10,championship
Cadiz,Getafe,2,2,D,2.5,2.88,3.3,2023-03-10,la_liga
FC Koln,Bochum,0,2,A,1.73,3.75,4.75,2023-03-10,bundesliga
Spezia,Inter,2,1,H,8.0,4.6,1.4,2023-03-10,serie_a
Lille,Lyon,3,3,D,1.85,3.75,4.0,2023-03-10,ligue_1
Charleroi,Oud-Heverlee Leuven,0,1,A,1.85,3.6,3.6,2023-03-10,pro_league
Porto,Estoril,3,2,H,1.18,6.5,13.0,2023-03-10,primeira_liga
Giresunspor,Karagumruk,2,2,D,2.3,3.4,2.7,2023-03-10,super_lig
Bayern Munich,PSG,2,0,H,,,,2023-03-08,champions_league
Napoli,AC Milan,1,1,D,,,,2023-03-07,champions_league
Huddersfield,Bristol City,0,0,D,3.0,3.2,2.4,2023-03-07,championship
Reading,Sheffield United,0,1,A,4.75,3.6,1.75,2023-03-07,championship
West Brom,Wigan,1,0,H,1.57,4.0,6.0,2023-03-07,championship
Brentford,Fulham,3,2,H,1.95,3.6,3.75,2023-03-06,premier_league
Osasuna,Celta,0,0,D,2.8,3.0,2.8,2023-03-06,la_liga
Sassuolo,Cremonese,3,2,H,1.8,3.6,4.5,2023-03-06,serie_a
Torino,Bologna,1,0,H,2.4,2.9,3.4,2023-03-06,serie_a
Casa Pia,Pacos Ferreira,2,1,H,2.0,3.1,4.2,2023-03-06,primeira_liga
Kasimpasa,Antalyaspor,3,1,H,2.25,3.4,2.8,2023-03-06,super_lig
Liverpool,Manchester United,7,0,H,,,,2023-03-05,epl
Manchester United,Liverpool,0,7,A,,,,2023-03-05,epl
Manchester United,Liverpool,0,7,A,,,,2023-03-05,epl
Monaco,Toulouse,3,0,H,,,,2023-03-05,ligue_1
Real Sociedad,Barcelona,2,1,H,,,,2023-03-05,la_liga
Real Sociedad,Real Madrid,0,2,A,,,,2023-03-05,la_liga
Roma,Napoli,0,0,D,,,,2023-03-05,serie_a
Roma,Napoli,0,0,D,,,,2023-03-05,serie_a
Nott'm Forest,Everton,2,2,D,2.7,3.0,2.88,2023-03-05,premier_league
Liverpool,Man United,7,0,H,2.38,3.6,2.88,2023-03-05,premier_league
Valladolid,Espanol,2,1,H,2.5,3.2,2.88,2023-03-05,la_liga
Barcelona,Valencia,1,0,H,1.53,4.5,5.75,2023-03-05,la_liga
Vallecano,Ath Bilbao,0,0,D,2.9,3.1,2.6,2023-03-05,la_liga
Betis,Real Madrid,0,0,D,4.75,3.75,1.73,2023-03-05,la_liga
Leverkusen,Hertha,4,1,H,1.53,4.2,6.0,2023-03-05,bundesliga
Wolfsburg,Ein Frankfurt,2,2,D,2.45,3.5,2.8,2023-03-05,bundesliga
Spezia,Verona,0,0,D,2.7,3.1,2.8,2023-03-05,serie_a
Sampdoria,Salernitana,0,0,D,2.3,3.25,3.2,2023-03-05,serie_a
Inter,Lecce,2,0,H,1.36,4.75,9.5,2023-03-05,serie_a
Roma,Juventus,1,0,H,2.7,3.0,2.88,2023-03-05,serie_a
Troyes,Monaco,2,2,D,5.75,4.5,1.5,2023-03-05,ligue_1
Montpellier,Angers,5,0,H,1.75,3.6,4.75,2023-03-05,ligue_1
Reims,Ajaccio,1,0,H,1.62,3.8,6.0,2023-03-05,ligue_1
Strasbourg,Brest,0,1,A,2.0,3.25,4.2,2023-03-05,ligue_1
Toulouse,Clermont,0,1,A,1.75,3.75,4.75,2023-03-05,ligue_1
Lyon,Lorient,0,0,D,1.53,4.33,6.0,2023-03-05,ligue_1
Rennes,Marseille,0,1,A,2.75,3.5,2.5,2023-03-05,ligue_1
Excelsior,Sparta Rotterdam,1,4,A,3.4,3.5,2.1,2023-03-05,eredivisie
Waalwijk,PSV Eindhoven,0,1,A,6.0,4.75,1.44,2023-03-05,eredivisie
Ajax,Nijmegen,1,0,H,1.22,6.5,11.0,2023-03-05,eredivisie
Cambuur,Go Ahead Eagles,4,1,H,2.88,3.25,2.5,2023-03-05,eredivisie
St Truiden,Genk,2,2,D,4.0,3.4,1.91,2023-03-05,pro_league
Antwerp,Mechelen,5,0,H,1.53,4.2,5.75,2023-03-05,pro_league
Gent,Anderlecht,1,0,H,2.05,3.4,3.5,2023-03-05,pro_league
St. Gilloise,Eupen,2,1,H,1.25,5.5,12.0,2023-03-05,pro_league
Gil Vicente,Maritimo,2,0,H,1.85,3.6,4.0,2023-03-05,primeira_liga
Santa Clara,Guimaraes,1,3,A,3.0,3.1,2.5,2023-03-05,primeira_liga
Sp Braga,Rio Ave,2,0,H,1.44,4.2,8.0,2023-03-05,primeira_liga
Ad. Demirspor,Hatayspor,3,0,H,,,,2023-03-05,super_lig
Gaziantep,Galatasaray,0,3,A,,,,2023-03-05,super_lig
Konyaspor,Giresunspor,0,0,D,1.8,3.75,3.6,2023-03-05,super_lig
Besiktas,Ankaragucu,2,1,H,1.5,4.2,5.5,2023-03-05,super_lig
Arsenal,Newcastle,0,0,D,,,,2023-03-04,epl
Bayern Munich,Freiburg,4,0,H,,,,2023-03-04,bundesliga
Inter Milan,Atalanta,3,2,H,,,,2023-03-04,serie_a
Monza,Juventus,2,0,H,,,,2023-03-04,serie_a
Napoli,Lazio,2,1,H,,,,2023-03-04,serie_a
Bournemouth,Arsenal,0,4,A,,,,2023-03-04,epl
Man City,Newcastle,2,0,H,1.45,4.5,7.0,2023-03-04,premier_league
Arsenal,Bournemouth,3,2,H,1.22,7.0,12.0,2023-03-04,premier_league
Aston Villa,Crystal Palace,1,0,H,2.05,3.3,3.8,2023-03-04,premier_league
Brighton,West Ham,4,0,H,1.8,3.6,4.5,2023-03-04,premier_league
Chelsea,Leeds,1,0,H,1.62,4.0,5.5,2023-03-04,premier_league
Wolves,Tottenham,1,0,H,3.3,3.4,2.2,2023-03-04,premier_league
Southampton,Leicester,1,0,H,2.75,3.3,2.6,2023-03-04,premier_league
Blackburn,Sheffield United,1,0,H,3.7,3.5,2.0,2023-03-04,championship
Cardiff,Bristol City,2,0,H,2.2,3.3,3.3,2023-03-04,championship
Blackpool,Burnley,0,0,D,6.5,3.8,1.6,2023-03-04,championship
Huddersfield,Coventry,0,4,A,3.3,3.2,2.25,2023-03-04,championship
Luton,Swansea,1,0,H,2.0,3.3,4.0,2023-03-04,championship
Middlesbrough,Reading,5,0,H,1.45,4.5,6.5,2023-03-04,championship
Millwall,Norwich,2,3,A,2.6,3.1,2.88,2023-03-04,championship
Rotherham,QPR,3,1,H,3.0,3.2,2.5,2023-03-04,championship
Sunderland,Stoke,1,5,A,2.25,3.25,3.25,2023-03-04,championship
Watford,Preston,0,0,D,1.83,3.5,4.5,2023-03-04,championship
Wigan,Birmingham,1,1,D,2.25,3.2,3.3,2023-03-04,championship
Getafe,Girona,3,2,H,2.75,3.0,2.8,2023-03-04,la_liga
Almeria,Villarreal,0,2,A,3.5,3.6,2.05,2023-03-04,la_liga
Mallorca,Elche,0,1,A,1.7,3.4,5.75,2023-03-04,la_liga
Ath Madrid,Sevilla,6,1,H,1.67,3.6,5.25,2023-03-04,la_liga
Augsburg,Werder Bremen,2,1,H,2.3,3.5,3.0,2023-03-04,bundesliga
Bochum,Schalke 04,0,2,A,2.3,3.4,3.1,2023-03-04,bundesliga
Mainz,Hoffenheim,1,0,H,1.91,3.6,4.0,2023-03-04,bundesliga
M'gladbach,Freiburg,0,0,D,2.4,3.6,2.8,2023-03-04,bundesliga
Union Berlin,FC Koln,0,0,D,1.91,3.4,4.33,2023-03-04,bundesliga
Stuttgart,Bayern Munich,1,2,A,7.0,5.25,1.4,2023-03-04,bundesliga
Monza,Empoli,2,1,H,2.1,3.25,3.8,2023-03-04,serie_a
Atalanta,Udinese,0,0,D,1.62,4.0,5.5,2023-03-04,serie_a
Fiorentina,Milan,2,1,H,2.8,3.3,2.55,2023-03-04,serie_a
Lens,Lille,1,1,D,2.38,3.3,3.0,2023-03-04,ligue_1
Paris SG,Nantes,4,2,H,1.3,5.5,10.0,2023-03-04,ligue_1
Volendam,FC Emmen,3,1,H,2.6,3.5,2.63,2023-03-04,eredivisie
Feyenoord,Groningen,1,0,H,1.2,7.0,13.0,2023-03-04,eredivisie
Twente,Heerenveen,3,3,D,1.55,4.0,6.5,2023-03-04,eredivisie
Kortrijk,Charleroi,0,1,A,3.1,3.4,2.25,2023-03-04,pro_league
Cercle Brugge,Seraing,3,1,H,1.4,4.75,8.0,2023-03-04,pro_league
Oud-Heverlee Leuven,Waregem,4,2,H,1.83,3.6,4.2,2023-03-04,pro_league
Standard,Westerlo,2,0,H,2.55,3.3,2.7,2023-03-04,pro_league
Estoril,Vizela,0,3,A,2.63,3.2,2.63,2023-03-04,primeira_liga
Portimonense,Sp Lisbon,0,1,A,8.0,4.5,1.36,2023-03-04,primeira_liga
Chaves,Porto,1,3,A,11.0,5.0,1.29,2023-03-04,primeira_liga
Karagumruk,Sivasspor,4,3,H,2.15,3.3,3.1,2023-03-04,super_lig
Trabzonspor,Umraniyespor,1,2,A,1.4,4.33,6.5,2023-03-04,super_lig
Kayserispor,Fenerbahce,1,2,A,4.2,3.5,1.75,2023-03-04,super_lig
Hull,West Brom,2,0,H,3.5,3.2,2.2,2023-03-03,championship
Sociedad,Cadiz,0,0,D,1.5,3.9,7.5,2023-03-03,la_liga
Dortmund,RB Leipzig,2,1,H,2.2,3.5,3.2,2023-03-03,bundesliga
Napoli,Lazio,0,1,A,1.65,3.8,5.25,2023-03-03,serie_a
Nice,Auxerre,1,1,D,1.65,3.75,5.75,2023-03-03,ligue_1
Utrecht,For Sittard,1,2,A,1.57,4.2,5.75,2023-03-03,eredivisie
Vitesse,AZ Alkmaar,0,1,A,3.2,3.4,2.25,2023-03-03,eredivisie
Oostende,Club Brugge,3,0,H,4.5,4.0,1.67,2023-03-03,pro_league
Boavista,Arouca,0,0,D,2.25,3.25,3.25,2023-03-03,primeira_liga
Benfica,Famalicao,2,0,H,1.17,8.5,13.0,2023-03-03,primeira_liga
Alanyaspor,Buyuksehyr,1,0,H,2.6,3.2,2.6,2023-03-03,super_lig
Arsenal,Everton,4,0,H,1.36,4.75,10.0,2023-03-01,premier_league
Liverpool,Wolves,2,0,H,1.5,4.75,6.0,2023-03-01,premier_league
Juventus,Torino,4,2,H,,,,2023-02-28,serie_a
Preston,Coventry,0,0,D,2.7,3.3,2.63,2023-02-28,championship
Luton,Millwall,2,2,D,2.2,3.1,3.6,2023-02-28,championship
Cremonese,Roma,2,1,H,5.25,3.4,1.75,2023-02-28,serie_a
Swansea,Rotherham,1,1,D,1.55,3.8,6.5,2023-02-27,championship
Villarreal,Getafe,2,1,H,1.67,3.6,5.75,2023-02-27,la_liga
Verona,Fiorentina,0,3,A,3.25,3.25,2.25,2023-02-27,serie_a
Lazio,Sampdoria,1,0,H,1.44,4.33,8.0,2023-02-27,serie_a
Sp Lisbon,Estoril,2,0,H,1.22,6.5,10.0,2023-02-27,primeira_liga
Guimaraes,Sp Braga,2,1,H,3.75,3.5,1.91,2023-02-27,primeira_liga
Chelsea,Tottenham,0,0,D,,,,2023-02-26,epl
Chelsea,Tottenham,2,2,D,,,,2023-02-26,epl
Getafe,Atletico Madrid,0,0,D,,,,2023-02-26,la_liga
Tottenham,Chelsea,2,0,H,2.55,3.25,2.9,2023-02-26,premier_league
Ath Bilbao,Girona,2,3,A,1.67,3.8,5.25,2023-02-26,la_liga
Celta,Valladolid,3,0,H,1.7,3.75,5.25,2023-02-26,la_liga
Almeria,Barcelona,1,0,H,7.0,4.75,1.44,2023-02-26,la_liga
Sevilla,Osasuna,2,3,A,1.85,3.25,4.5,2023-02-26,la_liga
Freiburg,Leverkusen,1,1,D,2.15,3.5,3.25,2023-02-26,bundesliga
Bayern Munich,Union Berlin,3,0,H,1.33,5.25,9.0,2023-02-26,bundesliga
Bologna,Inter,1,0,H,5.5,3.75,1.7,2023-02-26,serie_a
Salernitana,Monza,3,0,H,3.6,3.3,2.05,2023-02-26,serie_a
Udinese,Spezia,2,2,D,1.62,3.8,5.75,2023-02-26,serie_a
Milan,Atalanta,2,0,H,2.15,3.4,3.4,2023-02-26,serie_a
Lorient,Auxerre,0,1,A,2.05,3.4,3.6,2023-02-26,ligue_1
Ajaccio,Troyes,2,1,H,2.2,3.1,3.5,2023-02-26,ligue_1
Clermont,Strasbourg,1,1,D,2.55,3.2,2.88,2023-02-26,ligue_1
Nantes,Rennes,0,1,A,3.5,3.3,2.15,2023-02-26,ligue_1
Reims,Toulouse,3,0,H,2.1,3.5,3.5,2023-02-26,ligue_1
Monaco,Nice,0,3,A,2.0,3.6,3.6,2023-02-26,ligue_1
Marseille,Paris SG,0,3,A,2.75,3.6,2.4,2023-02-26,ligue_1
For Sittard,Feyenoord,2,4,A,6.5,4.75,1.44,2023-02-26,eredivisie
FC Emmen,Go Ahead Eagles,2,2,D,2.38,3.2,3.2,2023-02-26,eredivisie
Vitesse,Ajax,1,2,A,5.5,4.75,1.5,2023-02-26,eredivisie
PSV Eindhoven,Twente,3,1,H,1.65,4.0,5.25,2023-02-26,eredivisie
Club Brugge,Gent,2,0,H,2.15,3.75,3.1,2023-02-26,pro_league
Oud-Heverlee Leuven,Antwerp,1,1,D,3.5,3.5,2.0,2023-02-26,pro_league
Anderlecht,Standard,2,2,D,1.83,3.75,4.0,2023-02-26,pro_league
Charleroi,St Truiden,1,0,H,2.05,3.5,3.6,2023-02-26,pro_league
Rio Ave,Chaves,1,0,H,2.1,3.25,3.25,2023-02-26,primeira_liga
Pacos Ferreira,Boavista,1,3,A,2.55,3.0,2.88,2023-02-26,primeira_liga
Porto,Gil Vicente,1,2,A,1.18,6.5,11.0,2023-02-26,primeira_liga
Umraniyespor,Ad. Demirspor,1,1,D,3.6,3.5,2.0,2023-02-26,super_lig
Besiktas,Antalyaspor,0,0,D,1.65,3.8,5.0,2023-02-26,super_lig
Atletico Madrid,Real Madrid,1,2,A,,,,2023-02-25,la_liga
Bayern Munich,Wolfsburg,4,0,H,,,,2023-02-25,bundesliga
Everton,Aston Villa,0,2,A,2.5,3.2,3.0,2023-02-25,premier_league
Leeds,Southampton,1,0,H,1.95,3.5,4.0,2023-02-25,premier_league
Leicester,Arsenal,0,1,A,4.75,4.0,1.7,2023-02-25,premier_league
West Ham,Nott'm Forest,4,0,H,1.75,3.6,5.0,2023-02-25,premier_league
Bournemouth,Man City,1,4,A,10.0,5.75,1.29,2023-02-25,premier_league
Crystal Palace,Liverpool,0,0,D,4.75,3.8,1.73,2023-02-25,premier_league
Coventry,Sunderland,2,1,H,2.2,3.3,3.25,2023-02-25,championship
Birmingham,Luton,0,1,A,2.9,3.2,2.55,2023-02-25,championship
Bristol City,Hull,1,0,H,2.38,3.2,3.1,2023-02-25,championship
Burnley,Huddersfield,4,0,H,1.36,4.5,10.0,2023-02-25,championship
Norwich,Cardiff,2,0,H,1.7,3.75,5.0,2023-02-25,championship
Preston,Wigan,2,1,H,2.25,3.2,3.3,2023-02-25,championship
QPR,Blackburn,1,3,A,2.15,3.2,3.6,2023-02-25,championship
Reading,Blackpool,3,1,H,2.1,3.5,3.5,2023-02-25,championship
Sheffield United,Watford,1,0,H,1.85,3.6,3.8,2023-02-25,championship
Stoke,Millwall,0,1,A,2.4,3.2,3.0,2023-02-25,championship
West Brom,Middlesbrough,2,0,H,2.3,3.3,3.0,2023-02-25,championship
Espanol,Mallorca,2,1,H,2.5,2.9,3.2,2023-02-25,la_liga
Cadiz,Vallecano,1,0,H,2.9,3.0,2.7,2023-02-25,la_liga
Real Madrid,Ath Madrid,1,1,D,1.8,3.5,5.0,2023-02-25,la_liga
Valencia,Sociedad,1,0,H,3.1,3.1,2.5,2023-02-25,la_liga
FC Koln,Wolfsburg,0,2,A,2.3,3.5,3.0,2023-02-25,bundesliga
Hertha,Augsburg,2,0,H,2.1,3.6,3.25,2023-02-25,bundesliga
Hoffenheim,Dortmund,0,1,A,4.0,4.2,1.75,2023-02-25,bundesliga
RB Leipzig,Ein Frankfurt,2,1,H,1.7,4.0,4.6,2023-02-25,bundesliga
Werder Bremen,Bochum,3,0,H,2.0,3.8,3.6,2023-02-25,bundesliga
Schalke 04,Stuttgart,2,1,H,3.0,3.4,2.45,2023-02-25,bundesliga
Empoli,Napoli,0,2,A,7.0,4.75,1.44,2023-02-25,serie_a
Lecce,Sassuolo,0,1,A,2.45,3.25,2.9,2023-02-25,serie_a
Angers,Lyon,1,3,A,5.0,4.0,1.67,2023-02-25,ligue_1
Montpellier,Lens,1,1,D,4.33,3.75,1.8,2023-02-25,ligue_1
Groningen,Excelsior,3,0,H,1.85,3.8,4.0,2023-02-25,eredivisie
Heerenveen,Waalwijk,1,4,A,1.91,3.5,4.0,2023-02-25,eredivisie
AZ Alkmaar,Cambuur,2,1,H,1.25,5.5,12.0,2023-02-25,eredivisie
Nijmegen,Volendam,3,0,H,1.57,4.0,5.75,2023-02-25,eredivisie
Seraing,Mechelen,0,2,A,3.75,3.6,1.95,2023-02-25,pro_league
Eupen,Cercle Brugge,2,2,D,3.4,3.5,2.05,2023-02-25,pro_league
Genk,Oostende,3,0,H,1.33,5.5,7.0,2023-02-25,pro_league
Westerlo,St. Gilloise,4,2,H,3.5,3.6,1.95,2023-02-25,pro_league
Arouca,Casa Pia,2,0,H,2.25,3.1,3.2,2023-02-25,primeira_liga
Maritimo,Santa Clara,3,1,H,2.1,2.9,3.6,2023-02-25,primeira_liga
Vizela,Benfica,0,2,A,7.5,4.75,1.36,2023-02-25,primeira_liga
Umraniyespor,Gaziantep,3,0,H,,,,2023-02-25,super_lig
Fenerbahce,Konyaspor,4,0,H,1.5,4.5,6.0,2023-02-25,super_lig
Giresunspor,Kayserispor,1,2,A,2.55,3.3,2.8,2023-02-25,super_lig
Fulham,Wolves,1,1,D,2.5,3.2,3.0,2023-02-24,premier_league
Elche,Betis,2,3,A,3.5,3.3,2.1,2023-02-24,la_liga
Mainz,M'gladbach,4,0,H,2.15,3.6,3.2,2023-02-24,bundesliga
Lille,Brest,2,1,H,1.36,5.0,8.5,2023-02-24,ligue_1
Sparta Rotterdam,Utrecht,0,3,A,2.63,3.4,2.6,2023-02-24,eredivisie
Waregem,Kortrijk,3,3,D,2.2,3.5,3.1,2023-02-24,pro_league
Famalicao,Portimonense,1,0,H,1.8,3.25,4.5,2023-02-24,primeira_liga
Blackburn,Blackpool,1,0,H,2.0,3.5,3.8,2023-02-21,championship
Millwall,Burnley,1,1,D,3.3,3.2,2.38,2023-02-21,championship
Norwich,Birmingham,3,1,H,1.65,4.0,5.25,2023-02-21,championship
Rotherham,Sunderland,2,1,H,3.8,3.25,2.1,2023-02-21,championship
Swansea,Stoke,1,3,A,2.2,3.25,3.5,2023-02-21,championship
Watford,West Brom,3,2,H,2.63,3.4,2.55,2023-02-20,championship
Getafe,Valencia,1,0,H,2.75,3.0,2.8,2023-02-20,la_liga
Torino,Cremonese,2,2,D,1.65,3.8,5.25,2023-02-20,serie_a
Chaves,Sp Lisbon,2,3,A,6.5,4.75,1.44,2023-02-20,primeira_liga
Benfica,Boavista,3,1,H,1.18,7.5,12.0,2023-02-20,primeira_liga
Marseille,Strasbourg,4,0,H,,,,2023-02-19,ligue_1
Osasuna,Barcelona,0,1,A,,,,2023-02-19,la_liga
PSG,Lille,7,1,H,,,,2023-02-19,ligue_1
Real Madrid,Celta Vigo,2,1,H,,,,2023-02-19,la_liga
Man United,Leicester,3,0,H,1.62,4.33,5.25,2023-02-19,premier_league
Tottenham,West Ham,2,0,H,1.75,3.6,4.75,2023-02-19,premier_league
Elche,Espanol,0,1,A,2.9,3.1,2.63,2023-02-19,la_liga
Vallecano,Sevilla,1,1,D,2.5,3.1,3.0,2023-02-19,la_liga
Ath Madrid,Ath Bilbao,1,0,H,2.0,3.3,4.0,2023-02-19,la_liga
Barcelona,Cadiz,2,0,H,1.18,7.0,13.0,2023-02-19,la_liga
Union Berlin,Schalke 04,0,0,D,1.6,3.8,6.0,2023-02-19,bundesliga
Dortmund,Hertha,4,1,H,1.33,5.5,8.5,2023-02-19,bundesliga
Leverkusen,Mainz,2,3,A,1.8,3.8,4.2,2023-02-19,bundesliga
Atalanta,Lecce,1,2,A,1.5,4.0,7.0,2023-02-19,serie_a
Fiorentina,Empoli,1,1,D,1.6,4.0,5.75,2023-02-19,serie_a
Salernitana,Lazio,0,2,A,5.5,3.75,1.7,2023-02-19,serie_a
Spezia,Juventus,0,2,A,6.0,3.75,1.62,2023-02-19,serie_a
Roma,Verona,1,0,H,1.65,3.6,5.75,2023-02-19,serie_a
Paris SG,Lille,4,3,H,1.62,4.0,5.5,2023-02-19,ligue_1
Brest,Monaco,1,2,A,4.5,3.6,1.8,2023-02-19,ligue_1
Lorient,Ajaccio,3,0,H,2.0,3.4,3.8,2023-02-19,ligue_1
Rennes,Clermont,2,0,H,1.57,3.8,6.5,2023-02-19,ligue_1
Troyes,Montpellier,0,1,A,2.75,3.25,2.6,2023-02-19,ligue_1
Lens,Nantes,3,1,H,1.5,4.0,7.0,2023-02-19,ligue_1
Toulouse,Marseille,2,3,A,3.8,3.75,1.91,2023-02-19,ligue_1
Cambuur,Heerenveen,1,2,A,3.2,3.3,2.3,2023-02-19,eredivisie
Go Ahead Eagles,Twente,2,0,H,4.2,3.5,1.91,2023-02-19,eredivisie
Utrecht,PSV Eindhoven,2,2,D,3.8,4.0,1.85,2023-02-19,eredivisie
Ajax,Sparta Rotterdam,4,0,H,1.22,7.0,12.0,2023-02-19,eredivisie
Excelsior,Nijmegen,0,3,A,3.3,3.4,2.2,2023-02-19,eredivisie
Cercle Brugge,Club Brugge,2,2,D,3.5,3.4,2.05,2023-02-19,pro_league
Gent,Oud-Heverlee Leuven,2,0,H,1.57,4.0,5.25,2023-02-19,pro_league
Kortrijk,Anderlecht,2,2,D,4.0,3.6,1.85,2023-02-19,pro_league
St Truiden,Westerlo,0,1,A,2.63,3.3,2.63,2023-02-19,pro_league
Santa Clara,Famalicao,1,3,A,2.88,3.25,2.45,2023-02-19,primeira_liga
Sp Braga,Arouca,2,0,H,1.44,4.75,7.0,2023-02-19,primeira_liga
Casa Pia,Guimaraes,0,0,D,2.45,3.1,3.0,2023-02-19,primeira_liga
Atletico Madrid,Girona,2,0,H,,,,2023-02-18,la_liga
Bayern Munich,Eintracht Frankfurt,3,2,H,,,,2023-02-18,bundesliga
Monaco,Lorient,2,0,H,,,,2023-02-18,ligue_1
Aston Villa,Arsenal,2,4,A,4.5,3.6,1.5,2023-02-18,premier_league
Brentford,Crystal Palace,1,1,D,1.83,3.5,4.5,2023-02-18,premier_league
Brighton,Fulham,0,1,A,1.65,3.8,5.5,2023-02-18,premier_league
Chelsea,Southampton,0,1,A,1.4,4.75,8.5,2023-02-18,premier_league
Everton,Leeds,1,0,H,2.4,3.3,3.0,2023-02-18,premier_league
Nott'm Forest,Man City,1,1,D,8.5,5.5,1.3,2023-02-18,premier_league
Wolves,Bournemouth,0,1,A,1.67,3.6,6.0,2023-02-18,premier_league
Newcastle,Liverpool,0,2,A,2.5,3.5,2.7,2023-02-18,premier_league
Millwall,Sheffield United,3,2,H,2.7,3.4,2.55,2023-02-18,championship
Blackburn,Swansea,1,0,H,2.7,3.4,2.63,2023-02-18,championship
Blackpool,Stoke,1,0,H,3.0,3.3,2.38,2023-02-18,championship
Huddersfield,Birmingham,2,1,H,2.6,3.3,2.7,2023-02-18,championship
Hull,Preston,0,0,D,2.1,3.4,3.5,2023-02-18,championship
Luton,Burnley,0,1,A,3.3,3.3,2.2,2023-02-18,championship
Middlesbrough,QPR,3,1,H,1.55,4.2,5.75,2023-02-18,championship
Rotherham,Coventry,0,2,A,3.4,3.4,2.15,2023-02-18,championship
Sunderland,Bristol City,1,1,D,2.0,3.4,3.75,2023-02-18,championship
Wigan,Norwich,0,0,D,3.5,3.6,2.05,2023-02-18,championship
Sociedad,Celta,1,1,D,1.8,3.3,5.25,2023-02-18,la_liga
Betis,Valladolid,2,1,H,1.6,3.75,6.5,2023-02-18,la_liga
Mallorca,Villarreal,4,2,H,3.2,3.0,2.45,2023-02-18,la_liga
Osasuna,Real Madrid,0,2,A,4.33,3.6,1.8,2023-02-18,la_liga
Bochum,Freiburg,0,2,A,3.1,3.5,2.25,2023-02-18,bundesliga
M'gladbach,Bayern Munich,3,2,H,7.0,5.75,1.36,2023-02-18,bundesliga
Stuttgart,FC Koln,3,0,H,2.45,3.4,2.88,2023-02-18,bundesliga
Wolfsburg,RB Leipzig,0,3,A,3.3,3.6,2.15,2023-02-18,bundesliga
Ein Frankfurt,Werder Bremen,2,0,H,1.62,4.2,5.25,2023-02-18,bundesliga
Sampdoria,Bologna,1,2,A,3.25,3.1,2.38,2023-02-18,serie_a
Monza,Milan,0,1,A,3.75,3.3,2.1,2023-02-18,serie_a
Inter,Udinese,3,1,H,1.53,4.2,6.0,2023-02-18,serie_a
Nice,Reims,0,0,D,2.1,3.4,3.5,2023-02-18,ligue_1
Strasbourg,Angers,2,1,H,1.83,3.5,4.5,2023-02-18,ligue_1
Volendam,Vitesse,2,0,H,3.6,3.6,2.0,2023-02-18,eredivisie
Groningen,FC Emmen,1,1,D,2.3,3.3,3.2,2023-02-18,eredivisie
Feyenoord,AZ Alkmaar,2,1,H,1.7,3.8,5.0,2023-02-18,eredivisie
Antwerp,Eupen,2,0,H,1.36,5.0,8.0,2023-02-18,pro_league
Oostende,Charleroi,0,0,D,3.1,3.5,2.25,2023-02-18,pro_league
Seraing,Waregem,1,1,D,3.1,3.4,2.2,2023-02-18,pro_league
St. Gilloise,Standard,2,4,A,1.53,4.2,6.0,2023-02-18,pro_league
Estoril,Pacos Ferreira,1,3,A,2.0,3.3,3.8,2023-02-18,primeira_liga
Portimonense,Maritimo,2,1,H,2.2,3.2,3.4,2023-02-18,primeira_liga
Porto,Rio Ave,1,0,H,1.17,7.0,15.0,2023-02-18,primeira_liga
Cardiff,Reading,1,0,H,1.95,3.25,4.2,2023-02-17,championship
Girona,Almeria,6,2,H,1.8,3.75,4.33,2023-02-17,la_liga
Augsburg,Hoffenheim,1,0,H,2.7,3.5,2.6,2023-02-17,bundesliga
Sassuolo,Napoli,0,2,A,5.0,4.0,1.6,2023-02-17,serie_a
Auxerre,Lyon,2,1,H,4.0,3.6,1.95,2023-02-17,ligue_1
Waalwijk,For Sittard,3,1,H,2.25,3.4,3.2,2023-02-17,eredivisie
Mechelen,Genk,2,2,D,4.2,3.6,1.8,2023-02-17,pro_league
Gil Vicente,Vizela,1,1,D,2.38,3.4,2.8,2023-02-17,primeira_liga
Arsenal,Man City,1,3,A,2.9,3.5,2.35,2023-02-15,premier_league
Bristol City,Wigan,1,1,D,1.95,3.4,4.0,2023-02-15,championship
Preston,Luton,1,1,D,2.88,3.0,2.7,2023-02-15,championship
Stoke,Huddersfield,3,0,H,1.83,3.4,4.75,2023-02-15,championship
Swansea,Blackpool,2,1,H,1.67,4.0,5.0,2023-02-15,championship
Sheffield United,Middlesbrough,1,3,A,2.05,3.4,3.75,2023-02-15,championship
West Brom,Blackburn,1,1,D,1.67,3.8,5.5,2023-02-15,championship
Real Madrid,Elche,4,0,H,1.18,7.5,15.0,2023-02-15,la_liga
PSG,Bayern Munich,1,0,H,,,,2023-02-14,champions_league
Birmingham,Cardiff,0,2,A,2.25,3.2,3.4,2023-02-14,championship
Coventry,Millwall,1,0,H,2.55,3.2,2.9,2023-02-14,championship
Norwich,Hull,3,1,H,1.8,3.75,4.33,2023-02-14,championship
QPR,Sunderland,0,3,A,2.4,3.3,3.0,2023-02-14,championship
Burnley,Watford,1,1,D,1.67,3.8,5.25,2023-02-14,championship
Reading,Rotherham,2,1,H,1.95,3.3,4.2,2023-02-14,championship
Liverpool,Everton,2,0,H,1.5,4.33,6.5,2023-02-13,premier_league
Espanol,Sociedad,2,3,A,3.5,3.0,2.3,2023-02-13,la_liga
Verona,Salernitana,1,0,H,1.85,3.4,4.5,2023-02-13,serie_a
Sampdoria,Inter,0,0,D,7.0,4.5,1.44,2023-02-13,serie_a
Rio Ave,Estoril,2,0,H,2.2,3.1,3.4,2023-02-13,primeira_liga
Boavista,Casa Pia,0,0,D,2.38,3.1,3.1,2023-02-13,primeira_liga
Getafe,Real Madrid,0,2,A,,,,2023-02-12,la_liga
Marseille,Monaco,2,2,D,,,,2023-02-12,ligue_1
Monaco,Marseille,2,3,A,,,,2023-02-12,ligue_1
Leeds,Man United,0,2,A,3.75,3.8,1.91,2023-02-12,premier_league
Man City,Aston Villa,3,1,H,1.25,6.5,11.0,2023-02-12,premier_league
Getafe,Vallecano,1,1,D,2.8,2.9,2.88,2023-02-12,la_liga
Celta,Ath Madrid,0,1,A,3.6,3.1,2.2,2023-02-12,la_liga
Valladolid,Osasuna,0,0,D,2.75,3.1,2.7,2023-02-12,la_liga
Villarreal,Barcelona,0,1,A,3.75,4.0,1.85,2023-02-12,la_liga
Hertha,M'gladbach,4,1,H,2.88,3.5,2.4,2023-02-12,bundesliga
FC Koln,Ein Frankfurt,3,0,H,2.7,3.5,2.5,2023-02-12,bundesliga
Udinese,Sassuolo,2,2,D,2.0,3.6,3.6,2023-02-12,serie_a
Bologna,Monza,0,1,A,2.2,3.2,3.5,2023-02-12,serie_a
Juventus,Fiorentina,1,0,H,1.83,3.5,4.5,2023-02-12,serie_a
Napoli,Cremonese,3,0,H,1.18,7.5,13.0,2023-02-12,serie_a
Toulouse,Rennes,3,1,H,3.2,3.3,2.3,2023-02-12,ligue_1
Angers,Auxerre,1,1,D,2.2,3.5,3.2,2023-02-12,ligue_1
Lille,Strasbourg,2,0,H,1.45,4.5,6.5,2023-02-12,ligue_1
Montpellier,Brest,3,0,H,2.38,3.3,3.0,2023-02-12,ligue_1
Reims,Troyes,4,0,H,1.55,4.33,5.75,2023-02-12,ligue_1
Nantes,Lorient,1,0,H,2.0,3.5,3.75,2023-02-12,ligue_1
Lyon,Lens,2,1,H,2.3,3.5,2.9,2023-02-12,ligue_1
Sparta Rotterdam,Go Ahead Eagles,2,1,H,1.95,3.3,3.8,2023-02-12,eredivisie
Heerenveen,Feyenoord,1,2,A,4.75,3.8,1.67,2023-02-12,eredivisie
Vitesse,Utrecht,2,0,H,2.45,3.5,2.63,2023-02-12,eredivisie
Ajax,Waalwijk,3,1,H,1.14,8.0,17.0,2023-02-12,eredivisie
Twente,Volendam,3,0,H,1.25,6.0,10.0,2023-02-12,eredivisie
Genk,Antwerp,0,1,A,1.91,3.5,3.75,2023-02-12,pro_league
Anderlecht,St Truiden,3,1,H,1.83,3.4,4.0,2023-02-12,pro_league
Standard,Kortrijk,0,2,A,1.62,4.0,4.75,2023-02-12,pro_league
Waregem,Oostende,1,1,D,1.95,3.6,3.5,2023-02-12,pro_league
Famalicao,Gil Vicente,0,1,A,2.1,3.3,3.3,2023-02-12,primeira_liga
Sp Lisbon,Porto,1,2,A,2.6,3.25,2.55,2023-02-12,primeira_liga
Maritimo,Sp Braga,1,2,A,5.5,4.0,1.57,2023-02-12,primeira_liga
Arsenal,Brentford,3,0,H,,,,2023-02-11,epl
Bayern Munich,Bayer Leverkusen,1,0,H,,,,2023-02-11,bundesliga
Bayern Munich,Bayer Leverkusen,3,0,H,,,,2023-02-11,bundesliga
Dortmund,Union Berlin,2,0,H,,,,2023-02-11,bundesliga
RB Leipzig,Hoffenheim,3,0,H,,,,2023-02-11,bundesliga
West Ham,Chelsea,1,1,D,3.3,3.3,2.25,2023-02-11,premier_league
Crystal Palace,Brighton,1,1,D,3.8,3.5,2.0,2023-02-11,premier_league
Fulham,Nott'm Forest,2,0,H,1.91,3.5,4.33,2023-02-11,premier_league
Leicester,Tottenham,4,1,H,3.4,3.6,2.1,2023-02-11,premier_league
Southampton,Wolves,1,2,A,2.9,3.2,2.55,2023-02-11,premier_league
Bournemouth,Newcastle,1,1,D,6.5,4.0,1.53,2023-02-11,premier_league
Blackpool,Rotherham,0,0,D,2.15,3.3,3.4,2023-02-11,championship
Bristol City,Norwich,1,0,H,2.9,3.4,2.4,2023-02-11,championship
Burnley,Preston,3,0,H,1.55,4.0,6.0,2023-02-11,championship
Cardiff,Middlesbrough,1,3,A,3.6,3.4,2.1,2023-02-11,championship
Coventry,Luton,1,1,D,2.25,3.4,3.2,2023-02-11,championship
QPR,Millwall,1,2,A,2.7,3.1,2.8,2023-02-11,championship
Sheffield United,Swansea,3,0,H,1.83,3.6,4.33,2023-02-11,championship
Stoke,Hull,0,0,D,2.05,3.3,3.8,2023-02-11,championship
Sunderland,Reading,1,0,H,1.85,3.5,4.5,2023-02-11,championship
Watford,Blackburn,1,1,D,1.91,3.4,4.33,2023-02-11,championship
Wigan,Huddersfield,1,0,H,2.25,3.2,3.4,2023-02-11,championship
Almeria,Betis,2,3,A,2.8,3.4,2.5,2023-02-11,la_liga
Sevilla,Mallorca,2,0,H,1.91,3.2,4.5,2023-02-11,la_liga
Valencia,Ath Bilbao,1,2,A,3.0,3.2,2.45,2023-02-11,la_liga
Bayern Munich,Bochum,3,0,H,1.11,10.0,17.0,2023-02-11,bundesliga
Freiburg,Stuttgart,2,1,H,1.8,3.8,4.33,2023-02-11,bundesliga
Hoffenheim,Leverkusen,1,3,A,2.88,3.6,2.38,2023-02-11,bundesliga
Mainz,Augsburg,3,1,H,1.8,4.0,4.2,2023-02-11,bundesliga
Werder Bremen,Dortmund,0,2,A,4.0,4.0,1.8,2023-02-11,bundesliga
RB Leipzig,Union Berlin,1,2,A,1.7,3.75,5.0,2023-02-11,bundesliga
Empoli,Spezia,2,2,D,2.0,3.5,3.75,2023-02-11,serie_a
Lecce,Roma,1,1,D,4.33,3.25,1.95,2023-02-11,serie_a
Lazio,Atalanta,0,2,A,2.38,3.4,3.0,2023-02-11,serie_a
Monaco,Paris SG,3,1,H,2.63,3.4,2.6,2023-02-11,ligue_1
Clermont,Marseille,0,2,A,5.5,3.5,1.7,2023-02-11,ligue_1
Nijmegen,Cambuur,0,0,D,1.7,3.8,5.0,2023-02-11,eredivisie
PSV Eindhoven,Groningen,6,0,H,1.14,7.5,15.0,2023-02-11,eredivisie
FC Emmen,For Sittard,0,1,A,2.15,3.4,3.3,2023-02-11,eredivisie
Westerlo,Gent,3,3,D,2.8,3.3,2.38,2023-02-11,pro_league
Charleroi,Seraing,3,0,H,1.5,4.0,5.75,2023-02-11,pro_league
Arouca,Santa Clara,1,0,H,2.05,3.3,3.5,2023-02-11,primeira_liga
Guimaraes,Portimonense,1,0,H,1.8,3.5,4.2,2023-02-11,primeira_liga
Lazio,Inter Milan,3,1,H,,,,2023-02-10,serie_a
Birmingham,West Brom,2,0,H,3.8,3.4,2.0,2023-02-10,championship
Cadiz,Girona,2,0,H,3.0,3.2,2.45,2023-02-10,la_liga
Schalke 04,Wolfsburg,0,0,D,3.6,3.8,1.95,2023-02-10,bundesliga
Milan,Torino,1,0,H,1.8,3.5,4.75,2023-02-10,serie_a
Nice,Ajaccio,3,0,H,1.57,3.8,6.5,2023-02-10,ligue_1
AZ Alkmaar,Excelsior,5,0,H,1.29,6.5,8.0,2023-02-10,eredivisie
Oud-Heverlee Leuven,Cercle Brugge,0,0,D,2.25,3.25,2.8,2023-02-10,pro_league
Club Brugge,St. Gilloise,1,1,D,2.3,3.3,2.9,2023-02-10,pro_league
Eupen,Mechelen,2,1,H,2.55,3.4,2.5,2023-02-10,pro_league
Vizela,Chaves,0,0,D,1.7,3.5,5.0,2023-02-10,primeira_liga
Estoril,Boavista,2,1,H,2.4,3.1,2.88,2023-02-09,primeira_liga
Man United,Leeds,2,2,D,1.45,5.0,6.0,2023-02-08,premier_league
Blackpool,Huddersfield,2,2,D,2.25,3.25,3.25,2023-02-07,championship
Salernitana,Juventus,0,3,A,7.0,4.2,1.5,2023-02-07,serie_a
Blackburn,Wigan,0,0,D,1.95,3.3,4.0,2023-02-06,championship
Vallecano,Almeria,2,0,H,1.73,3.6,5.0,2023-02-06,la_liga
Verona,Lazio,1,1,D,3.6,3.6,2.0,2023-02-06,serie_a
Monza,Sampdoria,2,2,D,1.8,3.5,4.75,2023-02-06,serie_a
Portimonense,Pacos Ferreira,1,0,H,1.95,3.1,4.2,2023-02-06,primeira_liga
Rio Ave,Sp Lisbon,0,1,A,7.0,4.33,1.5,2023-02-06,primeira_liga
Marseille,Rennes,1,0,H,,,,2023-02-05,ligue_1
Monaco,Lens,1,1,D,,,,2023-02-05,ligue_1
Nott'm Forest,Leeds,1,0,H,2.63,3.3,2.7,2023-02-05,premier_league
Tottenham,Man City,1,0,H,4.33,4.2,1.73,2023-02-05,premier_league
Mallorca,Real Madrid,1,0,H,5.0,3.5,1.73,2023-02-05,la_liga
Girona,Valencia,1,0,H,2.2,3.2,3.5,2023-02-05,la_liga
Sociedad,Valladolid,0,1,A,1.44,4.33,7.5,2023-02-05,la_liga
Barcelona,Sevilla,3,0,H,1.33,5.25,8.5,2023-02-05,la_liga
Stuttgart,Werder Bremen,0,2,A,2.0,3.6,3.6,2023-02-05,bundesliga
Wolfsburg,Bayern Munich,2,4,A,5.25,4.5,1.57,2023-02-05,bundesliga
Spezia,Napoli,0,3,A,8.0,5.25,1.36,2023-02-05,serie_a
Torino,Udinese,1,0,H,2.25,3.25,3.3,2023-02-05,serie_a
Fiorentina,Bologna,1,2,A,1.83,3.5,4.5,2023-02-05,serie_a
Inter,Milan,1,0,H,1.95,3.5,4.0,2023-02-05,serie_a
Clermont,Monaco,0,2,A,3.8,3.8,1.85,2023-02-05,ligue_1
Ajaccio,Nantes,0,2,A,2.75,3.1,2.7,2023-02-05,ligue_1
Auxerre,Reims,0,0,D,3.5,3.5,2.1,2023-02-05,ligue_1
Lorient,Angers,0,0,D,1.85,3.6,4.2,2023-02-05,ligue_1
Strasbourg,Montpellier,2,0,H,2.05,3.3,3.8,2023-02-05,ligue_1
Brest,Lens,1,1,D,4.5,3.6,1.75,2023-02-05,ligue_1
Marseille,Nice,1,3,A,1.7,4.0,4.75,2023-02-05,ligue_1
Cambuur,Ajax,0,5,A,9.0,5.75,1.22,2023-02-05,eredivisie
Feyenoord,PSV Eindhoven,2,2,D,2.1,3.6,3.1,2023-02-05,eredivisie
Go Ahead Eagles,Nijmegen,1,0,H,2.4,3.4,2.7,2023-02-05,eredivisie
Groningen,Twente,1,1,D,5.0,3.75,1.6,2023-02-05,eredivisie
Antwerp,Club Brugge,0,0,D,2.5,3.3,2.63,2023-02-05,pro_league
Mechelen,Charleroi,2,2,D,2.15,3.4,3.1,2023-02-05,pro_league
Gent,Genk,2,3,A,2.25,3.4,2.8,2023-02-05,pro_league
St. Gilloise,Waregem,4,0,H,1.36,4.75,7.0,2023-02-05,pro_league
Chaves,Maritimo,2,1,H,2.1,3.2,3.75,2023-02-05,primeira_liga
Sp Braga,Famalicao,4,1,H,1.4,4.75,8.0,2023-02-05,primeira_liga
Porto,Vizela,2,0,H,1.2,6.5,15.0,2023-02-05,primeira_liga
Gil Vicente,Arouca,1,1,D,2.2,3.1,3.3,2023-02-05,primeira_liga
Istanbulspor,Alanyaspor,2,1,H,3.2,3.5,2.1,2023-02-05,super_lig
Hatayspor,Kasimpasa,1,0,H,2.3,3.5,2.7,2023-02-05,super_lig
Galatasaray,Trabzonspor,2,1,H,1.62,3.75,4.75,2023-02-05,super_lig
RB Leipzig,Bayer Leverkusen,4,1,H,,,,2023-02-04,bundesliga
Everton,Arsenal,1,0,H,8.5,4.5,1.4,2023-02-04,premier_league
Aston Villa,Leicester,2,4,A,1.95,3.6,3.8,2023-02-04,premier_league
Brentford,Southampton,3,0,H,1.85,3.6,4.2,2023-02-04,premier_league
Brighton,Bournemouth,1,0,H,1.33,5.25,8.5,2023-02-04,premier_league
Man United,Crystal Palace,2,1,H,1.4,4.75,8.0,2023-02-04,premier_league
Wolves,Liverpool,3,0,H,4.0,3.8,1.85,2023-02-04,premier_league
Newcastle,West Ham,1,1,D,1.6,3.8,6.0,2023-02-04,premier_league
Norwich,Burnley,0,3,A,2.6,3.3,2.75,2023-02-04,championship
Rotherham,Sheffield United,0,0,D,5.0,4.0,1.67,2023-02-04,championship
Huddersfield,QPR,1,1,D,3.1,3.25,2.38,2023-02-04,championship
Hull,Cardiff,1,0,H,2.15,3.3,3.5,2023-02-04,championship
Luton,Stoke,1,0,H,2.25,3.3,3.3,2023-02-04,championship
Middlesbrough,Blackpool,3,0,H,1.53,4.0,6.5,2023-02-04,championship
Millwall,Sunderland,1,1,D,2.05,3.4,3.75,2023-02-04,championship
Preston,Bristol City,1,2,A,2.45,3.2,3.0,2023-02-04,championship
Reading,Watford,2,2,D,2.8,3.3,2.55,2023-02-04,championship
Swansea,Birmingham,3,4,A,1.83,3.5,4.5,2023-02-04,championship
Espanol,Osasuna,1,1,D,2.55,3.0,3.0,2023-02-04,la_liga
Elche,Villarreal,3,1,H,5.0,3.8,1.67,2023-02-04,la_liga
Ath Madrid,Getafe,1,1,D,1.4,4.33,9.0,2023-02-04,la_liga
Betis,Celta,3,4,A,2.2,3.2,3.5,2023-02-04,la_liga
Bochum,Hoffenheim,5,2,H,2.75,3.5,2.5,2023-02-04,bundesliga
Dortmund,Freiburg,5,1,H,1.67,4.0,5.0,2023-02-04,bundesliga
Ein Frankfurt,Hertha,3,0,H,1.45,4.5,6.5,2023-02-04,bundesliga
FC Koln,RB Leipzig,0,0,D,4.2,3.6,1.91,2023-02-04,bundesliga
Union Berlin,Mainz,2,1,H,1.95,3.5,4.0,2023-02-04,bundesliga
M'gladbach,Schalke 04,0,0,D,1.53,4.5,5.75,2023-02-04,bundesliga
Cremonese,Lecce,0,2,A,2.63,3.1,2.8,2023-02-04,serie_a
Roma,Empoli,2,0,H,1.5,4.2,6.5,2023-02-04,serie_a
Sassuolo,Atalanta,1,0,H,3.75,3.6,1.91,2023-02-04,serie_a
Paris SG,Toulouse,2,1,H,1.36,5.25,7.5,2023-02-04,ligue_1
Troyes,Lyon,1,3,A,4.5,4.2,1.7,2023-02-04,ligue_1
Rennes,Lille,1,3,A,2.25,3.5,3.1,2023-02-04,ligue_1
Volendam,AZ Alkmaar,1,1,D,5.25,4.5,1.57,2023-02-04,eredivisie
FC Emmen,Vitesse,2,2,D,2.7,3.3,2.63,2023-02-04,eredivisie
Utrecht,Heerenveen,1,0,H,1.8,3.6,4.5,2023-02-04,eredivisie
Excelsior,Waalwijk,0,0,D,2.63,3.6,2.55,2023-02-04,eredivisie
Cercle Brugge,Standard,1,1,D,2.05,3.5,3.1,2023-02-04,pro_league
Eupen,Westerlo,1,1,D,2.9,3.5,2.15,2023-02-04,pro_league
Seraing,Oud-Heverlee Leuven,2,1,H,4.0,3.6,1.85,2023-02-04,pro_league
St Truiden,Kortrijk,1,0,H,1.73,3.6,4.33,2023-02-04,pro_league
Santa Clara,Boavista,2,2,D,2.7,3.0,2.8,2023-02-04,primeira_liga
Benfica,Casa Pia,3,0,H,1.18,6.5,15.0,2023-02-04,primeira_liga
Estoril,Guimaraes,0,1,A,2.75,2.88,2.9,2023-02-04,primeira_liga
Ankaragucu,Karagumruk,0,2,A,2.15,3.4,3.2,2023-02-04,super_lig
Sivasspor,Besiktas,1,0,H,3.4,3.4,2.05,2023-02-04,super_lig
Antalyaspor,Gaziantep,1,0,H,1.91,3.5,3.8,2023-02-04,super_lig
Chelsea,Fulham,0,0,D,1.62,4.0,5.25,2023-02-03,premier_league
West Brom,Coventry,1,0,H,1.85,3.5,4.5,2023-02-03,championship
Ath Bilbao,Cadiz,4,1,H,1.36,4.5,9.5,2023-02-03,la_liga
Augsburg,Leverkusen,1,0,H,4.0,3.8,1.85,2023-02-03,bundesliga
For Sittard,Sparta Rotterdam,0,0,D,2.45,3.2,2.9,2023-02-03,eredivisie
Oostende,Anderlecht,0,2,A,3.4,3.6,1.91,2023-02-03,pro_league
Real Madrid,Valencia,2,0,H,1.44,4.75,6.5,2023-02-02,la_liga
Kayserispor,Buyuksehyr,1,0,H,2.9,3.25,2.38,2023-02-02,super_lig
Konyaspor,Istanbulspor,0,1,A,1.45,4.2,6.5,2023-02-02,super_lig
Ad. Demirspor,Fenerbahce,1,1,D,3.4,3.6,2.0,2023-02-02,super_lig
Betis,Barcelona,1,2,A,5.0,3.8,1.67,2023-02-01,la_liga
Angers,Ajaccio,1,2,A,2.25,3.2,3.4,2023-02-01,ligue_1
Lille,Clermont,0,0,D,1.5,4.2,7.0,2023-02-01,ligue_1
Nantes,Marseille,0,2,A,4.5,3.8,1.75,2023-02-01,ligue_1
Reims,Lorient,4,2,H,1.8,3.6,4.5,2023-02-01,ligue_1
Toulouse,Troyes,4,1,H,1.73,4.0,4.33,2023-02-01,ligue_1
Lens,Nice,0,1,A,1.73,3.4,5.5,2023-02-01,ligue_1
Lyon,Brest,0,0,D,1.5,4.33,6.5,2023-02-01,ligue_1
Monaco,Auxerre,3,2,H,1.33,5.5,9.0,2023-02-01,ligue_1
Montpellier,Paris SG,1,3,A,8.5,6.0,1.3,2023-02-01,ligue_1
Rennes,Strasbourg,3,0,H,1.55,4.0,6.5,2023-02-01,ligue_1
Waalwijk,Go Ahead Eagles,3,1,H,2.25,3.6,3.0,2023-02-01,eredivisie
Eupen,Genk,1,1,D,5.5,3.8,1.53,2023-02-01,pro_league
Maritimo,Porto,0,2,A,11.0,5.5,1.25,2023-02-01,primeira_liga
Sp Lisbon,Sp Braga,5,0,H,1.91,3.6,3.75,2023-02-01,primeira_liga
Gaziantep,Hatayspor,4,1,H,2.0,3.5,3.6,2023-02-01,super_lig
Kasimpasa,Giresunspor,5,1,H,1.95,3.6,3.6,2023-02-01,super_lig
Galatasaray,Umraniyespor,3,2,H,1.2,7.5,11.0,2023-02-01,super_lig
Trabzonspor,Antalyaspor,2,0,H,1.6,3.8,5.0,2023-02-01,super_lig
Luton,Cardiff,1,0,H,2.0,3.4,4.2,2023-01-31,championship
Pacos Ferreira,Gil Vicente,2,1,H,3.0,3.25,2.38,2023-01-31,primeira_liga
Arouca,Benfica,0,3,A,9.5,4.75,1.33,2023-01-31,primeira_liga
Alanyaspor,Sivasspor,0,3,A,2.05,3.5,3.2,2023-01-31,super_lig
Karagumruk,Besiktas,1,1,D,3.8,3.8,1.83,2023-01-31,super_lig
Villarreal,Vallecano,0,1,A,1.67,3.8,5.25,2023-01-30,la_liga
Udinese,Verona,1,1,D,1.8,3.75,4.33,2023-01-30,serie_a
Guimaraes,Chaves,2,1,H,1.91,3.4,4.0,2023-01-30,primeira_liga
Lorient,PSG,1,5,A,,,,2023-01-29,ligue_1
PSG,Montpellier,5,2,H,,,,2023-01-29,ligue_1
Atletico Madrid,Sevilla,2,0,H,,,,2023-01-29,la_liga
Valladolid,Valencia,1,0,H,3.25,3.1,2.4,2023-01-29,la_liga
Osasuna,Ath Madrid,0,1,A,3.6,3.1,2.2,2023-01-29,la_liga
Celta,Ath Bilbao,1,0,H,2.88,3.0,2.7,2023-01-29,la_liga
Real Madrid,Sociedad,0,0,D,1.67,3.8,5.0,2023-01-29,la_liga
Schalke 04,FC Koln,0,0,D,3.8,3.6,1.95,2023-01-29,bundesliga
Leverkusen,Dortmund,0,2,A,2.45,3.8,2.63,2023-01-29,bundesliga
Milan,Sassuolo,2,5,A,1.5,4.5,6.5,2023-01-29,serie_a
Juventus,Monza,0,2,A,1.55,4.0,6.5,2023-01-29,serie_a
Lazio,Fiorentina,1,1,D,2.1,3.4,3.6,2023-01-29,serie_a
Napoli,Roma,2,1,H,1.73,3.6,5.25,2023-01-29,serie_a
Nice,Lille,1,0,H,2.9,3.25,2.5,2023-01-29,ligue_1
Auxerre,Montpellier,0,2,A,2.45,3.3,3.0,2023-01-29,ligue_1
Brest,Angers,4,0,H,2.15,3.4,3.4,2023-01-29,ligue_1
Clermont,Nantes,0,0,D,2.4,3.25,3.1,2023-01-29,ligue_1
Strasbourg,Toulouse,1,2,A,2.3,3.5,3.1,2023-01-29,ligue_1
Ajaccio,Lyon,0,2,A,4.5,3.6,1.83,2023-01-29,ligue_1
Paris SG,Reims,1,1,D,1.22,7.0,11.0,2023-01-29,ligue_1
Twente,Feyenoord,1,1,D,2.88,3.2,2.55,2023-01-29,eredivisie
Excelsior,Ajax,1,4,A,11.0,6.0,1.25,2023-01-29,eredivisie
Volendam,Groningen,3,2,H,2.3,3.5,3.0,2023-01-29,eredivisie
Cambuur,For Sittard,1,2,A,2.3,3.4,3.1,2023-01-29,eredivisie
Anderlecht,Antwerp,0,0,D,2.63,3.25,2.45,2023-01-29,pro_league
Cercle Brugge,Gent,3,2,H,3.1,3.25,2.15,2023-01-29,pro_league
Waregem,Club Brugge,1,2,A,4.5,3.75,1.65,2023-01-29,pro_league
Genk,Seraing,4,0,H,1.22,5.75,10.0,2023-01-29,pro_league
Casa Pia,Santa Clara,2,1,H,2.0,3.2,4.0,2023-01-29,primeira_liga
Vizela,Rio Ave,3,1,H,1.91,3.4,4.0,2023-01-29,primeira_liga
Boavista,Portimonense,4,2,H,2.1,3.3,3.5,2023-01-29,primeira_liga
Famalicao,Estoril,1,0,H,2.05,3.3,3.75,2023-01-29,primeira_liga
Istanbulspor,Kayserispor,2,4,A,3.1,3.3,2.3,2023-01-29,super_lig
Buyuksehyr,Konyaspor,2,0,H,1.85,3.4,4.0,2023-01-29,super_lig
Fenerbahce,Kasimpasa,5,1,H,1.33,5.75,7.5,2023-01-29,super_lig
Bayern Munich,Hoffenheim,3,0,H,,,,2023-01-28,bundesliga
Bayern Munich,Stuttgart,5,2,H,,,,2023-01-28,bundesliga
Montpellier,Monaco,1,3,A,,,,2023-01-28,ligue_1
Bayern Munich,Mainz,6,2,H,,,,2023-01-28,bundesliga
Coventry,Huddersfield,2,0,H,1.8,3.6,4.5,2023-01-28,championship
Hull,QPR,3,0,H,2.5,3.4,2.8,2023-01-28,championship
Middlesbrough,Watford,2,0,H,1.91,3.4,4.33,2023-01-28,championship
Cadiz,Mallorca,2,0,H,2.88,2.8,2.9,2023-01-28,la_liga
Girona,Barcelona,0,1,A,5.0,4.33,1.57,2023-01-28,la_liga
Sevilla,Elche,3,0,H,1.53,4.0,7.0,2023-01-28,la_liga
Getafe,Betis,0,1,A,3.2,2.88,2.63,2023-01-28,la_liga
Freiburg,Augsburg,3,1,H,1.5,4.5,6.25,2023-01-28,bundesliga
Hertha,Union Berlin,0,2,A,3.5,3.25,2.2,2023-01-28,bundesliga
Hoffenheim,M'gladbach,1,4,A,2.0,3.9,3.4,2023-01-28,bundesliga
Mainz,Bochum,5,2,H,1.7,4.0,4.75,2023-01-28,bundesliga
Werder Bremen,Wolfsburg,2,1,H,3.2,3.6,2.15,2023-01-28,bundesliga
Bayern Munich,Ein Frankfurt,1,1,D,1.33,6.0,7.5,2023-01-28,bundesliga
Empoli,Torino,2,2,D,3.25,3.1,2.4,2023-01-28,serie_a
Cremonese,Inter,1,2,A,6.5,4.33,1.5,2023-01-28,serie_a
Atalanta,Sampdoria,2,0,H,1.33,5.25,9.0,2023-01-28,serie_a
Troyes,Lens,1,1,D,5.0,3.8,1.7,2023-01-28,ligue_1
Marseille,Monaco,1,1,D,2.1,3.6,3.4,2023-01-28,ligue_1
PSV Eindhoven,Go Ahead Eagles,2,0,H,1.29,6.5,9.5,2023-01-28,eredivisie
Waalwijk,FC Emmen,2,0,H,2.2,3.4,3.3,2023-01-28,eredivisie
Heerenveen,Vitesse,1,3,A,2.15,3.5,3.3,2023-01-28,eredivisie
Nijmegen,Sparta Rotterdam,1,1,D,2.3,3.3,3.2,2023-01-28,eredivisie
AZ Alkmaar,Utrecht,5,5,D,1.67,3.8,5.25,2023-01-28,eredivisie
Westerlo,Mechelen,2,0,H,1.85,3.6,3.6,2023-01-28,pro_league
Kortrijk,Oostende,2,2,D,2.0,3.4,3.3,2023-01-28,pro_league
Oud-Heverlee Leuven,St Truiden,1,1,D,2.25,3.3,2.9,2023-01-28,pro_league
Charleroi,St. Gilloise,0,1,A,3.3,3.4,2.0,2023-01-28,pro_league
Sivasspor,Ad. Demirspor,1,2,A,2.63,3.3,2.6,2023-01-28,super_lig
Ankaragucu,Gaziantep,0,2,A,1.8,3.6,4.2,2023-01-28,super_lig
Hatayspor,Trabzonspor,2,1,H,4.5,3.5,1.8,2023-01-28,super_lig
Antalyaspor,Umraniyespor,3,2,H,1.83,3.6,4.2,2023-01-28,super_lig
Giresunspor,Galatasaray,0,4,A,6.0,4.0,1.53,2023-01-28,super_lig
Almeria,Espanol,3,1,H,2.38,3.1,3.2,2023-01-27,la_liga
RB Leipzig,Stuttgart,2,1,H,1.33,5.0,9.0,2023-01-27,bundesliga
Bologna,Spezia,2,0,H,1.85,3.4,4.5,2023-01-27,serie_a
Lecce,Salernitana,1,2,A,1.8,3.4,4.75,2023-01-27,serie_a
Lorient,Rennes,2,1,H,4.0,3.5,1.95,2023-01-27,ligue_1
Standard,Eupen,3,1,H,1.65,3.75,4.5,2023-01-27,pro_league
Besiktas,Alanyaspor,3,0,H,1.62,4.2,4.75,2023-01-27,super_lig
Groningen,Cambuur,0,1,A,2.25,3.5,3.1,2023-01-26,eredivisie
Ajax,Volendam,1,1,D,1.13,9.5,17.0,2023-01-26,eredivisie
Pacos Ferreira,Benfica,0,2,A,13.0,6.5,1.2,2023-01-26,primeira_liga
Mainz,Dortmund,1,2,A,2.9,3.6,2.3,2023-01-25,bundesliga
Augsburg,M'gladbach,1,0,H,3.0,3.6,2.25,2023-01-25,bundesliga
Freiburg,Ein Frankfurt,1,1,D,2.5,3.5,2.7,2023-01-25,bundesliga
Leverkusen,Bochum,2,0,H,1.4,5.25,6.5,2023-01-25,bundesliga
Werder Bremen,Union Berlin,1,2,A,2.8,3.2,2.63,2023-01-25,bundesliga
Go Ahead Eagles,AZ Alkmaar,1,4,A,4.2,3.6,1.85,2023-01-25,eredivisie
Vitesse,Twente,2,2,D,3.6,3.5,2.05,2023-01-25,eredivisie
For Sittard,Heerenveen,2,0,H,2.9,3.5,2.38,2023-01-25,eredivisie
Feyenoord,Nijmegen,2,0,H,1.3,5.5,10.0,2023-01-25,eredivisie
Utrecht,Excelsior,1,0,H,1.4,4.75,7.5,2023-01-25,eredivisie
Schalke 04,RB Leipzig,1,6,A,5.75,4.33,1.53,2023-01-24,bundesliga
Bayern Munich,FC Koln,1,1,D,1.2,7.5,12.0,2023-01-24,bundesliga
Hertha,Wolfsburg,0,5,A,3.0,3.4,2.3,2023-01-24,bundesliga
Hoffenheim,Stuttgart,2,2,D,2.1,3.5,3.4,2023-01-24,bundesliga
Lazio,Milan,4,0,H,3.2,3.4,2.25,2023-01-24,serie_a
FC Emmen,PSV Eindhoven,1,0,H,6.5,4.75,1.44,2023-01-24,eredivisie
Sparta Rotterdam,Waalwijk,0,0,D,1.8,3.5,4.75,2023-01-24,eredivisie
Fulham,Tottenham,0,1,A,3.3,3.6,2.1,2023-01-23,premier_league
Valencia,Almeria,2,2,D,1.6,4.2,5.25,2023-01-23,la_liga
Bologna,Cremonese,1,1,D,1.91,3.4,4.33,2023-01-23,serie_a
Inter,Empoli,0,1,A,1.29,6.0,9.5,2023-01-23,serie_a
Boavista,Chaves,1,1,D,2.2,3.4,3.1,2023-01-23,primeira_liga
Konyaspor,Ankaragucu,0,1,A,1.91,3.5,4.0,2023-01-23,super_lig
Umraniyespor,Fenerbahce,1,2,A,6.0,4.5,1.5,2023-01-23,super_lig
Arsenal,Manchester United,3,1,H,,,,2023-01-22,epl
Arsenal,Manchester United,3,2,H,,,,2023-01-22,epl
Leeds,Brentford,0,0,D,2.38,3.6,2.88,2023-01-22,premier_league
Man City,Wolves,3,0,H,1.2,8.0,11.0,2023-01-22,premier_league
Arsenal,Man United,3,2,H,1.8,3.8,4.2,2023-01-22,premier_league
Sunderland,Middlesbrough,2,0,H,2.88,3.4,2.5,2023-01-22,championship
Villarreal,Girona,1,0,H,1.73,3.8,4.5,2023-01-22,la_liga
Elche,Osasuna,1,1,D,3.5,3.25,2.15,2023-01-22,la_liga
Barcelona,Getafe,1,0,H,1.18,8.0,15.0,2023-01-22,la_liga
Ath Bilbao,Real Madrid,0,2,A,2.9,3.4,2.38,2023-01-22,la_liga
Dortmund,Augsburg,4,3,H,1.3,6.0,8.0,2023-01-22,bundesliga
M'gladbach,Leverkusen,2,3,A,2.63,3.8,2.45,2023-01-22,bundesliga
Sampdoria,Udinese,0,1,A,3.6,3.25,2.15,2023-01-22,serie_a
Monza,Sassuolo,1,1,D,2.2,3.4,3.3,2023-01-22,serie_a
Spezia,Roma,0,2,A,4.75,3.5,1.83,2023-01-22,serie_a
Juventus,Atalanta,3,3,D,2.1,3.4,3.5,2023-01-22,serie_a
Heerenveen,Groningen,3,1,H,1.73,3.75,5.0,2023-01-22,eredivisie
Feyenoord,Ajax,1,1,D,2.7,3.5,2.6,2023-01-22,eredivisie
Twente,Utrecht,2,0,H,1.7,4.0,4.75,2023-01-22,eredivisie
AZ Alkmaar,For Sittard,3,1,H,1.3,5.75,9.0,2023-01-22,eredivisie
Antwerp,Standard,4,1,H,1.67,3.6,4.75,2023-01-22,pro_league
Seraing,Anderlecht,0,1,A,5.25,4.0,1.55,2023-01-22,pro_league
Club Brugge,Charleroi,2,2,D,1.4,4.5,6.5,2023-01-22,pro_league
St Truiden,Gent,0,3,A,3.4,3.2,2.1,2023-01-22,pro_league
Maritimo,Estoril,1,0,H,2.5,3.1,3.0,2023-01-22,primeira_liga
Casa Pia,Gil Vicente,1,3,A,2.3,3.25,3.1,2023-01-22,primeira_liga
Famalicao,Rio Ave,0,0,D,2.05,3.3,3.75,2023-01-22,primeira_liga
Gaziantep,Sivasspor,1,2,A,2.63,3.4,2.55,2023-01-22,super_lig
Alanyaspor,Karagumruk,2,2,D,1.91,4.0,3.5,2023-01-22,super_lig
Kayserispor,Besiktas,0,2,A,3.3,3.5,2.05,2023-01-22,super_lig
Trabzonspor,Istanbulspor,4,0,H,1.33,4.75,9.0,2023-01-22,super_lig
Athletic Bilbao,Barcelona,0,1,A,,,,2023-01-21,la_liga
Borussia Dortmund,Hertha Berlin,4,1,H,,,,2023-01-21,bundesliga
RB Leipzig,Freiburg,2,0,H,,,,2023-01-21,bundesliga
Monaco,Brest,3,0,H,,,,2023-01-21,ligue_1
Liverpool,Chelsea,0,0,D,1.85,3.75,4.0,2023-01-21,premier_league
Bournemouth,Nott'm Forest,1,1,D,2.75,3.1,2.75,2023-01-21,premier_league
Leicester,Brighton,2,2,D,3.6,3.5,2.05,2023-01-21,premier_league
Southampton,Aston Villa,0,1,A,2.88,3.25,2.55,2023-01-21,premier_league
West Ham,Everton,2,0,H,1.8,3.75,4.75,2023-01-21,premier_league
Crystal Palace,Newcastle,0,0,D,4.4,3.5,1.85,2023-01-21,premier_league
Coventry,Norwich,2,4,A,2.8,3.4,2.5,2023-01-21,championship
Birmingham,Preston,1,2,A,2.4,3.1,3.2,2023-01-21,championship
Bristol City,Blackburn,1,1,D,2.2,3.4,3.3,2023-01-21,championship
Cardiff,Millwall,0,1,A,3.1,3.1,2.45,2023-01-21,championship
QPR,Swansea,1,1,D,2.7,3.3,2.7,2023-01-21,championship
Stoke,Reading,4,0,H,1.85,3.5,4.33,2023-01-21,championship
Watford,Rotherham,1,1,D,1.55,4.2,6.0,2023-01-21,championship
Wigan,Luton,0,2,A,2.9,3.2,2.55,2023-01-21,championship
Vallecano,Sociedad,0,2,A,3.1,3.2,2.38,2023-01-21,la_liga
Espanol,Betis,1,0,H,2.7,3.2,2.7,2023-01-21,la_liga
Ath Madrid,Valladolid,3,0,H,1.4,4.75,8.5,2023-01-21,la_liga
Sevilla,Cadiz,1,0,H,1.7,3.75,5.0,2023-01-21,la_liga
Bochum,Hertha,3,1,H,2.38,3.5,2.9,2023-01-21,bundesliga
Ein Frankfurt,Schalke 04,3,0,H,1.36,5.0,8.5,2023-01-21,bundesliga
Stuttgart,Mainz,1,1,D,2.4,3.5,2.88,2023-01-21,bundesliga
Union Berlin,Hoffenheim,3,1,H,2.25,3.4,3.2,2023-01-21,bundesliga
Wolfsburg,Freiburg,6,0,H,2.55,3.4,2.75,2023-01-21,bundesliga
FC Koln,Werder Bremen,7,1,H,2.25,3.8,2.9,2023-01-21,bundesliga
Verona,Lecce,2,0,H,2.38,3.1,3.2,2023-01-21,serie_a
Salernitana,Napoli,0,2,A,9.5,5.75,1.29,2023-01-21,serie_a
Fiorentina,Torino,0,1,A,2.1,3.3,3.6,2023-01-21,serie_a
Nijmegen,FC Emmen,3,1,H,2.0,3.4,4.0,2023-01-21,eredivisie
Cambuur,Sparta Rotterdam,0,3,A,3.0,3.4,2.38,2023-01-21,eredivisie
PSV Eindhoven,Vitesse,1,0,H,1.25,5.75,11.0,2023-01-21,eredivisie
Waregem,Westerlo,1,1,D,2.88,3.4,2.2,2023-01-21,pro_league
Mechelen,Kortrijk,3,2,H,1.75,3.5,4.2,2023-01-21,pro_league
Oostende,Cercle Brugge,1,2,A,3.0,3.4,2.1,2023-01-21,pro_league
St. Gilloise,Oud-Heverlee Leuven,1,0,H,1.5,4.5,5.25,2023-01-21,pro_league
Pacos Ferreira,Sp Braga,1,2,A,6.0,4.5,1.44,2023-01-21,primeira_liga
Santa Clara,Benfica,0,3,A,9.0,5.25,1.29,2023-01-21,primeira_liga
Guimaraes,Porto,0,1,A,7.0,4.75,1.4,2023-01-21,primeira_liga
Kasimpasa,Buyuksehyr,1,3,A,3.1,3.2,2.3,2023-01-21,super_lig
Galatasaray,Antalyaspor,2,1,H,1.33,4.75,7.5,2023-01-21,super_lig
RB Leipzig,Bayern Munich,3,2,H,,,,2023-01-20,bundesliga
RB Leipzig,Bayern Munich,3,2,H,,,,2023-01-20,bundesliga
Sheffield United,Hull,1,0,H,1.7,3.75,5.25,2023-01-20,championship
Burnley,West Brom,2,1,H,2.25,3.1,3.5,2023-01-20,championship
Mallorca,Celta,1,0,H,2.8,2.75,3.0,2023-01-20,la_liga
Excelsior,Volendam,2,0,H,2.38,3.8,2.7,2023-01-20,eredivisie
Arouca,Portimonense,4,0,H,2.4,3.25,2.9,2023-01-20,primeira_liga
Sp Lisbon,Vizela,2,1,H,1.29,5.75,8.5,2023-01-20,primeira_liga
Ad. Demirspor,Giresunspor,1,1,D,1.75,4.0,4.0,2023-01-20,super_lig
Man City,Tottenham,4,2,H,1.36,5.0,8.5,2023-01-19,premier_league
Gent,Charleroi,0,0,D,1.55,4.2,5.25,2023-01-19,pro_league
St Truiden,Club Brugge,1,1,D,3.5,3.5,2.0,2023-01-19,pro_league
Crystal Palace,Man United,1,1,D,4.5,3.6,1.8,2023-01-18,premier_league
Cercle Brugge,St. Gilloise,1,1,D,3.3,3.5,2.05,2023-01-18,pro_league
Oostende,Antwerp,0,3,A,4.2,3.8,1.75,2023-01-18,pro_league
Anderlecht,Waregem,2,3,A,1.5,4.5,5.25,2023-01-18,pro_league
Kortrijk,Seraing,3,2,H,1.85,3.75,3.8,2023-01-18,pro_league
Oud-Heverlee Leuven,Eupen,1,1,D,1.62,4.0,4.75,2023-01-17,pro_league
Standard,Mechelen,2,0,H,1.85,3.6,3.8,2023-01-17,pro_league
Westerlo,Genk,2,3,A,3.3,3.75,2.0,2023-01-17,pro_league
Cadiz,Elche,1,1,D,1.91,3.4,4.33,2023-01-16,la_liga
Empoli,Sampdoria,1,0,H,2.2,3.2,3.5,2023-01-16,serie_a
Estoril,Casa Pia,2,0,H,2.8,3.1,2.45,2023-01-16,primeira_liga
Gil Vicente,Guimaraes,2,1,H,2.4,3.1,2.9,2023-01-16,primeira_liga
Arsenal,Tottenham,3,1,H,,,,2023-01-15,epl
Chelsea,Crystal Palace,1,0,H,1.62,4.0,5.25,2023-01-15,premier_league
Newcastle,Fulham,1,0,H,1.5,4.33,6.5,2023-01-15,premier_league
Tottenham,Arsenal,0,2,A,3.1,3.6,2.2,2023-01-15,premier_league
Getafe,Espanol,1,2,A,2.5,3.0,3.1,2023-01-15,la_liga
Almeria,Ath Madrid,1,1,D,5.0,3.75,1.7,2023-01-15,la_liga
Sassuolo,Lazio,0,2,A,3.2,3.5,2.2,2023-01-15,serie_a
Torino,Spezia,0,1,A,1.62,3.8,5.5,2023-01-15,serie_a
Udinese,Bologna,1,2,A,1.91,3.4,4.2,2023-01-15,serie_a
Atalanta,Salernitana,8,2,H,1.4,5.0,7.0,2023-01-15,serie_a
Roma,Fiorentina,2,0,H,1.95,3.5,4.0,2023-01-15,serie_a
Lille,Troyes,5,1,H,1.4,4.75,8.0,2023-01-15,ligue_1
Angers,Clermont,1,2,A,2.45,3.4,2.88,2023-01-15,ligue_1
Montpellier,Nantes,0,3,A,2.55,3.4,2.75,2023-01-15,ligue_1
Reims,Nice,0,0,D,2.4,3.25,3.0,2023-01-15,ligue_1
Toulouse,Brest,1,1,D,1.95,3.6,3.75,2023-01-15,ligue_1
Monaco,Ajaccio,7,1,H,1.4,4.75,8.0,2023-01-15,ligue_1
Rennes,Paris SG,1,0,H,5.0,4.75,1.57,2023-01-15,ligue_1
Vitesse,Nijmegen,0,0,D,2.2,3.4,3.3,2023-01-15,eredivisie
For Sittard,PSV Eindhoven,2,2,D,8.5,5.0,1.36,2023-01-15,eredivisie
Go Ahead Eagles,Utrecht,2,2,D,2.88,3.5,2.4,2023-01-15,eredivisie
FC Emmen,Cambuur,0,0,D,2.1,3.5,3.3,2023-01-15,eredivisie
Groningen,Feyenoord,0,3,A,6.0,4.5,1.5,2023-01-15,eredivisie
Club Brugge,Anderlecht,1,1,D,1.91,3.75,3.6,2023-01-15,pro_league
Gent,Kortrijk,2,1,H,1.36,5.0,8.5,2023-01-15,pro_league
St. Gilloise,Antwerp,2,0,H,2.15,3.4,3.25,2023-01-15,pro_league
Charleroi,Cercle Brugge,2,1,H,2.63,3.3,2.63,2023-01-15,pro_league
Chaves,Arouca,1,1,D,2.15,3.2,3.4,2023-01-15,primeira_liga
Benfica,Sp Lisbon,2,2,D,1.8,3.75,3.8,2023-01-15,primeira_liga
Porto,Famalicao,4,1,H,1.18,6.5,15.0,2023-01-15,primeira_liga
Umraniyespor,Istanbulspor,0,2,A,1.91,3.6,3.8,2023-01-15,super_lig
Kasimpasa,Karagumruk,2,2,D,2.2,3.5,3.1,2023-01-15,super_lig
Gaziantep,Fenerbahce,1,2,A,5.0,4.0,1.65,2023-01-15,super_lig
AC Milan,Atalanta,2,0,H,,,,2023-01-14,serie_a
Dortmund,Leverkusen,4,2,H,,,,2023-01-14,bundesliga
Man United,Man City,2,1,H,4.2,3.6,1.85,2023-01-14,premier_league
Brighton,Liverpool,3,0,H,3.4,3.6,2.1,2023-01-14,premier_league
Everton,Southampton,1,2,A,2.25,3.25,3.3,2023-01-14,premier_league
Nott'm Forest,Leicester,2,0,H,2.7,3.3,2.63,2023-01-14,premier_league
Wolves,West Ham,1,0,H,2.63,3.3,2.7,2023-01-14,premier_league
Brentford,Bournemouth,2,0,H,1.65,4.0,5.25,2023-01-14,premier_league
Rotherham,Blackburn,4,0,H,3.4,3.4,2.15,2023-01-14,championship
Bristol City,Birmingham,4,2,H,2.25,3.3,3.3,2023-01-14,championship
Burnley,Coventry,1,0,H,1.7,3.8,5.0,2023-01-14,championship
Cardiff,Wigan,1,1,D,1.95,3.4,4.0,2023-01-14,championship
Hull,Huddersfield,1,1,D,1.95,3.4,4.2,2023-01-14,championship
Luton,West Brom,2,3,A,3.0,3.2,2.45,2023-01-14,championship
Middlesbrough,Millwall,1,0,H,1.95,3.5,4.0,2023-01-14,championship
Preston,Norwich,0,4,A,2.88,3.3,2.5,2023-01-14,championship
Reading,QPR,2,2,D,2.7,3.2,2.75,2023-01-14,championship
Sheffield United,Stoke,3,1,H,1.73,3.75,5.0,2023-01-14,championship
Sunderland,Swansea,1,3,A,2.6,3.3,2.75,2023-01-14,championship
Watford,Blackpool,2,0,H,1.8,3.75,4.33,2023-01-14,championship
Valladolid,Vallecano,0,1,A,2.75,3.25,2.63,2023-01-14,la_liga
Girona,Sevilla,2,1,H,2.38,3.4,3.0,2023-01-14,la_liga
Osasuna,Mallorca,1,0,H,2.0,3.1,4.33,2023-01-14,la_liga
Sociedad,Ath Bilbao,3,1,H,2.4,3.2,3.1,2023-01-14,la_liga
Cremonese,Monza,2,3,A,2.8,3.3,2.55,2023-01-14,serie_a
Lecce,Milan,2,2,D,5.75,3.8,1.62,2023-01-14,serie_a
Inter,Verona,1,0,H,1.3,5.5,9.5,2023-01-14,serie_a
Lens,Auxerre,1,0,H,1.36,4.75,9.0,2023-01-14,ligue_1
Marseille,Lorient,3,1,H,1.4,5.0,7.5,2023-01-14,ligue_1
Lyon,Strasbourg,1,2,A,1.6,4.2,5.25,2023-01-14,ligue_1
Heerenveen,AZ Alkmaar,0,2,A,3.3,3.4,2.2,2023-01-14,eredivisie
Volendam,Waalwijk,2,1,H,2.6,3.4,2.7,2023-01-14,eredivisie
Ajax,Twente,0,0,D,1.36,5.25,7.5,2023-01-14,eredivisie
Sparta Rotterdam,Excelsior,1,0,H,1.53,4.2,6.0,2023-01-14,eredivisie
Seraing,Standard,1,1,D,3.8,3.6,1.91,2023-01-14,pro_league
Eupen,St Truiden,0,2,A,2.9,3.4,2.3,2023-01-14,pro_league
Mechelen,Oostende,2,1,H,1.73,3.8,4.33,2023-01-14,pro_league
Genk,Waregem,1,0,H,1.25,6.5,8.0,2023-01-14,pro_league
Vizela,Maritimo,3,0,H,1.75,3.5,4.33,2023-01-14,primeira_liga
Rio Ave,Pacos Ferreira,0,1,A,1.85,3.3,4.0,2023-01-14,primeira_liga
Sp Braga,Boavista,1,0,H,1.29,5.0,10.0,2023-01-14,primeira_liga
Antalyaspor,Giresunspor,2,2,D,1.91,3.5,4.0,2023-01-14,super_lig
Ad. Demirspor,Ankaragucu,3,1,H,1.8,3.8,4.2,2023-01-14,super_lig
Konyaspor,Besiktas,1,2,A,2.8,3.4,2.45,2023-01-14,super_lig
Trabzonspor,Buyuksehyr,1,0,H,2.1,3.4,3.4,2023-01-14,super_lig
Napoli,Juventus,5,1,H,,,,2023-01-13,serie_a
Aston Villa,Leeds,2,1,H,1.91,3.6,4.0,2023-01-13,premier_league
Celta,Villarreal,1,1,D,2.88,3.3,2.5,2023-01-13,la_liga
Westerlo,Oud-Heverlee Leuven,1,2,A,1.95,3.75,3.5,2023-01-13,pro_league
Portimonense,Santa Clara,0,0,D,1.95,3.3,3.75,2023-01-13,primeira_liga
Kayserispor,Sivasspor,4,1,H,2.25,3.4,3.1,2023-01-13,super_lig
Galatasaray,Hatayspor,4,0,H,1.3,5.75,8.5,2023-01-13,super_lig
Fulham,Chelsea,2,1,H,3.3,3.5,2.15,2023-01-12,premier_league
Ajaccio,Reims,0,1,A,3.1,3.1,2.5,2023-01-11,ligue_1
Auxerre,Toulouse,0,5,A,2.75,3.3,2.6,2023-01-11,ligue_1
Brest,Lille,0,0,D,4.0,3.6,1.91,2023-01-11,ligue_1
Clermont,Rennes,2,1,H,4.2,3.5,1.91,2023-01-11,ligue_1
Nantes,Lyon,0,0,D,3.3,3.4,2.2,2023-01-11,ligue_1
Lorient,Monaco,2,2,D,3.8,3.75,1.91,2023-01-11,ligue_1
Nice,Montpellier,6,1,H,1.8,3.6,4.5,2023-01-11,ligue_1
Paris SG,Angers,2,0,H,1.11,10.0,19.0,2023-01-11,ligue_1
Strasbourg,Lens,2,2,D,3.8,3.5,1.95,2023-01-11,ligue_1
Troyes,Marseille,0,2,A,5.0,4.0,1.67,2023-01-11,ligue_1
Ath Bilbao,Osasuna,0,0,D,1.67,3.6,5.75,2023-01-09,la_liga
Verona,Cremonese,2,0,H,2.05,3.3,3.8,2023-01-09,serie_a
Bologna,Atalanta,1,2,A,3.4,3.4,2.15,2023-01-09,serie_a
Buyuksehyr,Ad. Demirspor,2,1,H,2.0,3.5,3.6,2023-01-09,super_lig
Alanyaspor,Trabzonspor,5,0,H,3.0,3.5,2.2,2023-01-09,super_lig
Istanbulspor,Gaziantep,1,1,D,2.63,3.5,2.5,2023-01-09,super_lig
Atletico Madrid,Barcelona,1,0,H,,,,2023-01-08,la_liga
Borussia Dortmund,Mainz,5,2,H,,,,2023-01-08,bundesliga
Paris FC,PSG,0,5,A,,,,2023-01-08,ligue_1
Villarreal,Barcelona,3,3,D,,,,2023-01-08,la_liga
Almeria,Sociedad,0,2,A,4.2,3.3,1.95,2023-01-08,la_liga
Vallecano,Betis,1,2,A,2.3,3.3,3.2,2023-01-08,la_liga
Sevilla,Getafe,2,1,H,1.75,3.4,5.25,2023-01-08,la_liga
Ath Madrid,Barcelona,0,1,A,3.1,3.4,2.3,2023-01-08,la_liga
Salernitana,Torino,1,1,D,3.7,3.2,2.15,2023-01-08,serie_a
Lazio,Empoli,2,2,D,1.53,4.2,6.0,2023-01-08,serie_a
Spezia,Lecce,0,0,D,2.6,3.1,2.9,2023-01-08,serie_a
Sampdoria,Napoli,0,2,A,8.0,4.75,1.4,2023-01-08,serie_a
Milan,Roma,2,2,D,1.83,3.6,4.33,2023-01-08,serie_a
Utrecht,Feyenoord,1,1,D,4.0,3.8,1.83,2023-01-08,eredivisie
Cambuur,Volendam,0,3,A,1.91,3.5,4.0,2023-01-08,eredivisie
Nijmegen,Ajax,1,1,D,6.5,6.0,1.36,2023-01-08,eredivisie
Excelsior,Groningen,1,0,H,2.7,3.4,2.6,2023-01-08,eredivisie
Genk,Club Brugge,3,1,H,2.1,3.5,3.0,2023-01-08,pro_league
Waregem,Mechelen,2,0,H,2.75,3.5,2.2,2023-01-08,pro_league
Anderlecht,St. Gilloise,1,3,A,2.6,3.3,2.45,2023-01-08,pro_league
Oud-Heverlee Leuven,Kortrijk,2,3,A,1.65,4.0,4.2,2023-01-08,pro_league
Pacos Ferreira,Chaves,1,1,D,2.75,3.3,2.5,2023-01-08,primeira_liga
Maritimo,Sp Lisbon,1,0,H,9.0,4.5,1.4,2023-01-08,primeira_liga
Boavista,Gil Vicente,1,0,H,2.55,3.25,2.7,2023-01-08,primeira_liga
Karagumruk,Konyaspor,3,3,D,2.7,3.4,2.5,2023-01-08,super_lig
Ankaragucu,Kayserispor,2,1,H,2.25,3.5,3.0,2023-01-08,super_lig
Giresunspor,Umraniyespor,0,1,A,2.1,3.5,3.3,2023-01-08,super_lig
Fenerbahce,Galatasaray,0,3,A,2.05,3.5,3.4,2023-01-08,super_lig
Villarreal,Real Madrid,2,1,H,3.25,3.8,2.05,2023-01-07,la_liga
Mallorca,Valladolid,1,0,H,1.95,3.3,4.2,2023-01-07,la_liga
Espanol,Girona,2,2,D,2.25,3.4,3.2,2023-01-07,la_liga
Fiorentina,Sassuolo,2,1,H,1.7,3.8,5.0,2023-01-07,serie_a
Juventus,Udinese,1,0,H,1.75,3.8,4.5,2023-01-07,serie_a
Monza,Inter,2,2,D,5.75,4.33,1.55,2023-01-07,serie_a
Waalwijk,Heerenveen,0,0,D,2.5,3.5,2.7,2023-01-07,eredivisie
AZ Alkmaar,Vitesse,1,1,D,1.53,4.5,5.5,2023-01-07,eredivisie
For Sittard,Go Ahead Eagles,0,2,A,2.55,3.4,2.7,2023-01-07,eredivisie
PSV Eindhoven,Sparta Rotterdam,0,0,D,1.22,7.0,11.0,2023-01-07,eredivisie
Eupen,Charleroi,1,2,A,2.55,3.4,2.45,2023-01-07,pro_league
Cercle Brugge,Westerlo,0,1,A,2.05,3.5,3.1,2023-01-07,pro_league
Oostende,Seraing,1,2,A,1.75,3.75,4.2,2023-01-07,pro_league
Antwerp,Gent,2,0,H,2.45,3.25,2.63,2023-01-07,pro_league
Arouca,Estoril,2,0,H,2.2,3.3,3.3,2023-01-07,primeira_liga
Guimaraes,Rio Ave,0,0,D,2.0,3.4,3.75,2023-01-07,primeira_liga
Casa Pia,Porto,0,0,D,9.0,4.5,1.36,2023-01-07,primeira_liga
Hatayspor,Antalyaspor,0,0,D,2.7,3.4,2.5,2023-01-07,super_lig
Besiktas,Kasimpasa,2,1,H,1.57,4.2,5.25,2023-01-07,super_lig
Elche,Celta,0,1,A,4.0,3.25,1.95,2023-01-06,la_liga
Valencia,Cadiz,0,1,A,1.57,4.0,5.75,2023-01-06,la_liga
Twente,FC Emmen,2,0,H,1.4,4.33,7.5,2023-01-06,eredivisie
Standard,St Truiden,1,1,D,2.2,3.25,3.0,2023-01-06,pro_league
Benfica,Portimonense,1,0,H,1.14,6.0,21.0,2023-01-06,primeira_liga
Famalicao,Vizela,2,1,H,2.38,3.2,3.0,2023-01-06,primeira_liga
Chelsea,Manchester City,0,1,A,,,,2023-01-05,epl
Chelsea,Man City,0,1,A,5.0,4.0,1.67,2023-01-05,premier_league
Santa Clara,Sp Braga,0,4,A,5.0,3.6,1.65,2023-01-05,primeira_liga
Gaziantep,Buyuksehyr,1,1,D,3.25,3.3,2.1,2023-01-05,super_lig
Ad. Demirspor,Istanbulspor,6,0,H,1.4,4.33,6.5,2023-01-05,super_lig
Trabzonspor,Giresunspor,3,0,H,1.45,4.2,6.5,2023-01-05,super_lig
Southampton,Nott'm Forest,0,1,A,2.0,3.5,3.8,2023-01-04,premier_league
Leeds,West Ham,2,2,D,2.6,3.5,2.6,2023-01-04,premier_league
Aston Villa,Wolves,1,1,D,1.95,3.6,4.0,2023-01-04,premier_league
Crystal Palace,Tottenham,0,4,A,3.4,3.5,2.15,2023-01-04,premier_league
Salernitana,Milan,1,2,A,7.0,4.33,1.45,2023-01-04,serie_a
Sassuolo,Sampdoria,1,2,A,1.73,3.75,4.75,2023-01-04,serie_a
Spezia,Atalanta,2,2,D,4.75,3.8,1.67,2023-01-04,serie_a
Torino,Verona,1,1,D,1.83,3.4,4.5,2023-01-04,serie_a
Lecce,Lazio,2,1,H,3.6,3.3,2.05,2023-01-04,serie_a
Roma,Bologna,1,0,H,1.6,3.8,5.5,2023-01-04,serie_a
Cremonese,Juventus,0,1,A,4.75,3.8,1.67,2023-01-04,serie_a
Fiorentina,Monza,1,1,D,1.7,3.8,4.75,2023-01-04,serie_a
Inter,Napoli,1,0,H,2.25,3.4,3.1,2023-01-04,serie_a
Udinese,Empoli,1,1,D,1.6,4.2,5.75,2023-01-04,serie_a
Kasimpasa,Alanyaspor,4,1,H,2.25,3.3,2.9,2023-01-04,super_lig
Kayserispor,Karagumruk,2,4,A,1.91,3.5,3.6,2023-01-04,super_lig
Galatasaray,Ankaragucu,2,1,H,1.44,4.2,6.5,2023-01-04,super_lig
Konyaspor,Sivasspor,2,2,D,1.85,3.4,4.0,2023-01-04,super_lig
Arsenal,Newcastle,0,0,D,1.8,3.8,4.33,2023-01-03,premier_league
Everton,Brighton,1,4,A,3.5,3.5,2.1,2023-01-03,premier_league
Leicester,Fulham,0,1,A,2.2,3.6,3.1,2023-01-03,premier_league
Man United,Bournemouth,3,0,H,1.29,5.5,11.0,2023-01-03,premier_league
Umraniyespor,Hatayspor,2,2,D,2.2,3.3,3.1,2023-01-03,super_lig
Antalyaspor,Fenerbahce,1,2,A,4.2,3.75,1.75,2023-01-03,super_lig
Brentford,Liverpool,3,1,H,5.5,4.33,1.55,2023-01-02,premier_league
Birmingham,Middlesbrough,1,3,A,3.1,3.4,2.3,2023-01-02,championship
Norwich,Watford,0,1,A,1.91,3.6,3.8,2023-01-02,championship
Stoke,Preston,0,1,A,2.1,3.4,3.6,2023-01-02,championship
Swansea,Burnley,1,2,A,3.0,3.4,2.38,2023-01-02,championship
West Brom,Reading,1,0,H,1.67,4.0,5.0,2023-01-02,championship
Wigan,Hull,1,4,A,2.45,3.3,2.88,2023-01-02,championship
QPR,Sheffield United,1,1,D,3.1,3.4,2.3,2023-01-02,championship
Strasbourg,Troyes,2,3,A,1.8,3.8,4.33,2023-01-02,ligue_1
Lille,Reims,1,1,D,1.65,4.0,5.25,2023-01-02,ligue_1
Montpellier,Marseille,1,2,A,4.5,4.0,1.73,2023-01-02,ligue_1
Rennes,Nice,2,1,H,1.8,4.0,4.0,2023-01-02,ligue_1
Lens,PSG,1,1,D,,,,2023-01-01,ligue_1
Lens,PSG,1,1,D,,,,2023-01-01,ligue_1
Tottenham,Aston Villa,0,2,A,1.67,4.0,5.0,2023-01-01,premier_league
Nott'm Forest,Chelsea,1,1,D,5.0,3.8,1.7,2023-01-01,premier_league
Blackburn,Cardiff,1,0,H,2.3,3.3,3.2,2023-01-01,championship
Blackpool,Sunderland,1,1,D,3.0,3.25,2.45,2023-01-01,championship
Coventry,Bristol City,1,1,D,1.95,3.5,4.0,2023-01-01,championship
Huddersfield,Luton,1,2,A,2.88,3.4,2.45,2023-01-01,championship
Millwall,Rotherham,3,0,H,1.57,3.8,6.5,2023-01-01,championship
Angers,Lorient,1,2,A,2.75,3.4,2.5,2023-01-01,ligue_1
Monaco,Brest,1,0,H,1.5,4.75,5.5,2023-01-01,ligue_1
Nantes,Auxerre,1,0,H,1.85,3.4,4.33,2023-01-01,ligue_1
Toulouse,Ajaccio,2,0,H,2.0,3.4,3.8,2023-01-01,ligue_1
Lyon,Clermont,0,1,A,1.5,4.5,6.0,2023-01-01,ligue_1
Lens,Paris SG,3,1,H,3.25,3.6,2.2,2023-01-01,ligue_1
Getafe,Barcelona,0,1,A,,,,2022-12-31,la_liga
Wolves,Man United,0,1,A,4.0,3.6,1.91,2022-12-31,premier_league
Bournemouth,Crystal Palace,0,2,A,2.8,3.3,2.5,2022-12-31,premier_league
Fulham,Southampton,2,1,H,1.95,3.6,3.75,2022-12-31,premier_league
Man City,Everton,1,1,D,1.13,9.0,19.0,2022-12-31,premier_league
Newcastle,Leeds,0,0,D,1.45,4.5,7.0,2022-12-31,premier_league
Brighton,Arsenal,2,4,A,3.4,3.5,2.1,2022-12-31,premier_league
Barcelona,Espanol,1,1,D,1.25,6.5,10.0,2022-12-31,la_liga
Sociedad,Osasuna,2,0,H,1.85,3.3,4.75,2022-12-31,la_liga
Villarreal,Valencia,2,1,H,1.95,3.4,4.2,2022-12-31,la_liga
Valladolid,Barcelona,0,1,A,,,,2022-12-30,la_liga
West Ham,Brentford,0,2,A,2.0,3.6,3.6,2022-12-30,premier_league
Liverpool,Leicester,2,1,H,1.29,6.0,9.5,2022-12-30,premier_league
Birmingham,Hull,0,1,A,1.95,3.3,4.0,2022-12-30,championship
Norwich,Reading,1,1,D,1.73,3.5,5.25,2022-12-30,championship
Stoke,Burnley,0,1,A,3.2,3.25,2.3,2022-12-30,championship
Swansea,Watford,4,0,H,2.25,3.3,3.25,2022-12-30,championship
Getafe,Mallorca,2,0,H,2.75,2.75,3.1,2022-12-30,la_liga
Cadiz,Almeria,1,1,D,2.38,3.1,3.25,2022-12-30,la_liga
Celta,Sevilla,1,1,D,2.2,3.3,3.4,2022-12-30,la_liga
Valladolid,Real Madrid,0,2,A,6.5,4.75,1.45,2022-12-30,la_liga
Chaves,Famalicao,0,2,A,2.5,3.2,2.8,2022-12-30,primeira_liga
Vizela,Guimaraes,3,0,H,2.2,3.25,3.3,2022-12-30,primeira_liga
Sp Braga,Benfica,3,0,H,4.5,3.8,1.7,2022-12-30,primeira_liga
PSG,Monaco,2,1,H,,,,2022-12-29,ligue_1
QPR,Luton,0,3,A,2.25,3.25,3.3,2022-12-29,championship
Blackburn,Middlesbrough,1,2,A,3.2,3.2,2.38,2022-12-29,championship
Coventry,Cardiff,0,0,D,2.15,3.3,3.4,2022-12-29,championship
Huddersfield,Rotherham,2,0,H,2.1,3.25,3.8,2022-12-29,championship
Millwall,Bristol City,0,0,D,1.91,3.4,4.2,2022-12-29,championship
Wigan,Sunderland,1,4,A,2.63,3.25,2.7,2022-12-29,championship
West Brom,Preston,2,0,H,1.75,3.5,5.0,2022-12-29,championship
Blackpool,Sheffield United,1,2,A,4.75,3.75,1.73,2022-12-29,championship
Girona,Vallecano,2,2,D,2.3,3.2,3.3,2022-12-29,la_liga
Betis,Ath Bilbao,0,0,D,2.88,3.3,2.5,2022-12-29,la_liga
Ath Madrid,Elche,2,0,H,1.29,5.5,10.0,2022-12-29,la_liga
Lorient,Montpellier,0,2,A,1.95,3.75,3.75,2022-12-29,ligue_1
Reims,Rennes,3,1,H,3.3,3.4,2.2,2022-12-29,ligue_1
Marseille,Toulouse,6,1,H,1.5,4.5,6.0,2022-12-29,ligue_1
Nice,Lens,0,0,D,3.2,3.0,2.45,2022-12-29,ligue_1
Gil Vicente,Santa Clara,1,0,H,2.15,3.2,3.5,2022-12-29,primeira_liga
Sp Lisbon,Pacos Ferreira,3,0,H,1.13,8.0,21.0,2022-12-29,primeira_liga
Giresunspor,Gaziantep,2,1,H,2.2,3.4,3.1,2022-12-29,super_lig
Sivasspor,Galatasaray,1,2,A,4.75,3.75,1.7,2022-12-29,super_lig
Besiktas,Ad. Demirspor,1,0,H,1.73,3.8,4.0,2022-12-29,super_lig
Leeds,Man City,1,3,A,9.5,6.0,1.29,2022-12-28,premier_league
Ajaccio,Angers,1,0,H,2.0,3.4,4.0,2022-12-28,ligue_1
Troyes,Nantes,0,0,D,2.38,3.6,2.88,2022-12-28,ligue_1
Auxerre,Monaco,2,3,A,4.5,4.0,1.73,2022-12-28,ligue_1
Clermont,Lille,0,2,A,4.2,3.75,1.83,2022-12-28,ligue_1
Brest,Lyon,2,4,A,3.75,3.6,1.95,2022-12-28,ligue_1
Paris SG,Strasbourg,2,1,H,1.22,6.5,13.0,2022-12-28,ligue_1
Portimonense,Casa Pia,1,2,A,2.38,3.1,3.1,2022-12-28,primeira_liga
Porto,Arouca,5,1,H,1.11,8.0,23.0,2022-12-28,primeira_liga
Alanyaspor,Kayserispor,3,1,H,2.05,3.6,3.1,2022-12-28,super_lig
Istanbulspor,Kasimpasa,2,1,H,2.63,3.6,2.38,2022-12-28,super_lig
Karagumruk,Trabzonspor,4,1,H,3.4,3.6,1.91,2022-12-28,super_lig
Chelsea,Bournemouth,2,0,H,1.3,5.5,10.0,2022-12-27,premier_league
Man United,Nott'm Forest,3,0,H,1.29,5.5,11.0,2022-12-27,premier_league
Reading,Swansea,2,1,H,2.8,3.3,2.55,2022-12-27,championship
Burnley,Birmingham,3,0,H,1.6,3.8,6.0,2022-12-27,championship
St Truiden,Waregem,2,0,H,1.67,3.6,4.5,2022-12-27,pro_league
Westerlo,Antwerp,3,3,D,3.1,3.5,2.05,2022-12-27,pro_league
Ankaragucu,Umraniyespor,1,2,A,1.91,3.6,3.8,2022-12-27,super_lig
Buyuksehyr,Antalyaspor,2,0,H,1.85,3.5,4.0,2022-12-27,super_lig
Fenerbahce,Hatayspor,4,0,H,1.29,5.5,8.0,2022-12-27,super_lig
Brentford,Tottenham,2,2,D,4.0,3.6,1.91,2022-12-26,premier_league
Crystal Palace,Fulham,0,3,A,2.05,3.6,3.5,2022-12-26,premier_league
Everton,Wolves,1,2,A,2.3,3.25,3.2,2022-12-26,premier_league
Leicester,Newcastle,0,3,A,3.25,3.5,2.2,2022-12-26,premier_league
Southampton,Brighton,1,3,A,3.3,3.5,2.15,2022-12-26,premier_league
Aston Villa,Liverpool,1,3,A,4.75,4.0,1.7,2022-12-26,premier_league
Arsenal,West Ham,3,1,H,1.5,4.33,6.5,2022-12-26,premier_league
Watford,Millwall,0,2,A,2.1,3.3,3.75,2022-12-26,championship
Sunderland,Blackburn,2,1,H,2.3,3.3,3.2,2022-12-26,championship
Bristol City,West Brom,0,2,A,3.1,3.3,2.38,2022-12-26,championship
Hull,Blackpool,1,1,D,2.1,3.4,3.75,2022-12-26,championship
Middlesbrough,Wigan,4,1,H,1.67,3.75,5.5,2022-12-26,championship
Preston,Huddersfield,1,2,A,1.83,3.5,4.5,2022-12-26,championship
Rotherham,Stoke,2,2,D,3.2,3.3,2.3,2022-12-26,championship
Sheffield United,Coventry,3,1,H,1.67,3.8,5.25,2022-12-26,championship
Cardiff,QPR,0,0,D,2.4,3.3,3.0,2022-12-26,championship
Luton,Norwich,2,1,H,2.6,3.3,2.75,2022-12-26,championship
Club Brugge,Oud-Heverlee Leuven,1,1,D,1.44,4.75,5.75,2022-12-26,pro_league
St. Gilloise,Oostende,3,0,H,1.33,5.0,7.0,2022-12-26,pro_league
Kortrijk,Genk,1,0,H,6.5,4.33,1.4,2022-12-26,pro_league
Charleroi,Anderlecht,0,1,A,2.9,3.4,2.15,2022-12-26,pro_league
Ad. Demirspor,Karagumruk,2,1,H,1.67,3.8,4.75,2022-12-25,super_lig
Gaziantep,Besiktas,1,1,D,3.75,4.0,1.83,2022-12-25,super_lig
Konyaspor,Alanyaspor,2,2,D,1.8,3.8,4.0,2022-12-25,super_lig
Galatasaray,Istanbulspor,2,1,H,1.25,6.0,9.0,2022-12-25,super_lig
Hatayspor,Giresunspor,1,1,D,2.15,3.6,3.1,2022-12-24,super_lig
Kasimpasa,Sivasspor,1,2,A,2.2,3.5,3.1,2022-12-24,super_lig
Trabzonspor,Fenerbahce,2,0,H,2.75,3.5,2.45,2022-12-24,super_lig
Seraing,Eupen,0,1,A,2.7,3.25,2.45,2022-12-23,pro_league
Gent,Standard,0,0,D,1.53,4.0,5.25,2022-12-23,pro_league
Mechelen,Cercle Brugge,1,1,D,2.55,3.4,2.55,2022-12-23,pro_league
Rio Ave,Maritimo,1,1,D,2.0,3.5,3.8,2022-12-23,primeira_liga
Antalyaspor,Ankaragucu,0,2,A,2.1,3.5,3.4,2022-12-23,super_lig
Umraniyespor,Buyuksehyr,1,3,A,3.3,3.3,2.15,2022-12-23,super_lig
Coventry,West Brom,1,0,H,3.0,3.2,2.45,2022-12-21,championship
Wigan,Sheffield United,1,2,A,3.8,3.3,2.05,2022-12-19,championship
Villarreal,Barcelona,3,1,H,,,,2022-12-18,la_liga
Bristol City,Stoke,1,2,A,2.6,3.25,2.8,2022-12-17,championship
Burnley,Middlesbrough,3,1,H,2.05,3.4,3.75,2022-12-17,championship
Cardiff,Blackpool,1,1,D,1.83,3.5,4.5,2022-12-17,championship
Coventry,Swansea,3,3,D,2.4,3.25,3.0,2022-12-17,championship
Huddersfield,Watford,0,2,A,3.75,3.3,2.1,2022-12-17,championship
Hull,Sunderland,1,1,D,2.6,3.2,2.8,2022-12-17,championship
Preston,QPR,0,1,A,2.3,3.25,3.2,2022-12-17,championship
West Brom,Rotherham,3,0,H,1.44,4.5,7.5,2022-12-17,championship
Norwich,Blackburn,0,2,A,1.8,3.7,4.5,2022-12-17,championship
Birmingham,Reading,3,2,H,2.05,3.2,4.0,2022-12-16,championship
Sunderland,West Brom,1,2,A,2.9,3.25,2.5,2022-12-12,championship
QPR,Burnley,0,3,A,3.1,3.4,2.3,2022-12-11,championship
Watford,Hull,0,0,D,1.7,3.6,5.5,2022-12-11,championship
Blackburn,Preston,1,4,A,2.25,3.2,3.4,2022-12-10,championship
Rotherham,Bristol City,1,3,A,3.0,3.25,2.4,2022-12-10,championship
Reading,Coventry,1,0,H,2.5,3.2,3.0,2022-12-10,championship
Blackpool,Birmingham,0,0,D,2.75,3.3,2.63,2022-12-10,championship
Middlesbrough,Luton,2,1,H,1.83,3.6,4.33,2022-12-10,championship
Millwall,Wigan,1,1,D,1.91,3.4,4.33,2022-12-10,championship
Sheffield United,Huddersfield,1,0,H,1.45,4.33,7.0,2022-12-10,championship
Stoke,Cardiff,2,2,D,2.05,3.3,3.8,2022-12-10,championship
Swansea,Norwich,0,1,A,2.45,3.4,2.88,2022-12-10,championship
RC Strasbourg,Monaco,0,4,A,,,,2022-12-04,ligue_1
Sunderland,Millwall,3,0,H,2.5,3.25,2.87,2022-12-03,championship
Juventus,Inter Milan,0,2,A,,,,2022-11-26,serie_a
Valencia,Real Madrid,1,2,A,,,,2022-11-26,la_liga
Real Betis,Atletico Madrid,0,0,D,,,,2022-11-20,la_liga
Liverpool,Tottenham,2,1,H,,,,2022-11-19,epl
Santa Clara,Estoril,3,1,H,2.25,3.2,3.2,2022-11-14,primeira_liga
AC Milan,Napoli,1,1,D,,,,2022-11-13,serie_a
AC Milan,Napoli,1,1,D,,,,2022-11-13,serie_a
Verona,AC Milan,0,2,A,,,,2022-11-13,serie_a
Fulham,Manchester United,1,2,A,,,,2022-11-13,epl
Auxerre,PSG,1,5,A,,,,2022-11-13,ligue_1
Brighton,Aston Villa,1,2,A,1.83,3.75,4.2,2022-11-13,premier_league
Fulham,Man United,1,2,A,3.8,3.8,1.9,2022-11-13,premier_league
Burnley,Blackburn,3,0,H,1.72,3.6,5.25,2022-11-13,championship
Mainz,Ein Frankfurt,1,1,D,2.75,3.5,2.45,2022-11-13,bundesliga
Freiburg,Union Berlin,4,1,H,2.0,3.3,4.0,2022-11-13,bundesliga
Atalanta,Inter,2,3,A,3.1,3.75,2.2,2022-11-13,serie_a
Monza,Salernitana,3,0,H,2.15,3.25,3.6,2022-11-13,serie_a
Roma,Torino,1,1,D,1.9,3.4,4.33,2022-11-13,serie_a
Verona,Spezia,1,2,A,2.1,3.4,3.6,2022-11-13,serie_a
Milan,Fiorentina,2,1,H,1.7,3.8,5.0,2022-11-13,serie_a
Juventus,Lazio,3,0,H,1.95,3.5,4.0,2022-11-13,serie_a
Paris SG,Auxerre,5,0,H,1.11,10.0,17.0,2022-11-13,ligue_1
Brest,Troyes,2,1,H,2.0,3.6,3.5,2022-11-13,ligue_1
Lille,Angers,1,0,H,1.33,5.5,8.5,2022-11-13,ligue_1
Montpellier,Reims,1,1,D,2.5,3.4,2.8,2022-11-13,ligue_1
Nantes,Ajaccio,2,2,D,2.0,3.3,4.0,2022-11-13,ligue_1
Strasbourg,Lorient,1,1,D,2.15,3.5,3.3,2022-11-13,ligue_1
Monaco,Marseille,2,3,A,2.3,3.6,2.9,2022-11-13,ligue_1
Nijmegen,Waalwijk,6,1,H,2.05,3.6,3.5,2022-11-13,eredivisie
Groningen,For Sittard,2,3,A,2.05,3.6,3.5,2022-11-13,eredivisie
Heerenveen,Cambuur,2,1,H,1.8,3.8,4.33,2022-11-13,eredivisie
Feyenoord,Excelsior,5,1,H,1.12,9.5,15.0,2022-11-13,eredivisie
Go Ahead Eagles,Vitesse,2,2,D,2.45,3.5,2.8,2022-11-13,eredivisie
Club Brugge,Antwerp,2,2,D,1.83,3.75,4.0,2022-11-13,pro_league
Standard,St. Gilloise,2,3,A,3.4,3.5,2.0,2022-11-13,pro_league
Anderlecht,Genk,0,2,A,2.62,3.5,2.5,2022-11-13,pro_league
Kortrijk,Gent,0,4,A,5.0,3.8,1.66,2022-11-13,pro_league
Guimaraes,Maritimo,1,0,H,1.66,3.6,5.25,2022-11-13,primeira_liga
Pacos Ferreira,Vizela,0,2,A,3.1,3.2,2.37,2022-11-13,primeira_liga
Benfica,Gil Vicente,3,1,H,1.14,8.5,15.0,2022-11-13,primeira_liga
Casa Pia,Chaves,1,2,A,2.0,3.4,3.75,2022-11-13,primeira_liga
Portimonense,Sp Braga,1,2,A,5.0,3.75,1.66,2022-11-13,primeira_liga
Famalicao,Sp Lisbon,1,2,A,5.5,3.75,1.65,2022-11-13,primeira_liga
Karagumruk,Gaziantep,3,3,D,2.0,3.4,3.4,2022-11-13,super_lig
Istanbulspor,Hatayspor,0,1,A,2.3,3.25,3.0,2022-11-13,super_lig
Kayserispor,Konyaspor,1,2,A,2.6,3.25,2.6,2022-11-13,super_lig
Ajaccio,Marseille,0,4,A,,,,2022-11-12,ligue_1
Freiburg,Bayern Munich,2,1,H,,,,2022-11-12,bundesliga
Reims,Monaco,1,2,A,,,,2022-11-12,ligue_1
Udinese,Napoli,0,1,A,,,,2022-11-12,serie_a
Udinese,Napoli,0,1,A,,,,2022-11-12,serie_a
Man City,Brentford,1,2,A,1.14,8.0,17.0,2022-11-12,premier_league
Bournemouth,Everton,3,0,H,2.8,3.25,2.6,2022-11-12,premier_league
Liverpool,Southampton,3,1,H,1.25,6.5,11.0,2022-11-12,premier_league
Nott'm Forest,Crystal Palace,1,0,H,3.1,3.1,2.45,2022-11-12,premier_league
Tottenham,Leeds,4,3,H,1.65,4.2,4.75,2022-11-12,premier_league
West Ham,Leicester,0,2,A,2.05,3.4,3.75,2022-11-12,premier_league
Newcastle,Chelsea,1,0,H,2.35,3.4,3.0,2022-11-12,premier_league
Wolves,Arsenal,0,2,A,6.0,4.2,1.55,2022-11-12,premier_league
Bristol City,Watford,0,0,D,3.0,3.4,2.37,2022-11-12,championship
Cardiff,Sheffield United,0,1,A,3.2,3.3,2.3,2022-11-12,championship
Coventry,QPR,2,0,H,2.37,3.25,3.1,2022-11-12,championship
Huddersfield,Swansea,0,0,D,3.1,3.3,2.37,2022-11-12,championship
Hull,Reading,1,2,A,2.45,3.2,3.0,2022-11-12,championship
Luton,Rotherham,1,1,D,1.7,3.75,5.25,2022-11-12,championship
Norwich,Middlesbrough,1,2,A,2.2,3.3,3.4,2022-11-12,championship
Preston,Millwall,2,4,A,2.55,3.0,3.1,2022-11-12,championship
West Brom,Stoke,2,0,H,1.95,3.5,4.0,2022-11-12,championship
Wigan,Blackpool,2,1,H,2.25,3.4,3.2,2022-11-12,championship
Augsburg,Bochum,0,1,A,2.2,3.5,3.2,2022-11-12,bundesliga
Hertha,FC Koln,2,0,H,2.2,3.6,3.1,2022-11-12,bundesliga
Hoffenheim,Wolfsburg,1,2,A,2.25,3.75,3.1,2022-11-12,bundesliga
Leverkusen,Stuttgart,2,0,H,1.72,4.2,4.33,2022-11-12,bundesliga
Werder Bremen,RB Leipzig,1,2,A,3.6,4.0,1.9,2022-11-12,bundesliga
Schalke 04,Bayern Munich,0,2,A,15.0,7.5,1.16,2022-11-12,bundesliga
Napoli,Udinese,3,2,H,1.5,4.75,5.75,2022-11-12,serie_a
Sampdoria,Lecce,0,2,A,2.62,3.0,3.0,2022-11-12,serie_a
Bologna,Sassuolo,3,0,H,2.3,3.5,3.0,2022-11-12,serie_a
Lens,Clermont,2,1,H,1.44,4.75,7.5,2022-11-12,ligue_1
Rennes,Toulouse,2,1,H,1.5,4.5,6.0,2022-11-12,ligue_1
Volendam,Utrecht,0,4,A,3.8,4.0,1.85,2022-11-12,eredivisie
FC Emmen,Ajax,3,3,D,9.5,5.5,1.3,2022-11-12,eredivisie
PSV Eindhoven,AZ Alkmaar,0,1,A,1.5,4.5,6.5,2022-11-12,eredivisie
Westerlo,Oostende,6,0,H,1.75,4.0,4.2,2022-11-12,pro_league
St Truiden,Cercle Brugge,0,1,A,2.4,3.4,2.8,2022-11-12,pro_league
Waregem,Eupen,5,5,D,2.3,3.75,2.8,2022-11-12,pro_league
Charleroi,Mechelen,0,5,A,2.2,3.5,3.0,2022-11-12,pro_league
Arouca,Rio Ave,0,1,A,2.25,3.2,3.25,2022-11-12,primeira_liga
Boavista,Porto,1,4,A,8.5,4.75,1.33,2022-11-12,primeira_liga
Sivasspor,Umraniyespor,2,2,D,1.9,3.5,3.75,2022-11-12,super_lig
Fenerbahce,Giresunspor,1,2,A,1.3,5.25,8.0,2022-11-12,super_lig
Buyuksehyr,Galatasaray,0,7,A,2.7,3.3,2.45,2022-11-12,super_lig
Birmingham,Sunderland,1,2,A,2.2,3.3,3.4,2022-11-11,championship
M'gladbach,Dortmund,4,2,H,3.2,4.0,2.15,2022-11-11,bundesliga
Empoli,Cremonese,2,0,H,2.5,3.4,2.8,2022-11-11,serie_a
Lyon,Nice,1,1,D,1.75,3.8,4.5,2022-11-11,ligue_1
Sparta Rotterdam,Twente,1,1,D,2.9,3.5,2.37,2022-11-11,eredivisie
Oud-Heverlee Leuven,Seraing,5,0,H,1.55,4.0,5.75,2022-11-11,pro_league
Alanyaspor,Ad. Demirspor,0,0,D,3.0,3.6,2.2,2022-11-11,super_lig
Ankaragucu,Trabzonspor,1,1,D,2.9,3.4,2.3,2022-11-11,super_lig
Vallecano,Celta,0,0,D,2.2,3.2,3.5,2022-11-10,la_liga
Valencia,Betis,3,0,H,2.1,3.4,3.6,2022-11-10,la_liga
Real Madrid,Cadiz,2,1,H,1.14,8.5,15.0,2022-11-10,la_liga
Verona,Juventus,0,1,A,5.0,3.8,1.66,2022-11-10,serie_a
Lazio,Monza,1,0,H,1.61,4.2,5.0,2022-11-10,serie_a
Feyenoord,Cambuur,1,0,H,1.2,7.0,12.0,2022-11-10,eredivisie
Inter Milan,Napoli,1,0,H,,,,2022-11-09,serie_a
Inter Milan,Napoli,1,0,H,,,,2022-11-09,serie_a
Spezia,Napoli,1,3,A,,,,2022-11-09,serie_a
Almeria,Getafe,1,0,H,2.15,3.3,3.5,2022-11-09,la_liga
Sevilla,Sociedad,1,2,A,2.6,3.2,2.8,2022-11-09,la_liga
Espanol,Villarreal,0,1,A,3.2,3.2,2.37,2022-11-09,la_liga
Mallorca,Ath Madrid,1,0,H,3.8,3.1,2.1,2022-11-09,la_liga
FC Koln,Leverkusen,1,2,A,3.0,3.75,2.2,2022-11-09,bundesliga
Ein Frankfurt,Hoffenheim,4,2,H,1.9,3.8,3.75,2022-11-09,bundesliga
RB Leipzig,Freiburg,3,1,H,1.72,4.0,4.5,2022-11-09,bundesliga
Schalke 04,Mainz,1,0,H,3.4,3.75,2.05,2022-11-09,bundesliga
Union Berlin,Augsburg,2,2,D,1.55,4.2,6.0,2022-11-09,bundesliga
Lecce,Atalanta,2,1,H,4.75,3.5,1.8,2022-11-09,serie_a
Sassuolo,Roma,1,1,D,3.4,3.6,2.1,2022-11-09,serie_a
Fiorentina,Salernitana,2,1,H,1.53,4.2,6.25,2022-11-09,serie_a
Inter,Bologna,6,1,H,1.28,5.75,10.0,2022-11-09,serie_a
Torino,Sampdoria,2,0,H,1.61,3.8,5.75,2022-11-09,serie_a
Ajax,Vitesse,2,2,D,1.12,10.0,15.0,2022-11-09,eredivisie
Birmingham,Swansea,2,2,D,2.7,3.25,2.7,2022-11-08,championship
Blackpool,Middlesbrough,0,3,A,3.2,3.4,2.25,2022-11-08,championship
Cardiff,Hull,2,3,A,2.05,3.25,3.8,2022-11-08,championship
Coventry,Wigan,2,0,H,1.9,3.5,4.0,2022-11-08,championship
QPR,Huddersfield,1,2,A,1.7,3.75,5.25,2022-11-08,championship
Sheffield United,Rotherham,0,1,A,1.33,5.5,8.0,2022-11-08,championship
Stoke,Luton,2,0,H,1.95,3.4,4.0,2022-11-08,championship
Watford,Reading,2,0,H,1.8,3.5,4.5,2022-11-08,championship
Elche,Girona,1,2,A,3.25,3.3,2.2,2022-11-08,la_liga
Ath Bilbao,Valladolid,3,0,H,1.4,4.5,7.5,2022-11-08,la_liga
Osasuna,Barcelona,1,2,A,5.75,4.2,1.53,2022-11-08,la_liga
Wolfsburg,Dortmund,2,0,H,3.1,3.6,2.2,2022-11-08,bundesliga
Bayern Munich,Werder Bremen,6,1,H,1.14,9.5,15.0,2022-11-08,bundesliga
Bochum,M'gladbach,2,1,H,3.2,3.5,2.25,2022-11-08,bundesliga
Stuttgart,Hertha,2,1,H,1.95,3.8,3.75,2022-11-08,bundesliga
Napoli,Empoli,2,0,H,1.25,6.5,9.5,2022-11-08,serie_a
Spezia,Udinese,1,1,D,4.0,3.5,1.9,2022-11-08,serie_a
Cremonese,Milan,0,0,D,6.0,4.2,1.55,2022-11-08,serie_a
Vallecano,Real Madrid,3,2,H,4.75,4.2,1.65,2022-11-07,la_liga
Chaves,Santa Clara,0,0,D,2.3,3.25,3.1,2022-11-07,primeira_liga
Fenerbahce,Sivasspor,1,0,H,1.36,5.0,8.0,2022-11-07,super_lig
Hatayspor,Buyuksehyr,3,3,D,4.5,3.3,1.85,2022-11-07,super_lig
Auxerre,Lens,0,3,A,,,,2022-11-06,ligue_1
Bayer Leverkusen,RB Leipzig,0,0,D,,,,2022-11-06,bundesliga
Empoli,Juventus,0,1,A,,,,2022-11-06,serie_a
Real Betis,Sevilla,1,1,D,,,,2022-11-06,la_liga
Ajaccio,Monaco,0,4,A,,,,2022-11-06,ligue_1
Chelsea,Arsenal,0,1,A,2.55,3.4,2.7,2022-11-06,premier_league
Aston Villa,Man United,3,1,H,3.3,3.8,2.1,2022-11-06,premier_league
Southampton,Newcastle,1,4,A,4.0,3.6,1.9,2022-11-06,premier_league
West Ham,Crystal Palace,1,2,A,1.9,3.4,4.2,2022-11-06,premier_league
Tottenham,Liverpool,1,2,A,3.3,3.6,2.1,2022-11-06,premier_league
Ath Madrid,Espanol,1,1,D,1.44,4.5,8.0,2022-11-06,la_liga
Sociedad,Valencia,1,1,D,1.95,3.4,4.0,2022-11-06,la_liga
Villarreal,Mallorca,0,2,A,1.57,4.0,5.75,2022-11-06,la_liga
Betis,Sevilla,1,1,D,2.2,3.2,3.6,2022-11-06,la_liga
Leverkusen,Union Berlin,5,0,H,2.15,3.4,3.4,2022-11-06,bundesliga
Freiburg,FC Koln,2,0,H,1.7,4.0,4.75,2022-11-06,bundesliga
Bologna,Torino,2,1,H,3.0,3.1,2.5,2022-11-06,serie_a
Monza,Verona,2,0,H,2.2,3.4,3.3,2022-11-06,serie_a
Sampdoria,Fiorentina,0,2,A,4.2,3.4,1.9,2022-11-06,serie_a
Roma,Lazio,0,1,A,2.0,3.5,3.8,2022-11-06,serie_a
Juventus,Inter,2,0,H,3.1,3.4,2.37,2022-11-06,serie_a
Lorient,Paris SG,1,2,A,9.5,6.5,1.28,2022-11-06,ligue_1
Clermont,Montpellier,1,1,D,2.37,3.5,2.9,2022-11-06,ligue_1
Nice,Brest,1,0,H,1.8,3.75,4.33,2022-11-06,ligue_1
Reims,Nantes,1,0,H,2.05,3.5,3.4,2022-11-06,ligue_1
Toulouse,Monaco,0,2,A,3.2,3.8,2.1,2022-11-06,ligue_1
Lille,Rennes,1,1,D,2.45,3.6,2.75,2022-11-06,ligue_1
Marseille,Lyon,1,0,H,2.2,3.5,3.2,2022-11-06,ligue_1
Utrecht,Groningen,2,1,H,1.66,4.0,5.0,2022-11-06,eredivisie
Twente,Go Ahead Eagles,1,1,D,1.36,5.0,8.5,2022-11-06,eredivisie
Volendam,Feyenoord,0,2,A,7.5,5.5,1.36,2022-11-06,eredivisie
Ajax,PSV Eindhoven,1,2,A,1.75,4.0,4.33,2022-11-06,eredivisie
Waalwijk,AZ Alkmaar,3,1,H,4.0,4.0,1.8,2022-11-06,eredivisie
Gent,Club Brugge,2,0,H,2.7,3.5,2.5,2022-11-06,pro_league
St. Gilloise,Westerlo,1,1,D,1.57,4.0,5.5,2022-11-06,pro_league
Antwerp,Anderlecht,0,0,D,2.15,3.4,3.3,2022-11-06,pro_league
Oostende,Kortrijk,3,1,H,2.1,3.4,3.3,2022-11-06,pro_league
Rio Ave,Boavista,1,0,H,2.45,3.1,3.0,2022-11-06,primeira_liga
Maritimo,Famalicao,0,0,D,2.75,3.2,2.55,2022-11-06,primeira_liga
Sp Braga,Casa Pia,0,1,A,1.4,5.0,7.0,2022-11-06,primeira_liga
Estoril,Benfica,1,5,A,8.5,5.75,1.3,2022-11-06,primeira_liga
Gaziantep,Kayserispor,1,2,A,2.2,3.4,3.2,2022-11-06,super_lig
Antalyaspor,Karagumruk,4,2,H,1.9,3.5,4.0,2022-11-06,super_lig
Trabzonspor,Konyaspor,2,2,D,1.85,3.4,4.2,2022-11-06,super_lig
Eintracht Frankfurt,Bayern Munich,1,1,D,,,,2022-11-05,bundesliga
Eintracht Frankfurt,Bayern Munich,1,1,D,,,,2022-11-05,bundesliga
Hertha Berlin,RB Leipzig,0,3,A,,,,2022-11-05,bundesliga
Juventus,AC Milan,3,1,H,,,,2022-11-05,serie_a
Strasbourg,PSG,1,4,A,,,,2022-11-05,ligue_1
Leeds,Bournemouth,4,3,H,1.72,3.8,4.75,2022-11-05,premier_league
Man City,Fulham,2,1,H,1.11,9.5,19.0,2022-11-05,premier_league
Nott'm Forest,Brentford,2,2,D,2.75,3.3,2.6,2022-11-05,premier_league
Wolves,Brighton,2,3,A,3.3,3.3,2.25,2022-11-05,premier_league
Everton,Leicester,0,2,A,2.4,3.3,3.0,2022-11-05,premier_league
Sheffield United,Burnley,5,2,H,2.4,3.3,3.0,2022-11-05,championship
Blackburn,Huddersfield,1,0,H,1.83,3.5,4.75,2022-11-05,championship
Blackpool,Luton,0,1,A,2.8,3.3,2.55,2022-11-05,championship
Middlesbrough,Bristol City,1,1,D,1.8,3.6,4.75,2022-11-05,championship
Millwall,Hull,0,0,D,1.83,3.6,4.5,2022-11-05,championship
QPR,West Brom,0,1,A,2.5,3.6,2.7,2022-11-05,championship
Rotherham,Norwich,1,2,A,4.2,3.5,1.95,2022-11-05,championship
Stoke,Birmingham,1,2,A,2.05,3.5,3.6,2022-11-05,championship
Sunderland,Cardiff,0,1,A,2.2,3.2,3.5,2022-11-05,championship
Swansea,Wigan,2,2,D,1.9,3.5,4.33,2022-11-05,championship
Watford,Coventry,0,1,A,1.9,3.5,4.33,2022-11-05,championship
Getafe,Cadiz,0,0,D,2.2,3.1,3.75,2022-11-05,la_liga
Valladolid,Elche,2,1,H,1.83,3.6,4.33,2022-11-05,la_liga
Celta,Osasuna,1,2,A,2.1,3.3,3.75,2022-11-05,la_liga
Barcelona,Almeria,2,0,H,1.08,10.0,26.0,2022-11-05,la_liga
Augsburg,Ein Frankfurt,1,2,A,4.33,4.0,1.72,2022-11-05,bundesliga
Dortmund,Bochum,3,0,H,1.22,7.0,11.0,2022-11-05,bundesliga
Hertha,Bayern Munich,2,3,A,10.0,6.5,1.25,2022-11-05,bundesliga
Hoffenheim,RB Leipzig,1,3,A,2.9,3.75,2.25,2022-11-05,bundesliga
Mainz,Wolfsburg,0,3,A,2.0,3.75,3.5,2022-11-05,bundesliga
Werder Bremen,Schalke 04,2,1,H,1.65,4.33,4.5,2022-11-05,bundesliga
Empoli,Sassuolo,1,0,H,2.8,3.4,2.45,2022-11-05,serie_a
Salernitana,Cremonese,2,2,D,2.15,3.6,3.3,2022-11-05,serie_a
Atalanta,Napoli,1,2,A,3.3,3.6,2.15,2022-11-05,serie_a
Milan,Spezia,2,1,H,1.22,6.0,13.0,2022-11-05,serie_a
Ajaccio,Strasbourg,4,2,H,2.8,3.2,2.62,2022-11-05,ligue_1
Angers,Lens,1,2,A,5.0,4.0,1.66,2022-11-05,ligue_1
Vitesse,Sparta Rotterdam,0,4,A,1.85,3.6,4.2,2022-11-05,eredivisie
For Sittard,FC Emmen,0,1,A,2.2,3.5,3.2,2022-11-05,eredivisie
Excelsior,Heerenveen,0,1,A,4.33,4.0,1.75,2022-11-05,eredivisie
Mechelen,Waregem,2,2,D,1.72,3.75,4.5,2022-11-05,pro_league
Cercle Brugge,Oud-Heverlee Leuven,2,1,H,1.83,3.8,3.8,2022-11-05,pro_league
Seraing,St Truiden,1,2,A,3.6,3.2,2.1,2022-11-05,pro_league
Eupen,Standard,2,0,H,3.1,3.4,2.25,2022-11-05,pro_league
Vizela,Arouca,0,1,A,1.9,3.25,4.5,2022-11-05,primeira_liga
Porto,Pacos Ferreira,4,0,H,1.12,8.0,21.0,2022-11-05,primeira_liga
Sp Lisbon,Guimaraes,3,0,H,1.33,5.25,8.0,2022-11-05,primeira_liga
Giresunspor,Istanbulspor,3,2,H,1.85,3.4,4.2,2022-11-05,super_lig
Galatasaray,Besiktas,2,1,H,2.05,3.5,3.5,2022-11-05,super_lig
Reading,Preston,1,2,A,2.3,3.1,3.3,2022-11-04,championship
Girona,Ath Bilbao,2,1,H,3.75,3.5,2.0,2022-11-04,la_liga
M'gladbach,Stuttgart,3,1,H,2.15,3.75,3.1,2022-11-04,bundesliga
Udinese,Lecce,1,1,D,1.61,3.9,5.5,2022-11-04,serie_a
Troyes,Auxerre,1,1,D,1.95,3.6,3.8,2022-11-04,ligue_1
Cambuur,Nijmegen,0,1,A,2.62,3.4,2.62,2022-11-04,eredivisie
Genk,Charleroi,4,1,H,1.4,4.75,7.5,2022-11-04,pro_league
Gil Vicente,Portimonense,1,2,A,2.2,3.25,3.2,2022-11-04,primeira_liga
Kasimpasa,Ankaragucu,1,1,D,2.25,3.5,3.0,2022-11-04,super_lig
Umraniyespor,Alanyaspor,3,1,H,2.55,3.4,2.62,2022-11-04,super_lig
FC Copenhagen,Manchester City,0,0,D,,,,2022-11-02,champions_league
Benfica,Juventus,4,3,H,,,,2022-11-02,champions_league
Atletico Madrid,Leverkusen,2,1,H,,,,2022-11-02,champions_league
Birmingham,Millwall,0,0,D,2.5,3.2,2.9,2022-11-02,championship
Burnley,Rotherham,3,2,H,1.45,4.33,8.0,2022-11-02,championship
Cardiff,Watford,1,2,A,2.9,3.2,2.5,2022-11-02,championship
Huddersfield,Sunderland,0,2,A,2.62,3.3,2.7,2022-11-02,championship
Norwich,QPR,0,0,D,1.95,3.6,4.0,2022-11-02,championship
Wigan,Stoke,0,1,A,2.7,3.3,2.62,2022-11-02,championship
Liverpool,Napoli,2,0,H,,,,2022-11-01,champions_league
Club Brugge,Benfica,0,4,A,,,,2022-11-01,champions_league
Club Brugge,Porto,0,4,A,,,,2022-11-01,champions_league
Coventry,Blackburn,1,0,H,2.4,3.2,3.1,2022-11-01,championship
Hull,Middlesbrough,1,3,A,3.1,3.3,2.37,2022-11-01,championship
Luton,Reading,0,0,D,1.95,3.4,4.2,2022-11-01,championship
Preston,Swansea,1,0,H,2.4,3.25,3.0,2022-11-01,championship
Bristol City,Sheffield United,0,1,A,3.3,3.4,2.2,2022-11-01,championship
West Brom,Blackpool,1,0,H,1.66,4.0,5.0,2022-11-01,championship
Elche,Getafe,0,1,A,2.7,3.0,2.87,2022-10-31,la_liga
Verona,Roma,1,3,A,4.33,3.6,1.83,2022-10-31,serie_a
Monza,Bologna,1,2,A,2.2,3.3,3.4,2022-10-31,serie_a
Guimaraes,Famalicao,3,2,H,1.95,3.6,3.5,2022-10-31,primeira_liga
Buyuksehyr,Giresunspor,3,1,H,1.5,4.0,6.5,2022-10-31,super_lig
Sivasspor,Antalyaspor,0,2,A,2.2,3.3,3.0,2022-10-31,super_lig
Real Madrid,Girona,3,2,H,,,,2022-10-30,la_liga
Brest,Monaco,1,2,A,,,,2022-10-30,ligue_1
Arsenal,Nott'm Forest,5,0,H,1.2,7.0,12.0,2022-10-30,premier_league
Man United,West Ham,1,0,H,1.66,4.0,4.8,2022-10-30,premier_league
Osasuna,Valladolid,2,0,H,1.9,3.4,4.33,2022-10-30,la_liga
Ath Bilbao,Villarreal,1,0,H,2.2,3.3,3.4,2022-10-30,la_liga
Sociedad,Betis,0,2,A,2.0,3.5,3.8,2022-10-30,la_liga
Union Berlin,M'gladbach,2,1,H,2.05,3.4,3.8,2022-10-30,bundesliga
Schalke 04,Freiburg,0,2,A,4.0,3.75,1.9,2022-10-30,bundesliga
FC Koln,Hoffenheim,1,1,D,2.9,3.5,2.37,2022-10-30,bundesliga
Empoli,Atalanta,0,2,A,4.33,3.8,1.8,2022-10-30,serie_a
Cremonese,Udinese,0,0,D,4.0,3.8,1.85,2022-10-30,serie_a
Spezia,Fiorentina,1,2,A,4.0,3.6,1.9,2022-10-30,serie_a
Lazio,Salernitana,1,3,A,1.5,4.5,6.5,2022-10-30,serie_a
Torino,Milan,2,1,H,3.75,3.3,2.1,2022-10-30,serie_a
Auxerre,Ajaccio,1,0,H,2.6,3.1,2.9,2022-10-30,ligue_1
Brest,Reims,0,0,D,2.62,3.3,2.7,2022-10-30,ligue_1
Monaco,Angers,2,0,H,1.4,5.25,7.0,2022-10-30,ligue_1
Nantes,Clermont,1,1,D,2.0,3.75,3.6,2022-10-30,ligue_1
Rennes,Montpellier,3,0,H,1.33,5.5,8.0,2022-10-30,ligue_1
Lorient,Nice,1,2,A,2.45,3.4,2.87,2022-10-30,ligue_1
Lyon,Lille,1,0,H,2.0,3.75,3.5,2022-10-30,ligue_1
FC Emmen,Groningen,0,0,D,2.25,3.5,3.1,2022-10-30,eredivisie
PSV Eindhoven,Nijmegen,3,0,H,1.22,7.0,11.0,2022-10-30,eredivisie
Twente,Waalwijk,3,0,H,1.5,4.5,6.0,2022-10-30,eredivisie
AZ Alkmaar,Volendam,2,1,H,1.2,7.0,13.0,2022-10-30,eredivisie
Anderlecht,Eupen,4,2,H,1.44,4.75,6.0,2022-10-30,pro_league
Seraing,St. Gilloise,1,2,A,6.0,4.2,1.53,2022-10-30,pro_league
Oud-Heverlee Leuven,Gent,1,1,D,3.75,3.6,1.95,2022-10-30,pro_league
Charleroi,Antwerp,1,0,H,3.4,3.5,2.05,2022-10-30,pro_league
Boavista,Vizela,2,2,D,2.4,3.25,2.87,2022-10-30,primeira_liga
Portimonense,Estoril,1,1,D,2.37,3.3,3.0,2022-10-30,primeira_liga
Casa Pia,Rio Ave,1,0,H,2.0,3.2,3.8,2022-10-30,primeira_liga
Gil Vicente,Sp Braga,0,1,A,4.5,3.8,1.72,2022-10-30,primeira_liga
Ankaragucu,Hatayspor,4,1,H,1.95,3.5,3.5,2022-10-30,super_lig
Besiktas,Umraniyespor,5,2,H,1.33,5.0,7.5,2022-10-30,super_lig
Kayserispor,Ad. Demirspor,2,2,D,2.7,3.6,2.3,2022-10-30,super_lig
Istanbulspor,Fenerbahce,2,5,A,5.75,4.33,1.45,2022-10-30,super_lig
Cremonese,Lazio,2,2,D,,,,2022-10-29,serie_a
Nice,Monaco,2,3,A,,,,2022-10-29,ligue_1
Osasuna,Real Madrid,1,3,A,,,,2022-10-29,la_liga
Union Berlin,Borussia Dortmund,2,0,H,,,,2022-10-29,bundesliga
Union Berlin,Dortmund,2,0,H,,,,2022-10-29,bundesliga
Fiorentina,AC Milan,1,1,D,,,,2022-10-29,serie_a
Leicester,Man City,0,1,A,10.0,6.5,1.25,2022-10-29,premier_league
Bournemouth,Tottenham,2,3,A,5.0,3.8,1.7,2022-10-29,premier_league
Brentford,Wolves,1,1,D,2.2,3.4,3.3,2022-10-29,premier_league
Brighton,Chelsea,4,1,H,3.0,3.3,2.4,2022-10-29,premier_league
Crystal Palace,Southampton,1,0,H,1.9,3.6,4.0,2022-10-29,premier_league
Newcastle,Aston Villa,4,0,H,1.8,3.75,4.5,2022-10-29,premier_league
Fulham,Everton,0,0,D,2.37,3.4,3.0,2022-10-29,premier_league
Liverpool,Leeds,1,2,A,1.3,6.0,9.0,2022-10-29,premier_league
Bristol City,Swansea,1,1,D,2.3,3.4,3.1,2022-10-29,championship
West Brom,Sheffield United,0,2,A,2.2,3.3,3.4,2022-10-29,championship
Burnley,Reading,2,1,H,1.61,4.0,5.5,2022-10-29,championship
Cardiff,Rotherham,1,0,H,1.9,3.25,4.33,2022-10-29,championship
Coventry,Blackpool,1,2,A,1.95,3.4,4.0,2022-10-29,championship
Huddersfield,Millwall,1,0,H,3.0,3.25,2.4,2022-10-29,championship
Hull,Blackburn,0,1,A,2.5,3.2,2.9,2022-10-29,championship
Luton,Sunderland,1,1,D,2.0,3.3,4.0,2022-10-29,championship
Norwich,Stoke,3,1,H,2.0,3.3,4.0,2022-10-29,championship
Preston,Middlesbrough,2,1,H,2.8,3.0,2.75,2022-10-29,championship
Wigan,Watford,0,1,A,3.1,3.25,2.37,2022-10-29,championship
Almeria,Celta,3,1,H,3.3,3.3,2.25,2022-10-29,la_liga
Cadiz,Ath Madrid,3,2,H,7.0,3.6,1.6,2022-10-29,la_liga
Sevilla,Vallecano,0,1,A,2.0,3.3,4.0,2022-10-29,la_liga
Valencia,Barcelona,0,1,A,5.0,4.33,1.57,2022-10-29,la_liga
Bayern Munich,Mainz,6,2,H,1.25,6.5,11.0,2022-10-29,bundesliga
RB Leipzig,Leverkusen,2,0,H,1.8,4.0,4.1,2022-10-29,bundesliga
Stuttgart,Augsburg,2,1,H,1.8,3.8,4.33,2022-10-29,bundesliga
Wolfsburg,Bochum,4,0,H,1.65,4.2,4.75,2022-10-29,bundesliga
Ein Frankfurt,Dortmund,1,2,A,2.75,3.75,2.4,2022-10-29,bundesliga
Napoli,Sassuolo,4,0,H,1.28,6.0,8.5,2022-10-29,serie_a
Lecce,Juventus,0,1,A,4.33,3.3,1.9,2022-10-29,serie_a
Inter,Sampdoria,3,0,H,1.25,6.0,12.0,2022-10-29,serie_a
Paris SG,Troyes,4,3,H,1.09,11.0,23.0,2022-10-29,ligue_1
Strasbourg,Marseille,2,2,D,2.9,3.5,2.37,2022-10-29,ligue_1
Heerenveen,Utrecht,1,2,A,2.25,3.5,3.1,2022-10-29,eredivisie
Sparta Rotterdam,For Sittard,3,1,H,1.95,3.75,3.6,2022-10-29,eredivisie
Go Ahead Eagles,Excelsior,3,1,H,1.72,4.0,4.5,2022-10-29,eredivisie
Waregem,Standard,0,3,A,3.0,3.6,2.2,2022-10-29,pro_league
Kortrijk,Cercle Brugge,1,1,D,3.6,3.6,1.95,2022-10-29,pro_league
Westerlo,St Truiden,2,3,A,2.2,3.25,3.4,2022-10-29,pro_league
Club Brugge,Oostende,4,2,H,1.25,6.0,10.0,2022-10-29,pro_league
Santa Clara,Porto,1,1,D,7.5,4.5,1.4,2022-10-29,primeira_liga
Benfica,Chaves,5,0,H,1.18,7.0,13.0,2022-10-29,primeira_liga
Arouca,Sp Lisbon,1,0,H,7.0,4.2,1.45,2022-10-29,primeira_liga
Konyaspor,Kasimpasa,1,1,D,1.66,3.8,4.5,2022-10-29,super_lig
Alanyaspor,Gaziantep,2,0,H,1.9,3.75,3.5,2022-10-29,super_lig
Birmingham,QPR,2,0,H,2.25,3.3,3.2,2022-10-28,championship
Mallorca,Espanol,1,1,D,2.25,3.1,3.4,2022-10-28,la_liga
Werder Bremen,Hertha,1,0,H,2.0,3.8,3.4,2022-10-28,bundesliga
Lens,Toulouse,3,0,H,1.55,4.5,5.5,2022-10-28,ligue_1
Genk,Mechelen,3,1,H,1.36,5.25,7.0,2022-10-28,pro_league
Pacos Ferreira,Maritimo,0,1,A,2.25,3.2,3.3,2022-10-28,primeira_liga
Karagumruk,Galatasaray,0,2,A,4.33,3.5,1.75,2022-10-28,super_lig
Porto,Club Brugge,4,0,H,,,,2022-10-26,champions_league
Leicester,Southampton,2,0,H,,,,2022-10-25,epl
Leipzig,Real Madrid,3,2,H,,,,2022-10-25,champions_league
Dortmund,Manchester City,0,0,D,,,,2022-10-25,champions_league
Juventus,Benfica,1,2,A,,,,2022-10-25,champions_league
Coventry,Rotherham,2,2,D,1.72,3.5,5.25,2022-10-25,championship
Burnley,Norwich,1,0,H,2.1,3.4,3.5,2022-10-25,championship
West Ham,Bournemouth,2,0,H,1.55,4.0,6.0,2022-10-24,premier_league
Celta,Getafe,1,1,D,1.75,3.5,5.0,2022-10-24,la_liga
Cremonese,Sampdoria,0,1,A,2.4,3.3,3.0,2022-10-24,serie_a
Sassuolo,Verona,2,1,H,1.95,3.5,4.0,2022-10-24,serie_a
Rio Ave,Portimonense,1,0,H,2.45,3.3,2.7,2022-10-24,primeira_liga
Giresunspor,Ankaragucu,1,1,D,2.2,3.25,3.1,2022-10-24,super_lig
Hatayspor,Besiktas,2,1,H,4.5,3.8,1.66,2022-10-24,super_lig
Atletico Madrid,Villarreal,2,1,H,,,,2022-10-23,la_liga
Marseille,PSG,2,1,H,,,,2022-10-23,ligue_1
Marseille,PSG,2,1,H,,,,2022-10-23,ligue_1
Napoli,Roma,2,1,H,,,,2022-10-23,serie_a
Napoli,Roma,2,1,H,,,,2022-10-23,serie_a
Rennes,Marseille,2,0,H,,,,2022-10-23,ligue_1
Aston Villa,Brentford,4,0,H,2.1,3.5,3.5,2022-10-23,premier_league
Leeds,Fulham,2,3,A,2.05,3.5,3.6,2022-10-23,premier_league
Southampton,Arsenal,1,1,D,6.0,4.0,1.57,2022-10-23,premier_league
Wolves,Leicester,0,4,A,2.25,3.25,3.25,2022-10-23,premier_league
Tottenham,Newcastle,1,2,A,2.05,3.5,3.5,2022-10-23,premier_league
Swansea,Cardiff,2,0,H,2.1,3.3,3.5,2022-10-23,championship
Watford,Luton,4,0,H,2.2,3.3,3.4,2022-10-23,championship
Espanol,Elche,2,2,D,1.66,3.75,5.25,2022-10-23,la_liga
Betis,Ath Madrid,1,2,A,3.2,3.3,2.3,2022-10-23,la_liga
Girona,Osasuna,1,1,D,2.55,3.2,2.9,2022-10-23,la_liga
Villarreal,Almeria,2,1,H,1.36,4.75,9.0,2022-10-23,la_liga
Barcelona,Ath Bilbao,4,0,H,1.55,4.5,5.5,2022-10-23,la_liga
Bochum,Union Berlin,2,1,H,4.33,3.4,1.9,2022-10-23,bundesliga
Hertha,Schalke 04,2,1,H,1.75,3.75,4.75,2022-10-23,bundesliga
Udinese,Torino,1,2,A,2.0,3.3,4.0,2022-10-23,serie_a
Bologna,Lecce,2,0,H,2.15,3.2,3.75,2022-10-23,serie_a
Atalanta,Lazio,0,2,A,1.95,3.5,4.0,2022-10-23,serie_a
Roma,Napoli,0,1,A,2.87,3.5,2.4,2022-10-23,serie_a
Angers,Rennes,1,2,A,4.0,4.0,1.83,2022-10-23,ligue_1
Clermont,Brest,1,3,A,2.37,3.4,3.0,2022-10-23,ligue_1
Reims,Auxerre,2,1,H,1.83,3.6,4.2,2022-10-23,ligue_1
Toulouse,Strasbourg,2,2,D,2.2,3.5,3.2,2022-10-23,ligue_1
Troyes,Lorient,2,2,D,2.3,3.5,3.0,2022-10-23,ligue_1
Nice,Nantes,1,1,D,1.85,3.5,4.33,2022-10-23,ligue_1
Lille,Monaco,4,3,H,2.45,3.7,2.7,2022-10-23,ligue_1
Excelsior,AZ Alkmaar,2,1,H,8.0,5.0,1.36,2022-10-23,eredivisie
Cambuur,Twente,0,1,A,4.5,4.0,1.72,2022-10-23,eredivisie
Groningen,PSV Eindhoven,4,2,H,9.5,5.0,1.36,2022-10-23,eredivisie
Nijmegen,Go Ahead Eagles,3,3,D,1.95,3.6,4.0,2022-10-23,eredivisie
Utrecht,Sparta Rotterdam,3,1,H,1.72,3.75,5.0,2022-10-23,eredivisie
Volendam,Heerenveen,1,3,A,3.3,3.4,2.2,2022-10-23,eredivisie
Antwerp,Genk,1,3,A,2.62,3.4,2.45,2022-10-23,pro_league
Gent,Seraing,2,1,H,1.36,5.0,7.0,2022-10-23,pro_league
Standard,Anderlecht,5,0,H,3.0,3.5,2.2,2022-10-23,pro_league
Oostende,Waregem,2,1,H,2.05,3.5,3.4,2022-10-23,pro_league
Maritimo,Arouca,1,1,D,2.55,3.1,2.7,2022-10-23,primeira_liga
Vizela,Santa Clara,0,1,A,1.9,3.3,3.8,2022-10-23,primeira_liga
Chaves,Gil Vicente,3,1,H,2.5,3.4,2.6,2022-10-23,primeira_liga
Guimaraes,Boavista,3,2,H,2.0,3.3,3.5,2022-10-23,primeira_liga
Kasimpasa,Kayserispor,0,1,A,2.15,3.4,3.1,2022-10-23,super_lig
Ad. Demirspor,Konyaspor,1,1,D,2.15,3.4,3.2,2022-10-23,super_lig
Galatasaray,Alanyaspor,2,2,D,1.53,4.2,5.25,2022-10-23,super_lig
Bayer Leverkusen,Bayern Munich,0,2,A,,,,2022-10-22,bundesliga
Bayer Leverkusen,Bayern Munich,1,0,H,,,,2022-10-22,bundesliga
Borussia Dortmund,Eintracht Frankfurt,2,3,A,,,,2022-10-22,bundesliga
Borussia Dortmund,Eintracht Frankfurt,3,0,H,,,,2022-10-22,bundesliga
Girona,Atletico Madrid,1,1,D,,,,2022-10-22,la_liga
Sevilla,Real Madrid,2,3,A,,,,2022-10-22,la_liga
Toulouse,Marseille,1,2,A,,,,2022-10-22,ligue_1
Athletic Bilbao,Real Madrid,2,0,H,,,,2022-10-22,la_liga
Nott'm Forest,Liverpool,1,0,H,11.0,6.0,1.25,2022-10-22,premier_league
Everton,Crystal Palace,3,0,H,2.6,3.2,2.87,2022-10-22,premier_league
Man City,Brighton,3,1,H,1.2,7.0,13.0,2022-10-22,premier_league
Chelsea,Man United,1,1,D,2.05,3.5,3.5,2022-10-22,premier_league
Blackpool,Preston,4,2,H,2.62,3.2,2.8,2022-10-22,championship
Blackburn,Birmingham,2,1,H,2.05,3.25,3.75,2022-10-22,championship
Middlesbrough,Huddersfield,0,0,D,1.66,3.75,5.5,2022-10-22,championship
Millwall,West Brom,2,1,H,2.75,3.1,2.75,2022-10-22,championship
QPR,Wigan,2,1,H,1.95,3.5,4.0,2022-10-22,championship
Reading,Bristol City,2,0,H,2.5,3.25,2.9,2022-10-22,championship
Rotherham,Hull,2,4,A,2.25,3.3,3.3,2022-10-22,championship
Sheffield United,Norwich,2,2,D,2.3,3.3,3.25,2022-10-22,championship
Stoke,Coventry,0,2,A,2.15,3.3,3.5,2022-10-22,championship
Sunderland,Burnley,2,4,A,3.2,3.25,2.3,2022-10-22,championship
Vallecano,Cadiz,5,1,H,1.72,3.5,5.25,2022-10-22,la_liga
Valladolid,Sociedad,1,0,H,3.6,3.4,2.05,2022-10-22,la_liga
Valencia,Mallorca,1,2,A,1.75,3.5,5.0,2022-10-22,la_liga
Real Madrid,Sevilla,3,1,H,1.36,4.75,8.5,2022-10-22,la_liga
Augsburg,RB Leipzig,3,3,D,5.5,4.33,1.57,2022-10-22,bundesliga
Dortmund,Stuttgart,5,0,H,1.53,4.75,5.5,2022-10-22,bundesliga
Freiburg,Werder Bremen,2,0,H,1.9,3.75,3.8,2022-10-22,bundesliga
Hoffenheim,Bayern Munich,0,2,A,5.5,5.0,1.5,2022-10-22,bundesliga
Leverkusen,Wolfsburg,2,2,D,1.7,4.2,4.5,2022-10-22,bundesliga
M'gladbach,Ein Frankfurt,1,3,A,2.3,3.75,2.87,2022-10-22,bundesliga
Salernitana,Spezia,1,0,H,2.0,3.5,3.8,2022-10-22,serie_a
Milan,Monza,4,1,H,1.4,5.0,7.5,2022-10-22,serie_a
Fiorentina,Inter,3,4,A,3.6,3.5,2.05,2022-10-22,serie_a
Montpellier,Lyon,1,2,A,4.0,3.8,1.85,2022-10-22,ligue_1
Marseille,Lens,0,1,A,2.15,3.5,3.3,2022-10-22,ligue_1
Feyenoord,For Sittard,1,1,D,1.2,8.0,10.0,2022-10-22,eredivisie
Waalwijk,Ajax,1,4,A,8.5,7.0,1.25,2022-10-22,eredivisie
Vitesse,FC Emmen,2,1,H,1.8,3.5,4.75,2022-10-22,eredivisie
Kortrijk,Westerlo,0,2,A,2.87,3.5,2.3,2022-10-22,pro_league
Mechelen,Eupen,2,1,H,1.85,3.8,3.75,2022-10-22,pro_league
St Truiden,Oud-Heverlee Leuven,0,0,D,2.0,3.4,3.6,2022-10-22,pro_league
St. Gilloise,Club Brugge,2,2,D,2.6,3.4,2.6,2022-10-22,pro_league
Famalicao,Pacos Ferreira,2,1,H,1.66,3.5,4.75,2022-10-22,primeira_liga
Estoril,Sp Braga,0,2,A,4.5,3.75,1.66,2022-10-22,primeira_liga
Sp Lisbon,Casa Pia,3,1,H,1.28,5.0,9.0,2022-10-22,primeira_liga
Umraniyespor,Karagumruk,1,3,A,2.45,3.4,2.7,2022-10-22,super_lig
Trabzonspor,Sivasspor,1,0,H,1.6,4.2,4.75,2022-10-22,super_lig
Fenerbahce,Buyuksehyr,1,0,H,1.9,3.6,3.6,2022-10-22,super_lig
Fiorentina,Juventus,1,0,H,,,,2022-10-21,serie_a
Fiorentina,Juventus,2,0,H,,,,2022-10-21,serie_a
Mainz,FC Koln,5,0,H,2.15,3.5,3.25,2022-10-21,bundesliga
Juventus,Empoli,4,0,H,1.4,5.0,7.0,2022-10-21,serie_a
Ajaccio,Paris SG,0,3,A,9.0,5.5,1.3,2022-10-21,ligue_1
Cercle Brugge,Charleroi,4,1,H,2.0,3.4,3.8,2022-10-21,pro_league
Porto,Benfica,0,1,A,2.3,3.25,3.0,2022-10-21,primeira_liga
Antalyaspor,Istanbulspor,2,1,H,1.72,3.6,4.5,2022-10-21,super_lig
Fulham,Aston Villa,3,0,H,2.9,3.3,2.5,2022-10-20,premier_league
Leicester,Leeds,2,0,H,2.25,3.6,3.0,2022-10-20,premier_league
Almeria,Girona,3,2,H,2.6,3.25,2.8,2022-10-20,la_liga
Osasuna,Espanol,1,0,H,2.05,3.6,3.5,2022-10-20,la_liga
Barcelona,Villarreal,3,0,H,1.5,4.5,6.0,2022-10-20,la_liga
Antwerp,Oostende,3,0,H,1.57,4.2,5.0,2022-10-20,pro_league
Waregem,Anderlecht,3,2,H,5.25,4.2,1.57,2022-10-20,pro_league
Tottenham,Manchester United,2,2,D,,,,2022-10-19,epl
Bournemouth,Southampton,0,1,A,2.62,3.3,2.62,2022-10-19,premier_league
Brentford,Chelsea,0,0,D,4.75,3.8,1.72,2022-10-19,premier_league
Liverpool,West Ham,1,0,H,1.4,5.0,7.0,2022-10-19,premier_league
Newcastle,Everton,1,0,H,1.6,3.8,5.75,2022-10-19,premier_league
Man United,Tottenham,2,0,H,2.45,3.5,2.75,2022-10-19,premier_league
Birmingham,Burnley,1,1,D,3.6,3.3,2.1,2022-10-19,championship
Blackpool,Hull,1,3,A,2.05,3.4,3.75,2022-10-19,championship
Coventry,Sheffield United,1,0,H,2.9,3.1,2.6,2022-10-19,championship
QPR,Cardiff,3,0,H,2.15,3.4,3.4,2022-10-19,championship
Wigan,Middlesbrough,1,4,A,2.8,3.25,2.6,2022-10-19,championship
Millwall,Watford,3,0,H,2.6,3.2,2.8,2022-10-19,championship
Cadiz,Betis,0,0,D,4.0,3.3,2.0,2022-10-19,la_liga
Valladolid,Celta,4,1,H,2.9,3.3,2.45,2022-10-19,la_liga
Sociedad,Mallorca,1,0,H,1.55,4.0,6.5,2022-10-19,la_liga
Elche,Real Madrid,0,3,A,8.5,5.75,1.3,2022-10-19,la_liga
St. Gilloise,Gent,2,0,H,2.05,3.4,3.4,2022-10-19,pro_league
Club Brugge,St Truiden,3,0,H,1.5,4.5,5.75,2022-10-19,pro_league
Mechelen,Standard,2,0,H,2.55,3.4,2.62,2022-10-19,pro_league
Brighton,Nott'm Forest,0,0,D,1.4,4.75,7.0,2022-10-18,premier_league
Crystal Palace,Wolves,2,1,H,2.25,3.1,3.4,2022-10-18,premier_league
Huddersfield,Preston,0,1,A,2.7,3.1,2.75,2022-10-18,championship
Norwich,Luton,0,1,A,1.9,3.5,4.0,2022-10-18,championship
Swansea,Reading,3,2,H,2.05,3.4,3.8,2022-10-18,championship
Blackburn,Sunderland,2,0,H,2.25,3.2,3.4,2022-10-18,championship
Stoke,Rotherham,0,1,A,1.9,3.5,4.2,2022-10-18,championship
West Brom,Bristol City,0,2,A,1.7,3.8,5.0,2022-10-18,championship
Sevilla,Valencia,1,1,D,2.25,3.4,3.2,2022-10-18,la_liga
Getafe,Ath Bilbao,2,2,D,4.75,3.3,1.83,2022-10-18,la_liga
Ath Madrid,Vallecano,1,1,D,1.55,3.75,7.0,2022-10-18,la_liga
Charleroi,Kortrijk,2,2,D,1.66,4.0,4.5,2022-10-18,pro_league
Eupen,Oud-Heverlee Leuven,4,2,H,2.62,3.5,2.45,2022-10-18,pro_league
Genk,Westerlo,6,1,H,1.57,4.2,5.0,2022-10-18,pro_league
Seraing,Cercle Brugge,0,1,A,3.8,3.6,1.9,2022-10-18,pro_league
Villarreal,Osasuna,2,0,H,1.57,4.2,6.0,2022-10-17,la_liga
Sampdoria,Roma,0,1,A,4.75,3.75,1.72,2022-10-17,serie_a
Lecce,Fiorentina,1,1,D,3.75,3.4,2.05,2022-10-17,serie_a
Ankaragucu,Fenerbahce,0,3,A,4.75,4.0,1.65,2022-10-17,super_lig
Sivasspor,Giresunspor,3,0,H,2.05,3.3,3.5,2022-10-17,super_lig
Chelsea,Aston Villa,0,2,A,,,,2022-10-16,epl
Freiburg,Borussia Dortmund,3,2,H,,,,2022-10-16,bundesliga
Manchester City,Liverpool,3,1,H,,,,2022-10-16,epl
Real Madrid,Barcelona,2,1,H,,,,2022-10-16,la_liga
Toulouse,Monaco,0,2,A,,,,2022-10-16,ligue_1
Aston Villa,Chelsea,0,2,A,4.33,3.75,1.8,2022-10-16,premier_league
Leeds,Arsenal,0,1,A,6.0,4.2,1.55,2022-10-16,premier_league
Man United,Newcastle,0,0,D,1.95,3.8,3.5,2022-10-16,premier_league
Southampton,West Ham,1,1,D,2.9,3.4,2.4,2022-10-16,premier_league
Liverpool,Man City,1,0,H,3.6,4.0,1.9,2022-10-16,premier_league
Hull,Birmingham,0,2,A,2.6,3.3,2.75,2022-10-16,championship
Celta,Sociedad,1,2,A,2.6,3.2,2.8,2022-10-16,la_liga
Espanol,Valladolid,1,0,H,2.2,3.3,3.5,2022-10-16,la_liga
Betis,Almeria,3,1,H,1.57,4.1,5.75,2022-10-16,la_liga
FC Koln,Augsburg,3,2,H,1.66,4.0,5.0,2022-10-16,bundesliga
Union Berlin,Dortmund,2,0,H,2.9,3.5,2.37,2022-10-16,bundesliga
Bayern Munich,Freiburg,5,0,H,1.25,6.5,9.0,2022-10-16,bundesliga
Inter,Salernitana,2,0,H,1.3,5.75,9.0,2022-10-16,serie_a
Lazio,Udinese,0,0,D,2.2,3.5,3.25,2022-10-16,serie_a
Spezia,Cremonese,2,2,D,2.45,3.2,3.1,2022-10-16,serie_a
Napoli,Bologna,3,2,H,1.25,6.0,11.0,2022-10-16,serie_a
Verona,Milan,1,2,A,6.0,4.0,1.57,2022-10-16,serie_a
Toulouse,Angers,3,2,H,1.83,3.8,4.0,2022-10-16,ligue_1
Auxerre,Nice,1,1,D,3.6,3.5,2.05,2022-10-16,ligue_1
Nantes,Brest,4,1,H,2.2,3.3,3.4,2022-10-16,ligue_1
Rennes,Lyon,3,2,H,2.3,3.7,2.87,2022-10-16,ligue_1
Troyes,Ajaccio,1,1,D,2.15,3.2,3.6,2022-10-16,ligue_1
Monaco,Clermont,1,1,D,1.36,5.25,8.0,2022-10-16,ligue_1
Paris SG,Marseille,1,0,H,1.36,5.5,7.5,2022-10-16,ligue_1
Sparta Rotterdam,Nijmegen,2,0,H,2.37,3.4,3.0,2022-10-16,eredivisie
PSV Eindhoven,Utrecht,6,1,H,1.36,5.0,7.5,2022-10-16,eredivisie
Twente,Groningen,3,0,H,1.4,4.75,7.0,2022-10-16,eredivisie
AZ Alkmaar,Feyenoord,1,3,A,2.45,3.5,2.75,2022-10-16,eredivisie
Ajax,Excelsior,7,1,H,1.05,13.0,29.0,2022-10-16,eredivisie
Standard,Antwerp,3,0,H,2.87,3.5,2.3,2022-10-16,pro_league
Gent,Mechelen,3,0,H,1.45,4.5,6.0,2022-10-16,pro_league
Anderlecht,Club Brugge,0,1,A,2.5,3.5,2.7,2022-10-16,pro_league
Oostende,St. Gilloise,1,6,A,4.33,3.75,1.75,2022-10-16,pro_league
Buyuksehyr,Istanbulspor,2,0,H,1.44,4.75,6.5,2022-10-16,super_lig
Besiktas,Trabzonspor,2,2,D,2.05,3.6,3.4,2022-10-16,super_lig
Augsburg,Bayern Munich,0,3,A,,,,2022-10-15,bundesliga
Torino,Inter Milan,0,1,A,,,,2022-10-15,serie_a
Torino,Juventus,0,0,D,,,,2022-10-15,serie_a
Crystal Palace,Bournemouth,1,1,D,,,,2022-10-15,epl
Leicester,Crystal Palace,0,0,D,2.3,3.4,3.1,2022-10-15,premier_league
Fulham,Bournemouth,2,2,D,1.85,3.75,4.0,2022-10-15,premier_league
Wolves,Nott'm Forest,1,0,H,1.7,3.75,5.0,2022-10-15,premier_league
Tottenham,Everton,2,0,H,1.5,4.5,6.5,2022-10-15,premier_league
Luton,QPR,3,1,H,2.1,3.4,3.5,2022-10-15,championship
Rotherham,Huddersfield,2,1,H,2.15,3.3,3.5,2022-10-15,championship
Bristol City,Millwall,1,2,A,2.4,3.2,3.0,2022-10-15,championship
Burnley,Swansea,4,0,H,1.75,3.75,4.6,2022-10-15,championship
Cardiff,Coventry,0,1,A,2.2,3.3,3.4,2022-10-15,championship
Middlesbrough,Blackburn,1,2,A,2.0,3.4,3.75,2022-10-15,championship
Preston,Stoke,0,2,A,2.37,3.2,3.1,2022-10-15,championship
Reading,West Brom,0,2,A,3.4,3.5,2.1,2022-10-15,championship
Sheffield United,Blackpool,3,3,D,1.57,4.0,6.0,2022-10-15,championship
Sunderland,Wigan,2,1,H,2.15,3.3,3.5,2022-10-15,championship
Watford,Norwich,2,1,H,2.75,3.3,2.55,2022-10-15,championship
Girona,Cadiz,1,1,D,1.9,3.3,4.5,2022-10-15,la_liga
Valencia,Elche,2,2,D,1.4,4.75,7.5,2022-10-15,la_liga
Mallorca,Sevilla,0,1,A,2.9,3.0,2.7,2022-10-15,la_liga
Ath Bilbao,Ath Madrid,0,1,A,2.45,3.2,3.0,2022-10-15,la_liga
Ein Frankfurt,Leverkusen,5,1,H,2.75,3.6,2.45,2022-10-15,bundesliga
Stuttgart,Bochum,4,1,H,1.65,4.0,5.25,2022-10-15,bundesliga
Werder Bremen,Mainz,0,2,A,2.37,3.6,2.87,2022-10-15,bundesliga
Wolfsburg,M'gladbach,2,2,D,2.62,3.5,2.6,2022-10-15,bundesliga
RB Leipzig,Hertha,3,2,H,1.4,5.0,7.0,2022-10-15,bundesliga
Empoli,Monza,1,0,H,2.55,3.3,2.8,2022-10-15,serie_a
Atalanta,Sassuolo,2,1,H,1.65,4.0,5.0,2022-10-15,serie_a
Lorient,Reims,0,0,D,2.25,3.4,3.25,2022-10-15,ligue_1
Lens,Montpellier,1,0,H,1.4,5.0,7.0,2022-10-15,ligue_1
For Sittard,Waalwijk,0,0,D,2.25,3.75,2.9,2022-10-15,eredivisie
Go Ahead Eagles,Heerenveen,1,1,D,2.75,3.3,2.5,2022-10-15,eredivisie
Cambuur,Vitesse,0,3,A,2.62,3.5,2.6,2022-10-15,eredivisie
Kortrijk,Waregem,1,3,A,1.95,3.75,3.5,2022-10-15,pro_league
Cercle Brugge,Eupen,5,1,H,1.8,3.6,4.2,2022-10-15,pro_league
St Truiden,Charleroi,2,1,H,2.1,3.3,3.5,2022-10-15,pro_league
Oud-Heverlee Leuven,Genk,0,1,A,4.33,4.2,1.66,2022-10-15,pro_league
Karagumruk,Hatayspor,3,0,H,1.9,3.6,3.6,2022-10-15,super_lig
Kasimpasa,Ad. Demirspor,1,4,A,3.0,3.5,2.2,2022-10-15,super_lig
Kayserispor,Galatasaray,2,1,H,4.2,3.6,1.83,2022-10-15,super_lig
Konyaspor,Gaziantep,0,1,A,1.8,3.75,4.2,2022-10-15,super_lig
Brentford,Brighton,2,0,H,3.1,3.4,2.3,2022-10-14,premier_league
Vallecano,Getafe,0,0,D,2.05,3.2,3.8,2022-10-14,la_liga
Schalke 04,Hoffenheim,0,3,A,3.6,3.8,1.95,2022-10-14,bundesliga
Strasbourg,Lille,0,3,A,3.1,3.3,2.37,2022-10-14,ligue_1
FC Emmen,Volendam,1,1,D,1.9,3.75,3.75,2022-10-14,eredivisie
Westerlo,Seraing,2,2,D,1.57,3.8,5.75,2022-10-14,pro_league
Alanyaspor,Antalyaspor,3,2,H,2.25,3.25,3.1,2022-10-14,super_lig
Ajax,Napoli,1,6,A,,,,2022-10-12,champions_league
Bristol City,Preston,2,1,H,2.45,3.2,3.2,2022-10-12,championship
Wigan,Blackburn,1,0,H,2.87,3.1,2.6,2022-10-11,championship
Nott'm Forest,Aston Villa,1,1,D,3.3,3.4,2.2,2022-10-10,premier_league
Elche,Mallorca,1,1,D,3.0,3.1,2.5,2022-10-10,la_liga
Fiorentina,Lazio,0,4,A,2.4,3.5,2.8,2022-10-10,serie_a
Arouca,Famalicao,4,1,H,2.62,3.25,2.55,2022-10-10,primeira_liga
Buyuksehyr,Sivasspor,0,2,A,1.53,4.0,5.5,2022-10-10,super_lig
Trabzonspor,Kasimpasa,0,0,D,1.4,4.75,7.0,2022-10-10,super_lig
Arsenal,Liverpool,0,2,A,,,,2022-10-09,epl
Brighton,Arsenal,1,4,A,,,,2022-10-09,epl
Liverpool,Arsenal,9,0,H,,,,2022-10-09,epl
Lorient,Monaco,2,1,H,,,,2022-10-09,ligue_1
Mallorca,Atletico Madrid,1,0,H,,,,2022-10-09,la_liga
Marseille,Monaco,2,2,D,,,,2022-10-09,ligue_1
Monaco,Marseille,3,2,H,,,,2022-10-09,ligue_1
Crystal Palace,Leeds,2,1,H,2.05,3.5,3.6,2022-10-09,premier_league
West Ham,Fulham,3,1,H,1.72,3.8,4.75,2022-10-09,premier_league
Everton,Man United,1,2,A,3.6,3.5,2.05,2022-10-09,premier_league
Huddersfield,Hull,2,0,H,2.37,3.3,3.1,2022-10-09,championship
Valladolid,Betis,0,0,D,2.8,3.4,2.4,2022-10-09,la_liga
Cadiz,Espanol,2,2,D,2.87,3.2,2.55,2022-10-09,la_liga
Sociedad,Villarreal,1,0,H,2.5,3.4,2.75,2022-10-09,la_liga
Barcelona,Celta,1,0,H,1.28,6.0,9.0,2022-10-09,la_liga
M'gladbach,FC Koln,5,2,H,1.95,3.75,3.6,2022-10-09,bundesliga
Hertha,Freiburg,2,2,D,3.0,3.5,2.3,2022-10-09,bundesliga
Stuttgart,Union Berlin,0,1,A,2.55,3.1,2.9,2022-10-09,bundesliga
Torino,Empoli,1,1,D,1.72,3.6,5.0,2022-10-09,serie_a
Monza,Spezia,2,0,H,1.9,3.6,4.0,2022-10-09,serie_a
Salernitana,Verona,2,1,H,2.4,3.4,2.87,2022-10-09,serie_a
Udinese,Atalanta,2,2,D,2.5,3.4,2.75,2022-10-09,serie_a
Cremonese,Napoli,1,4,A,7.0,4.5,1.45,2022-10-09,serie_a
Roma,Lecce,2,1,H,1.33,5.25,8.5,2022-10-09,serie_a
Montpellier,Monaco,0,2,A,3.6,4.0,1.9,2022-10-09,ligue_1
Angers,Strasbourg,2,3,A,2.62,3.4,2.6,2022-10-09,ligue_1
Brest,Lorient,1,2,A,2.3,3.5,3.0,2022-10-09,ligue_1
Clermont,Auxerre,2,1,H,2.1,3.5,3.5,2022-10-09,ligue_1
Nice,Troyes,3,2,H,1.72,3.6,5.0,2022-10-09,ligue_1
Rennes,Nantes,3,0,H,1.5,4.33,6.0,2022-10-09,ligue_1
Lille,Lens,1,0,H,2.45,3.6,2.7,2022-10-09,ligue_1
Go Ahead Eagles,Cambuur,0,0,D,2.25,3.75,2.9,2022-10-09,eredivisie
Feyenoord,Twente,2,0,H,1.66,3.8,5.0,2022-10-09,eredivisie
Utrecht,AZ Alkmaar,1,2,A,3.0,3.6,2.25,2022-10-09,eredivisie
Heerenveen,PSV Eindhoven,0,1,A,5.25,4.33,1.57,2022-10-09,eredivisie
Vitesse,For Sittard,1,2,A,1.6,4.33,5.0,2022-10-09,eredivisie
Mechelen,Anderlecht,1,3,A,3.75,3.75,1.85,2022-10-09,pro_league
Eupen,Gent,0,4,A,4.2,3.6,1.75,2022-10-09,pro_league
Charleroi,Standard,0,1,A,2.1,3.5,3.2,2022-10-09,pro_league
St. Gilloise,Cercle Brugge,2,1,H,1.53,4.2,5.25,2022-10-09,pro_league
Boavista,Maritimo,1,1,D,1.9,3.4,4.2,2022-10-09,primeira_liga
Casa Pia,Vizela,0,1,A,2.37,3.1,3.0,2022-10-09,primeira_liga
Sp Braga,Chaves,0,1,A,1.28,5.5,9.0,2022-10-09,primeira_liga
Umraniyespor,Kayserispor,2,2,D,2.55,3.5,2.6,2022-10-09,super_lig
Hatayspor,Alanyaspor,1,0,H,2.45,3.5,2.55,2022-10-09,super_lig
Fenerbahce,Karagumruk,5,4,H,1.36,5.0,6.5,2022-10-09,super_lig
Bayern Munich,Borussia Dortmund,2,2,D,,,,2022-10-08,bundesliga
Clermont,Lyon,1,3,A,,,,2022-10-08,ligue_1
Juventus,AC Milan,0,0,D,,,,2022-10-08,serie_a
Rennes,PSG,0,2,A,,,,2022-10-08,ligue_1
Salernitana,Napoli,0,2,A,,,,2022-10-08,serie_a
Salernitana,Napoli,0,2,A,,,,2022-10-08,serie_a
Bayer Leverkusen,Dortmund,3,4,A,,,,2022-10-08,bundesliga
Bournemouth,Leicester,2,1,H,3.6,3.4,2.05,2022-10-08,premier_league
Chelsea,Wolves,3,0,H,1.4,4.5,8.0,2022-10-08,premier_league
Man City,Southampton,4,0,H,1.11,10.0,17.0,2022-10-08,premier_league
Newcastle,Brentford,5,1,H,1.83,3.8,4.2,2022-10-08,premier_league
Brighton,Tottenham,0,1,A,2.8,3.4,2.5,2022-10-08,premier_league
Birmingham,Bristol City,3,0,H,2.7,3.25,2.6,2022-10-08,championship
Blackburn,Rotherham,3,0,H,1.9,3.4,4.2,2022-10-08,championship
Blackpool,Watford,3,1,H,3.2,3.4,2.25,2022-10-08,championship
Coventry,Burnley,0,1,A,3.1,3.3,2.37,2022-10-08,championship
Millwall,Middlesbrough,2,0,H,2.7,3.2,2.7,2022-10-08,championship
Norwich,Preston,2,3,A,1.7,3.6,5.25,2022-10-08,championship
Stoke,Sheffield United,3,1,H,2.9,3.4,2.4,2022-10-08,championship
Swansea,Sunderland,2,1,H,2.2,3.4,3.3,2022-10-08,championship
West Brom,Luton,0,0,D,1.95,3.6,3.8,2022-10-08,championship
Wigan,Cardiff,1,3,A,2.5,3.1,3.1,2022-10-08,championship
Almeria,Vallecano,3,1,H,2.9,3.3,2.55,2022-10-08,la_liga
Ath Madrid,Girona,2,1,H,1.45,4.33,7.5,2022-10-08,la_liga
Sevilla,Ath Bilbao,1,1,D,3.0,3.3,2.4,2022-10-08,la_liga
Getafe,Real Madrid,0,1,A,6.5,4.5,1.5,2022-10-08,la_liga
Augsburg,Wolfsburg,1,1,D,2.9,3.4,2.4,2022-10-08,bundesliga
Bochum,Ein Frankfurt,3,0,H,3.75,3.8,1.9,2022-10-08,bundesliga
Leverkusen,Schalke 04,4,0,H,1.45,4.5,7.0,2022-10-08,bundesliga
Mainz,RB Leipzig,1,1,D,3.0,3.6,2.3,2022-10-08,bundesliga
Dortmund,Bayern Munich,2,2,D,4.33,4.75,1.65,2022-10-08,bundesliga
Sassuolo,Inter,1,2,A,4.33,4.2,1.7,2022-10-08,serie_a
Milan,Juventus,2,0,H,2.05,3.4,3.6,2022-10-08,serie_a
Bologna,Sampdoria,1,1,D,2.05,3.5,3.6,2022-10-08,serie_a
Marseille,Ajaccio,1,2,A,1.33,4.75,10.0,2022-10-08,ligue_1
Reims,Paris SG,0,0,D,7.0,5.5,1.4,2022-10-08,ligue_1
Volendam,Ajax,2,4,A,11.0,9.0,1.18,2022-10-08,eredivisie
Sparta Rotterdam,FC Emmen,3,1,H,2.05,3.5,3.5,2022-10-08,eredivisie
Nijmegen,Excelsior,1,1,D,1.5,4.2,6.5,2022-10-08,eredivisie
Genk,Kortrijk,2,1,H,1.3,5.5,8.5,2022-10-08,pro_league
Seraing,Oostende,1,1,D,2.75,3.4,2.4,2022-10-08,pro_league
Waregem,Oud-Heverlee Leuven,2,5,A,2.62,3.6,2.45,2022-10-08,pro_league
Club Brugge,Westerlo,0,2,A,1.53,4.33,5.25,2022-10-08,pro_league
Santa Clara,Sp Lisbon,1,2,A,5.75,4.0,1.5,2022-10-08,primeira_liga
Benfica,Rio Ave,4,2,H,1.16,7.0,13.0,2022-10-08,primeira_liga
Portimonense,Porto,0,2,A,7.0,4.75,1.4,2022-10-08,primeira_liga
Pacos Ferreira,Guimaraes,0,1,A,3.1,3.2,2.3,2022-10-08,primeira_liga
Istanbulspor,Ankaragucu,1,2,A,2.5,3.4,2.62,2022-10-08,super_lig
Antalyaspor,Konyaspor,1,1,D,2.4,3.4,2.7,2022-10-08,super_lig
Giresunspor,Besiktas,0,1,A,4.0,3.6,1.8,2022-10-08,super_lig
QPR,Reading,2,1,H,1.95,3.4,3.8,2022-10-07,championship
Osasuna,Valencia,1,2,A,2.4,3.2,3.1,2022-10-07,la_liga
Hoffenheim,Werder Bremen,1,2,A,1.95,3.8,3.5,2022-10-07,bundesliga
Lyon,Toulouse,1,1,D,1.45,5.0,6.0,2022-10-07,ligue_1
Groningen,Waalwijk,2,3,A,2.3,3.5,3.1,2022-10-07,eredivisie
Antwerp,St Truiden,2,0,H,1.9,3.6,3.8,2022-10-07,pro_league
Gil Vicente,Estoril,0,1,A,2.1,3.4,3.25,2022-10-07,primeira_liga
Gaziantep,Ad. Demirspor,1,1,D,2.8,3.5,2.25,2022-10-07,super_lig
Manchester City,Nottm Forest,6,0,H,,,,2022-10-05,epl
Sevilla,Atletico Madrid,0,1,A,,,,2022-10-05,la_liga
Benfica,Club Brugge,5,1,H,,,,2022-10-05,champions_league
Manchester City,FC Copenhagen,5,0,H,,,,2022-10-05,champions_league
Burnley,Stoke,1,1,D,1.72,3.6,5.25,2022-10-05,championship
Hull,Wigan,2,1,H,2.62,3.25,2.75,2022-10-05,championship
Middlesbrough,Birmingham,1,0,H,1.65,3.75,5.75,2022-10-05,championship
Rotherham,Millwall,1,1,D,2.6,3.2,2.75,2022-10-05,championship
Watford,Swansea,1,2,A,1.9,3.4,4.2,2022-10-05,championship
Preston,West Brom,1,0,H,3.1,3.3,2.4,2022-10-05,championship
Napoli,Ajax,4,2,H,,,,2022-10-04,champions_league
Ajax,Liverpool,0,3,A,,,,2022-10-04,champions_league
Eintracht Frankfurt,Tottenham,0,3,A,,,,2022-10-04,champions_league
Leverkusen,Atletico Madrid,2,0,H,,,,2022-10-04,champions_league
Bristol City,Coventry,0,0,D,2.0,3.5,3.8,2022-10-04,championship
Luton,Huddersfield,3,3,D,1.75,3.4,5.25,2022-10-04,championship
Sheffield United,QPR,0,1,A,1.7,3.6,5.25,2022-10-04,championship
Sunderland,Blackpool,0,0,D,1.9,3.5,4.0,2022-10-04,championship
Cardiff,Blackburn,1,0,H,2.3,3.4,3.1,2022-10-04,championship
Reading,Norwich,1,1,D,4.2,3.5,1.85,2022-10-04,championship
Leicester,Nott'm Forest,4,0,H,1.75,4.0,4.33,2022-10-03,premier_league
Vallecano,Elche,2,1,H,1.72,3.6,5.25,2022-10-03,la_liga
Verona,Udinese,1,2,A,3.25,3.4,2.2,2022-10-03,serie_a
Maritimo,Casa Pia,1,2,A,2.75,3.2,2.5,2022-10-03,primeira_liga
Karagumruk,Istanbulspor,1,2,A,1.66,3.75,4.5,2022-10-03,super_lig
Atalanta,AC Milan,3,3,D,,,,2022-10-02,serie_a
Espanyol,Real Madrid,0,2,A,,,,2022-10-02,la_liga
Lyon,PSG,1,4,A,,,,2022-10-02,ligue_1
Strasbourg,Marseille,1,3,A,,,,2022-10-02,ligue_1
Atalanta,Roma,0,1,A,,,,2022-10-02,serie_a
Man City,Man United,6,3,H,1.33,5.75,7.5,2022-10-02,premier_league
Leeds,Aston Villa,0,0,D,2.35,3.4,3.0,2022-10-02,premier_league
Stoke,Watford,0,4,A,2.5,3.25,2.9,2022-10-02,championship
Espanol,Valencia,2,2,D,2.62,3.3,2.7,2022-10-02,la_liga
Celta,Betis,1,0,H,2.45,3.4,2.87,2022-10-02,la_liga
Girona,Sociedad,3,5,A,3.25,3.2,2.3,2022-10-02,la_liga
Real Madrid,Osasuna,1,1,D,1.3,5.5,9.5,2022-10-02,la_liga
Hertha,Hoffenheim,1,1,D,2.75,3.75,2.37,2022-10-02,bundesliga
Schalke 04,Augsburg,2,3,A,1.95,3.8,3.6,2022-10-02,bundesliga
Lazio,Spezia,4,0,H,1.4,5.0,7.5,2022-10-02,serie_a
Lecce,Cremonese,1,1,D,2.05,3.4,3.75,2022-10-02,serie_a
Sampdoria,Monza,0,3,A,2.25,3.4,3.2,2022-10-02,serie_a
Sassuolo,Salernitana,5,0,H,2.0,3.75,3.5,2022-10-02,serie_a
Atalanta,Fiorentina,1,0,H,1.95,3.5,4.0,2022-10-02,serie_a
Juventus,Bologna,3,0,H,1.5,4.33,6.5,2022-10-02,serie_a
Lorient,Lille,2,1,H,2.87,3.6,2.37,2022-10-02,ligue_1
Ajaccio,Clermont,1,3,A,2.2,3.1,3.6,2022-10-02,ligue_1
Auxerre,Brest,1,1,D,2.7,3.5,2.55,2022-10-02,ligue_1
Toulouse,Montpellier,4,2,H,1.85,3.8,3.75,2022-10-02,ligue_1
Troyes,Reims,2,2,D,2.5,3.4,2.8,2022-10-02,ligue_1
Monaco,Nantes,4,1,H,1.53,4.5,5.5,2022-10-02,ligue_1
Lens,Lyon,1,0,H,2.5,3.8,2.55,2022-10-02,ligue_1
For Sittard,Volendam,2,0,H,1.75,4.0,4.2,2022-10-02,eredivisie
Excelsior,Utrecht,0,1,A,5.0,4.2,1.65,2022-10-02,eredivisie
Nijmegen,Feyenoord,1,1,D,6.0,4.0,1.57,2022-10-02,eredivisie
Waalwijk,Sparta Rotterdam,2,2,D,2.2,3.3,3.4,2022-10-02,eredivisie
FC Emmen,Heerenveen,0,0,D,3.0,3.3,2.4,2022-10-02,eredivisie
Anderlecht,Charleroi,0,1,A,1.6,4.0,5.0,2022-10-02,pro_league
Gent,Cercle Brugge,3,4,A,1.6,4.0,5.0,2022-10-02,pro_league
Kortrijk,Antwerp,2,1,H,4.5,3.75,1.72,2022-10-02,pro_league
St Truiden,Eupen,0,1,A,1.72,3.75,4.33,2022-10-02,pro_league
Rio Ave,Santa Clara,1,0,H,2.45,3.2,2.8,2022-10-02,primeira_liga
Pacos Ferreira,Arouca,1,1,D,2.2,3.2,3.2,2022-10-02,primeira_liga
Famalicao,Boavista,4,0,H,2.2,3.2,3.3,2022-10-02,primeira_liga
Alanyaspor,Giresunspor,1,1,D,1.85,3.5,3.6,2022-10-02,super_lig
Sivasspor,Hatayspor,1,2,A,1.95,3.3,3.5,2022-10-02,super_lig
Konyaspor,Umraniyespor,1,0,H,1.6,3.8,5.0,2022-10-02,super_lig
Besiktas,Fenerbahce,0,0,D,2.25,3.5,2.75,2022-10-02,super_lig
Atalanta,Inter Milan,0,2,A,,,,2022-10-01,serie_a
Hertha Berlin,Borussia Dortmund,2,2,D,,,,2022-10-01,bundesliga
Lecce,Inter Milan,0,2,A,,,,2022-10-01,serie_a
Lecce,Inter Milan,0,2,A,,,,2022-10-01,serie_a
Nice,PSG,1,2,A,,,,2022-10-01,ligue_1
Roma,Inter Milan,1,2,A,,,,2022-10-01,serie_a
Stuttgart,Bayern Munich,2,2,D,,,,2022-10-01,bundesliga
Tottenham,Arsenal,0,2,A,,,,2022-10-01,epl
Mainz,Bayern Munich,2,1,H,,,,2022-10-01,bundesliga
Arsenal,Tottenham,3,1,H,2.05,3.75,3.3,2022-10-01,premier_league
Bournemouth,Brentford,0,0,D,3.3,3.4,2.2,2022-10-01,premier_league
Crystal Palace,Chelsea,1,2,A,4.2,3.6,1.85,2022-10-01,premier_league
Fulham,Newcastle,1,4,A,3.0,3.4,2.37,2022-10-01,premier_league
Liverpool,Brighton,3,3,D,1.33,5.25,8.5,2022-10-01,premier_league
Southampton,Everton,1,2,A,2.15,3.4,3.4,2022-10-01,premier_league
West Ham,Wolves,2,0,H,1.95,3.5,4.2,2022-10-01,premier_league
Blackburn,Millwall,2,1,H,2.3,3.25,3.3,2022-10-01,championship
Blackpool,Norwich,0,1,A,4.2,3.6,1.85,2022-10-01,championship
Bristol City,QPR,1,2,A,2.3,3.4,3.25,2022-10-01,championship
Cardiff,Burnley,1,1,D,3.0,3.25,2.45,2022-10-01,championship
Coventry,Middlesbrough,1,0,H,2.9,3.3,2.45,2022-10-01,championship
Reading,Huddersfield,3,1,H,2.15,3.25,3.6,2022-10-01,championship
Rotherham,Wigan,0,2,A,2.25,3.3,3.2,2022-10-01,championship
Sheffield United,Birmingham,1,1,D,1.44,4.75,7.0,2022-10-01,championship
Sunderland,Preston,0,0,D,2.3,3.2,3.3,2022-10-01,championship
West Brom,Swansea,2,3,A,1.72,3.75,4.75,2022-10-01,championship
Cadiz,Villarreal,0,0,D,6.0,4.0,1.57,2022-10-01,la_liga
Getafe,Valladolid,2,3,A,2.3,3.0,3.5,2022-10-01,la_liga
Sevilla,Ath Madrid,0,2,A,3.0,3.2,2.5,2022-10-01,la_liga
Mallorca,Barcelona,0,1,A,9.0,5.0,1.36,2022-10-01,la_liga
Ein Frankfurt,Union Berlin,2,0,H,2.25,3.4,3.2,2022-10-01,bundesliga
FC Koln,Dortmund,3,2,H,3.1,4.0,2.05,2022-10-01,bundesliga
Freiburg,Mainz,2,1,H,2.1,3.6,3.4,2022-10-01,bundesliga
RB Leipzig,Bochum,4,0,H,1.22,6.5,12.0,2022-10-01,bundesliga
Wolfsburg,Stuttgart,3,2,H,2.4,3.4,2.9,2022-10-01,bundesliga
Werder Bremen,M'gladbach,5,1,H,2.5,3.9,2.5,2022-10-01,bundesliga
Napoli,Torino,3,1,H,1.6,4.0,5.75,2022-10-01,serie_a
Inter,Roma,1,2,A,2.0,3.5,3.75,2022-10-01,serie_a
Empoli,Milan,1,3,A,5.5,4.0,1.6,2022-10-01,serie_a
Strasbourg,Rennes,1,3,A,3.0,3.5,2.3,2022-10-01,ligue_1
Paris SG,Nice,2,1,H,1.16,8.5,13.0,2022-10-01,ligue_1
Cambuur,PSV Eindhoven,3,0,H,7.0,7.5,1.28,2022-10-01,eredivisie
Groningen,AZ Alkmaar,1,4,A,5.25,3.6,1.72,2022-10-01,eredivisie
Ajax,Go Ahead Eagles,1,1,D,1.08,12.0,21.0,2022-10-01,eredivisie
Twente,Vitesse,3,0,H,1.7,3.75,5.0,2022-10-01,eredivisie
Oud-Heverlee Leuven,St. Gilloise,0,3,A,4.5,3.75,1.72,2022-10-01,pro_league
Oostende,Genk,1,2,A,4.2,3.8,1.75,2022-10-01,pro_league
Westerlo,Waregem,2,0,H,1.57,4.0,5.25,2022-10-01,pro_league
Club Brugge,Mechelen,3,0,H,1.45,4.5,5.75,2022-10-01,pro_league
Vizela,Portimonense,1,0,H,2.15,3.3,3.25,2022-10-01,primeira_liga
Chaves,Estoril,1,1,D,2.25,3.1,3.2,2022-10-01,primeira_liga
Guimaraes,Benfica,0,0,D,7.5,5.0,1.36,2022-10-01,primeira_liga
Kasimpasa,Gaziantep,1,0,H,2.2,3.5,2.87,2022-10-01,super_lig
Ankaragucu,Buyuksehyr,1,2,A,3.75,3.4,1.9,2022-10-01,super_lig
Kayserispor,Trabzonspor,1,2,A,3.25,3.4,2.0,2022-10-01,super_lig
Ad. Demirspor,Galatasaray,0,0,D,2.55,3.3,2.5,2022-10-01,super_lig
Hoffenheim,Bayern Munich,0,2,A,,,,2022-09-30,bundesliga
Sassuolo,AC Milan,0,3,A,,,,2022-09-30,serie_a
Hull,Luton,0,2,A,3.2,3.25,2.3,2022-09-30,championship
Ath Bilbao,Almeria,4,0,H,1.33,5.0,9.5,2022-09-30,la_liga
Bayern Munich,Leverkusen,4,0,H,1.36,6.0,7.0,2022-09-30,bundesliga
Angers,Marseille,0,3,A,4.5,3.8,1.72,2022-09-30,ligue_1
Standard,Seraing,0,2,A,1.65,4.0,5.25,2022-09-30,pro_league
Sp Lisbon,Gil Vicente,3,1,H,1.3,5.0,9.5,2022-09-30,primeira_liga
Porto,Sp Braga,4,1,H,1.75,3.8,4.0,2022-09-30,primeira_liga
Wolfsburg,Bayern Munich,0,2,A,,,,2022-09-24,bundesliga
Barcelona,Villarreal,3,0,H,,,,2022-09-18,la_liga
Brentford,Arsenal,1,2,A,,,,2022-09-18,epl
Lille,Monaco,4,3,H,,,,2022-09-18,ligue_1
Real Madrid,Atletico Madrid,2,1,H,,,,2022-09-18,la_liga
Nottm Forest,Manchester United,1,0,H,,,,2022-09-18,epl
Everton,West Ham,1,0,H,2.9,3.25,2.5,2022-09-18,premier_league
Osasuna,Getafe,0,2,A,1.8,3.4,5.0,2022-09-18,la_liga
Villarreal,Sevilla,1,1,D,1.7,3.8,5.0,2022-09-18,la_liga
Betis,Girona,2,1,H,1.75,3.6,5.0,2022-09-18,la_liga
Sociedad,Espanol,2,1,H,1.7,3.6,5.0,2022-09-18,la_liga
Ath Madrid,Real Madrid,1,2,A,3.1,3.4,2.3,2022-09-18,la_liga
Union Berlin,Wolfsburg,2,0,H,1.95,3.5,3.8,2022-09-18,bundesliga
Bochum,FC Koln,1,1,D,3.1,3.6,2.2,2022-09-18,bundesliga
Hoffenheim,Freiburg,0,0,D,2.15,3.6,3.2,2022-09-18,bundesliga
Udinese,Inter,3,1,H,3.8,3.6,1.95,2022-09-18,serie_a
Cremonese,Lazio,0,4,A,4.33,3.75,1.8,2022-09-18,serie_a
Fiorentina,Verona,2,0,H,1.75,3.8,4.5,2022-09-18,serie_a
Monza,Juventus,1,0,H,4.5,3.6,1.8,2022-09-18,serie_a
Roma,Atalanta,0,1,A,2.05,3.5,3.5,2022-09-18,serie_a
Milan,Napoli,1,2,A,2.15,3.5,3.3,2022-09-18,serie_a
Reims,Monaco,0,3,A,3.1,3.5,2.25,2022-09-18,ligue_1
Brest,Ajaccio,0,1,A,2.05,3.3,4.0,2022-09-18,ligue_1
Clermont,Troyes,1,3,A,2.25,3.4,3.2,2022-09-18,ligue_1
Marseille,Rennes,1,1,D,2.05,3.6,3.6,2022-09-18,ligue_1
Nice,Angers,0,1,A,1.61,4.0,5.5,2022-09-18,ligue_1
Nantes,Lens,0,0,D,3.1,3.5,2.2,2022-09-18,ligue_1
Lyon,Paris SG,0,1,A,4.5,4.75,1.61,2022-09-18,ligue_1
Go Ahead Eagles,FC Emmen,2,0,H,2.5,3.3,2.9,2022-09-18,eredivisie
Heerenveen,Twente,2,1,H,2.9,3.4,2.4,2022-09-18,eredivisie
PSV Eindhoven,Feyenoord,4,3,H,1.85,3.75,4.2,2022-09-18,eredivisie
AZ Alkmaar,Ajax,2,1,H,4.75,4.2,1.66,2022-09-18,eredivisie
Genk,Gent,1,0,H,2.2,3.4,3.1,2022-09-18,pro_league
Eupen,St. Gilloise,1,2,A,4.0,3.5,1.9,2022-09-18,pro_league
Standard,Club Brugge,3,0,H,3.8,3.6,1.9,2022-09-18,pro_league
Anderlecht,Kortrijk,4,1,H,1.33,5.5,7.5,2022-09-18,pro_league
Arouca,Guimaraes,2,2,D,3.0,3.2,2.37,2022-09-18,primeira_liga
Benfica,Maritimo,5,0,H,1.11,9.0,21.0,2022-09-18,primeira_liga
Casa Pia,Famalicao,1,0,H,2.37,3.0,3.2,2022-09-18,primeira_liga
Sp Braga,Vizela,2,0,H,1.3,5.0,9.5,2022-09-18,primeira_liga
Buyuksehyr,Karagumruk,0,0,D,1.55,4.2,6.0,2022-09-18,super_lig
Trabzonspor,Gaziantep,3,2,H,1.66,4.0,4.75,2022-09-18,super_lig
Ankaragucu,Sivasspor,2,1,H,2.37,3.6,2.87,2022-09-18,super_lig
Fenerbahce,Alanyaspor,5,0,H,1.45,4.5,6.5,2022-09-18,super_lig
Bayern Munich,RB Leipzig,2,1,H,,,,2022-09-17,bundesliga
Bayern Munich,RB Leipzig,3,0,H,,,,2022-09-17,bundesliga
Borussia Dortmund,Wolfsburg,6,0,H,,,,2022-09-17,bundesliga
Celta Vigo,Real Madrid,1,4,A,,,,2022-09-17,la_liga
RB Leipzig,Hertha Berlin,4,1,H,,,,2022-09-17,bundesliga
Real Madrid,Getafe,1,0,H,,,,2022-09-17,la_liga
Hoffenheim,RB Leipzig,1,2,A,,,,2022-09-17,bundesliga
Wolves,Man City,0,3,A,9.5,5.0,1.33,2022-09-17,premier_league
Newcastle,Bournemouth,1,1,D,1.44,4.4,7.5,2022-09-17,premier_league
Tottenham,Leicester,6,2,H,1.45,4.5,7.0,2022-09-17,premier_league
Swansea,Hull,3,0,H,1.8,3.6,4.75,2022-09-17,championship
Birmingham,Coventry,0,0,D,2.87,3.25,2.55,2022-09-17,championship
Burnley,Bristol City,2,1,H,1.66,3.8,5.25,2022-09-17,championship
Huddersfield,Cardiff,1,0,H,2.7,3.1,2.8,2022-09-17,championship
Luton,Blackburn,2,0,H,2.3,3.25,3.3,2022-09-17,championship
Millwall,Blackpool,2,1,H,2.0,3.4,4.0,2022-09-17,championship
Norwich,West Brom,1,1,D,2.15,3.5,3.3,2022-09-17,championship
Preston,Sheffield United,0,2,A,3.2,3.3,2.3,2022-09-17,championship
QPR,Stoke,0,0,D,2.4,3.3,3.0,2022-09-17,championship
Watford,Sunderland,2,2,D,2.0,3.5,3.75,2022-09-17,championship
Wigan,Reading,0,1,A,2.05,3.4,3.8,2022-09-17,championship
Middlesbrough,Rotherham,0,0,D,1.61,4.0,5.75,2022-09-17,championship
Mallorca,Almeria,1,0,H,2.0,3.3,4.0,2022-09-17,la_liga
Barcelona,Elche,3,0,H,1.08,11.0,26.0,2022-09-17,la_liga
Valencia,Celta,3,0,H,2.3,3.2,3.3,2022-09-17,la_liga
Ath Bilbao,Vallecano,3,2,H,1.53,4.0,6.5,2022-09-17,la_liga
Augsburg,Bayern Munich,1,0,H,17.0,8.0,1.16,2022-09-17,bundesliga
Dortmund,Schalke 04,1,0,H,1.36,5.0,8.0,2022-09-17,bundesliga
Leverkusen,Werder Bremen,1,1,D,1.61,4.33,5.0,2022-09-17,bundesliga
Stuttgart,Ein Frankfurt,1,3,A,2.25,3.5,3.1,2022-09-17,bundesliga
M'gladbach,RB Leipzig,3,0,H,3.0,3.6,2.25,2022-09-17,bundesliga
Bologna,Empoli,0,1,A,2.1,3.5,3.4,2022-09-17,serie_a
Spezia,Sampdoria,2,1,H,2.7,3.25,2.7,2022-09-17,serie_a
Torino,Sassuolo,0,1,A,1.8,3.75,4.5,2022-09-17,serie_a
Montpellier,Strasbourg,2,1,H,2.45,3.6,2.7,2022-09-17,ligue_1
Lille,Toulouse,2,1,H,1.75,3.9,4.5,2022-09-17,ligue_1
Sparta Rotterdam,Groningen,2,1,H,2.2,3.25,3.6,2022-09-17,eredivisie
Vitesse,Volendam,1,1,D,1.45,5.0,6.0,2022-09-17,eredivisie
Waalwijk,Cambuur,5,1,H,2.2,3.4,3.3,2022-09-17,eredivisie
For Sittard,Excelsior,1,0,H,1.8,4.0,4.2,2022-09-17,eredivisie
Mechelen,Oud-Heverlee Leuven,0,0,D,1.85,3.8,3.8,2022-09-17,pro_league
Cercle Brugge,Oostende,2,2,D,1.8,3.5,4.5,2022-09-17,pro_league
Waregem,St Truiden,0,3,A,2.87,3.25,2.45,2022-09-17,pro_league
Charleroi,Westerlo,2,3,A,2.1,3.5,3.4,2022-09-17,pro_league
Gil Vicente,Rio Ave,2,2,D,1.95,3.3,3.8,2022-09-17,primeira_liga
Santa Clara,Pacos Ferreira,1,1,D,2.0,3.3,3.75,2022-09-17,primeira_liga
Estoril,Porto,1,1,D,9.5,5.0,1.3,2022-09-17,primeira_liga
Boavista,Sp Lisbon,2,1,H,6.5,4.33,1.45,2022-09-17,primeira_liga
Umraniyespor,Kasimpasa,1,2,A,2.25,3.6,2.9,2022-09-17,super_lig
Antalyaspor,Ad. Demirspor,0,3,A,2.05,3.8,3.3,2022-09-17,super_lig
Istanbulspor,Besiktas,2,2,D,5.5,4.2,1.53,2022-09-17,super_lig
Aston Villa,Southampton,1,0,H,2.1,3.5,3.5,2022-09-16,premier_league
Nott'm Forest,Fulham,2,3,A,2.75,3.3,2.62,2022-09-16,premier_league
Valladolid,Cadiz,0,1,A,2.0,3.25,4.0,2022-09-16,la_liga
Mainz,Hertha,1,1,D,1.72,4.0,4.33,2022-09-16,bundesliga
Salernitana,Lecce,1,2,A,2.25,3.3,3.3,2022-09-16,serie_a
Auxerre,Lorient,1,3,A,2.7,3.3,2.6,2022-09-16,ligue_1
Utrecht,Nijmegen,0,0,D,1.7,3.75,5.0,2022-09-16,eredivisie
Antwerp,Seraing,2,1,H,1.33,5.25,8.0,2022-09-16,pro_league
Portimonense,Chaves,1,0,H,2.1,3.25,3.5,2022-09-16,primeira_liga
Galatasaray,Konyaspor,2,1,H,1.7,3.8,5.0,2022-09-16,super_lig
Hatayspor,Kayserispor,0,4,A,2.25,3.5,3.2,2022-09-16,super_lig
PSG,Lens,3,1,H,,,,2022-09-15,ligue_1
PSG,Lens,3,1,H,,,,2022-09-15,ligue_1
Real Madrid,Leipzig,2,0,H,,,,2022-09-14,champions_league
Manchester City,Dortmund,2,1,H,,,,2022-09-14,champions_league
Luton,Coventry,2,2,D,2.1,3.4,3.5,2022-09-14,championship
Millwall,QPR,0,2,A,2.25,3.25,3.3,2022-09-14,championship
Norwich,Bristol City,3,2,H,1.65,4.0,5.25,2022-09-14,championship
Rotherham,Blackpool,3,0,H,2.3,3.2,3.25,2022-09-14,championship
Reading,Sunderland,0,3,A,2.6,3.25,2.75,2022-09-14,championship
West Brom,Birmingham,2,3,A,1.44,4.33,8.0,2022-09-14,championship
Liverpool,Ajax,2,1,H,,,,2022-09-13,champions_league
Tottenham,Eintracht Frankfurt,3,2,H,,,,2022-09-13,champions_league
Blackburn,Watford,2,0,H,2.9,3.25,2.5,2022-09-13,championship
Huddersfield,Wigan,1,2,A,2.62,3.25,2.75,2022-09-13,championship
Hull,Stoke,0,3,A,2.75,3.25,2.62,2022-09-13,championship
Middlesbrough,Cardiff,2,3,A,1.7,3.6,5.25,2022-09-13,championship
Swansea,Sheffield United,0,1,A,3.4,3.4,2.15,2022-09-13,championship
Preston,Burnley,1,1,D,3.0,3.25,2.4,2022-09-13,championship
Almeria,Osasuna,0,1,A,2.6,3.25,2.75,2022-09-12,la_liga
Empoli,Roma,1,2,A,5.0,3.8,1.7,2022-09-12,serie_a
Vizela,Estoril,0,1,A,2.2,3.3,3.25,2022-09-12,primeira_liga
Besiktas,Buyuksehyr,0,1,A,1.95,3.5,4.0,2022-09-12,super_lig
Ad. Demirspor,Trabzonspor,3,2,H,2.2,3.6,3.0,2022-09-12,super_lig
Montpellier,PSG,0,2,A,,,,2022-09-11,ligue_1
Lazio,Roma,1,0,H,,,,2022-09-11,serie_a
PSG,Lorient,2,1,H,,,,2022-09-11,ligue_1
Real Madrid,Mallorca,4,1,H,1.25,6.0,11.0,2022-09-11,la_liga
Elche,Ath Bilbao,1,4,A,4.0,3.6,1.9,2022-09-11,la_liga
Getafe,Sociedad,2,1,H,3.75,3.0,2.15,2022-09-11,la_liga
Betis,Villarreal,1,0,H,2.8,3.4,2.5,2022-09-11,la_liga
FC Koln,Union Berlin,0,1,A,2.37,3.4,2.9,2022-09-11,bundesliga
Freiburg,M'gladbach,0,0,D,2.0,3.6,3.5,2022-09-11,bundesliga
Atalanta,Cremonese,1,1,D,1.3,5.5,9.5,2022-09-11,serie_a
Bologna,Fiorentina,2,1,H,2.9,3.4,2.45,2022-09-11,serie_a
Lecce,Monza,1,1,D,2.25,3.4,3.2,2022-09-11,serie_a
Sassuolo,Udinese,1,3,A,2.7,3.5,2.55,2022-09-11,serie_a
Lazio,Verona,2,0,H,1.57,4.2,5.5,2022-09-11,serie_a
Juventus,Salernitana,2,2,D,1.4,4.5,8.5,2022-09-11,serie_a
Strasbourg,Clermont,0,0,D,1.66,3.75,5.5,2022-09-11,ligue_1
Ajaccio,Nice,0,1,A,3.3,3.0,2.4,2022-09-11,ligue_1
Angers,Montpellier,2,1,H,2.4,3.6,2.75,2022-09-11,ligue_1
Lorient,Nantes,3,2,H,2.1,3.25,3.75,2022-09-11,ligue_1
Toulouse,Reims,1,0,H,2.2,3.5,3.2,2022-09-11,ligue_1
Rennes,Auxerre,5,0,H,1.4,4.75,8.0,2022-09-11,ligue_1
Monaco,Lyon,2,1,H,2.5,3.5,2.7,2022-09-11,ligue_1
Utrecht,Vitesse,1,0,H,1.9,3.75,4.0,2022-09-11,eredivisie
Cambuur,Groningen,0,1,A,2.15,3.5,3.3,2022-09-11,eredivisie
PSV Eindhoven,Waalwijk,1,0,H,1.16,9.0,12.0,2022-09-11,eredivisie
AZ Alkmaar,Twente,1,1,D,2.1,3.4,3.5,2022-09-11,eredivisie
Feyenoord,Sparta Rotterdam,3,0,H,1.28,6.0,9.0,2022-09-11,eredivisie
Westerlo,Anderlecht,2,1,H,2.8,3.3,2.45,2022-09-11,pro_league
Cercle Brugge,Antwerp,0,2,A,2.8,3.4,2.4,2022-09-11,pro_league
St. Gilloise,Genk,1,2,A,2.05,3.5,3.4,2022-09-11,pro_league
Gent,Waregem,2,0,H,1.33,5.0,8.0,2022-09-11,pro_league
Pacos Ferreira,Casa Pia,2,3,A,2.8,3.1,2.62,2022-09-11,primeira_liga
Arouca,Boavista,1,2,A,2.7,3.1,2.75,2022-09-11,primeira_liga
Maritimo,Gil Vicente,1,2,A,2.75,3.2,2.62,2022-09-11,primeira_liga
Rio Ave,Sp Braga,2,3,A,5.75,4.0,1.57,2022-09-11,primeira_liga
Sivasspor,Istanbulspor,1,1,D,1.75,3.6,4.75,2022-09-11,super_lig
Gaziantep,Umraniyespor,1,1,D,1.75,3.8,4.5,2022-09-11,super_lig
Kasimpasa,Galatasaray,2,3,A,3.75,3.8,1.85,2022-09-11,super_lig
Kayserispor,Antalyaspor,1,0,H,2.55,3.5,2.7,2022-09-11,super_lig
Brest,PSG,0,3,A,,,,2022-09-10,ligue_1
Hoffenheim,Borussia Dortmund,1,3,A,,,,2022-09-10,bundesliga
Inter Milan,Lazio,2,2,D,,,,2022-09-10,serie_a
Mainz,Borussia Dortmund,1,2,A,,,,2022-09-10,bundesliga
Girona,Barcelona,0,0,D,,,,2022-09-10,la_liga
Freiburg,RB Leipzig,0,1,A,,,,2022-09-10,bundesliga
Vallecano,Valencia,2,1,H,2.62,3.1,2.87,2022-09-10,la_liga
Espanol,Sevilla,2,3,A,2.87,3.25,2.5,2022-09-10,la_liga
Cadiz,Barcelona,0,4,A,13.0,6.5,1.22,2022-09-10,la_liga
Ath Madrid,Celta,4,1,H,1.61,3.8,6.0,2022-09-10,la_liga
Bayern Munich,Stuttgart,2,2,D,1.14,8.0,17.0,2022-09-10,bundesliga
Ein Frankfurt,Wolfsburg,0,1,A,2.0,3.6,3.6,2022-09-10,bundesliga
Hertha,Leverkusen,2,2,D,3.6,4.0,1.9,2022-09-10,bundesliga
Hoffenheim,Mainz,4,1,H,2.25,3.75,2.9,2022-09-10,bundesliga
RB Leipzig,Dortmund,3,0,H,2.3,3.9,2.75,2022-09-10,bundesliga
Schalke 04,Bochum,3,1,H,2.0,3.8,3.5,2022-09-10,bundesliga
Napoli,Spezia,1,0,H,1.25,6.0,11.0,2022-09-10,serie_a
Inter,Torino,1,0,H,1.45,4.75,7.0,2022-09-10,serie_a
Sampdoria,Milan,1,2,A,6.0,4.5,1.5,2022-09-10,serie_a
Paris SG,Brest,1,0,H,1.07,13.0,23.0,2022-09-10,ligue_1
Marseille,Lille,2,1,H,1.95,3.75,3.75,2022-09-10,ligue_1
Nijmegen,For Sittard,1,1,D,1.85,3.75,4.0,2022-09-10,eredivisie
Ajax,Heerenveen,5,0,H,1.18,8.0,12.0,2022-09-10,eredivisie
Excelsior,FC Emmen,2,1,H,3.3,3.4,2.2,2022-09-10,eredivisie
Kortrijk,Mechelen,1,4,A,2.6,3.4,2.6,2022-09-10,pro_league
Oostende,Eupen,1,0,H,2.1,3.6,3.3,2022-09-10,pro_league
Seraing,Club Brugge,0,2,A,7.5,4.75,1.4,2022-09-10,pro_league
Oud-Heverlee Leuven,Charleroi,3,2,H,2.75,3.5,2.37,2022-09-10,pro_league
Famalicao,Benfica,0,1,A,7.0,4.5,1.4,2022-09-10,primeira_liga
Sp Lisbon,Portimonense,4,0,H,1.33,5.5,8.0,2022-09-10,primeira_liga
Porto,Chaves,3,0,H,1.14,7.0,19.0,2022-09-10,primeira_liga
Konyaspor,Hatayspor,1,0,H,1.7,4.0,4.75,2022-09-10,super_lig
Karagumruk,Giresunspor,1,1,D,1.9,3.6,4.0,2022-09-10,super_lig
Girona,Valladolid,2,1,H,2.25,3.25,3.4,2022-09-09,la_liga
Werder Bremen,Augsburg,0,1,A,1.53,4.5,5.5,2022-09-09,bundesliga
Lens,Troyes,1,0,H,1.5,4.5,6.0,2022-09-09,ligue_1
Volendam,Go Ahead Eagles,2,3,A,2.5,3.6,2.6,2022-09-09,eredivisie
St Truiden,Standard,1,2,A,2.15,3.3,3.3,2022-09-09,pro_league
Guimaraes,Santa Clara,1,0,H,1.95,3.4,4.0,2022-09-09,primeira_liga
Alanyaspor,Ankaragucu,2,1,H,1.72,3.8,4.5,2022-09-09,super_lig
Napoli,Liverpool,4,1,H,,,,2022-09-07,champions_league
Lorient,Lyon,3,1,H,4.5,4.5,1.65,2022-09-07,ligue_1
Middlesbrough,Sunderland,1,0,H,1.72,3.6,5.0,2022-09-05,championship
Valladolid,Almeria,1,0,H,2.3,3.3,3.1,2022-09-05,la_liga
Monza,Atalanta,0,2,A,5.75,4.2,1.57,2022-09-05,serie_a
Salernitana,Empoli,2,2,D,2.25,3.4,3.2,2022-09-05,serie_a
Torino,Lecce,1,0,H,1.7,3.75,5.25,2022-09-05,serie_a
Boavista,Pacos Ferreira,1,0,H,2.0,3.3,3.8,2022-09-05,primeira_liga
Chaves,Rio Ave,1,1,D,2.5,3.0,2.87,2022-09-05,primeira_liga
Galatasaray,Gaziantep,2,1,H,1.57,3.75,5.25,2022-09-05,super_lig
Arsenal,Everton,4,0,H,,,,2022-09-04,epl
Arsenal,Everton,4,0,H,,,,2022-09-04,epl
Atletico Madrid,Getafe,1,0,H,,,,2022-09-04,la_liga
Barcelona,Osasuna,2,0,H,,,,2022-09-04,la_liga
Brighton,Leicester,5,2,H,1.83,3.5,4.5,2022-09-04,premier_league
Man United,Arsenal,3,1,H,2.5,3.5,2.7,2022-09-04,premier_league
Reading,Stoke,2,1,H,2.9,3.2,2.5,2022-09-04,championship
Huddersfield,Blackpool,0,1,A,2.5,3.25,2.87,2022-09-04,championship
Hull,Sheffield United,0,2,A,4.2,3.5,1.9,2022-09-04,championship
Osasuna,Vallecano,2,1,H,2.0,3.1,4.33,2022-09-04,la_liga
Ath Bilbao,Espanol,0,1,A,1.53,4.0,6.5,2022-09-04,la_liga
Villarreal,Elche,4,0,H,1.33,5.0,10.0,2022-09-04,la_liga
Valencia,Getafe,5,1,H,1.9,3.2,4.5,2022-09-04,la_liga
Augsburg,Hertha,0,2,A,2.45,3.3,2.87,2022-09-04,bundesliga
M'gladbach,Mainz,0,1,A,2.2,3.8,3.0,2022-09-04,bundesliga
Cremonese,Sassuolo,0,0,D,3.0,3.5,2.25,2022-09-04,serie_a
Spezia,Bologna,2,2,D,3.0,3.3,2.37,2022-09-04,serie_a
Verona,Sampdoria,2,1,H,2.05,3.6,3.6,2022-09-04,serie_a
Udinese,Roma,4,0,H,4.2,3.75,1.85,2022-09-04,serie_a
Montpellier,Lille,1,3,A,3.25,3.75,2.1,2022-09-04,ligue_1
Ajaccio,Lorient,0,1,A,2.45,3.2,2.9,2022-09-04,ligue_1
Brest,Strasbourg,1,1,D,2.8,3.4,2.45,2022-09-04,ligue_1
Clermont,Toulouse,2,0,H,2.8,3.5,2.4,2022-09-04,ligue_1
Reims,Lens,1,1,D,3.2,3.5,2.25,2022-09-04,ligue_1
Troyes,Rennes,1,1,D,4.33,4.0,1.75,2022-09-04,ligue_1
Nice,Monaco,0,1,A,2.7,3.6,2.37,2022-09-04,ligue_1
Waalwijk,Excelsior,5,2,H,1.7,4.0,4.75,2022-09-04,eredivisie
FC Emmen,AZ Alkmaar,0,3,A,4.0,3.75,1.9,2022-09-04,eredivisie
Heerenveen,Nijmegen,0,0,D,1.9,3.6,4.0,2022-09-04,eredivisie
Groningen,Vitesse,0,1,A,2.5,3.6,2.7,2022-09-04,eredivisie
Anderlecht,Oud-Heverlee Leuven,2,2,D,1.4,5.0,8.5,2022-09-04,pro_league
Antwerp,Westerlo,3,0,H,1.9,4.0,3.6,2022-09-04,pro_league
Charleroi,Gent,2,1,H,3.4,3.4,2.1,2022-09-04,pro_league
Waregem,St. Gilloise,1,3,A,5.25,3.75,1.65,2022-09-04,pro_league
Casa Pia,Arouca,0,0,D,2.0,3.1,3.8,2022-09-04,primeira_liga
Santa Clara,Maritimo,2,1,H,2.0,3.2,3.6,2022-09-04,primeira_liga
Portimonense,Famalicao,1,0,H,2.2,3.2,3.2,2022-09-04,primeira_liga
Hatayspor,Ad. Demirspor,1,1,D,2.9,3.3,2.25,2022-09-04,super_lig
Ankaragucu,Besiktas,2,3,A,4.0,3.5,1.8,2022-09-04,super_lig
Antalyaspor,Kasimpasa,0,2,A,1.7,3.6,4.5,2022-09-04,super_lig
Borussia Dortmund,RB Leipzig,1,1,D,,,,2022-09-03,bundesliga
Lazio,Napoli,0,1,A,,,,2022-09-03,serie_a
Manchester City,Fulham,5,1,H,,,,2022-09-03,epl
Real Betis,Real Madrid,2,1,H,,,,2022-09-03,la_liga
Real Madrid,Real Sociedad,2,0,H,,,,2022-09-03,la_liga
Everton,Liverpool,0,0,D,7.0,4.75,1.4,2022-09-03,premier_league
Brentford,Leeds,5,2,H,2.1,3.5,3.4,2022-09-03,premier_league
Chelsea,West Ham,2,1,H,1.55,4.5,5.5,2022-09-03,premier_league
Newcastle,Crystal Palace,0,0,D,2.0,3.5,3.75,2022-09-03,premier_league
Nott'm Forest,Bournemouth,2,3,A,1.95,3.5,3.8,2022-09-03,premier_league
Tottenham,Fulham,2,1,H,1.5,4.5,6.5,2022-09-03,premier_league
Wolves,Southampton,1,0,H,2.2,3.4,3.25,2022-09-03,premier_league
Aston Villa,Man City,1,1,D,8.0,5.5,1.33,2022-09-03,premier_league
Blackburn,Bristol City,2,3,A,2.15,3.5,3.3,2022-09-03,championship
Luton,Wigan,1,2,A,2.1,3.3,3.6,2022-09-03,championship
Millwall,Cardiff,2,0,H,2.05,3.2,4.0,2022-09-03,championship
Norwich,Coventry,3,0,H,1.75,3.6,4.75,2022-09-03,championship
Preston,Birmingham,0,1,A,1.66,3.6,5.75,2022-09-03,championship
Rotherham,Watford,1,1,D,3.25,3.3,2.25,2022-09-03,championship
Swansea,QPR,1,0,H,2.37,3.3,3.0,2022-09-03,championship
Mallorca,Girona,1,1,D,2.15,3.2,3.6,2022-09-03,la_liga
Real Madrid,Betis,2,1,H,1.4,5.25,6.5,2022-09-03,la_liga
Sociedad,Ath Madrid,1,1,D,2.9,3.2,2.55,2022-09-03,la_liga
Sevilla,Barcelona,0,3,A,4.5,3.6,1.8,2022-09-03,la_liga
Bochum,Werder Bremen,0,2,A,2.9,3.6,2.3,2022-09-03,bundesliga
Leverkusen,Freiburg,2,3,A,1.9,3.75,3.8,2022-09-03,bundesliga
Stuttgart,Schalke 04,1,1,D,1.75,4.0,4.33,2022-09-03,bundesliga
Union Berlin,Bayern Munich,1,1,D,7.0,5.25,1.36,2022-09-03,bundesliga
Wolfsburg,FC Koln,2,4,A,2.05,3.4,3.75,2022-09-03,bundesliga
Ein Frankfurt,RB Leipzig,4,0,H,3.5,3.75,2.0,2022-09-03,bundesliga
Fiorentina,Juventus,1,1,D,3.0,3.25,2.4,2022-09-03,serie_a
Milan,Inter,3,2,H,2.8,3.25,2.6,2022-09-03,serie_a
Auxerre,Marseille,0,2,A,4.75,4.0,1.66,2022-09-03,ligue_1
Lyon,Angers,5,0,H,1.28,5.75,10.0,2022-09-03,ligue_1
Nantes,Paris SG,0,3,A,9.5,6.5,1.28,2022-09-03,ligue_1
Ajax,Cambuur,4,0,H,1.1,11.0,23.0,2022-09-03,eredivisie
Twente,PSV Eindhoven,2,1,H,3.75,3.75,1.9,2022-09-03,eredivisie
Sparta Rotterdam,Volendam,4,0,H,1.65,3.8,5.5,2022-09-03,eredivisie
Go Ahead Eagles,Feyenoord,3,4,A,8.0,4.75,1.4,2022-09-03,eredivisie
Genk,St Truiden,0,0,D,1.65,4.0,5.0,2022-09-03,pro_league
Eupen,Kortrijk,0,1,A,2.25,3.4,3.1,2022-09-03,pro_league
Mechelen,Seraing,2,3,A,1.57,4.33,5.25,2022-09-03,pro_league
Standard,Oostende,1,0,H,2.0,3.5,3.75,2022-09-03,pro_league
Sp Braga,Guimaraes,1,0,H,1.36,4.75,8.0,2022-09-03,primeira_liga
Gil Vicente,Porto,0,2,A,7.0,4.33,1.44,2022-09-03,primeira_liga
Buyuksehyr,Alanyaspor,2,0,H,1.9,3.5,3.8,2022-09-03,super_lig
Sivasspor,Karagumruk,0,0,D,2.2,3.3,3.1,2022-09-03,super_lig
Fenerbahce,Kayserispor,2,0,H,1.4,4.75,5.75,2022-09-03,super_lig
Giresunspor,Konyaspor,0,1,A,2.6,3.2,2.62,2022-09-03,super_lig
West Brom,Burnley,1,1,D,2.15,3.3,3.6,2022-09-02,championship
Celta,Cadiz,3,0,H,1.66,3.6,5.5,2022-09-02,la_liga
Dortmund,Hoffenheim,1,0,H,1.61,4.5,4.75,2022-09-02,bundesliga
For Sittard,Utrecht,3,4,A,3.1,3.75,2.2,2022-09-02,eredivisie
Club Brugge,Cercle Brugge,4,0,H,1.6,4.33,4.5,2022-09-02,pro_league
Benfica,Vizela,2,1,H,1.2,7.0,15.0,2022-09-02,primeira_liga
Estoril,Sp Lisbon,0,2,A,6.5,4.33,1.45,2022-09-02,primeira_liga
Umraniyespor,Trabzonspor,0,1,A,3.6,3.6,1.9,2022-09-02,super_lig
Leicester,Man United,0,1,A,3.4,3.75,2.05,2022-09-01,premier_league
Atalanta,Torino,3,1,H,1.72,3.75,5.25,2022-09-01,serie_a
Bologna,Salernitana,1,1,D,1.85,3.6,4.33,2022-09-01,serie_a
AZ Alkmaar,Nijmegen,1,1,D,1.45,4.5,6.5,2022-09-01,eredivisie
Anderlecht,Gent,0,1,A,2.2,3.4,3.3,2022-09-01,pro_league
Juventus,Napoli,1,0,H,,,,2022-08-31,serie_a
Arsenal,Aston Villa,2,1,H,1.45,4.5,6.0,2022-08-31,premier_league
Bournemouth,Wolves,0,0,D,3.5,3.3,2.15,2022-08-31,premier_league
Man City,Nott'm Forest,6,0,H,1.06,13.0,29.0,2022-08-31,premier_league
West Ham,Tottenham,1,1,D,3.6,3.8,1.95,2022-08-31,premier_league
Liverpool,Newcastle,2,1,H,1.33,5.25,9.0,2022-08-31,premier_league
Bristol City,Huddersfield,2,0,H,1.9,3.6,4.0,2022-08-31,championship
Coventry,Preston,0,1,A,2.25,3.1,3.5,2022-08-31,championship
Stoke,Swansea,1,1,D,2.1,3.5,3.6,2022-08-31,championship
Sunderland,Rotherham,3,0,H,2.1,3.4,3.6,2022-08-31,championship
Blackpool,Blackburn,0,1,A,2.4,3.3,3.0,2022-08-31,championship
Empoli,Verona,1,1,D,2.62,3.3,2.7,2022-08-31,serie_a
Sampdoria,Lazio,1,1,D,4.2,3.6,1.85,2022-08-31,serie_a
Udinese,Fiorentina,1,0,H,2.7,3.5,2.5,2022-08-31,serie_a
Juventus,Spezia,2,0,H,1.28,5.75,12.0,2022-08-31,serie_a
Napoli,Lecce,1,1,D,1.25,6.25,11.0,2022-08-31,serie_a
Angers,Reims,2,4,A,2.45,3.3,2.87,2022-08-31,ligue_1
Lyon,Auxerre,2,1,H,1.28,6.0,8.5,2022-08-31,ligue_1
Monaco,Troyes,2,4,A,1.36,5.25,8.0,2022-08-31,ligue_1
Montpellier,Ajaccio,2,0,H,2.1,3.3,3.6,2022-08-31,ligue_1
Strasbourg,Nantes,1,1,D,1.85,3.6,4.2,2022-08-31,ligue_1
Lens,Lorient,5,2,H,1.53,4.0,6.5,2022-08-31,ligue_1
Lille,Nice,1,2,A,2.0,3.5,3.75,2022-08-31,ligue_1
Marseille,Clermont,1,0,H,1.36,5.0,8.5,2022-08-31,ligue_1
Rennes,Brest,3,1,H,1.45,4.75,6.5,2022-08-31,ligue_1
Toulouse,Paris SG,0,3,A,13.0,7.0,1.2,2022-08-31,ligue_1
PSV Eindhoven,Volendam,7,1,H,1.09,11.0,19.0,2022-08-31,eredivisie
Twente,Excelsior,4,0,H,1.3,5.5,10.0,2022-08-31,eredivisie
Antwerp,St. Gilloise,4,2,H,2.75,3.25,2.55,2022-08-31,pro_league
Crystal Palace,Brentford,1,1,D,2.05,3.4,3.6,2022-08-30,premier_league
Fulham,Brighton,2,1,H,3.1,3.3,2.3,2022-08-30,premier_league
Southampton,Chelsea,2,1,H,5.25,4.0,1.61,2022-08-30,premier_league
Leeds,Everton,1,1,D,2.15,3.5,3.3,2022-08-30,premier_league
Birmingham,Norwich,1,2,A,4.5,3.5,1.83,2022-08-30,championship
Burnley,Millwall,2,0,H,1.85,3.3,4.75,2022-08-30,championship
Cardiff,Luton,1,2,A,2.55,3.2,2.9,2022-08-30,championship
QPR,Hull,3,1,H,1.8,3.6,4.33,2022-08-30,championship
Sheffield United,Reading,4,0,H,1.57,4.0,6.0,2022-08-30,championship
Wigan,West Brom,1,1,D,3.75,3.4,2.05,2022-08-30,championship
Watford,Middlesbrough,2,1,H,2.5,3.25,2.9,2022-08-30,championship
Sassuolo,Milan,0,0,D,5.25,4.33,1.57,2022-08-30,serie_a
Inter,Cremonese,3,1,H,1.14,8.0,21.0,2022-08-30,serie_a
Roma,Monza,3,0,H,1.3,5.5,10.0,2022-08-30,serie_a
Benfica,Pacos Ferreira,3,2,H,1.06,11.0,29.0,2022-08-30,primeira_liga
Cadiz,Ath Bilbao,0,4,A,3.6,3.2,2.15,2022-08-29,la_liga
Valencia,Ath Madrid,0,1,A,4.0,3.3,2.0,2022-08-29,la_liga
Guimaraes,Casa Pia,0,1,A,1.95,3.4,4.0,2022-08-29,primeira_liga
Vizela,Gil Vicente,2,2,D,2.3,3.3,3.0,2022-08-29,primeira_liga
Konyaspor,Fenerbahce,1,0,H,3.4,3.6,2.05,2022-08-29,super_lig
Besiktas,Sivasspor,3,1,H,1.5,4.2,5.5,2022-08-29,super_lig
Monaco,PSG,3,3,D,,,,2022-08-28,ligue_1
Aston Villa,West Ham,0,1,A,2.3,3.4,3.1,2022-08-28,premier_league
Wolves,Newcastle,1,1,D,2.7,3.3,2.7,2022-08-28,premier_league
Nott'm Forest,Tottenham,0,2,A,7.0,4.6,1.44,2022-08-28,premier_league
Getafe,Villarreal,0,0,D,4.33,3.4,1.85,2022-08-28,la_liga
Barcelona,Valladolid,4,0,H,1.14,8.5,15.0,2022-08-28,la_liga
Espanol,Real Madrid,1,3,A,6.5,4.75,1.45,2022-08-28,la_liga
FC Koln,Stuttgart,0,0,D,2.05,3.75,3.4,2022-08-28,bundesliga
Werder Bremen,Ein Frankfurt,3,4,A,2.45,3.5,2.8,2022-08-28,bundesliga
Salernitana,Sampdoria,4,0,H,2.45,3.2,3.0,2022-08-28,serie_a
Verona,Atalanta,0,1,A,4.2,4.0,1.75,2022-08-28,serie_a
Fiorentina,Napoli,0,0,D,3.25,3.6,2.15,2022-08-28,serie_a
Lecce,Empoli,1,1,D,2.3,3.5,3.0,2022-08-28,serie_a
Nantes,Toulouse,3,1,H,2.37,3.3,3.0,2022-08-28,ligue_1
Brest,Montpellier,0,7,A,1.9,3.6,4.0,2022-08-28,ligue_1
Lorient,Clermont,2,1,H,2.05,3.4,3.8,2022-08-28,ligue_1
Nice,Marseille,0,3,A,2.7,3.5,2.55,2022-08-28,ligue_1
Troyes,Angers,3,1,H,2.45,3.3,2.9,2022-08-28,ligue_1
Reims,Lyon,1,1,D,4.2,4.0,1.75,2022-08-28,ligue_1
Paris SG,Monaco,1,1,D,1.18,8.0,13.0,2022-08-28,ligue_1
Utrecht,Ajax,0,2,A,7.0,5.0,1.4,2022-08-28,eredivisie
Excelsior,PSV Eindhoven,1,6,A,9.0,6.5,1.28,2022-08-28,eredivisie
Volendam,Twente,1,0,H,4.75,4.0,1.7,2022-08-28,eredivisie
Cambuur,AZ Alkmaar,0,1,A,4.75,3.8,1.72,2022-08-28,eredivisie
Gent,Antwerp,1,2,A,1.9,3.6,3.75,2022-08-28,pro_league
Kortrijk,Standard,0,1,A,2.7,3.25,2.62,2022-08-28,pro_league
St. Gilloise,Anderlecht,2,1,H,2.25,3.3,3.2,2022-08-28,pro_league
Westerlo,Eupen,0,1,A,1.85,3.5,4.2,2022-08-28,pro_league
Famalicao,Santa Clara,1,0,H,2.15,3.4,3.3,2022-08-28,primeira_liga
Arouca,Sp Braga,0,6,A,5.0,3.75,1.66,2022-08-28,primeira_liga
Rio Ave,Porto,3,1,H,10.0,5.5,1.3,2022-08-28,primeira_liga
Kasimpasa,Hatayspor,1,0,H,1.95,3.5,3.75,2022-08-28,super_lig
Kayserispor,Giresunspor,3,0,H,2.15,3.4,3.3,2022-08-28,super_lig
Trabzonspor,Galatasaray,0,0,D,2.37,3.5,2.9,2022-08-28,super_lig
Arsenal,Fulham,2,1,H,,,,2022-08-27,epl
Bournemouth,Liverpool,1,9,A,,,,2022-08-27,epl
Southampton,Man United,0,1,A,4.2,4.0,1.8,2022-08-27,premier_league
Brentford,Everton,1,1,D,2.0,3.5,3.75,2022-08-27,premier_league
Brighton,Leeds,1,0,H,1.9,3.8,3.8,2022-08-27,premier_league
Chelsea,Leicester,2,1,H,1.4,5.0,7.0,2022-08-27,premier_league
Liverpool,Bournemouth,9,0,H,1.1,10.0,26.0,2022-08-27,premier_league
Man City,Crystal Palace,4,2,H,1.18,7.5,13.0,2022-08-27,premier_league
Sunderland,Norwich,0,1,A,3.2,3.3,2.3,2022-08-27,championship
Blackburn,Stoke,0,1,A,2.5,3.2,2.9,2022-08-27,championship
Blackpool,Bristol City,3,3,D,2.25,3.3,3.3,2022-08-27,championship
Cardiff,Preston,0,0,D,2.75,3.0,2.87,2022-08-27,championship
Huddersfield,West Brom,2,2,D,4.2,3.5,1.95,2022-08-27,championship
Hull,Coventry,3,2,H,3.0,3.4,2.37,2022-08-27,championship
Middlesbrough,Swansea,2,1,H,1.75,3.75,4.75,2022-08-27,championship
Millwall,Reading,0,1,A,1.85,3.4,4.75,2022-08-27,championship
Rotherham,Birmingham,2,0,H,2.0,3.3,4.0,2022-08-27,championship
Watford,QPR,2,3,A,1.9,3.4,4.33,2022-08-27,championship
Wigan,Burnley,1,5,A,3.25,3.1,2.37,2022-08-27,championship
Elche,Sociedad,0,1,A,3.6,3.2,2.15,2022-08-27,la_liga
Vallecano,Mallorca,0,2,A,2.05,3.25,4.0,2022-08-27,la_liga
Almeria,Sevilla,2,1,H,3.6,3.25,2.15,2022-08-27,la_liga
Hertha,Dortmund,0,1,A,4.5,4.33,1.66,2022-08-27,bundesliga
Hoffenheim,Augsburg,1,0,H,1.45,4.5,7.0,2022-08-27,bundesliga
Mainz,Leverkusen,0,3,A,2.75,3.75,2.37,2022-08-27,bundesliga
RB Leipzig,Wolfsburg,2,0,H,1.45,4.75,6.0,2022-08-27,bundesliga
Schalke 04,Union Berlin,1,6,A,3.1,3.4,2.3,2022-08-27,bundesliga
Bayern Munich,M'gladbach,1,1,D,1.18,8.0,12.0,2022-08-27,bundesliga
Cremonese,Torino,1,2,A,3.2,3.4,2.25,2022-08-27,serie_a
Juventus,Roma,1,1,D,2.3,3.3,3.1,2022-08-27,serie_a
Milan,Bologna,2,0,H,1.33,5.5,8.5,2022-08-27,serie_a
Spezia,Sassuolo,2,2,D,3.0,3.6,2.25,2022-08-27,serie_a
Auxerre,Strasbourg,1,0,H,3.5,3.6,2.05,2022-08-27,ligue_1
Lens,Rennes,2,1,H,2.55,3.5,2.7,2022-08-27,ligue_1
Go Ahead Eagles,Sparta Rotterdam,0,1,A,2.25,3.25,3.25,2022-08-27,eredivisie
Vitesse,Waalwijk,2,2,D,1.7,3.75,5.25,2022-08-27,eredivisie
Feyenoord,FC Emmen,4,0,H,1.25,6.0,11.0,2022-08-27,eredivisie
Heerenveen,For Sittard,2,1,H,1.65,4.0,5.25,2022-08-27,eredivisie
Seraing,Genk,0,4,A,5.75,4.5,1.5,2022-08-27,pro_league
Cercle Brugge,Waregem,1,1,D,1.75,3.75,4.5,2022-08-27,pro_league
Oud-Heverlee Leuven,Oostende,2,1,H,1.95,3.5,3.6,2022-08-27,pro_league
St Truiden,Mechelen,3,1,H,2.1,3.3,3.4,2022-08-27,pro_league
Maritimo,Portimonense,0,1,A,2.75,3.2,2.6,2022-08-27,primeira_liga
Boavista,Benfica,0,3,A,8.5,4.75,1.36,2022-08-27,primeira_liga
Sp Lisbon,Chaves,0,2,A,1.18,7.0,19.0,2022-08-27,primeira_liga
Karagumruk,Ankaragucu,4,1,H,1.9,3.6,4.0,2022-08-27,super_lig
Ad. Demirspor,Umraniyespor,1,0,H,1.55,4.33,5.75,2022-08-27,super_lig
Alanyaspor,Istanbulspor,0,1,A,1.5,4.75,6.0,2022-08-27,super_lig
Arsenal,Manchester City,3,1,H,,,,2022-08-26,epl
Luton,Sheffield United,1,1,D,3.25,3.2,2.3,2022-08-26,championship
Girona,Celta,0,1,A,2.8,3.1,2.75,2022-08-26,la_liga
Betis,Osasuna,1,0,H,1.8,3.6,4.75,2022-08-26,la_liga
Freiburg,Bochum,1,0,H,1.5,4.5,6.0,2022-08-26,bundesliga
Monza,Udinese,1,2,A,3.1,3.4,2.3,2022-08-26,serie_a
Lazio,Inter,3,1,H,4.0,3.8,1.83,2022-08-26,serie_a
Ajaccio,Lille,1,3,A,3.4,3.2,2.2,2022-08-26,ligue_1
Nijmegen,Groningen,1,1,D,2.1,3.5,3.6,2022-08-26,eredivisie
Charleroi,Club Brugge,1,3,A,3.6,3.8,1.95,2022-08-26,pro_league
Pacos Ferreira,Estoril,0,3,A,2.62,3.2,2.8,2022-08-26,primeira_liga
Gaziantep,Antalyaspor,5,2,H,2.5,3.3,2.8,2022-08-26,super_lig
Liverpool,Manchester United,2,4,A,,,,2022-08-22,epl
Man United,Liverpool,2,1,H,5.25,4.33,1.6,2022-08-22,premier_league
Elche,Almeria,1,1,D,2.5,3.2,3.0,2022-08-22,la_liga
Girona,Getafe,3,1,H,2.8,2.9,2.9,2022-08-22,la_liga
Roma,Cremonese,1,0,H,1.25,6.5,11.0,2022-08-22,serie_a
Sampdoria,Juventus,0,0,D,5.75,4.0,1.6,2022-08-22,serie_a
Gil Vicente,Famalicao,0,0,D,2.2,3.5,3.2,2022-08-22,primeira_liga
Istanbulspor,Konyaspor,0,4,A,3.6,3.5,2.0,2022-08-22,super_lig
Sivasspor,Alanyaspor,1,1,D,2.5,3.4,2.75,2022-08-22,super_lig
Fenerbahce,Ad. Demirspor,4,2,H,1.7,4.0,4.5,2022-08-22,super_lig
Barcelona,Real Sociedad,2,2,D,,,,2022-08-21,la_liga
Lille,PSG,1,4,A,,,,2022-08-21,ligue_1
Manchester City,Chelsea,1,0,H,,,,2022-08-21,epl
Leeds,Chelsea,3,0,H,5.75,4.5,1.53,2022-08-21,premier_league
West Ham,Brighton,0,2,A,2.3,3.4,3.1,2022-08-21,premier_league
Newcastle,Man City,3,3,D,7.5,5.0,1.36,2022-08-21,premier_league
Bristol City,Cardiff,2,0,H,2.2,3.3,3.4,2022-08-21,championship
Ath Bilbao,Valencia,1,0,H,1.8,3.75,4.5,2022-08-21,la_liga
Ath Madrid,Villarreal,0,2,A,1.85,3.5,4.33,2022-08-21,la_liga
Sociedad,Barcelona,1,4,A,3.3,3.6,2.1,2022-08-21,la_liga
Ein Frankfurt,FC Koln,1,1,D,1.95,3.75,3.6,2022-08-21,bundesliga
Bochum,Bayern Munich,0,7,A,13.0,8.0,1.18,2022-08-21,bundesliga
Empoli,Fiorentina,0,0,D,3.75,3.8,1.9,2022-08-21,serie_a
Napoli,Monza,4,0,H,1.33,5.5,8.0,2022-08-21,serie_a
Atalanta,Milan,1,1,D,2.75,3.5,2.5,2022-08-21,serie_a
Bologna,Verona,1,1,D,2.15,3.5,3.3,2022-08-21,serie_a
Strasbourg,Reims,1,1,D,1.75,3.5,4.75,2022-08-21,ligue_1
Angers,Brest,1,3,A,2.3,3.25,3.2,2022-08-21,ligue_1
Clermont,Nice,1,0,H,3.75,3.4,2.05,2022-08-21,ligue_1
Montpellier,Auxerre,1,2,A,2.1,3.4,3.5,2022-08-21,ligue_1
Toulouse,Lorient,2,2,D,2.05,3.5,3.6,2022-08-21,ligue_1
Rennes,Ajaccio,2,1,H,1.4,4.75,8.0,2022-08-21,ligue_1
Lille,Paris SG,1,7,A,6.0,4.75,1.5,2022-08-21,ligue_1
Groningen,Go Ahead Eagles,1,0,H,1.85,3.5,4.33,2022-08-21,eredivisie
Sparta Rotterdam,Ajax,0,1,A,12.0,6.0,1.25,2022-08-21,eredivisie
Waalwijk,Feyenoord,0,1,A,8.0,5.5,1.33,2022-08-21,eredivisie
Club Brugge,Kortrijk,2,1,H,1.33,5.0,9.5,2022-08-21,pro_league
Waregem,Charleroi,1,3,A,3.1,3.75,2.15,2022-08-21,pro_league
Standard,Oud-Heverlee Leuven,1,3,A,1.95,3.75,3.4,2022-08-21,pro_league
Mechelen,Westerlo,5,4,H,2.62,3.25,2.7,2022-08-21,pro_league
Casa Pia,Boavista,2,0,H,2.45,3.1,3.0,2022-08-21,primeira_liga
Sp Braga,Maritimo,5,0,H,1.36,4.5,9.0,2022-08-21,primeira_liga
Portimonense,Guimaraes,2,1,H,2.62,3.3,2.55,2022-08-21,primeira_liga
Buyuksehyr,Kayserispor,2,0,H,1.55,3.8,6.5,2022-08-21,super_lig
Besiktas,Karagumruk,4,1,H,1.57,4.2,5.0,2022-08-21,super_lig
Celta Vigo,Barcelona,2,1,H,,,,2022-08-20,la_liga
Nantes,PSG,2,3,A,,,,2022-08-20,ligue_1
Newcastle,Arsenal,0,2,A,,,,2022-08-20,epl
Everton,Nottm Forest,1,1,D,,,,2022-08-20,epl
Wolves,Tottenham,0,1,A,,,,2022-08-20,epl
Tottenham,Wolves,1,0,H,1.4,4.75,7.5,2022-08-20,premier_league
Crystal Palace,Aston Villa,3,1,H,2.5,3.25,2.9,2022-08-20,premier_league
Everton,Nott'm Forest,1,1,D,1.9,3.6,4.0,2022-08-20,premier_league
Fulham,Brentford,3,2,H,2.45,3.4,2.9,2022-08-20,premier_league
Leicester,Southampton,1,2,A,1.83,4.0,4.0,2022-08-20,premier_league
Bournemouth,Arsenal,0,3,A,8.0,4.75,1.4,2022-08-20,premier_league
Birmingham,Wigan,0,1,A,2.55,3.25,2.8,2022-08-20,championship
Burnley,Blackpool,3,3,D,1.57,4.0,6.0,2022-08-20,championship
Preston,Watford,0,0,D,2.62,3.1,2.8,2022-08-20,championship
QPR,Rotherham,1,1,D,2.1,3.5,3.6,2022-08-20,championship
Reading,Middlesbrough,1,0,H,3.3,3.6,2.1,2022-08-20,championship
Sheffield United,Blackburn,3,0,H,1.75,3.6,4.75,2022-08-20,championship
Stoke,Sunderland,0,1,A,2.1,3.4,3.5,2022-08-20,championship
Swansea,Luton,0,2,A,2.45,3.2,3.1,2022-08-20,championship
West Brom,Hull,5,2,H,1.55,4.2,6.0,2022-08-20,championship
Osasuna,Cadiz,2,0,H,1.9,3.25,4.5,2022-08-20,la_liga
Mallorca,Betis,1,2,A,3.1,3.2,2.4,2022-08-20,la_liga
Celta,Real Madrid,1,4,A,4.5,4.2,1.66,2022-08-20,la_liga
Augsburg,Mainz,1,2,A,3.5,3.5,2.1,2022-08-20,bundesliga
Dortmund,Werder Bremen,2,3,A,1.36,5.25,7.5,2022-08-20,bundesliga
Leverkusen,Hoffenheim,0,3,A,1.66,4.33,4.5,2022-08-20,bundesliga
Stuttgart,Freiburg,0,1,A,2.62,3.6,2.55,2022-08-20,bundesliga
Wolfsburg,Schalke 04,0,0,D,1.83,3.8,4.2,2022-08-20,bundesliga
Union Berlin,RB Leipzig,2,1,H,3.6,3.5,2.05,2022-08-20,bundesliga
Torino,Lazio,0,0,D,3.0,3.5,2.3,2022-08-20,serie_a
Udinese,Salernitana,0,0,D,1.75,3.8,4.5,2022-08-20,serie_a
Inter,Spezia,3,0,H,1.16,8.0,15.0,2022-08-20,serie_a
Sassuolo,Lecce,1,0,H,1.75,4.0,4.2,2022-08-20,serie_a
Monaco,Lens,1,4,A,1.75,3.8,4.33,2022-08-20,ligue_1
Marseille,Nantes,2,1,H,1.6,4.2,5.5,2022-08-20,ligue_1
Vitesse,Heerenveen,0,4,A,1.95,3.6,3.8,2022-08-20,eredivisie
For Sittard,Cambuur,1,4,A,2.25,3.5,3.1,2022-08-20,eredivisie
FC Emmen,Utrecht,3,2,H,3.2,3.5,2.2,2022-08-20,eredivisie
Oostende,St Truiden,0,1,A,3.2,3.25,2.25,2022-08-20,pro_league
Genk,Cercle Brugge,2,1,H,1.61,4.33,4.5,2022-08-20,pro_league
Santa Clara,Arouca,1,2,A,2.05,3.25,3.75,2022-08-20,primeira_liga
Chaves,Vizela,1,1,D,2.25,3.3,3.25,2022-08-20,primeira_liga
Porto,Sp Lisbon,3,0,H,2.1,3.3,3.5,2022-08-20,primeira_liga
Giresunspor,Kasimpasa,1,0,H,2.25,3.5,3.0,2022-08-20,super_lig
Hatayspor,Gaziantep,1,2,A,2.1,3.5,3.25,2022-08-20,super_lig
Antalyaspor,Trabzonspor,5,2,H,2.5,3.2,2.87,2022-08-20,super_lig
Norwich,Millwall,2,0,H,1.95,3.4,4.2,2022-08-19,championship
Espanol,Vallecano,0,2,A,2.45,3.1,3.1,2022-08-19,la_liga
Sevilla,Valladolid,1,1,D,1.5,4.2,6.5,2022-08-19,la_liga
M'gladbach,Hertha,1,0,H,1.5,4.5,6.0,2022-08-19,bundesliga
Lyon,Troyes,4,1,H,1.28,5.75,9.0,2022-08-19,ligue_1
Eupen,Seraing,1,3,A,1.7,3.8,4.75,2022-08-19,pro_league
Estoril,Rio Ave,2,2,D,2.1,3.25,3.75,2022-08-19,primeira_liga
Umraniyespor,Galatasaray,0,1,A,4.2,3.75,1.8,2022-08-19,super_lig
Stoke,Middlesbrough,2,2,D,2.7,3.2,2.75,2022-08-17,championship
Reading,Blackburn,3,0,H,3.2,3.2,2.3,2022-08-17,championship
Sheffield United,Sunderland,2,1,H,1.75,3.6,4.75,2022-08-17,championship
West Brom,Cardiff,0,0,D,1.6,4.0,5.5,2022-08-17,championship
Birmingham,Watford,1,1,D,3.6,3.4,2.0,2022-08-16,championship
Bristol City,Luton,2,0,H,2.62,3.4,2.55,2022-08-16,championship
Burnley,Hull,1,1,D,1.53,4.0,6.5,2022-08-16,championship
Norwich,Huddersfield,2,1,H,1.57,3.8,6.0,2022-08-16,championship
Preston,Rotherham,0,0,D,1.95,3.3,4.0,2022-08-16,championship
Swansea,Millwall,2,2,D,2.5,3.2,3.0,2022-08-16,championship
QPR,Blackpool,0,1,A,2.0,3.6,3.75,2022-08-16,championship
Liverpool,Crystal Palace,1,0,H,,,,2022-08-15,epl
Ath Bilbao,Mallorca,0,0,D,1.6,3.75,6.5,2022-08-15,la_liga
Getafe,Ath Madrid,0,3,A,5.0,3.1,1.9,2022-08-15,la_liga
Betis,Elche,3,0,H,1.44,4.5,7.0,2022-08-15,la_liga
Verona,Napoli,2,5,A,3.5,3.5,2.05,2022-08-15,serie_a
Juventus,Sassuolo,3,0,H,1.44,4.75,7.0,2022-08-15,serie_a
Maritimo,Chaves,1,2,A,2.25,3.3,3.2,2022-08-15,primeira_liga
Arouca,Gil Vicente,1,0,H,2.62,3.4,2.6,2022-08-15,primeira_liga
Pacos Ferreira,Portimonense,0,3,A,2.25,3.25,3.2,2022-08-15,primeira_liga
Konyaspor,Buyuksehyr,0,0,D,2.75,3.4,2.5,2022-08-15,super_lig
Kasimpasa,Fenerbahce,0,6,A,3.2,3.8,2.1,2022-08-15,super_lig
Chelsea,Tottenham,2,2,D,,,,2022-08-14,epl
Tottenham,Chelsea,0,0,D,,,,2022-08-14,epl
Nott'm Forest,West Ham,1,0,H,4.2,3.6,1.85,2022-08-14,premier_league
Middlesbrough,Sheffield United,2,2,D,2.45,3.3,2.9,2022-08-14,championship
Blackburn,West Brom,2,1,H,2.75,3.3,2.6,2022-08-14,championship
Cadiz,Sociedad,0,1,A,3.6,3.2,2.2,2022-08-14,la_liga
Valencia,Girona,1,0,H,1.85,3.4,4.5,2022-08-14,la_liga
Almeria,Real Madrid,1,2,A,7.5,5.0,1.4,2022-08-14,la_liga
Mainz,Union Berlin,0,0,D,2.2,3.25,3.4,2022-08-14,bundesliga
Bayern Munich,Wolfsburg,2,0,H,1.12,9.5,17.0,2022-08-14,bundesliga
Fiorentina,Cremonese,3,2,H,1.36,5.0,8.5,2022-08-14,serie_a
Lazio,Bologna,2,1,H,1.57,4.33,5.75,2022-08-14,serie_a
Salernitana,Roma,0,1,A,6.5,4.75,1.44,2022-08-14,serie_a
Spezia,Empoli,1,0,H,2.45,3.3,2.9,2022-08-14,serie_a
Ajaccio,Lens,0,0,D,3.2,3.25,2.3,2022-08-14,ligue_1
Auxerre,Angers,2,2,D,2.2,3.25,3.5,2022-08-14,ligue_1
Reims,Clermont,2,4,A,2.15,3.2,3.6,2022-08-14,ligue_1
Troyes,Toulouse,0,3,A,2.7,3.2,2.7,2022-08-14,ligue_1
Nice,Strasbourg,1,1,D,2.15,3.3,3.5,2022-08-14,ligue_1
Brest,Marseille,1,1,D,4.2,3.8,1.83,2022-08-14,ligue_1
Volendam,Nijmegen,1,4,A,2.6,3.5,2.62,2022-08-14,eredivisie
Ajax,Groningen,6,1,H,1.16,8.5,13.0,2022-08-14,eredivisie
Twente,For Sittard,3,0,H,1.5,4.5,6.5,2022-08-14,eredivisie
Sparta Rotterdam,AZ Alkmaar,2,3,A,4.33,3.5,1.9,2022-08-14,eredivisie
St Truiden,Anderlecht,0,3,A,3.6,3.5,2.0,2022-08-14,pro_league
Eupen,Antwerp,0,1,A,4.0,3.6,1.85,2022-08-14,pro_league
Oud-Heverlee Leuven,Club Brugge,0,3,A,5.25,3.75,1.65,2022-08-14,pro_league
Waregem,Genk,1,4,A,4.33,3.8,1.72,2022-08-14,pro_league
Boavista,Santa Clara,2,1,H,2.45,3.1,2.9,2022-08-14,primeira_liga
Vizela,Porto,0,1,A,10.0,5.25,1.28,2022-08-14,primeira_liga
Guimaraes,Estoril,1,0,H,1.95,3.4,3.8,2022-08-14,primeira_liga
Gaziantep,Ankaragucu,1,0,H,1.95,3.6,3.6,2022-08-14,super_lig
Umraniyespor,Antalyaspor,0,1,A,3.1,3.3,2.25,2022-08-14,super_lig
Alanyaspor,Besiktas,3,3,D,2.75,3.6,2.45,2022-08-14,super_lig
Aston Villa,Everton,2,1,H,,,,2022-08-13,epl
Leicester,Brentford,2,2,D,,,,2022-08-13,epl
Manchester City,Bournemouth,4,0,H,,,,2022-08-13,epl
Rayo Vallecano,Barcelona,0,1,A,,,,2022-08-13,la_liga
Rayo Vallecano,Barcelona,0,2,A,,,,2022-08-13,la_liga
Arsenal,Leicester,4,2,H,,,,2022-08-13,epl
Monaco,Ajaccio,6,0,H,,,,2022-08-13,ligue_1
Brighton,Newcastle,0,0,D,2.45,3.2,3.0,2022-08-13,premier_league
Man City,Bournemouth,4,0,H,1.06,13.0,29.0,2022-08-13,premier_league
Southampton,Leeds,2,2,D,2.25,3.5,3.1,2022-08-13,premier_league
Wolves,Fulham,0,0,D,2.3,3.3,3.2,2022-08-13,premier_league
Brentford,Man United,4,0,H,3.75,3.5,2.0,2022-08-13,premier_league
Cardiff,Birmingham,1,0,H,2.25,3.3,3.3,2022-08-13,championship
Blackpool,Swansea,0,1,A,2.4,3.3,3.0,2022-08-13,championship
Huddersfield,Stoke,3,1,H,2.7,3.2,2.75,2022-08-13,championship
Hull,Norwich,2,1,H,3.6,3.4,2.05,2022-08-13,championship
Luton,Preston,0,1,A,2.25,3.3,3.25,2022-08-13,championship
Millwall,Coventry,3,2,H,2.45,3.2,3.0,2022-08-13,championship
Rotherham,Reading,4,0,H,2.15,3.3,3.5,2022-08-13,championship
Sunderland,QPR,2,2,D,2.1,3.5,3.5,2022-08-13,championship
Wigan,Bristol City,1,1,D,2.2,3.3,3.4,2022-08-13,championship
Celta,Espanol,2,2,D,1.8,3.75,4.75,2022-08-13,la_liga
Valladolid,Villarreal,0,3,A,3.9,3.6,1.9,2022-08-13,la_liga
Barcelona,Vallecano,0,0,D,1.22,7.0,12.0,2022-08-13,la_liga
Hertha,Ein Frankfurt,1,1,D,3.0,3.5,2.3,2022-08-13,bundesliga
Hoffenheim,Bochum,3,2,H,1.57,4.5,5.25,2022-08-13,bundesliga
Leverkusen,Augsburg,1,2,A,1.3,5.75,9.5,2022-08-13,bundesliga
RB Leipzig,FC Koln,2,2,D,1.44,4.75,7.0,2022-08-13,bundesliga
Werder Bremen,Stuttgart,2,2,D,2.25,3.6,3.0,2022-08-13,bundesliga
Schalke 04,M'gladbach,2,2,D,3.1,3.8,2.15,2022-08-13,bundesliga
Milan,Udinese,4,2,H,1.44,4.75,7.0,2022-08-13,serie_a
Sampdoria,Atalanta,0,2,A,4.33,3.9,1.75,2022-08-13,serie_a
Lecce,Inter,1,2,A,10.0,5.75,1.28,2022-08-13,serie_a
Monza,Torino,1,2,A,2.6,3.3,2.75,2022-08-13,serie_a
Monaco,Rennes,1,1,D,2.15,3.5,3.25,2022-08-13,ligue_1
Paris SG,Montpellier,5,2,H,1.08,12.0,21.0,2022-08-13,ligue_1
Go Ahead Eagles,PSV Eindhoven,2,5,A,8.5,5.0,1.36,2022-08-13,eredivisie
FC Emmen,Waalwijk,1,1,D,1.9,3.75,3.8,2022-08-13,eredivisie
Utrecht,Cambuur,0,0,D,1.5,5.0,5.75,2022-08-13,eredivisie
Feyenoord,Heerenveen,0,0,D,1.3,5.5,8.0,2022-08-13,eredivisie
Westerlo,Standard,4,2,H,2.05,3.4,3.5,2022-08-13,pro_league
Cercle Brugge,Mechelen,0,0,D,2.1,3.6,3.3,2022-08-13,pro_league
Seraing,Charleroi,0,1,A,4.33,3.5,1.8,2022-08-13,pro_league
St. Gilloise,Kortrijk,2,1,H,1.4,4.75,7.0,2022-08-13,pro_league
Casa Pia,Benfica,0,1,A,12.0,5.5,1.25,2022-08-13,primeira_liga
Sp Lisbon,Rio Ave,3,0,H,1.22,6.0,11.0,2022-08-13,primeira_liga
Kayserispor,Istanbulspor,1,0,H,1.85,3.8,4.0,2022-08-13,super_lig
Ad. Demirspor,Sivasspor,3,0,H,1.9,3.6,4.0,2022-08-13,super_lig
Galatasaray,Giresunspor,0,1,A,1.44,4.33,8.0,2022-08-13,super_lig
Watford,Burnley,1,0,H,2.3,3.3,3.1,2022-08-12,championship
Osasuna,Sevilla,2,1,H,3.2,3.1,2.4,2022-08-12,la_liga
Freiburg,Dortmund,1,3,A,3.0,3.75,2.2,2022-08-12,bundesliga
Nantes,Lille,1,1,D,3.0,3.4,2.4,2022-08-12,ligue_1
Excelsior,Vitesse,3,1,H,3.75,3.75,1.9,2022-08-12,eredivisie
Oostende,Gent,1,3,A,4.75,3.75,1.7,2022-08-12,pro_league
Famalicao,Sp Braga,0,3,A,3.6,3.4,2.0,2022-08-12,primeira_liga
Trabzonspor,Hatayspor,1,0,H,1.5,4.5,6.5,2022-08-12,super_lig
West Brom,Watford,1,1,D,2.37,3.1,3.2,2022-08-08,championship
Gil Vicente,Pacos Ferreira,1,0,H,1.72,3.4,4.5,2022-08-08,primeira_liga
Buyuksehyr,Kasimpasa,4,0,H,1.75,3.6,4.2,2022-08-08,super_lig
Ankaragucu,Konyaspor,0,0,D,2.9,3.4,2.15,2022-08-08,super_lig
Fenerbahce,Umraniyespor,3,3,D,1.33,5.0,7.5,2022-08-08,super_lig
Manchester United,Brighton,1,2,A,,,,2022-08-07,epl
Troyes,PSG,0,1,A,,,,2022-08-07,ligue_1
West Ham,Manchester City,0,2,A,,,,2022-08-07,epl
Brighton,Manchester United,2,1,H,,,,2022-08-07,epl
Leicester,Brentford,2,2,D,2.0,3.75,3.5,2022-08-07,premier_league
Man United,Brighton,1,2,A,1.6,4.2,5.25,2022-08-07,premier_league
West Ham,Man City,0,2,A,8.0,5.0,1.36,2022-08-07,premier_league
Stuttgart,RB Leipzig,1,1,D,4.5,3.8,1.75,2022-08-07,bundesliga
FC Koln,Schalke 04,3,1,H,1.7,4.0,4.5,2022-08-07,bundesliga
Toulouse,Nice,1,1,D,2.87,3.3,2.5,2022-08-07,ligue_1
Angers,Nantes,0,0,D,2.7,3.25,2.7,2022-08-07,ligue_1
Lens,Brest,3,2,H,1.57,4.33,5.25,2022-08-07,ligue_1
Lille,Auxerre,4,1,H,1.7,4.0,4.5,2022-08-07,ligue_1
Montpellier,Troyes,3,2,H,2.2,3.5,3.3,2022-08-07,ligue_1
Rennes,Lorient,0,1,A,1.36,5.25,8.5,2022-08-07,ligue_1
Marseille,Reims,4,1,H,1.57,4.2,5.5,2022-08-07,ligue_1
Groningen,Volendam,2,2,D,1.72,4.0,4.33,2022-08-07,eredivisie
Nijmegen,Twente,0,1,A,3.1,3.6,2.2,2022-08-07,eredivisie
Vitesse,Feyenoord,2,5,A,3.8,3.8,1.9,2022-08-07,eredivisie
AZ Alkmaar,Go Ahead Eagles,2,0,H,1.4,5.0,7.5,2022-08-07,eredivisie
Standard,Cercle Brugge,2,0,H,2.55,3.2,2.55,2022-08-07,pro_league
Gent,Westerlo,2,1,H,1.61,4.0,4.75,2022-08-07,pro_league
Anderlecht,Seraing,3,1,H,1.25,5.5,11.0,2022-08-07,pro_league
Antwerp,Oud-Heverlee Leuven,4,2,H,1.61,4.0,4.75,2022-08-07,pro_league
Santa Clara,Casa Pia,0,0,D,1.95,3.0,4.0,2022-08-07,primeira_liga
Sp Braga,Sp Lisbon,3,3,D,3.75,3.25,1.9,2022-08-07,primeira_liga
Chaves,Guimaraes,0,1,A,2.7,3.2,2.5,2022-08-07,primeira_liga
Portimonense,Boavista,0,1,A,2.0,3.3,3.5,2022-08-07,primeira_liga
Giresunspor,Ad. Demirspor,2,3,A,2.87,3.4,2.2,2022-08-07,super_lig
Karagumruk,Alanyaspor,2,4,A,2.55,3.5,2.4,2022-08-07,super_lig
Antalyaspor,Galatasaray,0,1,A,2.37,3.6,2.6,2022-08-07,super_lig
Angers,Marseille,0,2,A,,,,2022-08-06,ligue_1
Borussia Dortmund,Hertha Berlin,4,1,H,,,,2022-08-06,bundesliga
Newcastle,Nottm Forest,2,0,H,,,,2022-08-06,epl
Tottenham,Southampton,4,1,H,,,,2022-08-06,epl
Clermont,PSG,0,6,A,,,,2022-08-06,ligue_1
Fulham,Liverpool,2,2,D,11.0,6.0,1.25,2022-08-06,premier_league
Bournemouth,Aston Villa,2,0,H,3.75,3.5,2.0,2022-08-06,premier_league
Leeds,Wolves,2,1,H,2.25,3.4,3.2,2022-08-06,premier_league
Newcastle,Nott'm Forest,2,0,H,1.66,3.8,5.25,2022-08-06,premier_league
Everton,Chelsea,0,1,A,5.5,4.0,1.61,2022-08-06,premier_league
Norwich,Wigan,1,1,D,1.66,3.6,5.25,2022-08-06,championship
Bristol City,Sunderland,2,3,A,2.45,3.25,2.9,2022-08-06,championship
Burnley,Luton,1,1,D,1.75,3.75,4.6,2022-08-06,championship
Preston,Hull,0,0,D,1.95,3.4,4.0,2022-08-06,championship
QPR,Middlesbrough,3,2,H,3.0,3.3,2.4,2022-08-06,championship
Reading,Cardiff,2,1,H,2.5,3.25,2.9,2022-08-06,championship
Sheffield United,Millwall,2,0,H,1.83,3.5,4.5,2022-08-06,championship
Stoke,Blackpool,2,0,H,2.05,3.4,3.75,2022-08-06,championship
Swansea,Blackburn,0,3,A,2.4,3.25,3.1,2022-08-06,championship
Augsburg,Freiburg,0,4,A,3.3,3.5,2.15,2022-08-06,bundesliga
Bochum,Mainz,1,2,A,3.2,3.4,2.2,2022-08-06,bundesliga
M'gladbach,Hoffenheim,3,1,H,2.05,4.2,3.0,2022-08-06,bundesliga
Union Berlin,Hertha,3,1,H,1.72,3.75,4.5,2022-08-06,bundesliga
Wolfsburg,Werder Bremen,2,2,D,1.85,3.8,3.8,2022-08-06,bundesliga
Dortmund,Leverkusen,1,0,H,2.0,4.2,3.2,2022-08-06,bundesliga
Strasbourg,Monaco,1,2,A,2.62,3.25,2.75,2022-08-06,ligue_1
Clermont,Paris SG,0,5,A,9.5,6.5,1.25,2022-08-06,ligue_1
For Sittard,Ajax,2,3,A,13.0,6.5,1.2,2022-08-06,eredivisie
Cambuur,Excelsior,0,2,A,1.85,4.0,3.8,2022-08-06,eredivisie
PSV Eindhoven,FC Emmen,4,1,H,1.22,7.5,12.0,2022-08-06,eredivisie
Waalwijk,Utrecht,2,2,D,3.5,3.8,1.95,2022-08-06,eredivisie
Genk,Eupen,4,2,H,1.36,5.0,6.5,2022-08-06,pro_league
Charleroi,Oostende,1,3,A,1.6,3.8,5.0,2022-08-06,pro_league
Kortrijk,St Truiden,0,0,D,3.0,3.2,2.3,2022-08-06,pro_league
Mechelen,St. Gilloise,3,0,H,3.0,3.5,2.1,2022-08-06,pro_league
Rio Ave,Vizela,0,1,A,2.2,3.2,3.1,2022-08-06,primeira_liga
Estoril,Famalicao,2,0,H,2.5,3.0,2.8,2022-08-06,primeira_liga
Porto,Maritimo,5,1,H,1.16,7.0,10.0,2022-08-06,primeira_liga
Sivasspor,Gaziantep,1,1,D,1.95,3.5,3.3,2022-08-06,super_lig
Besiktas,Kayserispor,1,0,H,1.5,4.33,5.25,2022-08-06,super_lig
Bayern Munich,Hertha Berlin,3,2,H,,,,2022-08-05,bundesliga
Werder Bremen,Bayern Munich,1,3,A,,,,2022-08-05,bundesliga
Crystal Palace,Arsenal,0,2,A,4.2,3.6,1.85,2022-08-05,premier_league
Birmingham,Huddersfield,2,1,H,2.37,3.25,3.1,2022-08-05,championship
Ein Frankfurt,Bayern Munich,1,6,A,6.0,5.0,1.5,2022-08-05,bundesliga
Lyon,Ajaccio,2,1,H,1.33,5.25,8.5,2022-08-05,ligue_1
Heerenveen,Sparta Rotterdam,0,0,D,1.95,3.5,3.8,2022-08-05,eredivisie
Club Brugge,Waregem,1,1,D,1.22,6.0,9.0,2022-08-05,pro_league
Benfica,Arouca,4,0,H,1.14,6.5,17.0,2022-08-05,primeira_liga
Istanbulspor,Trabzonspor,0,2,A,4.7,3.75,1.61,2022-08-05,super_lig
Watford,Sheffield United,1,0,H,2.3,3.25,3.25,2022-08-01,championship
Sunderland,Coventry,1,1,D,2.62,3.5,2.6,2022-07-31,championship
Genk,Standard,3,1,H,1.5,4.2,5.25,2022-07-31,pro_league
Eupen,Club Brugge,2,1,H,5.25,4.75,1.5,2022-07-31,pro_league
Seraing,Kortrijk,0,1,A,2.87,3.4,2.25,2022-07-31,pro_league
Antwerp,Waregem,1,0,H,1.36,4.5,7.0,2022-07-31,pro_league
Blackburn,QPR,1,0,H,2.0,3.5,3.75,2022-07-30,championship
Blackpool,Reading,1,0,H,1.95,3.5,4.0,2022-07-30,championship
Cardiff,Norwich,1,0,H,3.1,3.4,2.3,2022-07-30,championship
Hull,Bristol City,2,1,H,2.37,3.25,3.1,2022-07-30,championship
Luton,Birmingham,0,0,D,1.83,3.5,4.33,2022-07-30,championship
Millwall,Stoke,2,0,H,2.3,3.25,3.2,2022-07-30,championship
Rotherham,Swansea,1,1,D,2.62,3.5,2.55,2022-07-30,championship
Wigan,Preston,0,0,D,2.4,3.3,3.0,2022-07-30,championship
Middlesbrough,West Brom,1,1,D,2.25,3.4,3.25,2022-07-30,championship
Cercle Brugge,Anderlecht,1,0,H,3.6,3.4,1.9,2022-07-30,pro_league
Oostende,Mechelen,2,1,H,2.62,3.4,2.4,2022-07-30,pro_league
Oud-Heverlee Leuven,Westerlo,2,0,H,2.5,3.4,2.62,2022-07-30,pro_league
Gent,St Truiden,1,1,D,1.5,4.2,5.5,2022-07-30,pro_league
Huddersfield,Burnley,0,1,A,2.9,3.2,2.5,2022-07-29,championship
St. Gilloise,Charleroi,1,0,H,1.65,4.0,5.0,2022-07-29,pro_league
Club Brugge,Genk,3,2,H,1.72,3.75,4.2,2022-07-24,pro_league
Mechelen,Antwerp,0,2,A,2.55,3.25,2.5,2022-07-24,pro_league
Anderlecht,Oostende,2,0,H,1.25,5.5,9.0,2022-07-24,pro_league
Westerlo,Cercle Brugge,2,0,H,2.5,3.2,2.7,2022-07-24,pro_league
Charleroi,Eupen,3,1,H,1.61,3.6,4.75,2022-07-23,pro_league
Kortrijk,Oud-Heverlee Leuven,0,2,A,2.37,3.2,2.87,2022-07-23,pro_league
Waregem,Seraing,2,0,H,2.15,3.5,2.9,2022-07-23,pro_league
St Truiden,St. Gilloise,1,1,D,4.33,3.2,1.85,2022-07-23,pro_league
Standard,Gent,2,2,D,4.2,3.6,1.85,2022-07-22,pro_league
Real Madrid,Liverpool,1,0,H,,,,2022-05-28,champions_league
Chelsea,Arsenal,4,2,H,,,,2022-05-22,epl
Empoli,Napoli,3,2,H,,,,2022-05-22,serie_a
Atletico Madrid,Rayo Vallecano,2,0,H,,,,2022-05-21,la_liga
Napoli,Fiorentina,2,1,H,,,,2022-05-21,serie_a
Real Madrid,Getafe,1,0,H,,,,2022-05-18,la_liga
Roma,Napoli,0,2,A,,,,2022-05-18,serie_a
Tottenham,Arsenal,3,0,H,,,,2022-05-12,epl
Arsenal,Chelsea,4,2,H,,,,2022-05-12,epl
Manchester City,Wolverhampton,5,1,H,,,,2022-05-11,epl
Manchester City,Tottenham,3,2,H,,,,2022-05-08,epl
Brighton,Manchester United,4,0,H,,,,2022-05-07,epl
Brighton,Manchester City,1,4,A,,,,2022-05-07,epl
Real Betis,Barcelona,1,1,D,,,,2022-05-07,la_liga
Villarreal,Liverpool,2,3,A,,,,2022-05-03,champions_league
Leicester,Tottenham,2,3,A,,,,2022-05-01,epl
Sevilla,Real Madrid,2,3,A,,,,2022-05-01,la_liga
Real Sociedad,Real Madrid,0,2,A,,,,2022-04-30,la_liga
Bayern Munich,Eintracht Frankfurt,1,0,H,,,,2022-04-30,bundesliga
Torino,Napoli,1,1,D,,,,2022-04-30,serie_a
St Etienne,PSG,1,3,A,,,,2022-04-30,ligue_1
Liverpool,Villarreal,2,0,H,,,,2022-04-27,champions_league
Liverpool,Everton,4,1,H,,,,2022-04-24,epl
Manchester United,Arsenal,1,3,A,,,,2022-04-23,epl
Watford,Everton,0,0,D,,,,2022-04-23,epl
Liverpool,Crystal Palace,7,0,H,,,,2022-04-23,epl
Arsenal,Manchester United,3,1,H,,,,2022-04-23,epl
Tottenham,Leicester,3,1,H,,,,2022-04-23,epl
Dortmund,Bayern Munich,2,3,A,,,,2022-04-23,bundesliga
PSG,Reims,2,0,H,,,,2022-04-23,ligue_1
Arsenal,Chelsea,0,0,D,,,,2022-04-20,epl
Everton,Brentford,3,2,H,,,,2022-04-20,epl
Chelsea,Arsenal,2,2,D,,,,2022-04-20,epl
AC Milan,Napoli,0,1,A,,,,2022-04-18,serie_a
Arsenal,Southampton,5,0,H,,,,2022-04-16,epl
Dortmund,RB Leipzig,3,1,H,,,,2022-04-16,bundesliga
Marseille,Angers,2,0,H,,,,2022-04-16,ligue_1
Atletico Madrid,Manchester City,0,0,D,,,,2022-04-13,champions_league
Liverpool,Benfica,3,3,D,,,,2022-04-13,champions_league
Real Madrid,Chelsea,3,1,H,,,,2022-04-12,champions_league
Bayern Munich,Villarreal,1,0,H,,,,2022-04-12,champions_league
Brentford,West Ham,0,2,A,,,,2022-04-10,epl
Napoli,Juventus,3,2,H,,,,2022-04-10,serie_a
Arsenal,Leeds,4,1,H,,,,2022-04-09,epl
Newcastle,Everton,3,1,H,,,,2022-04-07,epl
Napoli,Lazio,2,1,H,,,,2022-04-07,serie_a
Chelsea,Real Madrid,1,3,A,,,,2022-04-06,champions_league
Villarreal,Bayern Munich,1,1,D,,,,2022-04-06,champions_league
Manchester City,Atletico Madrid,1,0,H,,,,2022-04-05,champions_league
Benfica,Liverpool,1,3,A,,,,2022-04-05,champions_league
Inter Milan,Juventus,2,0,H,,,,2022-04-03,serie_a
Newcastle,Manchester United,1,1,D,,,,2022-04-02,epl
Real Madrid,Barcelona,2,1,H,,,,2022-03-20,la_liga
Monaco,Marseille,1,0,H,,,,2022-03-20,ligue_1
Liverpool,Wolves,2,0,H,,,,2022-03-19,epl
Bayern Munich,Wolfsburg,4,0,H,,,,2022-03-19,bundesliga
Manchester City,Watford,5,1,H,,,,2022-03-15,epl
Crystal Palace,Manchester City,2,0,H,,,,2022-03-14,epl
Leicester,Brentford,2,1,H,,,,2022-03-12,epl
Real Madrid,PSG,3,1,H,,,,2022-03-09,champions_league
Chelsea,Atletico Madrid,2,0,H,,,,2022-03-08,champions_league
Inter Milan,Real Madrid,0,2,A,,,,2022-03-08,champions_league
Liverpool,Atletico Madrid,2,0,H,,,,2022-03-08,champions_league
Salzburg,Real Madrid,0,7,A,,,,2022-03-08,champions_league
Monaco,Lens,2,0,H,,,,2022-03-06,ligue_1
Chelsea,Wolves,2,2,D,,,,2022-03-05,epl
Manchester City,Chelsea,2,0,H,,,,2022-03-05,epl
Southampton,Norwich,4,1,H,,,,2022-03-05,epl
West Ham,Burnley,1,0,H,,,,2022-03-05,epl
Dortmund,Stuttgart,2,1,H,,,,2022-03-05,bundesliga
Mainz,Bayern Munich,2,1,H,,,,2022-03-05,bundesliga
Real Madrid,Salzburg,2,1,H,,,,2022-03-02,champions_league
Atletico Madrid,Liverpool,1,0,H,,,,2022-02-22,champions_league
Union Berlin,Bayern Munich,2,4,A,,,,2022-02-20,bundesliga
Sassuolo,Napoli,2,2,D,,,,2022-02-20,serie_a
PSG,Monaco,2,0,H,,,,2022-02-20,ligue_1
Atletico Madrid,Liverpool,2,3,A,,,,2022-02-19,champions_league
Tottenham,Manchester City,0,3,A,,,,2022-02-19,epl
Nantes,PSG,1,3,A,,,,2022-02-19,ligue_1
PSG,Real Madrid,1,0,H,,,,2022-02-15,champions_league
Real Madrid,Atletico Madrid,2,0,H,,,,2022-02-12,la_liga
Barcelona,Atletico Madrid,0,1,A,,,,2022-02-06,la_liga
Freiburg,Leverkusen,2,1,H,,,,2022-02-06,bundesliga
Lille,Marseille,0,0,D,,,,2022-02-06,ligue_1
Real Madrid,Real Sociedad,5,3,H,,,,2022-02-05,la_liga
Leverkusen,Bayern Munich,1,5,A,,,,2022-02-05,bundesliga
Leeds,Crystal Palace,0,1,A,,,,2022-01-29,epl
Chelsea,Tottenham,2,0,H,,,,2022-01-23,epl
Barcelona,Villarreal,3,1,H,,,,2022-01-23,la_liga
Angers,Marseille,0,2,A,,,,2022-01-23,ligue_1
Dortmund,Hoffenheim,3,0,H,,,,2022-01-22,bundesliga
Arsenal,Newcastle,2,0,H,,,,2022-01-18,epl
Arsenal,Tottenham,3,1,H,,,,2022-01-16,epl
Barcelona,Real Betis,3,0,H,,,,2022-01-16,la_liga
Rayo Vallecano,Atletico Madrid,0,2,A,,,,2022-01-16,la_liga
Crystal Palace,Brighton,1,1,D,,,,2022-01-14,epl
Liverpool,Arsenal,4,0,H,,,,2022-01-13,epl
Napoli,Udinese,4,0,H,,,,2022-01-09,serie_a
Lyon,PSG,1,2,A,,,,2022-01-09,ligue_1
Real Madrid,Valencia,2,0,H,,,,2022-01-08,la_liga
Liverpool,Chelsea,2,0,H,,,,2022-01-02,epl
RB Leipzig,Dortmund,0,2,A,,,,2021-12-18,bundesliga
Everton,Chelsea,1,1,D,,,,2021-12-16,epl
West Ham,Arsenal,0,0,D,,,,2021-12-15,epl
Southampton,Brentford,2,2,D,,,,2021-12-12,epl
Valencia,Real Madrid,2,1,H,,,,2021-12-11,la_liga
Benfica,Ajax,0,1,A,,,,2021-12-08,champions_league
Real Madrid,Inter Milan,2,0,H,,,,2021-12-07,champions_league
AC Milan,Liverpool,1,2,A,,,,2021-12-07,champions_league
Everton,Arsenal,2,1,H,,,,2021-12-06,epl
Newcastle,Burnley,1,0,H,,,,2021-12-04,epl
Getafe,Real Madrid,0,2,A,,,,2021-12-04,la_liga
Bayern Munich,Dortmund,3,1,H,,,,2021-12-04,bundesliga
Leverkusen,Freiburg,3,2,H,,,,2021-12-04,bundesliga
Lens,Monaco,1,2,A,,,,2021-12-04,ligue_1
Tottenham,Brentford,2,0,H,,,,2021-12-02,epl
Aston Villa,Manchester City,0,2,A,,,,2021-12-01,epl
Everton,Liverpool,2,2,D,,,,2021-12-01,epl
PSG,Nice,1,0,H,,,,2021-12-01,ligue_1
Chelsea,Manchester United,1,1,D,,,,2021-11-28,epl
Manchester City,West Ham,2,1,H,,,,2021-11-28,epl
Real Madrid,Sevilla,3,2,H,,,,2021-11-28,la_liga
Napoli,Sassuolo,4,0,H,,,,2021-11-28,serie_a
PSG,St Etienne,3,1,H,,,,2021-11-28,ligue_1
Brighton,Leeds,2,0,H,,,,2021-11-27,epl
Crystal Palace,Wolves,2,0,H,,,,2021-11-27,epl
Leeds,Leicester,1,1,D,,,,2021-11-27,epl
Liverpool,Southampton,4,0,H,,,,2021-11-27,epl
Manchester City,PSG,2,1,H,,,,2021-11-24,champions_league
Sporting CP,Borussia Dortmund,3,1,H,,,,2021-11-24,champions_league
Juventus,Inter Milan,0,2,A,,,,2021-11-24,serie_a
AC Milan,Atletico Madrid,1,2,A,,,,2021-11-23,champions_league
Ajax,Benfica,2,2,D,,,,2021-11-23,champions_league
Villarreal,Manchester United,0,2,A,,,,2021-11-23,champions_league
Juventus,Chelsea,1,0,H,,,,2021-11-23,champions_league
Manchester United,Wolves,0,1,A,,,,2021-11-22,epl
Manchester City,Everton,3,1,H,,,,2021-11-21,epl
Liverpool,Arsenal,4,0,H,,,,2021-11-20,epl
Wolves,Aston Villa,2,3,A,,,,2021-11-20,epl
Manchester City,Burnley,2,0,H,,,,2021-11-20,epl
Leicester,Chelsea,2,3,A,,,,2021-11-20,epl
Lazio,Napoli,2,1,H,,,,2021-11-20,serie_a
Monaco,PSG,0,2,A,,,,2021-11-20,ligue_1
Chelsea,Leeds,3,2,H,,,,2021-11-11,epl
Arsenal,Watford,1,0,H,,,,2021-11-07,epl
Leicester,Manchester City,0,1,A,,,,2021-11-06,epl
Manchester United,Manchester City,0,2,A,,,,2021-11-06,epl
Eintracht Frankfurt,Bayern Munich,2,3,A,,,,2021-11-06,bundesliga
Borussia Dortmund,Ajax,1,3,A,,,,2021-11-03,champions_league
Dortmund,Ajax,1,3,A,,,,2021-11-03,champions_league
Atalanta,Manchester United,2,2,D,,,,2021-11-02,champions_league
Dynamo Kyiv,Barcelona,0,1,A,,,,2021-11-02,champions_league
Leicester,Arsenal,0,3,A,,,,2021-10-30,epl
Tottenham,Manchester United,0,3,A,,,,2021-10-30,epl
Stuttgart,Dortmund,1,2,A,,,,2021-10-30,bundesliga
Liverpool,Manchester United,5,0,H,,,,2021-10-24,epl
Barcelona,Real Madrid,4,0,H,,,,2021-10-24,la_liga
Napoli,Roma,1,0,H,,,,2021-10-24,serie_a
Marseille,Lille,2,1,H,,,,2021-10-24,ligue_1
Benfica,Ajax,1,2,A,,,,2021-10-20,champions_league
Benfica,Bayern Munich,0,4,A,,,,2021-10-20,champions_league
Manchester United,Atalanta,3,2,H,,,,2021-10-20,champions_league
Sevilla,Salzburg,1,1,D,,,,2021-10-20,champions_league
Sporting CP,Ajax,1,5,A,,,,2021-10-20,champions_league
Ajax,Borussia Dortmund,4,0,H,,,,2021-10-19,champions_league
Club Brugge,Manchester City,1,5,A,,,,2021-10-19,champions_league
Club Brugge,RB Leipzig,4,1,H,,,,2021-10-19,champions_league
Manchester City,Club Brugge,5,1,H,,,,2021-10-19,champions_league
Real Madrid,Shakhtar,5,0,H,,,,2021-10-19,champions_league
Salzburg,Lille,2,1,H,,,,2021-10-19,champions_league
Wolfsburg,Lille,1,0,H,,,,2021-10-19,champions_league
Ajax,Dortmund,4,0,H,,,,2021-10-19,champions_league
Arsenal,Crystal Palace,2,2,D,,,,2021-10-18,epl
Bayern Munich,Leverkusen,1,0,H,,,,2021-10-17,bundesliga
Napoli,Torino,1,1,D,,,,2021-10-17,serie_a
Southampton,Leicester,2,2,D,,,,2021-10-16,epl
Manchester United,Leicester,1,1,D,,,,2021-10-16,epl
Napoli,AC Milan,1,0,H,,,,2021-10-16,serie_a
Marseille,Monaco,2,2,D,,,,2021-10-10,ligue_1
Manchester City,Liverpool,0,3,A,,,,2021-10-03,champions_league
Manchester City,Liverpool,2,2,D,,,,2021-10-03,epl
Fiorentina,Napoli,2,3,A,,,,2021-10-03,serie_a
Burnley,Brighton,1,2,A,,,,2021-10-02,epl
Atletico Madrid,Barcelona,2,0,H,,,,2021-10-02,la_liga
Hoffenheim,Dortmund,1,3,A,,,,2021-10-02,bundesliga
Watford,Chelsea,0,2,A,,,,2021-10-01,epl
Nice,PSG,0,0,D,,,,2021-10-01,ligue_1
Ajax,Benfica,1,0,H,,,,2021-09-29,champions_league
Manchester United,Villarreal,2,0,H,,,,2021-09-29,champions_league
Chelsea,Juventus,4,0,H,,,,2021-09-29,champions_league
Atletico Madrid,AC Milan,0,1,A,,,,2021-09-28,champions_league
Liverpool,Arsenal,0,0,D,,,,2021-09-28,epl
PSG,Manchester City,1,2,A,,,,2021-09-28,champions_league
Real Madrid,Sheriff,1,2,A,,,,2021-09-28,champions_league
Brighton,Crystal Palace,1,1,D,,,,2021-09-27,epl
Tottenham,Arsenal,3,0,H,,,,2021-09-26,epl
Chelsea,Manchester City,0,1,A,,,,2021-09-25,epl
Bayern Munich,Mainz,3,2,H,,,,2021-09-25,bundesliga
Udinese,Napoli,0,2,A,,,,2021-09-20,serie_a
Chelsea,Tottenham,3,3,D,,,,2021-09-19,epl
PSG,Lyon,2,1,H,,,,2021-09-19,ligue_1
Aston Villa,Brentford,1,1,D,,,,2021-09-18,epl
Brentford,Arsenal,2,0,H,,,,2021-09-18,epl
Norwich,Watford,1,3,A,,,,2021-09-18,epl
Atletico Madrid,Real Madrid,0,0,D,,,,2021-09-18,la_liga
Villarreal,Barcelona,3,1,H,,,,2021-09-18,la_liga
Wolfsburg,Bayern Munich,1,4,A,,,,2021-09-18,bundesliga
Newcastle,Leicester,4,0,H,,,,2021-09-17,epl
Wolves,Manchester City,0,1,A,,,,2021-09-17,epl
Inter Milan,Real Madrid,0,2,A,,,,2021-09-15,champions_league
Liverpool,AC Milan,3,2,H,,,,2021-09-15,champions_league
Liverpool,FC Porto,2,0,H,,,,2021-09-15,champions_league
Liverpool,Porto,2,0,H,,,,2021-09-15,champions_league
Barcelona,Bayern Munich,0,3,A,,,,2021-09-14,champions_league
Bayern Munich,Barcelona,3,0,H,,,,2021-09-14,champions_league
Young Boys,Manchester United,2,1,H,,,,2021-09-14,champions_league
Leicester,Manchester City,5,2,H,,,,2021-09-11,epl
Southampton,West Ham,0,0,D,,,,2021-09-11,epl
Brentford,Wolves,2,0,H,,,,2021-09-11,epl
Bayern Munich,Union Berlin,4,0,H,,,,2021-09-11,bundesliga
Juventus,Napoli,1,0,H,,,,2021-09-11,serie_a
PSG,Nantes,3,0,H,,,,2021-09-11,ligue_1
Burnley,Leeds,1,1,D,,,,2021-08-29,epl
Manchester United,Wolves,1,0,H,,,,2021-08-29,epl
Reims,PSG,0,2,A,,,,2021-08-29,ligue_1
Arsenal,Manchester City,1,2,A,,,,2021-08-28,epl
West Ham,Crystal Palace,2,1,H,,,,2021-08-28,epl
Chelsea,Southampton,6,0,H,,,,2021-08-28,epl
Chelsea,Arsenal,2,0,H,,,,2021-08-22,epl
Napoli,Empoli,2,0,H,,,,2021-08-22,serie_a
Liverpool,Burnley,2,0,H,,,,2021-08-21,epl
Manchester City,Norwich,5,0,H,,,,2021-08-21,epl
Manchester United,Leeds,6,2,H,,,,2021-08-14,epl
Liverpool,Norwich,3,0,H,,,,2021-08-14,epl
Leeds,Manchester United,2,4,A,,,,2021-08-14,epl
Norwich,Manchester City,0,5,A,,,,2021-08-14,epl
Watford,Liverpool,0,5,A,,,,2021-08-14,epl
Arsenal,Brentford,3,0,H,,,,2021-08-13,epl
Burnley,Aston Villa,0,3,A,,,,2021-05-19,epl
Brighton,Manchester City,0,3,A,,,,2021-05-18,epl
Celta Vigo,Barcelona,2,2,D,,,,2021-05-16,la_liga
Inter Milan,Bologna,3,1,H,,,,2021-05-16,serie_a
Manchester United,Liverpool,0,5,A,,,,2021-05-13,epl
Torino,Juventus,2,2,D,,,,2021-05-12,serie_a
Manchester City,Leicester,6,3,H,,,,2021-05-11,epl
Liverpool,Burnley,1,0,H,,,,2021-05-10,epl
Real Madrid,Sevilla,0,1,A,,,,2021-05-09,la_liga
Barcelona,Atletico Madrid,0,1,A,,,,2021-05-08,la_liga
Liverpool,Southampton,3,2,H,,,,2021-05-08,epl
West Brom,Leeds,0,5,A,,,,2021-05-03,epl
Inter Milan,AC Milan,1,2,A,,,,2021-05-02,serie_a
Manchester City,Crystal Palace,4,0,H,,,,2021-05-01,epl
Real Madrid,Osasuna,2,0,H,,,,2021-05-01,la_liga
Verona,Juventus,1,1,D,,,,2021-05-01,serie_a
PSG,Manchester City,1,2,A,,,,2021-04-28,champions_league
Newcastle,Liverpool,0,3,A,,,,2021-04-24,epl
Barcelona,Real Madrid,1,3,A,,,,2021-04-24,la_liga
Everton,Arsenal,2,1,H,,,,2021-04-23,epl
Manchester United,Sheffield United,3,2,H,,,,2021-04-22,epl
Aston Villa,Arsenal,0,3,A,,,,2021-04-21,epl
Arsenal,Crystal Palace,3,0,H,,,,2021-04-18,epl
Lyon,PSG,1,2,A,,,,2021-04-18,ligue_1
Atalanta,Juventus,1,1,D,,,,2021-04-18,serie_a
Wolfsburg,Bayern Munich,2,3,A,,,,2021-04-17,bundesliga
Villarreal,Real Madrid,0,2,A,,,,2021-04-17,la_liga
Dortmund,Manchester City,1,2,A,,,,2021-04-14,champions_league
PSG,Bayern Munich,0,1,A,,,,2021-04-13,champions_league
Chelsea,Porto,2,0,H,,,,2021-04-13,champions_league
Real Madrid,Chelsea,1,2,A,,,,2021-04-12,champions_league
Valencia,Atletico Madrid,0,2,A,,,,2021-04-11,la_liga
RB Leipzig,Borussia Dortmund,0,2,A,,,,2021-04-10,bundesliga
Lille,PSG,1,0,H,,,,2021-04-10,ligue_1
Napoli,Juventus,1,1,D,,,,2021-04-07,serie_a
Bayern Munich,PSG,2,3,A,,,,2021-04-07,champions_league
Porto,Chelsea,1,0,H,,,,2021-04-07,champions_league
Chelsea,Real Madrid,2,0,H,,,,2021-04-06,champions_league
Manchester City,PSG,2,1,H,,,,2021-04-06,champions_league
Manchester City,Dortmund,2,1,H,,,,2021-04-06,champions_league
Newcastle,Tottenham,2,2,D,,,,2021-04-04,epl
Tottenham,Newcastle,2,2,D,,,,2021-04-04,epl
Lazio,Inter Milan,1,3,A,,,,2021-04-04,serie_a
RB Leipzig,Bayern Munich,0,1,A,,,,2021-04-03,bundesliga
Real Madrid,Eibar,3,1,H,,,,2021-04-03,la_liga
Arsenal,Sheffield United,2,1,H,,,,2021-03-27,epl
West Ham,Arsenal,3,3,D,,,,2021-03-21,epl
Real Madrid,Barcelona,3,1,H,,,,2021-03-20,la_liga
Inter Milan,Fiorentina,3,2,H,,,,2021-03-19,serie_a
Sevilla,Dortmund,2,3,A,,,,2021-03-17,champions_league
Real Madrid,Atalanta,3,1,H,,,,2021-03-16,champions_league
Wolves,Liverpool,0,4,A,,,,2021-03-15,epl
Barcelona,Huesca,4,1,H,,,,2021-03-15,la_liga
Tottenham,Arsenal,2,1,H,,,,2021-03-14,epl
Leeds,Chelsea,0,0,D,,,,2021-03-13,epl
Dortmund,Freiburg,4,0,H,,,,2021-03-13,bundesliga
Aston Villa,Newcastle,1,1,D,,,,2021-03-12,epl
Liverpool,Leipzig,2,0,H,,,,2021-03-10,champions_league
Barcelona,PSG,1,4,A,,,,2021-03-10,champions_league
Dortmund,Sevilla,2,2,D,,,,2021-03-09,champions_league
Juventus,Porto,3,2,H,,,,2021-03-09,champions_league
Everton,Chelsea,1,0,H,,,,2021-03-08,epl
Chelsea,Everton,2,0,H,,,,2021-03-08,epl
Atletico Madrid,Real Madrid,1,1,D,,,,2021-03-07,la_liga
Liverpool,Fulham,0,1,A,,,,2021-03-07,epl
Manchester United,Manchester City,2,0,H,,,,2021-03-07,epl
Tottenham,Crystal Palace,4,1,H,,,,2021-03-07,epl
Monaco,Lyon,2,1,H,,,,2021-03-07,ligue_1
Bayern Munich,Borussia Dortmund,4,2,H,,,,2021-03-06,bundesliga
Crystal Palace,Wolves,0,0,D,,,,2021-03-06,epl
Arsenal,Burnley,3,0,H,,,,2021-03-06,epl
Bayern Munich,Dortmund,4,2,H,,,,2021-03-06,bundesliga
Bayern Munich,Hoffenheim,6,0,H,,,,2021-03-06,bundesliga
Liverpool,Wolves,1,0,H,,,,2021-03-04,epl
Chelsea,Fulham,1,0,H,,,,2021-03-01,epl
Manchester United,Chelsea,1,1,D,,,,2021-02-28,epl
Sevilla,Barcelona,2,0,H,,,,2021-02-27,la_liga
Barcelona,Celta Vigo,5,1,H,,,,2021-02-27,la_liga
Atalanta,Real Madrid,0,1,A,,,,2021-02-24,champions_league
AC Milan,Inter Milan,0,3,A,,,,2021-02-21,serie_a
Manchester City,Arsenal,3,0,H,,,,2021-02-21,epl
Monaco,PSG,2,0,H,,,,2021-02-21,ligue_1
Eintracht Frankfurt,Bayern Munich,2,1,H,,,,2021-02-20,bundesliga
Sheffield United,Southampton,0,2,A,,,,2021-02-20,epl
Bayern Munich,Eintracht Frankfurt,2,1,H,,,,2021-02-20,bundesliga
Wolves,Leeds,0,0,D,,,,2021-02-19,epl
Porto,Juventus,0,3,A,,,,2021-02-17,champions_league
Leipzig,Liverpool,0,2,A,,,,2021-02-16,champions_league
PSG,Barcelona,4,1,H,,,,2021-02-16,champions_league
Atletico Madrid,Deportivo Alaves,5,1,H,,,,2021-02-14,la_liga
PSG,Lille,0,1,A,,,,2021-02-14,ligue_1
Manchester City,Tottenham,4,0,H,,,,2021-02-13,epl
Tottenham,Manchester City,2,0,H,,,,2021-02-13,epl
Sevilla,Real Betis,2,0,H,,,,2021-02-13,la_liga
Arsenal,Everton,3,1,H,,,,2021-02-12,epl
Manchester City,Liverpool,4,1,H,,,,2021-02-07,epl
Marseille,PSG,0,2,A,,,,2021-02-07,ligue_1
Arsenal,Aston Villa,3,1,H,,,,2021-02-06,epl
Sheffield United,Wolves,0,1,A,,,,2021-02-02,epl
West Ham,Liverpool,1,1,D,,,,2021-01-31,epl
Leeds,Leicester,1,3,A,,,,2021-01-31,epl
Bayer Leverkusen,Bayern Munich,1,2,A,,,,2021-01-30,bundesliga
Southampton,Arsenal,1,3,A,,,,2021-01-22,epl
Dortmund,Bayer Leverkusen,2,0,H,,,,2021-01-22,bundesliga
Aston Villa,Manchester City,0,2,A,,,,2021-01-20,epl
Everton,Tottenham,5,4,H,,,,2021-01-20,epl
Manchester United,Fulham,1,1,D,,,,2021-01-20,epl
Dortmund,Union Berlin,3,0,H,,,,2021-01-19,bundesliga
West Ham,Chelsea,3,3,D,,,,2021-01-18,epl
Inter Milan,Juventus,2,0,H,,,,2021-01-17,serie_a
Brighton,Chelsea,1,1,D,,,,2021-01-16,epl
Arsenal,Crystal Palace,0,0,D,,,,2021-01-14,epl
Napoli,Inter Milan,1,3,A,,,,2021-01-13,serie_a
Tottenham,Chelsea,0,1,A,,,,2021-01-13,epl
Real Sociedad,Atletico Madrid,1,2,A,,,,2021-01-10,la_liga
Atletico Madrid,Barcelona,1,0,H,,,,2021-01-09,la_liga
Roma,Juventus,2,0,H,,,,2021-01-09,serie_a
Bayern Munich,VfB Stuttgart,4,0,H,,,,2021-01-09,bundesliga
Manchester City,Chelsea,3,1,H,,,,2021-01-03,epl
Arsenal,West Brom,3,1,H,,,,2021-01-02,epl
Arsenal,Chelsea,2,1,H,,,,2020-12-26,epl
Leicester,Manchester United,3,1,H,,,,2020-12-26,epl
Juventus,Roma,2,0,H,,,,2020-12-22,serie_a
Barcelona,Real Madrid,0,0,D,,,,2020-12-19,la_liga
Sheffield United,Manchester United,2,3,A,,,,2020-12-17,epl
Arsenal,Newcastle,2,0,H,,,,2020-12-16,epl
Inter Milan,Napoli,2,0,H,,,,2020-12-16,serie_a
West Brom,Arsenal,0,4,A,,,,2020-12-14,epl
Nantes,Monaco,0,2,A,,,,2020-12-13,ligue_1
Manchester City,Manchester United,2,0,H,,,,2020-12-12,epl
Real Madrid,Atletico Madrid,1,1,D,,,,2020-12-12,la_liga
Atletico Madrid,Valencia,3,1,H,,,,2020-12-08,la_liga
Arsenal,Tottenham,3,1,H,,,,2020-12-06,epl
Liverpool,Wolves,4,0,H,,,,2020-12-06,epl
Tottenham,Arsenal,2,0,H,,,,2020-12-06,epl
Montpellier,Marseille,2,1,H,,,,2020-12-06,ligue_1
Chelsea,Leeds,3,1,H,,,,2020-12-05,epl
Juventus,Torino,2,1,H,,,,2020-12-05,serie_a
Arsenal,Wolves,2,3,A,,,,2020-11-29,epl
Brighton,Liverpool,1,1,D,,,,2020-11-28,epl
Juventus,Atalanta,3,2,H,,,,2020-11-28,serie_a
PSG,Bordeaux,2,2,D,,,,2020-11-28,ligue_1
Liverpool,Newcastle,3,1,H,,,,2020-11-25,epl
Southampton,Liverpool,0,4,A,,,,2020-11-22,epl
Southampton,Manchester City,1,0,H,,,,2020-11-22,epl
Angers,Lyon,0,2,A,,,,2020-11-22,ligue_1
Bayern Munich,Bayer Leverkusen,2,0,H,,,,2020-11-21,bundesliga
Leicester,Liverpool,1,3,A,,,,2020-11-21,epl
Villarreal,Real Madrid,1,1,D,,,,2020-11-21,la_liga
Chelsea,Newcastle,2,0,H,,,,2020-11-21,epl
Marseille,Lens,1,1,D,,,,2020-11-21,ligue_1
PSG,Monaco,0,2,A,,,,2020-11-20,ligue_1
Borussia Dortmund,RB Leipzig,1,3,A,,,,2020-11-08,bundesliga
Crystal Palace,Brighton,1,1,D,,,,2020-11-08,epl
Liverpool,Manchester City,1,4,A,,,,2020-11-08,epl
Manchester City,Chelsea,2,0,H,,,,2020-11-08,epl
Nice,Monaco,0,0,D,,,,2020-11-08,ligue_1
Borussia Dortmund,Bayern Munich,2,3,A,,,,2020-11-07,bundesliga
Chelsea,Everton,2,0,H,,,,2020-11-07,epl
Manchester City,Brighton,1,0,H,,,,2020-11-07,epl
Liverpool,Southampton,2,0,H,,,,2020-11-07,epl
Real Betis,Sevilla,0,3,A,,,,2020-11-07,la_liga
Bayern Munich,Hertha Berlin,4,3,H,,,,2020-11-07,bundesliga
Dortmund,Bayern Munich,2,3,A,,,,2020-11-07,bundesliga
Bayer Leverkusen,Dortmund,4,3,H,,,,2020-11-07,bundesliga
Monaco,Metz,3,0,H,,,,2020-11-07,ligue_1
Newcastle,Arsenal,0,3,A,,,,2020-11-01,epl
Reims,Marseille,0,0,D,,,,2020-11-01,ligue_1
Burnley,Chelsea,2,3,A,,,,2020-10-31,epl
Everton,West Ham,1,4,A,,,,2020-10-31,epl
Liverpool,West Ham,1,1,D,,,,2020-10-31,epl
Osasuna,Real Madrid,0,2,A,,,,2020-10-31,la_liga
Arsenal,Leicester,2,0,H,,,,2020-10-25,epl
Marseille,Lyon,1,0,H,,,,2020-10-25,ligue_1
Juventus,Verona,1,0,H,,,,2020-10-25,serie_a
Barcelona,Real Madrid,1,3,A,,,,2020-10-24,la_liga
Chelsea,Manchester United,0,0,D,,,,2020-10-24,epl
Juventus,Inter Milan,3,2,H,,,,2020-10-24,serie_a
Real Madrid,Barcelona,2,1,H,,,,2020-10-24,la_liga
Borussia Dortmund,Schalke,3,0,H,,,,2020-10-24,bundesliga
Lyon,Strasbourg,4,1,H,,,,2020-10-24,ligue_1
PSG,Dijon,4,0,H,,,,2020-10-24,ligue_1
Manchester City,Aston Villa,2,0,H,,,,2020-10-21,epl
Leeds,Manchester United,0,0,D,,,,2020-10-19,epl
Wolves,Leeds,0,0,D,,,,2020-10-19,epl
Crystal Palace,Arsenal,2,3,A,,,,2020-10-18,epl
Fulham,Liverpool,1,3,A,,,,2020-10-18,epl
Leicester,Aston Villa,1,1,D,,,,2020-10-18,epl
Manchester City,West Ham,2,1,H,,,,2020-10-18,epl
Nice,PSG,1,1,D,,,,2020-10-18,ligue_1
Arsenal,Manchester City,1,0,H,,,,2020-10-17,epl
Everton,Liverpool,2,2,D,,,,2020-10-17,epl
Newcastle,Manchester United,2,3,A,,,,2020-10-17,epl
VfB Stuttgart,Bayern Munich,0,3,A,,,,2020-10-17,bundesliga
PSG,Angers,6,1,H,,,,2020-10-17,ligue_1
Union Berlin,Dortmund,1,2,A,,,,2020-10-10,bundesliga
Aston Villa,Liverpool,7,2,H,,,,2020-10-04,epl
Barcelona,Sevilla,2,0,H,,,,2020-10-04,la_liga
Juventus,Napoli,1,0,H,,,,2020-10-04,serie_a
Manchester United,Tottenham,1,6,A,,,,2020-10-04,epl
Sheffield United,Arsenal,0,2,A,,,,2020-10-04,epl
Tottenham,Manchester United,3,0,H,,,,2020-10-04,epl
Inter Milan,Lazio,2,1,H,,,,2020-10-04,serie_a
Lens,Nice,1,0,H,,,,2020-10-04,ligue_1
Freiburg,Dortmund,0,1,A,,,,2020-10-03,bundesliga
Bologna,Inter Milan,0,1,A,,,,2020-10-03,serie_a
Monaco,Brest,4,0,H,,,,2020-10-03,ligue_1
Lyon,Nantes,4,1,H,,,,2020-10-03,ligue_1
Arsenal,Liverpool,3,0,H,,,,2020-09-28,epl
West Ham,Sheffield United,1,0,H,,,,2020-09-27,epl
Atletico Madrid,Real Sociedad,2,0,H,,,,2020-09-27,la_liga
Lorient,PSG,1,3,A,,,,2020-09-27,ligue_1
Bayern Munich,RB Leipzig,5,1,H,,,,2020-09-26,bundesliga
West Brom,Chelsea,3,3,D,,,,2020-09-26,epl
Schalke,Bayern Munich,0,3,A,,,,2020-09-26,bundesliga
Hoffenheim,Bayern Munich,1,4,A,,,,2020-09-26,bundesliga
Fiorentina,Inter Milan,0,2,A,,,,2020-09-26,serie_a
Chelsea,Liverpool,0,0,D,,,,2020-09-20,epl
Liverpool,Leicester,0,1,A,,,,2020-09-20,epl
Marseille,Bordeaux,3,1,H,,,,2020-09-20,ligue_1
Arsenal,Everton,2,1,H,,,,2020-09-19,epl
Crystal Palace,Manchester United,0,3,A,,,,2020-09-19,epl
RB Leipzig,Schalke,2,2,D,,,,2020-09-19,bundesliga
PSG,Lyon,4,2,H,,,,2020-09-17,ligue_1
Rennes,PSG,1,3,A,,,,2020-09-16,ligue_1
PSG,Marseille,0,1,A,,,,2020-09-13,ligue_1
Burnley,Liverpool,0,3,A,,,,2020-09-12,epl
Fulham,Arsenal,0,3,A,,,,2020-09-12,epl
Lens,Marseille,2,1,H,,,,2020-09-12,ligue_1
Brest,PSG,0,3,A,,,,2020-09-10,ligue_1
Eintracht Frankfurt,Bayern Munich,0,5,A,,,,2020-09-05,bundesliga
Juventus,Napoli,2,1,H,,,,2020-08-31,serie_a
Inter Milan,Atalanta,1,1,D,,,,2020-08-01,serie_a
Real Madrid,Villarreal,2,1,H,,,,2020-07-16,la_liga
Juventus,AC Milan,1,0,H,,,,2020-07-12,serie_a
Inter Milan,Roma,0,2,A,,,,2020-07-10,serie_a
Arsenal,Leicester,1,0,H,,,,2020-07-07,epl
Tottenham,Everton,1,0,H,,,,2020-07-06,epl
Sevilla,Real Madrid,0,1,A,,,,2020-07-05,la_liga
Atletico Madrid,Barcelona,1,0,H,,,,2020-07-01,la_liga
Chelsea,Manchester City,2,0,H,,,,2020-06-25,epl
Real Madrid,Real Sociedad,1,0,H,,,,2020-06-24,la_liga
RB Leipzig,Borussia Dortmund,3,2,H,,,,2020-06-20,bundesliga
Bayern Munich,Bayer Leverkusen,4,3,H,,,,2020-06-06,bundesliga
Borussia Dortmund,Schalke,2,4,A,,,,2020-05-16,bundesliga
Barcelona,Valencia,5,2,H,,,,2020-05-02,la_liga
Bayern Munich,Eintracht Frankfurt,2,0,H,,,,2020-05-02,bundesliga
Atletico Madrid,Athletic Bilbao,2,0,H,,,,2020-03-14,la_liga
Manchester United,Crystal Palace,1,0,H,,,,2020-03-08,epl
Arsenal,West Ham,1,3,A,,,,2020-03-07,epl
Atletico Madrid,Real Madrid,1,0,H,,,,2020-03-07,la_liga
Rennes,PSG,2,1,H,,,,2020-03-04,ligue_1
Chelsea,Liverpool,0,2,A,,,,2020-03-03,epl
Real Madrid,Barcelona,2,0,H,,,,2020-03-01,la_liga
Manchester City,Leicester,1,0,H,,,,2020-02-22,epl
Barcelona,Getafe,2,1,H,,,,2020-02-15,la_liga
Inter Milan,Juventus,2,0,H,,,,2020-02-09,serie_a
Marseille,PSG,1,2,A,,,,2020-02-07,ligue_1
Barcelona,Villarreal,4,1,H,,,,2020-02-02,la_liga
Manchester City,Wolves,3,0,H,,,,2020-02-02,epl
Liverpool,Southampton,4,0,H,,,,2020-02-01,epl
RB Leipzig,Bayern Munich,3,0,H,,,,2020-02-01,bundesliga
Juventus,Napoli,2,1,H,,,,2020-01-26,serie_a
Lille,PSG,0,2,A,,,,2020-01-26,ligue_1
Manchester United,Burnley,1,0,H,,,,2020-01-22,epl
Liverpool,Manchester United,2,0,H,,,,2020-01-19,epl
PSG,Monaco,4,1,H,,,,2020-01-12,ligue_1
Tottenham,Liverpool,1,1,D,,,,2020-01-11,epl
Manchester United,Arsenal,2,2,D,,,,2020-01-01,epl
Monaco,Nice,2,1,H,,,,2019-12-21,ligue_1
Manchester City,Arsenal,3,0,H,,,,2019-12-15,epl
Borussia Dortmund,Wolfsburg,3,0,H,,,,2019-12-14,bundesliga
Lyon,Brest,3,2,H,,,,2019-12-14,ligue_1
Manchester City,Aston Villa,3,0,H,,,,2019-12-11,epl
West Ham,Arsenal,0,1,A,,,,2019-12-09,epl
Everton,Chelsea,0,2,A,,,,2019-12-07,epl
Juventus,Lazio,2,1,H,,,,2019-12-07,serie_a
Lazio,Juventus,1,3,A,,,,2019-12-07,serie_a
Barcelona,Atletico Madrid,2,0,H,,,,2019-12-01,la_liga
Manchester City,Chelsea,2,1,H,,,,2019-11-23,epl
Marseille,Angers,5,0,H,,,,2019-11-23,ligue_1
PSG,Lille,2,0,H,,,,2019-11-22,ligue_1
AC Milan,Juventus,1,1,D,,,,2019-11-10,serie_a
Liverpool,Manchester City,3,0,H,,,,2019-11-10,epl
Manchester City,Liverpool,3,1,H,,,,2019-11-10,epl
Manchester United,Brighton,3,0,H,,,,2019-11-10,epl
Bayern Munich,Borussia Dortmund,4,0,H,,,,2019-11-09,bundesliga
Borussia Dortmund,Bayern Munich,3,2,H,,,,2019-11-09,bundesliga
PSG,Metz,6,0,H,,,,2019-11-08,ligue_1
Everton,Tottenham,1,1,D,,,,2019-11-03,epl
Arsenal,Liverpool,1,3,A,,,,2019-11-02,epl
Bayer Leverkusen,Bayern Munich,2,4,A,,,,2019-11-02,bundesliga
Eintracht Frankfurt,Bayern Munich,5,1,H,,,,2019-11-02,bundesliga
Monaco,PSG,3,3,D,,,,2019-11-02,ligue_1
Athletic Bilbao,Atletico Madrid,1,2,A,,,,2019-10-27,la_liga
Liverpool,Tottenham,2,1,H,,,,2019-10-27,epl
PSG,Marseille,4,0,H,,,,2019-10-27,ligue_1
Eintracht Frankfurt,Bayern Munich,2,1,H,,,,2019-10-26,bundesliga
Roma,Inter Milan,2,1,H,,,,2019-10-26,serie_a
Schalke,Borussia Dortmund,0,2,A,,,,2019-10-26,bundesliga
Leicester,Arsenal,2,0,H,,,,2019-10-22,epl
Brest,Lyon,2,2,D,,,,2019-10-20,ligue_1
Manchester United,Liverpool,1,1,D,,,,2019-10-20,epl
PSG,Lyon,1,0,H,,,,2019-10-19,ligue_1
Arsenal,Bournemouth,1,0,H,,,,2019-10-06,epl
Juventus,Inter Milan,1,2,A,,,,2019-10-06,serie_a
Manchester United,Newcastle,4,1,H,,,,2019-10-06,epl
Newcastle,Manchester United,1,0,H,,,,2019-10-06,epl
Angers,Marseille,0,2,A,,,,2019-10-05,ligue_1
Nice,Monaco,1,1,D,,,,2019-10-05,ligue_1
Arsenal,Manchester United,1,1,D,,,,2019-09-30,epl
Valencia,Barcelona,2,2,D,,,,2019-09-29,la_liga
Chelsea,Aston Villa,1,2,A,,,,2019-09-28,epl
Getafe,Barcelona,1,2,A,,,,2019-09-28,la_liga
Liverpool,Sheffield United,2,0,H,,,,2019-09-28,epl
Real Madrid,Atletico Madrid,0,0,D,,,,2019-09-28,la_liga
Sheffield United,Liverpool,0,1,A,,,,2019-09-28,epl
Villarreal,Barcelona,1,2,A,,,,2019-09-24,la_liga
Liverpool,Chelsea,2,0,H,,,,2019-09-22,epl
Lyon,PSG,0,4,A,,,,2019-09-22,ligue_1
Real Madrid,Sevilla,2,1,H,,,,2019-09-22,la_liga
Leicester,Manchester City,0,2,A,,,,2019-09-21,epl
Borussia Dortmund,RB Leipzig,3,3,D,,,,2019-09-19,bundesliga
Arsenal,Watford,1,1,D,,,,2019-09-15,epl
Watford,Arsenal,2,2,D,,,,2019-09-15,epl
Bayern Munich,RB Leipzig,2,1,H,,,,2019-09-14,bundesliga
Metz,PSG,1,2,A,,,,2019-09-14,ligue_1
Real Sociedad,Real Madrid,1,4,A,,,,2019-09-14,la_liga
Napoli,Juventus,2,1,H,,,,2019-09-07,serie_a
Wolves,Manchester City,2,0,H,,,,2019-09-06,epl
PSG,Rennes,4,0,H,,,,2019-09-01,ligue_1
Atalanta,Inter Milan,0,2,A,,,,2019-08-25,serie_a
Bournemouth,Arsenal,1,1,D,,,,2019-08-24,epl
Crystal Palace,Manchester United,1,2,A,,,,2019-08-24,epl
Liverpool,Arsenal,3,1,H,,,,2019-08-24,epl
Brighton,Manchester United,3,3,D,,,,2019-08-18,epl
Chelsea,Arsenal,1,2,A,,,,2019-08-18,epl
Aston Villa,Chelsea,2,2,D,,,,2019-08-17,epl
Aston Villa,Manchester City,0,3,A,,,,2019-08-17,epl
Manchester City,Tottenham,2,0,H,,,,2019-08-17,epl
Southampton,Liverpool,0,4,A,,,,2019-08-17,epl
Tottenham,Manchester City,2,2,D,,,,2019-08-17,epl
Wolfsburg,Borussia Dortmund,0,2,A,,,,2019-08-17,bundesliga
Arsenal,Manchester City,0,3,A,,,,2019-08-12,epl
Chelsea,Everton,1,0,H,,,,2019-08-11,epl
Burnley,Manchester United,0,0,D,,,,2019-08-10,epl
Manchester City,Southampton,3,1,H,,,,2019-05-12,epl
Tottenham,Leicester,3,1,H,,,,2019-05-05,epl
Liverpool,Brighton,3,1,H,,,,2019-05-04,epl
Manchester United,Chelsea,1,1,D,,,,2019-04-28,epl
Inter Milan,Juventus,1,1,D,,,,2019-04-27,serie_a
Schalke,Borussia Dortmund,2,4,A,,,,2019-04-27,bundesliga
Liverpool,Huddersfield,5,0,H,,,,2019-04-26,epl
Manchester United,Manchester City,3,2,H,,,,2019-04-24,epl
Watford,Manchester City,1,2,A,,,,2019-04-22,epl
Arsenal,Crystal Palace,2,3,A,,,,2019-04-21,epl
Lyon,PSG,2,0,H,,,,2019-04-21,ligue_1
PSG,Monaco,3,1,H,,,,2019-04-21,ligue_1
Real Madrid,Athletic Bilbao,3,0,H,,,,2019-04-21,la_liga
Barcelona,Real Sociedad,1,0,H,,,,2019-04-20,la_liga
Atletico Madrid,Valencia,1,0,H,,,,2019-04-13,la_liga
Rennes,PSG,2,1,H,,,,2019-04-07,ligue_1
AC Milan,Juventus,0,2,A,,,,2019-04-06,serie_a
Barcelona,Atletico Madrid,2,0,H,,,,2019-04-06,la_liga
Borussia Dortmund,Bayern Munich,3,2,H,,,,2019-04-06,bundesliga
Manchester City,Cardiff,5,0,H,,,,2019-04-03,epl
Arsenal,Liverpool,1,1,D,,,,2019-04-01,epl
Liverpool,Tottenham,2,1,H,,,,2019-03-31,epl
Barcelona,Sevilla,2,0,H,,,,2019-03-30,la_liga
Juventus,Atalanta,2,2,D,,,,2019-03-30,serie_a
Manchester City,Newcastle,2,1,H,,,,2019-03-30,epl
Atalanta,Napoli,0,1,A,,,,2019-03-23,serie_a
Liverpool,Watford,5,0,H,,,,2019-03-17,epl
Tottenham,Liverpool,0,2,A,,,,2019-03-12,epl
Arsenal,Manchester United,2,0,H,,,,2019-03-10,epl
Chelsea,Wolves,1,1,D,,,,2019-03-10,epl
Lyon,Marseille,4,2,H,,,,2019-03-10,ligue_1
Bayern Munich,RB Leipzig,0,0,D,,,,2019-03-09,bundesliga
Leicester,Manchester City,2,1,H,,,,2019-03-09,epl
Chelsea,Everton,2,0,H,,,,2019-03-08,epl
Juventus,Napoli,2,1,H,,,,2019-03-03,serie_a
Liverpool,Everton,5,2,H,,,,2019-03-03,epl
Borussia Dortmund,Eintracht Frankfurt,2,2,D,,,,2019-03-02,bundesliga
Real Madrid,Barcelona,2,0,H,,,,2019-03-02,la_liga
Marseille,PSG,2,2,D,,,,2019-02-26,ligue_1
Real Betis,Barcelona,3,4,A,,,,2019-02-17,la_liga
Valencia,Barcelona,1,1,D,,,,2019-02-17,la_liga
Chelsea,Manchester City,0,6,A,,,,2019-02-10,epl
Manchester City,Chelsea,6,0,H,,,,2019-02-10,epl
Tottenham,Arsenal,1,0,H,,,,2019-02-10,epl
Atletico Madrid,Real Madrid,1,0,H,,,,2019-02-09,la_liga
RB Leipzig,Borussia Dortmund,0,0,D,,,,2019-02-09,bundesliga
PSG,Lille,2,1,H,,,,2019-02-03,ligue_1
PSG,Lyon,5,0,H,,,,2019-02-03,ligue_1
Bayern Munich,Eintracht Frankfurt,3,0,H,,,,2019-02-02,bundesliga
Burnley,Arsenal,0,3,A,,,,2019-02-02,epl
Bournemouth,Chelsea,0,1,A,,,,2019-01-30,epl
Huddersfield,Liverpool,0,1,A,,,,2019-01-30,epl
Newcastle,Manchester City,2,1,H,,,,2019-01-29,epl
Monaco,PSG,3,1,H,,,,2019-01-27,ligue_1
Borussia Dortmund,Bayer Leverkusen,4,2,H,,,,2019-01-26,bundesliga
Arsenal,Chelsea,2,0,H,,,,2019-01-19,epl
Chelsea,Arsenal,2,1,H,,,,2019-01-19,epl
Leicester,Tottenham,2,0,H,,,,2019-01-19,epl
Nice,Monaco,1,4,A,,,,2019-01-19,ligue_1
Roma,Juventus,0,0,D,,,,2019-01-13,serie_a
Brighton,Liverpool,0,1,A,,,,2019-01-12,epl
Juventus,AC Milan,2,0,H,,,,2019-01-11,serie_a
Nantes,PSG,0,3,A,,,,2019-01-05,ligue_1
Cardiff,Manchester City,0,5,A,,,,2019-01-03,epl
Manchester City,Liverpool,0,0,D,,,,2019-01-03,epl
Arsenal,Fulham,4,1,H,,,,2019-01-01,epl
Fiorentina,Juventus,1,3,A,,,,2019-01-01,serie_a
West Ham,Manchester United,3,1,H,,,,2018-12-29,epl
Manchester City,Leicester,1,0,H,,,,2018-12-26,epl
Eintracht Frankfurt,Borussia Dortmund,3,3,D,,,,2018-12-22,bundesliga
Juventus,Roma,1,0,H,,,,2018-12-22,serie_a
Real Sociedad,Barcelona,2,4,A,,,,2018-12-20,la_liga
Athletic Bilbao,Real Madrid,1,2,A,,,,2018-12-15,la_liga
Arsenal,Burnley,3,1,H,,,,2018-12-13,epl
Real Madrid,Sevilla,0,3,A,,,,2018-12-09,la_liga
RB Leipzig,Bayern Munich,0,0,D,,,,2018-12-08,bundesliga
Juventus,Inter Milan,3,2,H,,,,2018-12-07,serie_a
Manchester United,Arsenal,2,2,D,,,,2018-12-05,epl
Wolves,Chelsea,2,1,H,,,,2018-12-05,epl
Arsenal,Tottenham,4,2,H,,,,2018-12-02,epl
Everton,Liverpool,0,0,D,,,,2018-12-02,epl
Atletico Madrid,Barcelona,0,0,D,,,,2018-11-24,la_liga
Watford,Liverpool,0,0,D,,,,2018-11-24,epl
Lille,PSG,5,1,H,,,,2018-11-22,ligue_1
Villarreal,Atletico Madrid,0,2,A,,,,2018-11-18,la_liga
Bordeaux,Lyon,1,2,A,,,,2018-11-11,ligue_1
Everton,Chelsea,0,2,A,,,,2018-11-11,epl
Manchester City,Manchester United,3,1,H,,,,2018-11-11,epl
Bayern Munich,Borussia Dortmund,5,0,H,,,,2018-11-10,bundesliga
Southampton,Manchester City,1,6,A,,,,2018-11-04,epl
St Etienne,Monaco,0,1,A,,,,2018-11-04,ligue_1
Chelsea,Bournemouth,1,0,H,,,,2018-11-03,epl
Liverpool,Arsenal,5,1,H,,,,2018-11-03,epl
Barcelona,Real Madrid,5,1,H,,,,2018-10-28,la_liga
Crystal Palace,Arsenal,3,2,H,,,,2018-10-28,epl
PSG,Marseille,2,2,D,,,,2018-10-28,ligue_1
Borussia Dortmund,Schalke,2,2,D,,,,2018-10-27,bundesliga
Chelsea,Manchester United,2,2,D,,,,2018-10-20,epl
Napoli,Juventus,1,2,A,,,,2018-10-20,serie_a
Borussia Dortmund,RB Leipzig,2,1,H,,,,2018-10-07,bundesliga
Fulham,Arsenal,1,4,A,,,,2018-10-07,epl
Liverpool,Manchester City,3,1,H,,,,2018-10-07,epl
Manchester United,West Ham,0,0,D,,,,2018-09-29,epl
Real Madrid,Atletico Madrid,3,1,H,,,,2018-09-29,la_liga
Girona,Barcelona,0,2,A,,,,2018-09-23,la_liga
Sevilla,Barcelona,2,1,H,,,,2018-09-23,la_liga
Wolfsburg,Bayern Munich,2,2,D,,,,2018-09-22,bundesliga
Manchester City,Watford,3,1,H,,,,2018-09-18,epl
Bayer Leverkusen,Borussia Dortmund,2,4,A,,,,2018-09-15,bundesliga
Celta Vigo,Barcelona,2,0,H,,,,2018-09-01,la_liga
PSG,Nantes,4,0,H,,,,2018-09-01,ligue_1
Barcelona,Levante,5,0,H,,,,2018-08-26,la_liga
Real Madrid,Villarreal,1,0,H,,,,2018-05-19,la_liga
Barcelona,Real Madrid,3,2,H,,,,2018-05-06,la_liga
Real Madrid,Valencia,2,1,H,,,,2018-04-29,la_liga
Inter Milan,Juventus,2,2,D,,,,2018-04-28,serie_a
Liverpool,Chelsea,1,1,D,,,,2018-04-22,epl
Borussia Dortmund,Bayern Munich,2,2,D,,,,2018-04-14,bundesliga
Tottenham,Manchester City,1,3,A,,,,2018-04-14,epl
Real Madrid,Atletico Madrid,1,1,D,,,,2018-04-08,la_liga
Manchester City,Manchester United,2,3,A,,,,2018-04-07,epl
Manchester United,Liverpool,2,1,H,,,,2018-03-10,epl
Atletico Madrid,Barcelona,1,1,D,,,,2018-03-04,la_liga
Barcelona,Atletico Madrid,1,0,H,,,,2018-03-04,la_liga
Arsenal,Manchester City,1,2,A,,,,2018-03-01,epl
Liverpool,Tottenham,2,2,D,,,,2018-02-04,epl
Juventus,Roma,3,1,H,,,,2018-01-13,serie_a
Arsenal,Chelsea,2,2,D,,,,2018-01-03,epl
Real Madrid,Barcelona,2,3,A,,,,2017-12-23,la_liga
Manchester United,Manchester City,1,2,A,,,,2017-12-10,epl
RB Leipzig,Borussia Dortmund,2,1,H,,,,2017-12-09,bundesliga
Napoli,Juventus,1,0,H,,,,2017-12-01,serie_a
Valencia,Real Madrid,0,2,A,,,,2017-11-26,la_liga
Atletico Madrid,Real Madrid,1,2,A,,,,2017-11-18,la_liga
Barcelona,Sevilla,2,1,H,,,,2017-11-04,la_liga
Bayern Munich,Borussia Dortmund,3,1,H,,,,2017-11-04,bundesliga
Manchester United,Arsenal,1,2,A,,,,2017-11-04,epl
Juventus,Inter Milan,2,0,H,,,,2017-10-28,serie_a
Tottenham,Liverpool,4,1,H,,,,2017-10-22,epl
Liverpool,Manchester United,0,0,D,,,,2017-10-14,epl
Villarreal,Real Madrid,3,1,H,,,,2017-10-01,la_liga
Sevilla,Barcelona,2,2,D,,,,2017-09-23,la_liga
Chelsea,Arsenal,3,0,H,,,,2017-09-17,epl
Chelsea,Liverpool,1,1,D,,,,2017-09-16,epl
Manchester City,Tottenham,2,2,D,,,,2017-09-16,epl
Manchester City,Liverpool,5,0,H,,,,2017-09-09,epl
Manchester City,Arsenal,3,1,H,,,,2017-08-12,epl
Arsenal,Leicester,2,1,H,,,,2017-08-11,epl
Real Madrid,Sevilla,4,1,H,,,,2017-05-14,la_liga
Roma,Juventus,1,3,A,,,,2017-05-14,serie_a
Barcelona,Real Madrid,3,2,H,,,,2017-04-23,la_liga
Juventus,Napoli,4,1,H,,,,2017-04-22,serie_a
Manchester United,Chelsea,0,0,D,,,,2017-04-16,epl
Borussia Dortmund,Bayern Munich,1,3,A,,,,2017-04-08,bundesliga
Real Madrid,Atletico Madrid,3,0,H,,,,2017-04-08,la_liga
Barcelona,Valencia,3,2,H,,,,2017-04-05,la_liga
Bayern Munich,RB Leipzig,3,1,H,,,,2017-03-25,bundesliga
PSG,Monaco,1,1,D,,,,2017-03-19,ligue_1
Juventus,AC Milan,2,0,H,,,,2017-03-10,serie_a
Atletico Madrid,Barcelona,1,2,A,,,,2017-02-26,la_liga
Marseille,PSG,1,3,A,,,,2017-02-26,ligue_1
Monaco,Lyon,6,1,H,,,,2017-02-19,ligue_1
Borussia Dortmund,RB Leipzig,4,3,H,,,,2017-02-04,bundesliga
Tottenham,Chelsea,1,2,A,,,,2017-01-04,epl
Liverpool,Manchester City,1,3,A,,,,2016-12-31,epl
Lyon,Monaco,1,1,D,,,,2016-12-11,ligue_1
Real Madrid,Barcelona,2,1,H,,,,2016-12-03,la_liga
Chelsea,Tottenham,2,0,H,,,,2016-11-26,epl
RB Leipzig,Bayern Munich,2,1,H,,,,2016-11-26,bundesliga
Sevilla,Real Madrid,1,3,A,,,,2016-11-26,la_liga
Monaco,PSG,2,1,H,,,,2016-11-20,ligue_1
Arsenal,Manchester United,1,3,A,,,,2016-11-19,epl
Atletico Madrid,Real Madrid,1,0,H,,,,2016-11-19,la_liga
PSG,Nice,2,0,H,,,,2016-11-06,ligue_1
Bayern Munich,Borussia Dortmund,6,0,H,,,,2016-10-29,bundesliga
Chelsea,Manchester United,4,0,H,,,,2016-10-23,epl
PSG,Marseille,5,1,H,,,,2016-10-23,ligue_1
AC Milan,Juventus,0,2,A,,,,2016-10-22,serie_a
Valencia,Barcelona,3,2,H,,,,2016-10-22,la_liga
Nice,PSG,3,1,H,,,,2016-09-29,ligue_1
Barcelona,Atletico Madrid,3,1,H,,,,2016-09-21,la_liga
Leicester,Arsenal,0,0,D,,,,2016-08-20,epl
Arsenal,Liverpool,3,3,D,,,,2016-08-14,epl
Liverpool,Arsenal,3,1,H,,,,2016-08-14,epl
Liverpool,Chelsea,2,1,H,,,,2016-05-11,epl
Tottenham,Chelsea,5,3,H,,,,2016-05-02,epl
Arsenal,Manchester City,0,2,A,,,,2016-04-25,epl
Schalke,Borussia Dortmund,2,2,D,,,,2016-04-23,bundesliga
Barcelona,Real Madrid,1,2,A,,,,2016-04-02,la_liga
Napoli,Juventus,2,3,A,,,,2016-03-26,serie_a
Manchester United,Manchester City,0,1,A,,,,2016-03-20,epl
Juventus,Inter Milan,2,0,H,,,,2016-03-06,serie_a
Borussia Dortmund,Bayern Munich,0,0,D,,,,2016-03-05,bundesliga
Real Madrid,Atletico Madrid,3,0,H,,,,2016-02-27,la_liga
Marseille,PSG,2,1,H,,,,2016-02-07,ligue_1
Schalke,Bayern Munich,2,3,A,,,,2016-02-06,bundesliga
Chelsea,Arsenal,2,0,H,,,,2016-01-24,epl
Liverpool,Manchester United,2,0,H,,,,2016-01-17,epl
Chelsea,Tottenham,2,0,H,,,,2015-12-03,epl
Bayern Munich,Borussia Dortmund,2,1,H,,,,2015-11-28,bundesliga
Real Madrid,Barcelona,0,4,A,,,,2015-11-21,la_liga
Manchester City,Manchester United,1,0,H,,,,2015-11-07,epl
Borussia Dortmund,Schalke,3,2,H,,,,2015-10-31,bundesliga
Chelsea,Liverpool,1,3,A,,,,2015-10-31,epl
PSG,Marseille,1,2,A,,,,2015-10-25,ligue_1
Juventus,Napoli,1,0,H,,,,2015-10-17,serie_a
Atletico Madrid,Real Madrid,1,0,H,,,,2015-10-04,la_liga
Bayern Munich,Schalke,3,0,H,,,,2015-09-26,bundesliga
Arsenal,Chelsea,0,0,D,,,,2015-09-19,epl
Inter Milan,Juventus,0,2,A,,,,2015-09-18,serie_a
Manchester United,Liverpool,1,0,H,,,,2015-09-12,epl
Arsenal,Liverpool,3,1,H,,,,2015-08-24,epl
Liverpool,Arsenal,0,0,D,,,,2015-08-24,epl
Manchester City,Arsenal,2,1,H,,,,2015-08-08,epl
Tottenham,Chelsea,0,3,A,,,,2015-05-02,epl
Arsenal,Manchester United,2,2,D,,,,2015-04-28,epl
Arsenal,Southampton,0,2,A,,,,2015-04-26,epl
Napoli,Juventus,2,1,H,,,,2015-04-25,serie_a
Liverpool,Stoke,1,0,H,,,,2015-04-10,epl
Arsenal,Liverpool,4,1,H,,,,2015-04-04,epl
Borussia Dortmund,Bayern Munich,0,2,A,,,,2015-04-04,bundesliga
Barcelona,Real Madrid,2,1,H,,,,2015-03-22,la_liga
Marseille,PSG,2,3,A,,,,2015-03-22,ligue_1
Tottenham,Leicester,4,3,H,,,,2015-03-21,epl
Manchester City,Burnley,5,0,H,,,,2015-03-14,epl
Arsenal,Crystal Palace,2,2,D,,,,2015-02-21,epl
Manchester City,Tottenham,4,1,H,,,,2015-02-14,epl
Arsenal,Hull,3,0,H,,,,2015-02-11,epl
Real Madrid,Atletico Madrid,4,0,H,,,,2015-02-07,la_liga
Chelsea,Manchester City,5,0,H,,,,2015-01-31,epl
Manchester City,West Ham,2,0,H,,,,2015-01-01,epl
Chelsea,Sunderland,3,1,H,,,,2014-12-19,epl
Chelsea,Tottenham,3,0,H,,,,2014-12-03,epl
Stoke,Liverpool,1,0,H,,,,2014-11-29,epl
Manchester City,Liverpool,3,2,H,,,,2014-11-25,epl
Manchester United,Arsenal,1,1,D,,,,2014-11-22,epl
Bayern Munich,Borussia Dortmund,5,1,H,,,,2014-11-01,bundesliga
Real Madrid,Barcelona,2,1,H,,,,2014-10-25,la_liga
Southampton,Arsenal,2,0,H,,,,2014-10-25,epl
Liverpool,QPR,3,2,H,,,,2014-10-19,epl
QPR,Liverpool,3,2,H,,,,2014-10-19,epl
Crystal Palace,Arsenal,2,1,H,,,,2014-10-18,epl
Juventus,Napoli,3,1,H,,,,2014-10-18,serie_a
Leicester,Tottenham,1,1,D,,,,2014-10-18,epl
PSG,Marseille,2,2,D,,,,2014-10-05,ligue_1
West Ham,Manchester City,0,3,A,,,,2014-09-25,epl
Manchester City,Chelsea,1,1,D,,,,2014-09-21,epl
Hull,Arsenal,2,2,D,,,,2014-09-20,epl
Tottenham,Manchester City,1,4,A,,,,2014-09-14,epl
Atletico Madrid,Real Madrid,2,0,H,,,,2014-09-13,la_liga
Liverpool,Manchester City,2,2,D,,,,2014-08-25,epl
Sunderland,Chelsea,0,2,A,,,,2014-08-24,epl
Burnley,Manchester City,0,1,A,,,,2014-08-18,epl
Liverpool,Arsenal,2,2,D,,,,2014-08-16,epl
Manchester United,Swansea,2,1,H,,,,2014-08-16,epl
Swansea,Manchester United,2,1,H,,,,2014-08-16,epl
Arsenal,Manchester City,1,0,H,,,,2014-04-29,epl
Liverpool,Chelsea,2,2,D,,,,2014-04-27,epl
Liverpool,Manchester City,3,2,H,,,,2014-04-13,epl
Borussia Dortmund,Bayern Munich,2,3,A,,,,2014-04-05,bundesliga
Inter Milan,Juventus,2,1,H,,,,2014-04-05,serie_a
Barcelona,Real Madrid,4,3,H,,,,2014-03-23,la_liga
Arsenal,Chelsea,0,0,D,,,,2014-03-22,epl
Arsenal,Manchester United,0,0,D,,,,2014-02-12,epl
Marseille,PSG,2,2,D,,,,2014-02-09,ligue_1
Real Madrid,Atletico Madrid,2,2,D,,,,2014-02-08,la_liga
Manchester City,Liverpool,2,1,H,,,,2013-12-26,epl
Manchester City,Arsenal,6,3,H,,,,2013-12-14,epl
Bayern Munich,Borussia Dortmund,3,0,H,,,,2013-11-23,bundesliga
Everton,Liverpool,2,0,H,,,,2013-11-23,epl
Manchester United,Arsenal,1,0,H,,,,2013-11-10,epl
Chelsea,Liverpool,1,2,A,,,,2013-11-03,epl
Juventus,Inter Milan,3,1,H,,,,2013-11-03,serie_a
Real Madrid,Barcelona,3,1,H,,,,2013-10-26,la_liga
PSG,Marseille,3,0,H,,,,2013-10-06,ligue_1
Atletico Madrid,Real Madrid,1,1,D,,,,2013-09-28,la_liga
Chelsea,Arsenal,2,1,H,,,,2013-09-22,epl
Chelsea,QPR,0,1,A,,,,2013-05-12,epl
Manchester United,Chelsea,0,1,A,,,,2013-05-05,epl
Arsenal,Stoke,7,3,H,,,,2013-05-04,epl
Borussia Dortmund,Bayern Munich,1,1,D,,,,2013-04-27,bundesliga
West Ham,Arsenal,3,1,H,,,,2013-04-24,epl
Liverpool,Chelsea,0,2,A,,,,2013-04-21,epl
Napoli,Juventus,3,0,H,,,,2013-04-21,serie_a
Arsenal,Manchester City,1,2,A,,,,2013-04-16,epl
Manchester United,Manchester City,3,2,H,,,,2013-04-08,epl
Tottenham,Everton,2,2,D,,,,2013-04-07,epl
Manchester United,Sunderland,3,0,H,,,,2013-04-01,epl
Manchester City,Reading,2,0,H,,,,2013-03-26,epl
Tottenham,Manchester City,3,1,H,,,,2013-03-17,epl
Tottenham,Arsenal,2,1,H,,,,2013-03-03,epl
Barcelona,Real Madrid,2,2,D,,,,2013-03-02,la_liga
Arsenal,Wigan,4,1,H,,,,2013-02-26,epl
Real Madrid,Atletico Madrid,4,1,H,,,,2013-02-17,la_liga
Marseille,PSG,1,2,A,,,,2013-02-10,ligue_1
Arsenal,Swansea,1,0,H,,,,2013-02-09,epl
Arsenal,Southampton,2,0,H,,,,2013-01-30,epl
Manchester United,Newcastle,4,3,H,,,,2013-01-26,epl
Arsenal,Chelsea,2,1,H,,,,2013-01-20,epl
Chelsea,Norwich,1,0,H,,,,2013-01-19,epl
Liverpool,Manchester United,1,2,A,,,,2013-01-13,epl
Manchester City,Fulham,2,0,H,,,,2013-01-02,epl
Everton,Tottenham,2,2,D,,,,2012-12-30,epl
Chelsea,Aston Villa,8,0,H,,,,2012-12-23,epl
Everton,Manchester City,2,1,H,,,,2012-12-15,epl
Manchester City,Manchester United,3,2,H,,,,2012-12-09,epl
Reading,Manchester City,2,1,H,,,,2012-12-01,epl
Tottenham,West Brom,3,1,H,,,,2012-12-01,epl
Wigan,Arsenal,2,1,H,,,,2012-12-01,epl
Swansea,Arsenal,2,2,D,,,,2012-11-26,epl
Juventus,Napoli,2,0,H,,,,2012-11-25,serie_a
Arsenal,Tottenham,5,2,H,,,,2012-11-17,epl
Chelsea,Liverpool,2,1,H,,,,2012-11-11,epl
Chelsea,Arsenal,2,1,H,,,,2012-10-29,epl
Chelsea,Manchester United,3,3,D,,,,2012-10-28,epl
Liverpool,Everton,2,2,D,,,,2012-10-28,epl
Manchester City,Everton,2,0,H,,,,2012-10-21,epl
Manchester City,Tottenham,3,1,H,,,,2012-10-21,epl
PSG,Marseille,2,0,H,,,,2012-10-21,ligue_1
Bayern Munich,Borussia Dortmund,3,1,H,,,,2012-10-20,bundesliga
Newcastle,Manchester United,3,0,H,,,,2012-10-07,epl
QPR,Chelsea,0,0,D,,,,2012-10-07,epl
Real Madrid,Barcelona,2,1,H,,,,2012-10-07,la_liga
Atletico Madrid,Real Madrid,1,2,A,,,,2012-10-06,la_liga
Sunderland,Manchester United,1,3,A,,,,2012-10-06,epl
Arsenal,West Ham,3,1,H,,,,2012-09-29,epl
Manchester City,Arsenal,1,1,D,,,,2012-09-23,epl
Manchester United,Liverpool,2,1,H,,,,2012-09-23,epl
Fulham,Manchester City,2,2,D,,,,2012-09-22,epl
Norwich,Chelsea,0,1,A,,,,2012-09-15,epl
West Brom,Tottenham,1,3,A,,,,2012-09-15,epl
Southampton,Arsenal,1,1,D,,,,2012-09-02,epl
Aston Villa,Chelsea,2,1,H,,,,2012-09-01,epl
Stoke,Arsenal,1,0,H,,,,2012-08-25,epl
